mtllib ee_link_robotiq_arg2f_base_link_collisions_robotiq_arg2f_base_link_node_STL_BINARY__mesh.mtl
v -0.0343223586678505 -0.015107126906514171 0.029950000345706947
v -0.03506311029195786 -0.013297682628035549 0.0030999998562037953
v -0.033204607665538795 -0.0174271184951067 0.0030999998562037953
v -0.03641032427549363 -0.008974337950348856 0.0030999998562037953
v -0.034427784383296973 -0.008658936247229578 0.0004999999073334039
v -0.03506311029195786 -0.013297682628035549 0.0030999998562037953
v 0.004520124755799771 -0.037226580083370216 0.0030999998562037953
v -7.42131189834794e-10 -0.037500001490116126 0.0030999998562037953
v 0.0010932229924947026 -0.035483159124851234 0.0004999999073334039
v -0.03506311029195786 0.013297682628035549 0.0030999998562037953
v -0.034427784383296973 0.008658936247229578 0.0004999999073334039
v -0.03641032427549363 0.008974337950348856 0.0030999998562037953
v -0.035230927169322974 -0.004362532868981362 0.0004999999073334039
v -0.03500000387430192 1.218596751284551e-10 -1.466450016973653e-10
v -0.03473471850156785 -0.00430109165608883 -1.466450016973653e-10
v -0.035230927169322974 -0.004362532868981362 0.0004999999073334039
v -0.03641032427549363 -0.008974337950348856 0.0030999998562037953
v -0.037226580083370216 -0.004520123824477197 0.0030999998562037953
v -0.03737113624811173 -0.0031062045600265273 0.029950000345706947
v -0.037500001490116126 1.218596751284551e-10 0.0030999998562037953
v -0.037226580083370216 -0.004520123824477197 0.0030999998562037953
v -0.03549999743700028 1.218596751284551e-10 0.0004999999073334039
v -0.037226580083370216 -0.004520123824477197 0.0030999998562037953
v -0.037500001490116126 1.218596751284551e-10 0.0030999998562037953
v -0.017427124083042148 -0.0332046002149582 0.0030999998562037953
v -0.007810846902430059 -0.04158544540405274 0.05539304018020631
v -0.021302424371242527 -0.030861893668770797 0.0030999998562037953
v -0.00999999884516001 0.015449999831616882 0.0900000035762787
v -0.034116379916667945 0.015016458928585056 0.03162559494376183
v -0.033769227564334876 0.014863658696413044 0.03265369683504105
v -0.037500001490116126 1.218596751284551e-10 0.029950000345706947
v -0.03737113624811173 0.003106206888332964 0.029950000345706947
v -0.037500001490116126 1.218596751284551e-10 0.0030999998562037953
v -0.03737113624811173 -0.0031062045600265273 0.029950000345706947
v -0.037500001490116126 1.218596751284551e-10 0.029950000345706947
v -0.037500001490116126 1.218596751284551e-10 0.0030999998562037953
v -0.033769227564334876 0.014863658696413044 0.03265369683504105
v -0.03488437086343766 0.012015402317047123 0.03265369683504105
v -0.00999999884516001 0.015449999831616882 0.0900000035762787
v -0.034116379916667945 0.015016458928585056 0.03162559494376183
v -0.0352429822087288 0.012138921767473224 0.03162559494376183
v -0.03488437086343766 0.012015402317047123 0.03265369683504105
v -0.034116379916667945 0.015016458928585056 0.03162559494376183
v -0.03488437086343766 0.012015402317047123 0.03265369683504105
v -0.033769227564334876 0.014863658696413044 0.03265369683504105
v -0.035759754478931434 0.009084563702344896 0.03265369683504105
v -0.036389358341693885 0.0060912873595953005 0.03265369683504105
v -0.00999999884516001 0.015449999831616882 0.0900000035762787
v -0.03488437086343766 0.012015402317047123 0.03265369683504105
v -0.035759754478931434 0.009084563702344896 0.03265369683504105
v -0.00999999884516001 0.015449999831616882 0.0900000035762787
v -0.033204607665538795 -0.0174271184951067 0.0030999998562037953
v -0.03318814188241959 -0.017419042065739635 0.029950000345706947
v -0.0343223586678505 -0.015107126906514171 0.029950000345706947
v -0.033204607665538795 -0.0174271184951067 0.0030999998562037953
v -0.030861891806125648 -0.021302429959177974 0.0030999998562037953
v -0.03135726600885392 -0.020566271618008617 0.029950000345706947
v -0.028974987566471107 -0.02051096968352795 0.0004999999073334039
v -0.028069145977497108 -0.024867100641131408 0.0030999998562037953
v -0.030861891806125648 -0.021302429959177974 0.0030999998562037953
v -0.02954597026109696 -0.023092987015843395 0.029950000345706947
v -0.030861891806125648 -0.021302429959177974 0.0030999998562037953
v -0.028069145977497108 -0.024867100641131408 0.0030999998562037953
v -0.02954597026109696 -0.023092987015843395 0.029950000345706947
v -0.03135726600885392 -0.020566271618008617 0.029950000345706947
v -0.030861891806125648 -0.021302429959177974 0.0030999998562037953
v -0.0363454893231392 -0.009233368560671808 0.029950000345706947
v -0.03640041500329972 -0.008972255513072016 0.029950000345706947
v -0.03641032427549363 -0.008974337950348856 0.0030999998562037953
v -0.03640041500329972 -0.008972255513072016 0.029950000345706947
v -0.036318175494670875 -0.009226432070136072 0.030547589063644416
v -0.036957614123821265 -0.006186408922076227 0.030547589063644416
v -0.03640041500329972 -0.008972255513072016 0.029950000345706947
v -0.0363454893231392 -0.009233368560671808 0.029950000345706947
v -0.036318175494670875 -0.009226432070136072 0.030547589063644416
v 0.013297683559358123 -0.03506311029195786 0.0030999998562037953
v 0.006778082810342314 -0.04197231680154801 0.05365714803338052
v 0.008974335156381132 -0.03641031682491303 0.0030999998562037953
v 0.007862067781388761 -0.04147119820117951 0.05372043699026109
v 0.01742711663246155 -0.0332046002149582 0.0030999998562037953
v 0.021302431821823124 -0.030861893668770797 0.0030999998562037953
v 0.021302431821823124 -0.030861893668770797 0.0030999998562037953
v 0.02139353007078171 -0.028329612687230117 0.0004999999073334039
v 0.024867102503776557 -0.028069151565432555 0.0030999998562037953
v 0.024712756276130683 0.02548587322235108 0.0004999999073334039
v 0.027657359838485725 0.022255795076489452 0.0004999999073334039
v 0.027267821133136756 0.021942334249615673 -1.466450016973653e-10
v 0.024867102503776557 0.028069153428077705 0.0030999998562037953
v 0.028069153428077705 0.024867100641131408 0.0030999998562037953
v 0.024712756276130683 0.02548587322235108 0.0004999999073334039
v 0.024712756276130683 0.02548587322235108 0.0004999999073334039
v 0.028069153428077705 0.024867100641131408 0.0030999998562037953
v 0.027657359838485725 0.022255795076489452 0.0004999999073334039
v 0.004520124755799771 0.037226583808660514 0.0030999998562037953
v 0.0054454049095511445 0.03507987409830094 0.0004999999073334039
v 0.0010932229924947026 0.03548316285014153 0.0004999999073334039
v 0.013297683559358123 0.03506311029195786 0.0030999998562037953
v 0.008974335156381132 0.03641031682491303 0.0030999998562037953
v 0.0067783808335661905 0.041971143335103996 0.0536487251520157
v 0.0054454049095511445 0.03507987409830094 0.0004999999073334039
v 0.004520124755799771 0.037226583808660514 0.0030999998562037953
v 0.008974335156381132 0.03641031682491303 0.0030999998562037953
v -0.03641032427549363 0.008974337950348856 0.0030999998562037953
v -0.03545577079057694 0.012212214991450313 0.029950000345706947
v -0.03506311029195786 0.013297682628035549 0.0030999998562037953
v -0.02486709505319596 0.028069153428077705 0.0030999998562037953
v -0.02623481303453446 0.023916196078062064 0.0004999999073334039
v -0.028069145977497108 0.024867100641131408 0.0030999998562037953
v 0.002000003354623914 -0.030500000342726714 -0.002739777555689216
v 0.034933619201183326 -0.0021546313073486094 -1.466450016973653e-10
v 0.001969612436369062 -0.030847297981381423 -0.002739777555689216
v 0.001969612436369062 -0.030847297981381423 -0.002739777555689216
v 0.034933619201183326 -0.0021546313073486094 -1.466450016973653e-10
v 0.03440406173467637 -0.006431235000491144 -1.466450016973653e-10
v 0.03641031682491303 0.008974337950348856 0.0030999998562037953
v 0.033829443156719215 0.010761920362710954 0.0004999999073334039
v 0.03506311029195786 0.013297682628035549 0.0030999998562037953
v 0.034933619201183326 -0.0021546313073486094 -1.466450016973653e-10
v 0.034895546734333045 -0.006523108109831812 0.0004999999073334039
v 0.03440406173467637 -0.006431235000491144 -1.466450016973653e-10
v 0.001969612436369062 -0.030847297981381423 -0.002739777555689216
v 0.03335297107696534 -0.010610343888401987 -1.466450155751531e-10
v 0.0018793859053403143 -0.03118404187262059 -0.002739777555689216
v 0.001969612436369062 -0.030847297981381423 -0.002739777555689216
v 0.03440406173467637 -0.006431235000491144 -1.466450016973653e-10
v 0.03335297107696534 -0.010610343888401987 -1.466450155751531e-10
v 0.008974335156381132 -0.03641031682491303 0.0030999998562037953
v 0.009715034626424314 -0.034144811332225806 0.0004999999073334039
v 0.013297683559358123 -0.03506311029195786 0.0030999998562037953
v -0.009628244675695898 -0.039515323936939246 0.0582072213292122
v -0.009204157628118994 -0.03997305035591126 0.05836187675595285
v -0.009596639312803747 -0.03898204863071442 0.059565633535385146
v -0.035230927169322974 -0.004362532868981362 0.0004999999073334039
v -0.03543276339769364 -0.0010901148198172452 0.0004999999073334039
v -0.03500000387430192 1.218596751284551e-10 -1.466450016973653e-10
v -0.03549999743700028 1.218596751284551e-10 0.0004999999073334039
v -0.03500000387430192 1.218596751284551e-10 -1.466450016973653e-10
v -0.03543276339769364 -0.0010901148198172452 0.0004999999073334039
v -0.037226580083370216 -0.004520123824477197 0.0030999998562037953
v -0.03543276339769364 -0.0010901148198172452 0.0004999999073334039
v -0.035230927169322974 -0.004362532868981362 0.0004999999073334039
v -0.037226580083370216 -0.004520123824477197 0.0030999998562037953
v -0.03549999743700028 1.218596751284551e-10 0.0004999999073334039
v -0.03543276339769364 -0.0010901148198172452 0.0004999999073334039
v -0.03549999743700028 1.218596751284551e-10 0.0004999999073334039
v -0.035230927169322974 0.0043625347316265115 0.0004999999073334039
v -0.03500000387430192 1.218596751284551e-10 -1.466450016973653e-10
v -0.034427784383296973 0.008658936247229578 0.0004999999073334039
v -0.035230927169322974 0.0043625347316265115 0.0004999999073334039
v -0.03641032427549363 0.008974337950348856 0.0030999998562037953
v -0.03473471850156785 -0.00430109165608883 -1.466450016973653e-10
v -0.035030238330364234 -0.005436124280095101 0.0004999999073334039
v -0.035230927169322974 -0.004362532868981362 0.0004999999073334039
v -0.03641032427549363 -0.008974337950348856 0.0030999998562037953
v -0.035030238330364234 -0.005436124280095101 0.0004999999073334039
v -0.034427784383296973 -0.008658936247229578 0.0004999999073334039
v -0.035230927169322974 -0.004362532868981362 0.0004999999073334039
v -0.035030238330364234 -0.005436124280095101 0.0004999999073334039
v -0.03641032427549363 -0.008974337950348856 0.0030999998562037953
v -0.03698540478944779 -0.006191061809659006 0.029950000345706947
v -0.037226580083370216 -0.004520123824477197 0.0030999998562037953
v -0.03641032427549363 -0.008974337950348856 0.0030999998562037953
v -0.03698540478944779 -0.006191061809659006 0.029950000345706947
v -0.03640041500329972 -0.008972255513072016 0.029950000345706947
v -0.036957614123821265 -0.006186408922076227 0.030547589063644416
v -0.03640041500329972 -0.008972255513072016 0.029950000345706947
v -0.03698540478944779 -0.006191061809659006 0.029950000345706947
v -0.03641032427549363 -0.008974337950348856 0.0030999998562037953
v -0.03263653069734574 0.012643458321690563 -1.466450016973653e-10
v -0.033102758228778846 0.012824079021811489 0.0004999999073334039
v -0.0312759354710579 0.01679482124745846 0.0004999999073334039
v -0.033204607665538795 0.0174271184951067 0.0030999998562037953
v -0.033102758228778846 0.012824079021811489 0.0004999999073334039
v -0.03506311029195786 0.013297682628035549 0.0030999998562037953
v -0.0312759354710579 0.01679482124745846 0.0004999999073334039
v -0.033102758228778846 0.012824079021811489 0.0004999999073334039
v -0.033204607665538795 0.0174271184951067 0.0030999998562037953
v -0.015600838698446754 0.03133071586489678 -1.466450016973653e-10
v -0.01163242105394602 0.03301040455698968 -1.466450016973653e-10
v -0.0006840385613031686 -0.02862061373889447 -0.002739777555689216
v -0.02486709505319596 -0.028069151565432555 0.0030999998562037953
v -0.027531586587429054 -0.025460982695221908 0.029950000345706947
v -0.028069145977497108 -0.024867100641131408 0.0030999998562037953
v -0.028069145977497108 -0.024867100641131408 0.0030999998562037953
v -0.027531586587429054 -0.025460982695221908 0.029950000345706947
v -0.02954597026109696 -0.023092987015843395 0.029950000345706947
v -0.028069145977497108 -0.024867100641131408 0.0030999998562037953
v -0.02623481303453446 -0.023916194215416915 0.0004999999073334039
v -0.02486709505319596 -0.028069151565432555 0.0030999998562037953
v -0.028974987566471107 -0.02051096968352795 0.0004999999073334039
v -0.02623481303453446 -0.023916194215416915 0.0004999999073334039
v -0.028069145977497108 -0.024867100641131408 0.0030999998562037953
v -0.035230927169322974 0.0043625347316265115 0.0004999999073334039
v -0.03473471850156785 0.004301089793443681 -1.466450016973653e-10
v -0.03500000387430192 1.218596751284551e-10 -1.466450016973653e-10
v -0.035230927169322974 0.0043625347316265115 0.0004999999073334039
v -0.034427784383296973 0.008658936247229578 0.0004999999073334039
v -0.03473471850156785 0.004301089793443681 -1.466450016973653e-10
v -0.03473471850156785 -0.00430109165608883 -1.466450016973653e-10
v -0.03500000387430192 1.218596751284551e-10 -1.466450016973653e-10
v -0.001999997301027179 -0.030500000342726714 -0.002739777555689216
v -0.03473471850156785 0.004301089793443681 -1.466450016973653e-10
v -0.001999997301027179 -0.030500000342726714 -0.002739777555689216
v -0.03500000387430192 1.218596751284551e-10 -1.466450016973653e-10
v -0.03473471850156785 0.004301089793443681 -1.466450016973653e-10
v -0.001969613833352924 -0.030152702704072006 -0.002739777555689216
v -0.001999997301027179 -0.030500000342726714 -0.002739777555689216
v -0.009845250286161901 0.02230571396648884 0.08221553266048433
v -0.010149263776838781 0.03756242990493775 0.06033791229128839
v -0.032755292952060706 0.017790786921978 0.03162559494376183
v -0.009514384903013708 0.03829676657915116 0.060869753360748305
v -0.010149263776838781 0.03756242990493775 0.06033791229128839
v -0.009845250286161901 0.02230571396648884 0.08221553266048433
v -0.034116379916667945 0.015016458928585056 0.03162559494376183
v -0.009845250286161901 0.021676434203982357 0.0830129161477089
v -0.032755292952060706 0.017790786921978 0.03162559494376183
v -0.009845250286161901 0.02230571396648884 0.08221553266048433
v -0.032755292952060706 0.017790786921978 0.03162559494376183
v -0.009845250286161901 0.021676434203982357 0.0830129161477089
v -0.00999999884516001 0.015449999831616882 0.0900000035762787
v -0.009845250286161901 0.021676434203982357 0.0830129161477089
v -0.034116379916667945 0.015016458928585056 0.03162559494376183
v -0.00999999884516001 -0.015449998900294307 0.0900000035762787
v -0.036389358341693885 -0.0060912873595953005 0.03265369683504105
v -0.035759754478931434 -0.009084565564990045 0.03265369683504105
v -0.00999999884516001 0.015449999831616882 0.0900000035762787
v -0.03689565509557725 1.218596751284551e-10 0.03265369683504105
v -0.00999999884516001 -0.015449998900294307 0.0900000035762787
v -0.036318175494670875 -0.009226432070136072 0.030547589063644416
v -0.036127366125583656 -0.009177954867482187 0.03162559494376183
v -0.036957614123821265 -0.006186408922076227 0.030547589063644416
v -0.036389358341693885 -0.0060912873595953005 0.03265369683504105
v -0.036127366125583656 -0.009177954867482187 0.03162559494376183
v -0.035759754478931434 -0.009084565564990045 0.03265369683504105
v -0.0343223586678505 -0.015107126906514171 0.029950000345706947
v -0.03545577079057694 -0.012212214991450313 0.029950000345706947
v -0.03506311029195786 -0.013297682628035549 0.0030999998562037953
v -0.03506311029195786 -0.013297682628035549 0.0030999998562037953
v -0.03545577079057694 -0.012212214991450313 0.029950000345706947
v -0.03641032427549363 -0.008974337950348856 0.0030999998562037953
v -0.0363454893231392 -0.009233368560671808 0.029950000345706947
v -0.03641032427549363 -0.008974337950348856 0.0030999998562037953
v -0.03545577079057694 -0.012212214991450313 0.029950000345706947
v -0.00999999884516001 -0.015449998900294307 0.0900000035762787
v -0.009845250286161901 -0.021676434203982357 0.0830129161477089
v -0.00914012733846903 -0.022312903776764873 0.0835593268275261
v -0.035759754478931434 -0.009084565564990045 0.03265369683504105
v -0.03488437086343766 -0.012015404179692272 0.03265369683504105
v -0.00999999884516001 -0.015449998900294307 0.0900000035762787
v -0.036127366125583656 -0.009177954867482187 0.03162559494376183
v -0.03488437086343766 -0.012015404179692272 0.03265369683504105
v -0.035759754478931434 -0.009084565564990045 0.03265369683504105
v -0.03318814188241959 -0.017419042065739635 0.029950000345706947
v -0.03429656475782395 -0.01509577222168446 0.030547589063644416
v -0.0343223586678505 -0.015107126906514171 0.029950000345706947
v -0.03292829543352128 -0.017884755507111553 0.030547589063644416
v -0.03429656475782395 -0.01509577222168446 0.030547589063644416
v -0.03318814188241959 -0.017419042065739635 0.029950000345706947
v -0.009976782836019995 -0.03851547837257386 0.059324860572814955
v -0.031169079244136817 -0.02044284157454968 0.03162559494376183
v -0.009596639312803747 -0.03898204863071442 0.059565633535385146
v -0.009628244675695898 -0.039515323936939246 0.0582072213292122
v -0.031169079244136817 -0.02044284157454968 0.03162559494376183
v -0.029368646442890174 -0.022954391315579418 0.03162559494376183
v -0.031169079244136817 -0.02044284157454968 0.03162559494376183
v -0.009628244675695898 -0.039515323936939246 0.0582072213292122
v -0.009596639312803747 -0.03898204863071442 0.059565633535385146
v -0.03135726600885392 -0.020566271618008617 0.029950000345706947
v -0.03295306116342545 -0.0178982075303793 0.029950000345706947
v -0.033204607665538795 -0.0174271184951067 0.0030999998562037953
v -0.03295306116342545 -0.0178982075303793 0.029950000345706947
v -0.03318814188241959 -0.017419042065739635 0.029950000345706947
v -0.033204607665538795 -0.0174271184951067 0.0030999998562037953
v -0.03318814188241959 -0.017419042065739635 0.029950000345706947
v -0.03295306116342545 -0.0178982075303793 0.029950000345706947
v -0.03292829543352128 -0.017884755507111553 0.030547589063644416
v 0.004699996672570706 -0.042428351938724525 0.0544838383793831
v -0.0046999985352158555 -0.04237815737724305 0.05383343622088434
v -7.42131189834794e-10 -0.037500001490116126 0.0030999998562037953
v 0.008974335156381132 -0.03641031682491303 0.0030999998562037953
v 0.005671239458024503 -0.04225462675094605 0.05362149327993394
v 0.004520124755799771 -0.037226580083370216 0.0030999998562037953
v -0.005113639868795873 -0.04241223633289338 0.055056810379028334
v -0.0046999985352158555 -0.04244302213191987 0.05499404296278955
v -0.0051115909591317185 -0.0424145981669426 0.05510138347744943
v -0.0051115909591317185 -0.0424145981669426 0.05510138347744943
v -0.0046999985352158555 -0.04244302213191987 0.05499404296278955
v -0.0046999985352158555 -0.04243226349353791 0.055602755397558226
v 0.004699996672570706 -0.042428351938724525 0.0544838383793831
v -0.0046999985352158555 -0.04244302213191987 0.05499404296278955
v -0.0046999985352158555 -0.04237815737724305 0.05383343622088434
v -0.0046999985352158555 -0.04243226349353791 0.055602755397558226
v -0.0046999985352158555 -0.04244302213191987 0.05499404296278955
v 0.004699996672570706 -0.04244334995746613 0.05506549403071405
v 0.01742711663246155 -0.0332046002149582 0.0030999998562037953
v 0.01775000244379044 -0.030743902549147613 0.0004999999073334039
v 0.021302431821823124 -0.030861893668770797 0.0030999998562037953
v 0.021302431821823124 -0.030861893668770797 0.0030999998562037953
v 0.01775000244379044 -0.030743902549147613 0.0004999999073334039
v 0.02139353007078171 -0.028329612687230117 0.0004999999073334039
v 0.00924129690974951 -0.04031093418598176 0.056891135871410384
v 0.027510896325111396 -0.025441849604249007 0.030547589063644416
v 0.02952376008033753 -0.02307563088834286 0.030547589063644416
v 0.022950306534767154 -0.0296569261699915 0.029950000345706947
v 0.00882187392562628 -0.040865026414394386 0.0553947724401951
v 0.024867102503776557 -0.028069151565432555 0.0030999998562037953
v 0.036389358341693885 -0.0060912873595953005 0.03265369683504105
v 0.0367688611149788 -0.0030561478342860946 0.03265369683504105
v 0.00999999698251486 -0.015449998900294307 0.0900000035762787
v 0.00999999698251486 -0.015449998900294307 0.0900000035762787
v 0.035759754478931434 -0.009084565564990045 0.03265369683504105
v 0.036389358341693885 -0.0060912873595953005 0.03265369683504105
v 0.029545962810516364 -0.023092987015843395 0.029950000345706947
v 0.028069153428077705 -0.024867100641131408 0.0030999998562037953
v 0.030861899256706245 -0.021302429959177974 0.0030999998562037953
v 0.0332046002149582 -0.0174271184951067 0.0030999998562037953
v 0.031357273459434516 -0.020566271618008617 0.029950000345706947
v 0.030861899256706245 -0.021302429959177974 0.0030999998562037953
v 0.03225051611661912 -0.014837590977549556 0.0004999999073334039
v 0.03506311029195786 -0.013297682628035549 0.0030999998562037953
v 0.0332046002149582 -0.0174271184951067 0.0030999998562037953
v 0.027267821133136756 0.021942334249615673 -1.466450016973653e-10
v 0.029757604002952583 0.018425125628709797 -1.466450016973653e-10
v 0.001532091991975904 -0.0292144250124693 -0.002739777555689216
v 0.001532091991975904 -0.0292144250124693 -0.002739777555689216
v 0.024364687502384193 0.025126917287707336 -1.466450016973653e-10
v 0.027267821133136756 0.021942334249615673 -1.466450016973653e-10
v 0.024712756276130683 0.02548587322235108 0.0004999999073334039
v 0.024364687502384193 0.025126917287707336 -1.466450016973653e-10
v 0.021092213690280918 0.02793060243129731 -1.466450016973653e-10
v 0.027267821133136756 0.021942334249615673 -1.466450016973653e-10
v 0.024364687502384193 0.025126917287707336 -1.466450016973653e-10
v 0.024712756276130683 0.02548587322235108 0.0004999999073334039
v 0.0018793859053403143 -0.02981595881283284 -0.002739777555689216
v 0.03179628401994706 0.01462861150503159 -1.466450016973653e-10
v 0.03335297107696534 0.010610343888401987 -1.466450016973653e-10
v 0.033829443156719215 0.010761920362710954 0.0004999999073334039
v 0.03335297107696534 0.010610343888401987 -1.466450016973653e-10
v 0.03179628401994706 0.01462861150503159 -1.466450016973653e-10
v 0.03335297107696534 0.010610343888401987 -1.466450016973653e-10
v 0.033829443156719215 0.010761920362710954 0.0004999999073334039
v 0.03440406173467637 0.006431233137845995 -1.466450016973653e-10
v 0.0018793859053403143 -0.02981595881283284 -0.002739777555689216
v 0.03335297107696534 0.010610343888401987 -1.466450016973653e-10
v 0.001969612436369062 -0.030152702704072006 -0.002739777555689216
v 0.001969612436369062 -0.030152702704072006 -0.002739777555689216
v 0.03335297107696534 0.010610343888401987 -1.466450016973653e-10
v 0.03440406173467637 0.006431233137845995 -1.466450016973653e-10
v 0.01742711663246155 0.0332046002149582 0.0030999998562037953
v 0.021302431821823124 0.030861895531415946 0.0030999998562037953
v 0.01775000244379044 0.030743902549147613 0.0004999999073334039
v 0.001285574631765485 -0.02896791137754918 -0.002739777555689216
v 0.0010000013280659916 -0.028767948970198638 -0.002739777555689216
v 0.021092213690280918 0.02793060243129731 -1.466450016973653e-10
v 0.024364687502384193 0.025126917287707336 -1.466450016973653e-10
v 0.001285574631765485 -0.02896791137754918 -0.002739777555689216
v 0.021092213690280918 0.02793060243129731 -1.466450016973653e-10
v 0.024364687502384193 0.025126917287707336 -1.466450016973653e-10
v 0.001532091991975904 -0.0292144250124693 -0.002739777555689216
v 0.001285574631765485 -0.02896791137754918 -0.002739777555689216
v 1.5564291970804338e-06 0.03544953092932702 0.0004999999073334039
v 0.0010932229924947026 0.03548316285014153 0.0004999999073334039
v 0.001077830092981458 0.03498340025544167 -1.466450016973653e-10
v 1.5564291970804338e-06 0.03544953092932702 0.0004999999073334039
v 0.001077830092981458 0.03498340025544167 -1.466450016973653e-10
v -0.0032293952535837897 0.03485069796442986 -1.466450016973653e-10
v 0.004699996672570706 0.04237815737724305 0.05383343622088434
v -0.0046999985352158555 0.042428351938724525 0.0544838383793831
v 0.004699996672570706 0.04244302213191987 0.05499404296278955
v 0.03641031682491303 0.008974337950348856 0.0030999998562037953
v 0.03506311029195786 0.013297682628035549 0.0030999998562037953
v 0.03545577079057694 0.012212214991450313 0.029950000345706947
v -0.035759754478931434 0.009084563702344896 0.03265369683504105
v -0.036127366125583656 0.009177953004837038 0.03162559494376183
v -0.036389358341693885 0.0060912873595953005 0.03265369683504105
v -0.03488437086343766 0.012015402317047123 0.03265369683504105
v -0.0352429822087288 0.012138921767473224 0.03162559494376183
v -0.036127366125583656 0.009177953004837038 0.03162559494376183
v -0.035759754478931434 0.009084563702344896 0.03265369683504105
v -0.03488437086343766 0.012015402317047123 0.03265369683504105
v -0.036127366125583656 0.009177953004837038 0.03162559494376183
v -0.034116379916667945 0.015016458928585056 0.03162559494376183
v -0.03542912751436234 0.012203035876154903 0.030547589063644416
v -0.0352429822087288 0.012138921767473224 0.03162559494376183
v -0.03542912751436234 0.012203035876154903 0.030547589063644416
v -0.036127366125583656 0.009177953004837038 0.03162559494376183
v -0.0352429822087288 0.012138921767473224 0.03162559494376183
v -0.03545577079057694 0.012212214991450313 0.029950000345706947
v -0.03641032427549363 0.008974337950348856 0.0030999998562037953
v -0.0363454893231392 0.009233368560671808 0.029950000345706947
v -0.0363454893231392 0.009233368560671808 0.029950000345706947
v -0.03542912751436234 0.012203035876154903 0.030547589063644416
v -0.03545577079057694 0.012212214991450313 0.029950000345706947
v -0.03135726600885392 0.020566271618008617 0.029950000345706947
v -0.030861891806125648 0.021302428096532825 0.0030999998562037953
v -0.033204607665538795 0.0174271184951067 0.0030999998562037953
v -0.0312759354710579 0.01679482124745846 0.0004999999073334039
v -0.033204607665538795 0.0174271184951067 0.0030999998562037953
v -0.030861891806125648 0.021302428096532825 0.0030999998562037953
v 0.034933619201183326 0.0021546317730098967 -1.466450016973653e-10
v 0.034933619201183326 -0.0021546313073486094 -1.466450016973653e-10
v 0.002000003354623914 -0.030500000342726714 -0.002739777555689216
v 0.001969612436369062 -0.030152702704072006 -0.002739777555689216
v 0.034933619201183326 0.0021546317730098967 -1.466450016973653e-10
v 0.002000003354623914 -0.030500000342726714 -0.002739777555689216
v 0.001969612436369062 -0.030152702704072006 -0.002739777555689216
v 0.03440406173467637 0.006431233137845995 -1.466450016973653e-10
v 0.034933619201183326 0.0021546317730098967 -1.466450016973653e-10
v 0.033829443156719215 0.010761920362710954 0.0004999999073334039
v 0.034895546734333045 0.006523108109831812 0.0004999999073334039
v 0.03440406173467637 0.006431233137845995 -1.466450016973653e-10
v 0.034895546734333045 0.006523108109831812 0.0004999999073334039
v 0.033829443156719215 0.010761920362710954 0.0004999999073334039
v 0.03641031682491303 0.008974337950348856 0.0030999998562037953
v 0.037226580083370216 0.004520125687122346 0.0030999998562037953
v 0.034895546734333045 0.006523108109831812 0.0004999999073334039
v 0.03641031682491303 0.008974337950348856 0.0030999998562037953
v 0.034933619201183326 0.0021546317730098967 -1.466450016973653e-10
v 0.03440406173467637 0.006431233137845995 -1.466450016973653e-10
v 0.034895546734333045 0.006523108109831812 0.0004999999073334039
v 0.034895546734333045 -0.006523108109831812 0.0004999999073334039
v 0.037226580083370216 -0.004520123824477197 0.0030999998562037953
v 0.03641031682491303 -0.008974337950348856 0.0030999998562037953
v 0.021092213690280918 -0.02793060429394246 -1.466450155751531e-10
v 0.01775000244379044 -0.030743902549147613 0.0004999999073334039
v 0.01749999821186066 -0.030310889706015594 -1.466450155751531e-10
v 0.01775000244379044 -0.030743902549147613 0.0004999999073334039
v 0.021092213690280918 -0.02793060429394246 -1.466450155751531e-10
v 0.02139353007078171 -0.028329612687230117 0.0004999999073334039
v 0.02139353007078171 -0.028329612687230117 0.0004999999073334039
v 0.024712756276130683 -0.02548587508499623 0.0004999999073334039
v 0.024867102503776557 -0.028069151565432555 0.0030999998562037953
v 0.024712756276130683 -0.02548587508499623 0.0004999999073334039
v 0.028069153428077705 -0.024867100641131408 0.0030999998562037953
v 0.024867102503776557 -0.028069151565432555 0.0030999998562037953
v 0.021092213690280918 -0.02793060429394246 -1.466450155751531e-10
v 0.024712756276130683 -0.02548587508499623 0.0004999999073334039
v 0.02139353007078171 -0.028329612687230117 0.0004999999073334039
v 0.021092213690280918 -0.02793060429394246 -1.466450155751531e-10
v 0.024364687502384193 -0.025126917287707336 -1.466450155751531e-10
v 0.024712756276130683 -0.02548587508499623 0.0004999999073334039
v 0.03506311029195786 -0.013297682628035549 0.0030999998562037953
v 0.033829443156719215 -0.010761918500065805 0.0004999999073334039
v 0.03641031682491303 -0.008974337950348856 0.0030999998562037953
v 0.03641031682491303 -0.008974337950348856 0.0030999998562037953
v 0.033829443156719215 -0.010761918500065805 0.0004999999073334039
v 0.034895546734333045 -0.006523108109831812 0.0004999999073334039
v 0.034895546734333045 -0.006523108109831812 0.0004999999073334039
v 0.033829443156719215 -0.010761918500065805 0.0004999999073334039
v 0.03440406173467637 -0.006431235000491144 -1.466450016973653e-10
v 0.03335297107696534 -0.010610343888401987 -1.466450155751531e-10
v 0.03440406173467637 -0.006431235000491144 -1.466450016973653e-10
v 0.033829443156719215 -0.010761918500065805 0.0004999999073334039
v 0.03179628401994706 -0.014628613367676738 -1.466450155751531e-10
v 0.03225051611661912 -0.014837590977549556 0.0004999999073334039
v 0.029757604002952583 -0.018425127491354946 -1.466450155751531e-10
v 0.03335297107696534 -0.010610343888401987 -1.466450155751531e-10
v 0.03179628401994706 -0.014628613367676738 -1.466450155751531e-10
v 0.0018793859053403143 -0.03118404187262059 -0.002739777555689216
v 0.033829443156719215 -0.010761918500065805 0.0004999999073334039
v 0.03179628401994706 -0.014628613367676738 -1.466450155751531e-10
v 0.03335297107696534 -0.010610343888401987 -1.466450155751531e-10
v 0.01749999821186066 -0.030310889706015594 -1.466450155751531e-10
v 0.0010000013280659916 -0.03223204612731934 -0.002739777555689216
v 0.021092213690280918 -0.02793060429394246 -1.466450155751531e-10
v -7.42131189834794e-10 -0.037500001490116126 0.0030999998562037953
v -0.003275529248639942 -0.035348564386367805 0.0004999999073334039
v 0.0010932229924947026 -0.035483159124851234 0.0004999999073334039
v 0.009715034626424314 -0.034144811332225806 0.0004999999073334039
v 0.0054454049095511445 -0.03507987409830094 0.0004999999073334039
v 0.009578204713761808 -0.033663898706436164 -1.466450155751531e-10
v 0.008974335156381132 -0.03641031682491303 0.0030999998562037953
v 0.004520124755799771 -0.037226580083370216 0.0030999998562037953
v 0.0054454049095511445 -0.03507987409830094 0.0004999999073334039
v 0.0054454049095511445 -0.03507987409830094 0.0004999999073334039
v 0.009715034626424314 -0.034144811332225806 0.0004999999073334039
v 0.008974335156381132 -0.03641031682491303 0.0030999998562037953
v -0.00871646497398615 -0.023273522034287456 0.08291646838188173
v -0.00873170141130686 -0.03893065452575684 0.061328846961259856
v -0.00830128137022257 -0.02355617471039296 0.08312117308378221
v -0.008733511902391912 -0.04038771241903306 0.0585019811987877
v -0.009162665344774725 -0.039413817226886756 0.059788439422845854
v -0.009204157628118994 -0.03997305035591126 0.05836187675595285
v -0.009204157628118994 -0.03997305035591126 0.05836187675595285
v -0.009162665344774725 -0.039413817226886756 0.059788439422845854
v -0.009596639312803747 -0.03898204863071442 0.059565633535385146
v -0.009162665344774725 -0.039413817226886756 0.059788439422845854
v -0.009514384903013708 -0.03829676657915116 0.060869753360748305
v -0.009596639312803747 -0.03898204863071442 0.059565633535385146
v -0.009976782836019995 -0.03851547837257386 0.059324860572814955
v -0.009596639312803747 -0.03898204863071442 0.059565633535385146
v -0.009514384903013708 -0.03829676657915116 0.060869753360748305
v -0.010149263776838781 -0.03756242990493775 0.06033791229128839
v -0.009514384903013708 -0.03829676657915116 0.060869753360748305
v -0.009845250286161901 -0.02230571396648884 0.08221553266048433
v -0.00914012733846903 -0.022312903776764873 0.0835593268275261
v -0.00830128137022257 -0.02284791134297848 0.08401863276958467
v -0.00999999884516001 -0.015449998900294307 0.0900000035762787
v -0.00871646497398615 -0.023273522034287456 0.08291646838188173
v -0.00830128137022257 -0.02355617471039296 0.08312117308378221
v -0.00830128137022257 -0.02284791134297848 0.08401863276958467
v -0.00871646497398615 -0.023273522034287456 0.08291646838188173
v -0.00830128137022257 -0.02284791134297848 0.08401863276958467
v -0.00914012733846903 -0.022312903776764873 0.0835593268275261
v -0.0046999985352158555 -0.02960114367306233 0.07674293220043184
v -0.0046999985352158555 -0.04013369977474213 0.062200147658586516
v -0.0046499976888299 -0.02960114367306233 0.0767432674765587
v -0.005247586406767369 -0.019149998202919963 0.0883348733186722
v -0.0046499976888299 -0.019162809476256374 0.08835997432470323
v -0.00999999884516001 -0.015449998900294307 0.0900000035762787
v 0.00999999698251486 -0.015449998900294307 0.0900000035762787
v 0.00524758454412222 -0.019149998202919963 0.0883348733186722
v 0.00524758454412222 -0.02081871218979359 0.08734163641929628
v 0.00999999698251486 -0.015449998900294307 0.0900000035762787
v 0.004650003276765347 -0.019162809476256374 0.08835997432470323
v 0.00524758454412222 -0.019149998202919963 0.0883348733186722
v -0.035230927169322974 0.0043625347316265115 0.0004999999073334039
v -0.037226580083370216 0.004520125687122346 0.0030999998562037953
v -0.03641032427549363 0.008974337950348856 0.0030999998562037953
v -0.03737113624811173 0.003106206888332964 0.029950000345706947
v -0.037226580083370216 0.004520125687122346 0.0030999998562037953
v -0.037500001490116126 1.218596751284551e-10 0.0030999998562037953
v -0.037500001490116126 1.218596751284551e-10 0.0030999998562037953
v -0.037226580083370216 0.004520125687122346 0.0030999998562037953
v -0.03549999743700028 1.218596751284551e-10 0.0004999999073334039
v -0.035230927169322974 0.0043625347316265115 0.0004999999073334039
v -0.03549999743700028 1.218596751284551e-10 0.0004999999073334039
v -0.037226580083370216 0.004520125687122346 0.0030999998562037953
v -0.03719484061002732 0.004516156390309335 0.029950000345706947
v -0.037226580083370216 0.004520125687122346 0.0030999998562037953
v -0.03737113624811173 0.003106206888332964 0.029950000345706947
v -0.03698540478944779 0.006191063672304155 0.029950000345706947
v -0.03641032427549363 0.008974337950348856 0.0030999998562037953
v -0.037226580083370216 0.004520125687122346 0.0030999998562037953
v -0.03719484061002732 0.004516156390309335 0.029950000345706947
v -0.03698540478944779 0.006191063672304155 0.029950000345706947
v -0.037226580083370216 0.004520125687122346 0.0030999998562037953
v -0.037226580083370216 -0.004520123824477197 0.0030999998562037953
v -0.03719484061002732 -0.004516156390309335 0.029950000345706947
v -0.03737113624811173 -0.0031062045600265273 0.029950000345706947
v -0.03698540478944779 -0.006191061809659006 0.029950000345706947
v -0.03719484061002732 -0.004516156390309335 0.029950000345706947
v -0.037226580083370216 -0.004520123824477197 0.0030999998562037953
v -0.03719484061002732 -0.004516156390309335 0.029950000345706947
v -0.03698540478944779 -0.006191061809659006 0.029950000345706947
v -0.036957614123821265 -0.006186408922076227 0.030547589063644416
v -0.03734304755926133 -0.00310387252829969 0.030547589063644416
v -0.03719484061002732 -0.004516156390309335 0.029950000345706947
v -0.036957614123821265 -0.006186408922076227 0.030547589063644416
v -0.03737113624811173 -0.0031062045600265273 0.029950000345706947
v -0.03719484061002732 -0.004516156390309335 0.029950000345706947
v -0.03734304755926133 -0.00310387252829969 0.030547589063644416
v -0.030861891806125648 0.021302428096532825 0.0030999998562037953
v -0.028974987566471107 0.0205109715461731 0.0004999999073334039
v -0.0312759354710579 0.01679482124745846 0.0004999999073334039
v -0.030861891806125648 0.021302428096532825 0.0030999998562037953
v -0.028069145977497108 0.024867100641131408 0.0030999998562037953
v -0.028974987566471107 0.0205109715461731 0.0004999999073334039
v -0.034427784383296973 0.008658936247229578 0.0004999999073334039
v -0.03343386203050614 0.011783286929130558 0.0004999999073334039
v -0.03263653069734574 0.012643458321690563 -1.466450016973653e-10
v -0.033102758228778846 0.012824079021811489 0.0004999999073334039
v -0.03263653069734574 0.012643458321690563 -1.466450016973653e-10
v -0.03343386203050614 0.011783286929130558 0.0004999999073334039
v -0.03343386203050614 0.011783286929130558 0.0004999999073334039
v -0.034427784383296973 0.008658936247229578 0.0004999999073334039
v -0.03506311029195786 0.013297682628035549 0.0030999998562037953
v -0.033102758228778846 0.012824079021811489 0.0004999999073334039
v -0.03343386203050614 0.011783286929130558 0.0004999999073334039
v -0.03506311029195786 0.013297682628035549 0.0030999998562037953
v -0.01163242105394602 0.03301040455698968 -1.466450016973653e-10
v -0.0074876556172966974 0.03418968990445138 -1.466450016973653e-10
v -0.0006840385613031686 -0.02862061373889447 -0.002739777555689216
v -0.02486709505319596 0.028069153428077705 0.0030999998562037953
v -0.023096956312656406 0.026958875358104713 0.0004999999073334039
v -0.02623481303453446 0.023916196078062064 0.0004999999073334039
v -0.023096956312656406 0.026958875358104713 0.0004999999073334039
v -0.02586530894041062 0.02357934787869454 -1.466450016973653e-10
v -0.02623481303453446 0.023916196078062064 0.0004999999073334039
v -0.021302424371242527 0.030861895531415946 0.0030999998562037953
v -0.023096956312656406 0.026958875358104713 0.0004999999073334039
v -0.02486709505319596 0.028069153428077705 0.0030999998562037953
v -0.007810846902430059 -0.04158544540405274 0.05539304018020631
v -0.008331746794283392 -0.04125184565782548 0.05538485199213029
v -0.021302424371242527 -0.030861893668770797 0.0030999998562037953
v -0.02486709505319596 -0.028069151565432555 0.0030999998562037953
v -0.021302424371242527 -0.030861893668770797 0.0030999998562037953
v -0.008331746794283392 -0.04125184565782548 0.05538485199213029
v -0.02486709505319596 -0.028069151565432555 0.0030999998562037953
v -0.008331746794283392 -0.04125184565782548 0.05538485199213029
v -0.02295031398534775 -0.0296569261699915 0.029950000345706947
v -0.008822352625429632 -0.04086510837078095 0.05537535995244981
v -0.02295031398534775 -0.0296569261699915 0.029950000345706947
v -0.008331746794283392 -0.04125184565782548 0.05538485199213029
v -0.02295031398534775 -0.0296569261699915 0.029950000345706947
v -0.02532798796892167 -0.027653986588120467 0.029950000345706947
v -0.02486709505319596 -0.028069151565432555 0.0030999998562037953
v -0.02532798796892167 -0.027653986588120467 0.029950000345706947
v -0.027531586587429054 -0.025460982695221908 0.029950000345706947
v -0.02486709505319596 -0.028069151565432555 0.0030999998562037953
v -0.008822352625429632 -0.04086510837078095 0.05537535995244981
v -0.02532798796892167 -0.027653986588120467 0.029950000345706947
v -0.02295031398534775 -0.0296569261699915 0.029950000345706947
v -0.009204157628118994 -0.03997305035591126 0.05836187675595285
v -0.009628244675695898 -0.039515323936939246 0.0582072213292122
v -0.009241455234587194 -0.040311984717845924 0.05688427016139032
v -0.03264627605676652 -0.013816295191645626 0.0004999999073334039
v -0.0312759354710579 -0.01679482124745846 0.0004999999073334039
v -0.033204607665538795 -0.0174271184951067 0.0030999998562037953
v -0.033204607665538795 -0.0174271184951067 0.0030999998562037953
v -0.0312759354710579 -0.01679482124745846 0.0004999999073334039
v -0.030861891806125648 -0.021302429959177974 0.0030999998562037953
v -0.03506311029195786 -0.013297682628035549 0.0030999998562037953
v -0.033102758228778846 -0.012824079021811489 0.0004999999073334039
v -0.033204607665538795 -0.0174271184951067 0.0030999998562037953
v -0.03264627605676652 -0.013816295191645626 0.0004999999073334039
v -0.033204607665538795 -0.0174271184951067 0.0030999998562037953
v -0.033102758228778846 -0.012824079021811489 0.0004999999073334039
v -0.02486709505319596 -0.028069151565432555 0.0030999998562037953
v -0.023096956312656406 -0.026958873495459564 0.0004999999073334039
v -0.021302424371242527 -0.030861893668770797 0.0030999998562037953
v -0.02623481303453446 -0.023916194215416915 0.0004999999073334039
v -0.023096956312656406 -0.026958873495459564 0.0004999999073334039
v -0.02486709505319596 -0.028069151565432555 0.0030999998562037953
v -0.03473471850156785 0.004301089793443681 -1.466450016973653e-10
v -0.03394288569688798 0.008536979556083681 -1.466450016973653e-10
v -0.001969613833352924 -0.030152702704072006 -0.002739777555689216
v -0.03263653069734574 0.012643458321690563 -1.466450016973653e-10
v -0.03394288569688798 0.008536979556083681 -1.466450016973653e-10
v -0.034427784383296973 0.008658936247229578 0.0004999999073334039
v -0.03473471850156785 0.004301089793443681 -1.466450016973653e-10
v -0.034427784383296973 0.008658936247229578 0.0004999999073334039
v -0.03394288569688798 0.008536979556083681 -1.466450016973653e-10
v -0.023096956312656406 0.026958875358104713 0.0004999999073334039
v -0.022771634161472324 0.026579171419143684 -1.466450016973653e-10
v -0.02586530894041062 0.02357934787869454 -1.466450016973653e-10
v -0.01933277398347855 0.02917608432471753 -1.466450016973653e-10
v -0.022771634161472324 0.026579171419143684 -1.466450016973653e-10
v -0.023096956312656406 0.026958875358104713 0.0004999999073334039
v -0.015600838698446754 0.03133071586489678 -1.466450016973653e-10
v -0.0006840385613031686 -0.02862061373889447 -0.002739777555689216
v -0.0010000027250498535 -0.028767948970198638 -0.002739777555689216
v -0.015600838698446754 0.03133071586489678 -1.466450016973653e-10
v -0.0010000027250498535 -0.028767948970198638 -0.002739777555689216
v -0.01933277398347855 0.02917608432471753 -1.466450016973653e-10
v -0.0312759354710579 0.01679482124745846 0.0004999999073334039
v -0.030835427343845374 0.016558274626731876 -1.466450016973653e-10
v -0.03263653069734574 0.012643458321690563 -1.466450016973653e-10
v -0.008223184384405615 0.04074773937463761 0.058643523603677764
v -0.008160226978361608 0.040142972022295005 0.06017404422163965
v -0.00764670316129923 0.040775340050458915 0.05954973027110101
v -0.027531586587429054 0.025460984557867057 0.029950000345706947
v -0.027510903775691993 0.025441849604249007 0.030547589063644416
v -0.02532798796892167 0.027653988450765617 0.029950000345706947
v -0.027531586587429054 0.025460984557867057 0.029950000345706947
v -0.02532798796892167 0.027653988450765617 0.029950000345706947
v -0.02486709505319596 0.028069153428077705 0.0030999998562037953
v -0.028069145977497108 0.024867100641131408 0.0030999998562037953
v -0.027531586587429054 0.025460984557867057 0.029950000345706947
v -0.02486709505319596 0.028069153428077705 0.0030999998562037953
v -0.02532798796892167 0.027653988450765617 0.029950000345706947
v -0.02295031398534775 0.02965692803263665 0.029950000345706947
v -0.02486709505319596 0.028069153428077705 0.0030999998562037953
v -0.02486709505319596 0.028069153428077705 0.0030999998562037953
v -0.02295031398534775 0.02965692803263665 0.029950000345706947
v -0.008821875788271429 0.040865030139684684 0.0553947724401951
v -0.008821875788271429 0.040865030139684684 0.0553947724401951
v -0.02295031398534775 0.02965692803263665 0.029950000345706947
v -0.02532798796892167 0.027653988450765617 0.029950000345706947
v -0.009162456728518011 0.03941106423735619 0.05979565158486368
v -0.009596475400030615 0.038979429751634605 0.05957249924540521
v -0.009514384903013708 0.03829676657915116 0.060869753360748305
v -0.031169079244136817 0.02044284157454968 0.03162559494376183
v -0.031333707273006446 0.020550817251205448 0.030547589063644416
v -0.032755292952060706 0.017790786921978 0.03162559494376183
v -0.03714684396982194 -0.003087563207373024 0.03162559494376183
v -0.03747182339429856 1.218596751284551e-10 0.030547589063644416
v -0.03734304755926133 -0.00310387252829969 0.030547589063644416
v -0.037500001490116126 1.218596751284551e-10 0.029950000345706947
v -0.03737113624811173 -0.0031062045600265273 0.029950000345706947
v -0.03747182339429856 1.218596751284551e-10 0.030547589063644416
v -0.03734304755926133 -0.00310387252829969 0.030547589063644416
v -0.03747182339429856 1.218596751284551e-10 0.030547589063644416
v -0.03737113624811173 -0.0031062045600265273 0.029950000345706947
v -0.037500001490116126 1.218596751284551e-10 0.029950000345706947
v -0.03747182339429856 1.218596751284551e-10 0.030547589063644416
v -0.03737113624811173 0.003106206888332964 0.029950000345706947
v -0.03676343709230424 -0.006153905764222147 0.03162559494376183
v -0.036389358341693885 -0.0060912873595953005 0.03265369683504105
v -0.03714684396982194 -0.003087563207373024 0.03162559494376183
v -0.03734304755926133 -0.00310387252829969 0.030547589063644416
v -0.036957614123821265 -0.006186408922076227 0.030547589063644416
v -0.03676343709230424 -0.006153905764222147 0.03162559494376183
v -0.03734304755926133 -0.00310387252829969 0.030547589063644416
v -0.03676343709230424 -0.006153905764222147 0.03162559494376183
v -0.03714684396982194 -0.003087563207373024 0.03162559494376183
v -0.036127366125583656 -0.009177954867482187 0.03162559494376183
v -0.03676343709230424 -0.006153905764222147 0.03162559494376183
v -0.036957614123821265 -0.006186408922076227 0.030547589063644416
v -0.036389358341693885 -0.0060912873595953005 0.03265369683504105
v -0.03676343709230424 -0.006153905764222147 0.03162559494376183
v -0.036127366125583656 -0.009177954867482187 0.03162559494376183
v -0.03689565509557725 1.218596751284551e-10 0.03265369683504105
v -0.0367688611149788 -0.0030561478342860946 0.03265369683504105
v -0.00999999884516001 -0.015449998900294307 0.0900000035762787
v -0.03714684396982194 -0.003087563207373024 0.03162559494376183
v -0.0367688611149788 -0.0030561478342860946 0.03265369683504105
v -0.03689565509557725 1.218596751284551e-10 0.03265369683504105
v -0.00999999884516001 -0.015449998900294307 0.0900000035762787
v -0.0367688611149788 -0.0030561478342860946 0.03265369683504105
v -0.036389358341693885 -0.0060912873595953005 0.03265369683504105
v -0.036389358341693885 -0.0060912873595953005 0.03265369683504105
v -0.0367688611149788 -0.0030561478342860946 0.03265369683504105
v -0.03714684396982194 -0.003087563207373024 0.03162559494376183
v -0.036389358341693885 0.0060912873595953005 0.03265369683504105
v -0.0367688611149788 0.0030561464373022327 0.03265369683504105
v -0.00999999884516001 0.015449999831616882 0.0900000035762787
v -0.0367688611149788 0.0030561464373022327 0.03265369683504105
v -0.03689565509557725 1.218596751284551e-10 0.03265369683504105
v -0.00999999884516001 0.015449999831616882 0.0900000035762787
v -0.036318175494670875 -0.009226432070136072 0.030547589063644416
v -0.0363454893231392 -0.009233368560671808 0.029950000345706947
v -0.03542912751436234 -0.012203035876154903 0.030547589063644416
v -0.03545577079057694 -0.012212214991450313 0.029950000345706947
v -0.03542912751436234 -0.012203035876154903 0.030547589063644416
v -0.0363454893231392 -0.009233368560671808 0.029950000345706947
v -0.036127366125583656 -0.009177954867482187 0.03162559494376183
v -0.036318175494670875 -0.009226432070136072 0.030547589063644416
v -0.03542912751436234 -0.012203035876154903 0.030547589063644416
v -0.03542912751436234 -0.012203035876154903 0.030547589063644416
v -0.03545577079057694 -0.012212214991450313 0.029950000345706947
v -0.0343223586678505 -0.015107126906514171 0.029950000345706947
v -0.03429656475782395 -0.01509577222168446 0.030547589063644416
v -0.03542912751436234 -0.012203035876154903 0.030547589063644416
v -0.0343223586678505 -0.015107126906514171 0.029950000345706947
v -0.031169079244136817 -0.02044284157454968 0.03162559494376183
v -0.031333707273006446 -0.0205508153885603 0.030547589063644416
v -0.029368646442890174 -0.022954391315579418 0.03162559494376183
v -0.02954597026109696 -0.023092987015843395 0.029950000345706947
v -0.031333707273006446 -0.0205508153885603 0.030547589063644416
v -0.03135726600885392 -0.020566271618008617 0.029950000345706947
v -0.03135726600885392 -0.020566271618008617 0.029950000345706947
v -0.031333707273006446 -0.0205508153885603 0.030547589063644416
v -0.03295306116342545 -0.0178982075303793 0.029950000345706947
v -0.03295306116342545 -0.0178982075303793 0.029950000345706947
v -0.031333707273006446 -0.0205508153885603 0.030547589063644416
v -0.03292829543352128 -0.017884755507111553 0.030547589063644416
v 0.006778082810342314 -0.04197231680154801 0.05365714803338052
v 0.006223677657544615 -0.042140103876590736 0.05363595858216287
v 0.008974335156381132 -0.03641031682491303 0.0030999998562037953
v 0.005671239458024503 -0.04225462675094605 0.05362149327993394
v 0.008974335156381132 -0.03641031682491303 0.0030999998562037953
v 0.006223677657544615 -0.042140103876590736 0.05363595858216287
v 0.005671239458024503 -0.04225462675094605 0.05362149327993394
v 0.0051481490954756745 -0.04238510876893998 0.05431739240884782
v 0.004520124755799771 -0.037226580083370216 0.0030999998562037953
v -0.0046999985352158555 -0.04244302213191987 0.05499404296278955
v 0.004699996672570706 -0.042442470788955695 0.05503139272332193
v 0.004699996672570706 -0.04244334995746613 0.05506549403071405
v 0.004699996672570706 -0.042428351938724525 0.0544838383793831
v 0.004699996672570706 -0.042442470788955695 0.05503139272332193
v -0.0046999985352158555 -0.04244302213191987 0.05499404296278955
v 0.004699996672570706 -0.04244334995746613 0.05506549403071405
v 0.004699996672570706 -0.042442470788955695 0.05503139272332193
v 0.0051481490954756745 -0.04238510876893998 0.05431739240884782
v 0.0051481490954756745 -0.04238510876893998 0.05431739240884782
v 0.004699996672570706 -0.042442470788955695 0.05503139272332193
v 0.004699996672570706 -0.042428351938724525 0.0544838383793831
v 0.009578204713761808 -0.033663898706436164 -1.466450155751531e-10
v 0.013837396167218689 -0.03269214183092118 0.0004999999073334039
v 0.009715034626424314 -0.034144811332225806 0.0004999999073334039
v 0.009715034626424314 -0.034144811332225806 0.0004999999073334039
v 0.013837396167218689 -0.03269214183092118 0.0004999999073334039
v 0.013297683559358123 -0.03506311029195786 0.0030999998562037953
v 0.013837396167218689 -0.03269214183092118 0.0004999999073334039
v 0.01742711663246155 -0.0332046002149582 0.0030999998562037953
v 0.013297683559358123 -0.03506311029195786 0.0030999998562037953
v 0.027510896325111396 -0.025441849604249007 0.030547589063644416
v 0.025308951735496528 -0.027633206918835647 0.030547589063644416
v 0.02532798796892167 -0.027653986588120467 0.029950000345706947
v 0.00924129690974951 -0.04031093418598176 0.056891135871410384
v 0.025308951735496528 -0.027633206918835647 0.030547589063644416
v 0.027510896325111396 -0.025441849604249007 0.030547589063644416
v 0.025308951735496528 -0.027633206918835647 0.030547589063644416
v 0.00882187392562628 -0.040865026414394386 0.0553947724401951
v 0.02532798796892167 -0.027653986588120467 0.029950000345706947
v 0.00882187392562628 -0.040865026414394386 0.0553947724401951
v 0.025308951735496528 -0.027633206918835647 0.030547589063644416
v 0.00924129690974951 -0.04031093418598176 0.056891135871410384
v 0.00882187392562628 -0.040865026414394386 0.0553947724401951
v 0.024853840470314033 -0.028053408488631255 0.029950000345706947
v 0.02532798796892167 -0.027653986588120467 0.029950000345706947
v 0.024853840470314033 -0.028053408488631255 0.029950000345706947
v 0.00882187392562628 -0.040865026414394386 0.0553947724401951
v 0.022950306534767154 -0.0296569261699915 0.029950000345706947
v 0.02532798796892167 -0.027653986588120467 0.029950000345706947
v 0.024853840470314033 -0.028053408488631255 0.029950000345706947
v 0.024867102503776557 -0.028069151565432555 0.0030999998562037953
v 0.024853840470314033 -0.028053408488631255 0.029950000345706947
v 0.022950306534767154 -0.0296569261699915 0.029950000345706947
v 0.024867102503776557 -0.028069151565432555 0.0030999998562037953
v 0.021302431821823124 -0.030861893668770797 0.0030999998562037953
v 0.024867102503776557 -0.028069151565432555 0.0030999998562037953
v 0.008331163786351682 -0.04125174880027772 0.05540498346090318
v 0.00882187392562628 -0.040865026414394386 0.0553947724401951
v 0.008331163786351682 -0.04125174880027772 0.05540498346090318
v 0.024867102503776557 -0.028069151565432555 0.0030999998562037953
v 0.007353699766099455 -0.02326552383601666 0.08437716215848924
v 0.006325594149529936 -0.02430913038551808 0.08366650342941286
v 0.006813651882112028 -0.02416330389678479 0.08356089144945146
v 0.0367688611149788 -0.0030561478342860946 0.03265369683504105
v 0.03689565509557725 1.2185968900624291e-10 0.03265369683504105
v 0.00999999698251486 -0.015449998900294307 0.0900000035762787
v 0.0367688611149788 -0.0030561478342860946 0.03265369683504105
v 0.03727494180202485 1.2185968900624291e-10 0.03162559494376183
v 0.03689565509557725 1.2185968900624291e-10 0.03265369683504105
v 0.00999999698251486 0.015449999831616882 0.0900000035762787
v 0.00999999698251486 -0.015449998900294307 0.0900000035762787
v 0.03689565509557725 1.2185968900624291e-10 0.03265369683504105
v 0.0367688611149788 0.0030561464373022327 0.03265369683504105
v 0.03689565509557725 1.2185968900624291e-10 0.03265369683504105
v 0.03727494180202485 1.2185968900624291e-10 0.03162559494376183
v 0.03689565509557725 1.2185968900624291e-10 0.03265369683504105
v 0.0367688611149788 0.0030561464373022327 0.03265369683504105
v 0.00999999698251486 0.015449999831616882 0.0900000035762787
v 0.00999999698251486 -0.015449998900294307 0.0900000035762787
v 0.03488437086343766 -0.012015404179692272 0.03265369683504105
v 0.035759754478931434 -0.009084565564990045 0.03265369683504105
v 0.0367688611149788 -0.0030561478342860946 0.03265369683504105
v 0.03714684396982194 -0.003087563207373024 0.03162559494376183
v 0.03727494180202485 1.2185968900624291e-10 0.03162559494376183
v 0.03714684396982194 -0.003087563207373024 0.03162559494376183
v 0.03734304755926133 -0.00310387252829969 0.030547589063644416
v 0.03727494180202485 1.2185968900624291e-10 0.03162559494376183
v 0.036127366125583656 -0.009177954867482187 0.03162559494376183
v 0.03488437086343766 -0.012015404179692272 0.03265369683504105
v 0.0352429822087288 -0.012138919904828075 0.03162559494376183
v 0.03488437086343766 -0.012015404179692272 0.03265369683504105
v 0.036127366125583656 -0.009177954867482187 0.03162559494376183
v 0.035759754478931434 -0.009084565564990045 0.03265369683504105
v 0.031357273459434516 -0.020566271618008617 0.029950000345706947
v 0.030840530991554267 -0.0212871115654707 0.029950000345706947
v 0.030861899256706245 -0.021302429959177974 0.0030999998562037953
v 0.030861899256706245 -0.021302429959177974 0.0030999998562037953
v 0.030840530991554267 -0.0212871115654707 0.029950000345706947
v 0.029545962810516364 -0.023092987015843395 0.029950000345706947
v 0.029545962810516364 -0.023092987015843395 0.029950000345706947
v 0.030840530991554267 -0.0212871115654707 0.029950000345706947
v 0.02952376008033753 -0.02307563088834286 0.030547589063644416
v 0.027510896325111396 -0.025441849604249007 0.030547589063644416
v 0.02532798796892167 -0.027653986588120467 0.029950000345706947
v 0.027531586587429054 -0.025460982695221908 0.029950000345706947
v 0.02532798796892167 -0.027653986588120467 0.029950000345706947
v 0.024867102503776557 -0.028069151565432555 0.0030999998562037953
v 0.027531586587429054 -0.025460982695221908 0.029950000345706947
v 0.028069153428077705 -0.024867100641131408 0.0030999998562037953
v 0.027531586587429054 -0.025460982695221908 0.029950000345706947
v 0.024867102503776557 -0.028069151565432555 0.0030999998562037953
v 0.03225051611661912 -0.014837590977549556 0.0004999999073334039
v 0.030182711780071265 -0.01868834160268307 0.0004999999073334039
v 0.029757604002952583 -0.018425127491354946 -1.466450155751531e-10
v 0.0332046002149582 -0.0174271184951067 0.0030999998562037953
v 0.030182711780071265 -0.01868834160268307 0.0004999999073334039
v 0.03225051611661912 -0.014837590977549556 0.0004999999073334039
v 0.0332046002149582 -0.0174271184951067 0.0030999998562037953
v 0.030861899256706245 -0.021302429959177974 0.0030999998562037953
v 0.030182711780071265 -0.01868834160268307 0.0004999999073334039
v 0.029757604002952583 0.018425125628709797 -1.466450016973653e-10
v 0.03225051611661912 0.014837592840194706 0.0004999999073334039
v 0.03179628401994706 0.01462861150503159 -1.466450016973653e-10
v 0.03225051611661912 0.014837592840194706 0.0004999999073334039
v 0.0332046002149582 0.0174271184951067 0.0030999998562037953
v 0.03506311029195786 0.013297682628035549 0.0030999998562037953
v 0.03225051611661912 0.014837592840194706 0.0004999999073334039
v 0.033829443156719215 0.010761920362710954 0.0004999999073334039
v 0.03179628401994706 0.01462861150503159 -1.466450016973653e-10
v 0.033829443156719215 0.010761920362710954 0.0004999999073334039
v 0.03225051611661912 0.014837592840194706 0.0004999999073334039
v 0.03506311029195786 0.013297682628035549 0.0030999998562037953
v 0.028069153428077705 0.024867100641131408 0.0030999998562037953
v 0.030861899256706245 0.021302428096532825 0.0030999998562037953
v 0.027657359838485725 0.022255795076489452 0.0004999999073334039
v 0.029757604002952583 0.018425125628709797 -1.466450016973653e-10
v 0.0017320506740361456 -0.029499998316168792 -0.002739777555689216
v 0.001532091991975904 -0.0292144250124693 -0.002739777555689216
v 0.0018793859053403143 -0.02981595881283284 -0.002739777555689216
v 0.0017320506740361456 -0.029499998316168792 -0.002739777555689216
v 0.03179628401994706 0.01462861150503159 -1.466450016973653e-10
v 0.03179628401994706 0.01462861150503159 -1.466450016973653e-10
v 0.0017320506740361456 -0.029499998316168792 -0.002739777555689216
v 0.029757604002952583 0.018425125628709797 -1.466450016973653e-10
v 0.004699996672570706 0.04244302213191987 0.05499404296278955
v 0.004699996672570706 0.04244236275553704 0.05503135919570924
v 0.005111589096486569 0.0424145981669426 0.05510138347744943
v 0.004699996672570706 0.04244302213191987 0.05499404296278955
v -0.0046999985352158555 0.04244334995746613 0.05506549403071405
v 0.004699996672570706 0.04244236275553704 0.05503135919570924
v 0.008974335156381132 0.03641031682491303 0.0030999998562037953
v 0.006223998032510282 0.042138941586017616 0.0536274090409279
v 0.0067783808335661905 0.041971143335103996 0.0536487251520157
v 0.005111589096486569 0.0424145981669426 0.05510138347744943
v 0.005113638006150723 0.04241223633289338 0.055056810379028334
v 0.004699996672570706 0.04244302213191987 0.05499404296278955
v 0.005633934400975705 0.042339269071817405 0.05450973287224771
v 0.005113638006150723 0.04241223633289338 0.055056810379028334
v 0.005111589096486569 0.0424145981669426 0.05510138347744943
v 0.004699996672570706 0.04237815737724305 0.05383343622088434
v 0.005164525471627713 0.0423535779118538 0.05395000800490381
v 0.004520124755799771 0.037226583808660514 0.0030999998562037953
v 0.004699996672570706 0.04244302213191987 0.05499404296278955
v 0.005164525471627713 0.0423535779118538 0.05395000800490381
v 0.004699996672570706 0.04237815737724305 0.05383343622088434
v 0.005164525471627713 0.0423535779118538 0.05395000800490381
v 0.005113638006150723 0.04241223633289338 0.055056810379028334
v 0.005633934400975705 0.042339269071817405 0.05450973287224771
v 0.005113638006150723 0.04241223633289338 0.055056810379028334
v 0.005164525471627713 0.0423535779118538 0.05395000800490381
v 0.004699996672570706 0.04244302213191987 0.05499404296278955
v 0.008974335156381132 0.03641031682491303 0.0030999998562037953
v 0.004520124755799771 0.037226583808660514 0.0030999998562037953
v 0.005671589635312558 0.04225347563624383 0.05361285805702211
v 0.005164525471627713 0.0423535779118538 0.05395000800490381
v 0.005671589635312558 0.04225347563624383 0.05361285805702211
v 0.004520124755799771 0.037226583808660514 0.0030999998562037953
v 0.005671589635312558 0.04225347563624383 0.05361285805702211
v 0.005164525471627713 0.0423535779118538 0.05395000800490381
v 0.005633934400975705 0.042339269071817405 0.05450973287224771
v 0.006223998032510282 0.042138941586017616 0.0536274090409279
v 0.008974335156381132 0.03641031682491303 0.0030999998562037953
v 0.005671589635312558 0.04225347563624383 0.05361285805702211
v 0.01775000244379044 0.030743902549147613 0.0004999999073334039
v 0.02139353007078171 0.028329610824584968 0.0004999999073334039
v 0.021092213690280918 0.02793060243129731 -1.466450016973653e-10
v 0.01775000244379044 0.030743902549147613 0.0004999999073334039
v 0.021302431821823124 0.030861895531415946 0.0030999998562037953
v 0.02139353007078171 0.028329610824584968 0.0004999999073334039
v 0.021302431821823124 0.030861895531415946 0.0030999998562037953
v 0.024867102503776557 0.028069153428077705 0.0030999998562037953
v 0.02139353007078171 0.028329610824584968 0.0004999999073334039
v 0.024712756276130683 0.02548587322235108 0.0004999999073334039
v 0.02139353007078171 0.028329610824584968 0.0004999999073334039
v 0.024867102503776557 0.028069153428077705 0.0030999998562037953
v 0.021092213690280918 0.02793060243129731 -1.466450016973653e-10
v 0.02139353007078171 0.028329610824584968 0.0004999999073334039
v 0.024712756276130683 0.02548587322235108 0.0004999999073334039
v 0.01749999821186066 0.030310889706015594 -1.466450016973653e-10
v 0.01775000244379044 0.030743902549147613 0.0004999999073334039
v 0.021092213690280918 0.02793060243129731 -1.466450016973653e-10
v 0.0010000013280659916 -0.028767948970198638 -0.002739777555689216
v 0.01749999821186066 0.030310889706015594 -1.466450016973653e-10
v 0.021092213690280918 0.02793060243129731 -1.466450016973653e-10
v 0.008974335156381132 0.03641031682491303 0.0030999998562037953
v 0.013297683559358123 0.03506311029195786 0.0030999998562037953
v 0.009715034626424314 0.034144811332225806 0.0004999999073334039
v 0.008974335156381132 0.03641031682491303 0.0030999998562037953
v 0.009715034626424314 0.034144811332225806 0.0004999999073334039
v 0.0054454049095511445 0.03507987409830094 0.0004999999073334039
v 0.01742711663246155 0.0332046002149582 0.0030999998562037953
v 0.013837396167218689 0.03269214555621148 0.0004999999073334039
v 0.013297683559358123 0.03506311029195786 0.0030999998562037953
v 0.01775000244379044 0.030743902549147613 0.0004999999073334039
v 0.013837396167218689 0.03269214555621148 0.0004999999073334039
v 0.01742711663246155 0.0332046002149582 0.0030999998562037953
v 0.009715034626424314 0.034144811332225806 0.0004999999073334039
v 0.013297683559358123 0.03506311029195786 0.0030999998562037953
v 0.013837396167218689 0.03269214555621148 0.0004999999073334039
v 0.009715034626424314 0.034144811332225806 0.0004999999073334039
v 0.013837396167218689 0.03269214555621148 0.0004999999073334039
v 0.009578204713761808 0.033663898706436164 -1.466450016973653e-10
v 0.004699996672570706 0.04244302213191987 0.05499404296278955
v -0.0046999985352158555 0.042442470788955695 0.05503139272332193
v -0.0046999985352158555 0.04244334995746613 0.05506549403071405
v -0.0046999985352158555 0.042428351938724525 0.0544838383793831
v -0.0046999985352158555 0.042442470788955695 0.05503139272332193
v 0.004699996672570706 0.04244302213191987 0.05499404296278955
v 0.004520124755799771 0.037226583808660514 0.0030999998562037953
v -7.421312453459452e-10 0.037500001490116126 0.0030999998562037953
v 0.004699996672570706 0.04237815737724305 0.05383343622088434
v -0.0046999985352158555 0.042428351938724525 0.0544838383793831
v 0.004699996672570706 0.04237815737724305 0.05383343622088434
v -7.421312453459452e-10 0.037500001490116126 0.0030999998562037953
v -7.421312453459452e-10 0.037500001490116126 0.0030999998562037953
v 0.004520124755799771 0.037226583808660514 0.0030999998562037953
v 0.0010932229924947026 0.03548316285014153 0.0004999999073334039
v 1.5564291970804338e-06 0.03544953092932702 0.0004999999073334039
v -7.421312453459452e-10 0.037500001490116126 0.0030999998562037953
v 0.0010932229924947026 0.03548316285014153 0.0004999999073334039
v 0.0332046002149582 0.0174271184951067 0.0030999998562037953
v 0.0343223661184311 0.015107125043869022 0.029950000345706947
v 0.03506311029195786 0.013297682628035549 0.0030999998562037953
v 0.037226580083370216 0.004520125687122346 0.0030999998562037953
v 0.03641031682491303 0.008974337950348856 0.0030999998562037953
v 0.03698541224002839 0.006191063672304155 0.029950000345706947
v -0.036127366125583656 0.009177953004837038 0.03162559494376183
v -0.03676343709230424 0.006153905764222147 0.03162559494376183
v -0.036389358341693885 0.0060912873595953005 0.03265369683504105
v -0.03698540478944779 0.006191063672304155 0.029950000345706947
v -0.03640041500329972 0.008972253650426866 0.029950000345706947
v -0.03641032427549363 0.008974337950348856 0.0030999998562037953
v -0.0363454893231392 0.009233368560671808 0.029950000345706947
v -0.03641032427549363 0.008974337950348856 0.0030999998562037953
v -0.03640041500329972 0.008972253650426866 0.029950000345706947
v -0.03506311029195786 0.013297682628035549 0.0030999998562037953
v -0.0343223586678505 0.015107125043869022 0.029950000345706947
v -0.033204607665538795 0.0174271184951067 0.0030999998562037953
v -0.03545577079057694 0.012212214991450313 0.029950000345706947
v -0.0343223586678505 0.015107125043869022 0.029950000345706947
v -0.03506311029195786 0.013297682628035549 0.0030999998562037953
v -0.03542912751436234 0.012203035876154903 0.030547589063644416
v -0.0343223586678505 0.015107125043869022 0.029950000345706947
v -0.03545577079057694 0.012212214991450313 0.029950000345706947
v 0.034933619201183326 0.0021546317730098967 -1.466450016973653e-10
v 0.03549999743700028 1.2185968900624291e-10 0.0004999999073334039
v 0.034933619201183326 -0.0021546313073486094 -1.466450016973653e-10
v 0.035298451781272895 0.0032693224493414172 0.0004999999073334039
v 0.034895546734333045 0.006523108109831812 0.0004999999073334039
v 0.037226580083370216 0.004520125687122346 0.0030999998562037953
v 0.034895546734333045 0.006523108109831812 0.0004999999073334039
v 0.035298451781272895 0.0032693224493414172 0.0004999999073334039
v 0.034933619201183326 0.0021546317730098967 -1.466450016973653e-10
v 0.034895546734333045 -0.006523108109831812 0.0004999999073334039
v 0.034933619201183326 -0.0021546313073486094 -1.466450016973653e-10
v 0.03543266654014588 -0.0021854133810848 0.0004999999073334039
v 0.037226580083370216 -0.004520123824477197 0.0030999998562037953
v 0.034895546734333045 -0.006523108109831812 0.0004999999073334039
v 0.03543266654014588 -0.0021854133810848 0.0004999999073334039
v 0.037226580083370216 -0.004520123824477197 0.0030999998562037953
v 0.03543266654014588 -0.0021854133810848 0.0004999999073334039
v 0.037500001490116126 1.2185968900624291e-10 0.0030999998562037953
v 0.028288401663303382 -0.021364355459809307 0.0004999999073334039
v 0.030182711780071265 -0.01868834160268307 0.0004999999073334039
v 0.030861899256706245 -0.021302429959177974 0.0030999998562037953
v 0.027267821133136756 -0.021942334249615673 -1.466450155751531e-10
v 0.029757604002952583 -0.018425127491354946 -1.466450155751531e-10
v 0.028288401663303382 -0.021364355459809307 0.0004999999073334039
v 0.030182711780071265 -0.01868834160268307 0.0004999999073334039
v 0.028288401663303382 -0.021364355459809307 0.0004999999073334039
v 0.029757604002952583 -0.018425127491354946 -1.466450155751531e-10
v 0.028288401663303382 -0.021364355459809307 0.0004999999073334039
v 0.027657359838485725 -0.022255795076489452 0.0004999999073334039
v 0.027267821133136756 -0.021942334249615673 -1.466450155751531e-10
v 0.028069153428077705 -0.024867100641131408 0.0030999998562037953
v 0.027657359838485725 -0.022255795076489452 0.0004999999073334039
v 0.030861899256706245 -0.021302429959177974 0.0030999998562037953
v 0.027657359838485725 -0.022255795076489452 0.0004999999073334039
v 0.028288401663303382 -0.021364355459809307 0.0004999999073334039
v 0.030861899256706245 -0.021302429959177974 0.0030999998562037953
v 0.03179628401994706 -0.014628613367676738 -1.466450155751531e-10
v 0.03264506161212922 -0.013819156214594844 0.0004999999073334039
v 0.03225051611661912 -0.014837590977549556 0.0004999999073334039
v 0.033829443156719215 -0.010761918500065805 0.0004999999073334039
v 0.03264506161212922 -0.013819156214594844 0.0004999999073334039
v 0.03179628401994706 -0.014628613367676738 -1.466450155751531e-10
v 0.03225051611661912 -0.014837590977549556 0.0004999999073334039
v 0.03264506161212922 -0.013819156214594844 0.0004999999073334039
v 0.03506311029195786 -0.013297682628035549 0.0030999998562037953
v 0.03264506161212922 -0.013819156214594844 0.0004999999073334039
v 0.033829443156719215 -0.010761918500065805 0.0004999999073334039
v 0.03506311029195786 -0.013297682628035549 0.0030999998562037953
v 0.0010000013280659916 -0.03223204612731934 -0.002739777555689216
v 0.01749999821186066 -0.030310889706015594 -1.466450155751531e-10
v 0.013642503879964355 -0.03223168849945069 -1.466450155751531e-10
v 0.013642503879964355 -0.03223168849945069 -1.466450155751531e-10
v 0.013837396167218689 -0.03269214183092118 0.0004999999073334039
v 0.009578204713761808 -0.033663898706436164 -1.466450155751531e-10
v 0.01775000244379044 -0.030743902549147613 0.0004999999073334039
v 0.013642503879964355 -0.03223168849945069 -1.466450155751531e-10
v 0.01749999821186066 -0.030310889706015594 -1.466450155751531e-10
v 0.021092213690280918 -0.02793060429394246 -1.466450155751531e-10
v 0.001285574631765485 -0.0320320874452591 -0.002739777555689216
v 0.024364687502384193 -0.025126917287707336 -1.466450155751531e-10
v 0.0010000013280659916 -0.03223204612731934 -0.002739777555689216
v 0.001285574631765485 -0.0320320874452591 -0.002739777555689216
v 0.021092213690280918 -0.02793060429394246 -1.466450155751531e-10
v -0.003275529248639942 -0.035348564386367805 0.0004999999073334039
v -7.42131189834794e-10 -0.03499999642372132 -1.466450155751531e-10
v 0.0010932229924947026 -0.035483159124851234 0.0004999999073334039
v -0.0045201266184449205 -0.037226580083370216 0.0030999998562037953
v -0.003275529248639942 -0.035348564386367805 0.0004999999073334039
v -7.42131189834794e-10 -0.037500001490116126 0.0030999998562037953
v -0.0046999985352158555 -0.04237815737724305 0.05383343622088434
v -0.0045201266184449205 -0.037226580083370216 0.0030999998562037953
v -7.42131189834794e-10 -0.037500001490116126 0.0030999998562037953
v -0.00873170141130686 -0.03893065452575684 0.061328846961259856
v -0.00861878786236048 -0.0389946922659874 0.06137522310018541
v -0.00830128137022257 -0.02355617471039296 0.08312117308378221
v -0.00861878786236048 -0.0389946922659874 0.06137522310018541
v -0.007825003005564215 -0.039444848895072944 0.0617012456059456
v -0.00830128137022257 -0.02355617471039296 0.08312117308378221
v -0.009162665344774725 -0.039413817226886756 0.059788439422845854
v -0.008681320585310461 -0.03980369865894318 0.059989638626575484
v -0.00873170141130686 -0.03893065452575684 0.061328846961259856
v -0.008681320585310461 -0.03980369865894318 0.059989638626575484
v -0.009162665344774725 -0.039413817226886756 0.059788439422845854
v -0.008733511902391912 -0.04038771241903306 0.0585019811987877
v -0.009514384903013708 -0.03829676657915116 0.060869753360748305
v -0.009496257640421392 -0.02264196984469891 0.08245906978845598
v -0.009845250286161901 -0.02230571396648884 0.08221553266048433
v -0.009496257640421392 -0.02264196984469891 0.08245906978845598
v -0.009845250286161901 -0.021676434203982357 0.0830129161477089
v -0.009845250286161901 -0.02230571396648884 0.08221553266048433
v -0.009845250286161901 -0.021676434203982357 0.0830129161477089
v -0.009496257640421392 -0.02264196984469891 0.08245906978845598
v -0.00914012733846903 -0.022312903776764873 0.0835593268275261
v -0.009514384903013708 -0.03829676657915116 0.060869753360748305
v -0.00873170141130686 -0.03893065452575684 0.061328846961259856
v -0.00914012733846903 -0.02298509515821934 0.08270757645368577
v -0.00871646497398615 -0.023273522034287456 0.08291646838188173
v -0.00914012733846903 -0.022312903776764873 0.0835593268275261
v -0.00914012733846903 -0.02298509515821934 0.08270757645368577
v -0.00871646497398615 -0.023273522034287456 0.08291646838188173
v -0.00914012733846903 -0.02298509515821934 0.08270757645368577
v -0.00873170141130686 -0.03893065452575684 0.061328846961259856
v -0.009496257640421392 -0.02264196984469891 0.08245906978845598
v -0.00914012733846903 -0.02298509515821934 0.08270757645368577
v -0.00914012733846903 -0.022312903776764873 0.0835593268275261
v -0.00914012733846903 -0.02298509515821934 0.08270757645368577
v -0.009496257640421392 -0.02264196984469891 0.08245906978845598
v -0.009514384903013708 -0.03829676657915116 0.060869753360748305
v -0.009162665344774725 -0.039413817226886756 0.059788439422845854
v -0.00873170141130686 -0.03893065452575684 0.061328846961259856
v -0.0091007212176919 -0.03863178938627244 0.061112392693758025
v -0.009514384903013708 -0.03829676657915116 0.060869753360748305
v -0.0091007212176919 -0.03863178938627244 0.061112392693758025
v -0.00873170141130686 -0.03893065452575684 0.061328846961259856
v -0.0091007212176919 -0.03863178938627244 0.061112392693758025
v -0.009514384903013708 -0.03829676657915116 0.060869753360748305
v -0.009162665344774725 -0.039413817226886756 0.059788439422845854
v 0.005752666853368283 -0.040055729448795326 0.06214367598295213
v 0.006821825169026853 -0.03982371091842652 0.06197563558816911
v 0.006325594149529936 -0.02430913038551808 0.08366650342941286
v 0.006813651882112028 -0.02416330389678479 0.08356089144945146
v 0.006325594149529936 -0.02430913038551808 0.08366650342941286
v 0.006821825169026853 -0.03982371091842652 0.06197563558816911
v -0.005247586406767369 -0.02081871218979359 0.08734163641929628
v -0.005247586406767369 -0.019149998202919963 0.0883348733186722
v -0.00999999884516001 -0.015449998900294307 0.0900000035762787
v -0.005247586406767369 -0.019149998202919963 0.0883348733186722
v -0.0046499976888299 -0.020834667608141903 0.08736486732959749
v -0.0046499976888299 -0.019162809476256374 0.08835997432470323
v -0.005247586406767369 -0.02081871218979359 0.08734163641929628
v -0.0046499976888299 -0.020834667608141903 0.08736486732959749
v -0.005247586406767369 -0.019149998202919963 0.0883348733186722
v 0.00524758454412222 -0.019149998202919963 0.0883348733186722
v 0.004650003276765347 -0.020834667608141903 0.08736486732959749
v 0.00524758454412222 -0.02081871218979359 0.08734163641929628
v 0.004650003276765347 -0.019162809476256374 0.08835997432470323
v 0.004650003276765347 -0.020834667608141903 0.08736486732959749
v 0.00524758454412222 -0.019149998202919963 0.0883348733186722
v -0.02586530894041062 0.02357934787869454 -1.466450016973653e-10
v -0.026919536292552955 0.02306529320776463 0.0004999999073334039
v -0.02623481303453446 0.023916196078062064 0.0004999999073334039
v -0.028069145977497108 0.024867100641131408 0.0030999998562037953
v -0.02623481303453446 0.023916196078062064 0.0004999999073334039
v -0.026919536292552955 0.02306529320776463 0.0004999999073334039
v -0.028974987566471107 0.0205109715461731 0.0004999999073334039
v -0.028069145977497108 0.024867100641131408 0.0030999998562037953
v -0.026919536292552955 0.02306529320776463 0.0004999999073334039
v -0.008821875788271429 0.040865030139684684 0.0553947724401951
v -0.008331165648996832 0.04125174880027772 0.05540498346090318
v -0.02486709505319596 0.028069153428077705 0.0030999998562037953
v -0.008331165648996832 0.04125174880027772 0.05540498346090318
v -0.021302424371242527 0.030861895531415946 0.0030999998562037953
v -0.02486709505319596 0.028069153428077705 0.0030999998562037953
v -0.008780234493315222 0.040740750730037696 0.056967888027429595
v -0.008331165648996832 0.04125174880027772 0.05540498346090318
v -0.008821875788271429 0.040865030139684684 0.0553947724401951
v -0.023096956312656406 0.026958875358104713 0.0004999999073334039
v -0.019608952105045322 0.02959288470447064 0.0004999999073334039
v -0.01933277398347855 0.02917608432471753 -1.466450016973653e-10
v -0.019608952105045322 0.02959288470447064 0.0004999999073334039
v -0.023096956312656406 0.026958875358104713 0.0004999999073334039
v -0.021302424371242527 0.030861895531415946 0.0030999998562037953
v -0.009204157628118994 -0.03997305035591126 0.05836187675595285
v -0.008780435658991339 -0.040741845965385444 0.05696072429418565
v -0.008733511902391912 -0.04038771241903306 0.0585019811987877
v -0.009241455234587194 -0.040311984717845924 0.05688427016139032
v -0.008780435658991339 -0.040741845965385444 0.05696072429418565
v -0.009204157628118994 -0.03997305035591126 0.05836187675595285
v -0.008331746794283392 -0.04125184565782548 0.05538485199213029
v -0.008780435658991339 -0.040741845965385444 0.05696072429418565
v -0.008822352625429632 -0.04086510837078095 0.05537535995244981
v -0.009241455234587194 -0.040311984717845924 0.05688427016139032
v -0.008822352625429632 -0.04086510837078095 0.05537535995244981
v -0.008780435658991339 -0.040741845965385444 0.05696072429418565
v -0.029523752629756934 -0.02307563088834286 0.030547589063644416
v -0.009628244675695898 -0.039515323936939246 0.0582072213292122
v -0.029368646442890174 -0.022954391315579418 0.03162559494376183
v -0.029523752629756934 -0.02307563088834286 0.030547589063644416
v -0.009241455234587194 -0.040311984717845924 0.05688427016139032
v -0.009628244675695898 -0.039515323936939246 0.0582072213292122
v -0.031333707273006446 -0.0205508153885603 0.030547589063644416
v -0.029523752629756934 -0.02307563088834286 0.030547589063644416
v -0.029368646442890174 -0.022954391315579418 0.03162559494376183
v -0.031333707273006446 -0.0205508153885603 0.030547589063644416
v -0.02954597026109696 -0.023092987015843395 0.029950000345706947
v -0.029523752629756934 -0.02307563088834286 0.030547589063644416
v -0.02532798796892167 -0.027653986588120467 0.029950000345706947
v -0.027510903775691993 -0.025441849604249007 0.030547589063644416
v -0.027531586587429054 -0.025460982695221908 0.029950000345706947
v -0.029523752629756934 -0.02307563088834286 0.030547589063644416
v -0.027510903775691993 -0.025441849604249007 0.030547589063644416
v -0.009241455234587194 -0.040311984717845924 0.05688427016139032
v -0.027531586587429054 -0.025460982695221908 0.029950000345706947
v -0.027510903775691993 -0.025441849604249007 0.030547589063644416
v -0.02954597026109696 -0.023092987015843395 0.029950000345706947
v -0.029523752629756934 -0.02307563088834286 0.030547589063644416
v -0.02954597026109696 -0.023092987015843395 0.029950000345706947
v -0.027510903775691993 -0.025441849604249007 0.030547589063644416
v -0.030861891806125648 -0.021302429959177974 0.0030999998562037953
v -0.030700974166393287 -0.017723416909575466 0.0004999999073334039
v -0.028974987566471107 -0.02051096968352795 0.0004999999073334039
v -0.0312759354710579 -0.01679482124745846 0.0004999999073334039
v -0.030700974166393287 -0.017723416909575466 0.0004999999073334039
v -0.030861891806125648 -0.021302429959177974 0.0030999998562037953
v -0.030835427343845374 -0.016558272764086727 -1.466450155751531e-10
v -0.0018793873023241763 -0.03118404187262059 -0.002739777555689216
v -0.0017320520710200076 -0.03149999678134919 -0.002739777555689216
v -0.030700974166393287 -0.017723416909575466 0.0004999999073334039
v -0.0312759354710579 -0.01679482124745846 0.0004999999073334039
v -0.030835427343845374 -0.016558272764086727 -1.466450155751531e-10
v -0.03506311029195786 -0.013297682628035549 0.0030999998562037953
v -0.034427784383296973 -0.008658936247229578 0.0004999999073334039
v -0.03409669548273087 -0.009699730202555658 0.0004999999073334039
v -0.03506311029195786 -0.013297682628035549 0.0030999998562037953
v -0.03409669548273087 -0.009699730202555658 0.0004999999073334039
v -0.033102758228778846 -0.012824079021811489 0.0004999999073334039
v -0.01582371443510056 -0.031778298318386085 0.0004999999073334039
v -0.01933277398347855 -0.02917608432471753 -1.466450155751531e-10
v -0.015600838698446754 -0.03133071213960648 -1.466450155751531e-10
v -0.017427124083042148 -0.0332046002149582 0.0030999998562037953
v -0.007862300612032415 -0.04147004336118699 0.05371238291263582
v -0.007810846902430059 -0.04158544540405274 0.05539304018020631
v -0.007810846902430059 -0.04158544540405274 0.05539304018020631
v -0.007862300612032415 -0.04147004336118699 0.05371238291263582
v -0.007327177561819555 -0.0417483076453209 0.05367703363299371
v -0.007327177561819555 -0.0417483076453209 0.05367703363299371
v -0.007862300612032415 -0.04147004336118699 0.05371238291263582
v -0.017427124083042148 -0.0332046002149582 0.0030999998562037953
v -0.0051115909591317185 -0.0424145981669426 0.05510138347744943
v -0.005633936263620854 -0.04233926534652711 0.05450973287224771
v -0.005113639868795873 -0.04241223633289338 0.055056810379028334
v -0.001999997301027179 -0.030500000342726714 -0.002739777555689216
v -0.001969613833352924 -0.030847297981381423 -0.002739777555689216
v -0.03473471850156785 -0.00430109165608883 -1.466450016973653e-10
v -0.01933277398347855 0.02917608432471753 -1.466450016973653e-10
v -0.001285576028749347 -0.02896791137754918 -0.002739777555689216
v -0.022771634161472324 0.026579171419143684 -1.466450016973653e-10
v -0.0010000027250498535 -0.028767948970198638 -0.002739777555689216
v -0.001285576028749347 -0.02896791137754918 -0.002739777555689216
v -0.01933277398347855 0.02917608432471753 -1.466450016973653e-10
v -0.001285576028749347 -0.02896791137754918 -0.002739777555689216
v -0.001532085938379169 -0.0292144250124693 -0.002739777555689216
v -0.02586530894041062 0.02357934787869454 -1.466450016973653e-10
v -0.022771634161472324 0.026579171419143684 -1.466450016973653e-10
v -0.001285576028749347 -0.02896791137754918 -0.002739777555689216
v -0.02586530894041062 0.02357934787869454 -1.466450016973653e-10
v -0.001532085938379169 -0.0292144250124693 -0.002739777555689216
v -0.0285668894648552 0.020222084596753124 -1.466450016973653e-10
v -0.02586530894041062 0.02357934787869454 -1.466450016973653e-10
v -0.02586530894041062 0.02357934787869454 -1.466450016973653e-10
v -0.0285668894648552 0.020222084596753124 -1.466450016973653e-10
v -0.026919536292552955 0.02306529320776463 0.0004999999073334039
v -0.026919536292552955 0.02306529320776463 0.0004999999073334039
v -0.0285668894648552 0.020222084596753124 -1.466450016973653e-10
v -0.028974987566471107 0.0205109715461731 0.0004999999073334039
v -0.028974987566471107 0.0205109715461731 0.0004999999073334039
v -0.0285668894648552 0.020222084596753124 -1.466450016973653e-10
v -0.0312759354710579 0.01679482124745846 0.0004999999073334039
v -0.030835427343845374 0.016558274626731876 -1.466450016973653e-10
v -0.0312759354710579 0.01679482124745846 0.0004999999073334039
v -0.0285668894648552 0.020222084596753124 -1.466450016973653e-10
v -0.0285668894648552 0.020222084596753124 -1.466450016973653e-10
v -0.001532085938379169 -0.0292144250124693 -0.002739777555689216
v -0.0017320520710200076 -0.029499998316168792 -0.002739777555689216
v -0.0285668894648552 0.020222084596753124 -1.466450016973653e-10
v -0.0017320520710200076 -0.029499998316168792 -0.002739777555689216
v -0.030835427343845374 0.016558274626731876 -1.466450016973653e-10
v -0.00914012733846903 0.02298509515821934 0.08270757645368577
v -0.00873170141130686 0.03893065825104714 0.061328846961259856
v -0.009514384903013708 0.03829676657915116 0.060869753360748305
v -0.00871646497398615 0.023273522034287456 0.08291646838188173
v -0.00873170141130686 0.03893065825104714 0.061328846961259856
v -0.00914012733846903 0.02298509515821934 0.08270757645368577
v -0.009514384903013708 0.03829676657915116 0.060869753360748305
v -0.00873170141130686 0.03893065825104714 0.061328846961259856
v -0.009162456728518011 0.03941106423735619 0.05979565158486368
v 0.03488437086343766 0.012015402317047123 0.03265369683504105
v 0.00999999698251486 0.015449999831616882 0.0900000035762787
v 0.035759754478931434 0.009084563702344896 0.03265369683504105
v 0.00999999698251486 0.015449999831616882 0.0900000035762787
v 0.03488437086343766 0.012015402317047123 0.03265369683504105
v 0.033769227564334876 0.014863658696413044 0.03265369683504105
v -0.0071614468470215815 0.04154933616518975 0.0579938404262066
v -0.007121556438505651 0.04131583124399186 0.058836556971073165
v -0.0065926695242524164 0.04175588861107827 0.05804700776934625
v -0.02532798796892167 0.027653988450765617 0.029950000345706947
v -0.025308959186077125 0.027633205056190498 0.030547589063644416
v -0.008821875788271429 0.040865030139684684 0.0553947724401951
v -0.027510903775691993 0.025441849604249007 0.030547589063644416
v -0.025308959186077125 0.027633205056190498 0.030547589063644416
v -0.02532798796892167 0.027653988450765617 0.029950000345706947
v -0.009845250286161901 0.02230571396648884 0.08221553266048433
v -0.009496257640421392 0.02264196984469891 0.08245906978845598
v -0.009514384903013708 0.03829676657915116 0.060869753360748305
v -0.00914012733846903 0.02298509515821934 0.08270757645368577
v -0.009514384903013708 0.03829676657915116 0.060869753360748305
v -0.009496257640421392 0.02264196984469891 0.08245906978845598
v -0.009845250286161901 0.021676434203982357 0.0830129161477089
v -0.009496257640421392 0.02264196984469891 0.08245906978845598
v -0.009845250286161901 0.02230571396648884 0.08221553266048433
v -0.00999999884516001 0.015449999831616882 0.0900000035762787
v -0.00914012733846903 0.022312901914119724 0.0835593268275261
v -0.009845250286161901 0.021676434203982357 0.0830129161477089
v -0.00914012733846903 0.02298509515821934 0.08270757645368577
v -0.00914012733846903 0.022312901914119724 0.0835593268275261
v -0.00871646497398615 0.023273522034287456 0.08291646838188173
v -0.009845250286161901 0.021676434203982357 0.0830129161477089
v -0.00914012733846903 0.022312901914119724 0.0835593268275261
v -0.009496257640421392 0.02264196984469891 0.08245906978845598
v -0.009496257640421392 0.02264196984469891 0.08245906978845598
v -0.00914012733846903 0.022312901914119724 0.0835593268275261
v -0.00914012733846903 0.02298509515821934 0.08270757645368577
v -0.009596475400030615 0.038979429751634605 0.05957249924540521
v -0.009976663626730444 0.03851298615336419 0.059331350028514876
v -0.009514384903013708 0.03829676657915116 0.060869753360748305
v -0.010149263776838781 0.03756242990493775 0.06033791229128839
v -0.009976663626730444 0.03851298615336419 0.059331350028514876
v -0.032755292952060706 0.017790786921978 0.03162559494376183
v -0.010149263776838781 0.03756242990493775 0.06033791229128839
v -0.009514384903013708 0.03829676657915116 0.060869753360748305
v -0.009976663626730444 0.03851298615336419 0.059331350028514876
v -0.032755292952060706 0.017790786921978 0.03162559494376183
v -0.009976663626730444 0.03851298615336419 0.059331350028514876
v -0.031169079244136817 0.02044284157454968 0.03162559494376183
v -0.009596475400030615 0.038979429751634605 0.05957249924540521
v -0.031169079244136817 0.02044284157454968 0.03162559494376183
v -0.009976663626730444 0.03851298615336419 0.059331350028514876
v -0.009596475400030615 0.038979429751634605 0.05957249924540521
v -0.009627894498407842 0.039510410279035575 0.05822308734059335
v -0.031169079244136817 0.02044284157454968 0.03162559494376183
v -0.03689565509557725 1.218596751284551e-10 0.03265369683504105
v -0.03727493435144425 1.218596751284551e-10 0.03162559494376183
v -0.03714684396982194 -0.003087563207373024 0.03162559494376183
v -0.03714684396982194 -0.003087563207373024 0.03162559494376183
v -0.03727493435144425 1.218596751284551e-10 0.03162559494376183
v -0.03747182339429856 1.218596751284551e-10 0.030547589063644416
v -0.03542912751436234 -0.012203035876154903 0.030547589063644416
v -0.03429656475782395 -0.01509577222168446 0.030547589063644416
v -0.034116379916667945 -0.015016457065939907 0.03162559494376183
v -0.03429656475782395 -0.01509577222168446 0.030547589063644416
v -0.03292829543352128 -0.017884755507111553 0.030547589063644416
v -0.034116379916667945 -0.015016457065939907 0.03162559494376183
v -0.00999999884516001 -0.015449998900294307 0.0900000035762787
v -0.034116379916667945 -0.015016457065939907 0.03162559494376183
v -0.009845250286161901 -0.021676434203982357 0.0830129161477089
v 0.006223677657544615 -0.042140103876590736 0.05363595858216287
v 0.006188421510159971 -0.04222752153873444 0.05453163012862207
v 0.005671239458024503 -0.04225462675094605 0.05362149327993394
v 0.004520124755799771 -0.037226580083370216 0.0030999998562037953
v 0.004699996672570706 -0.042315751314163215 0.0533365234732628
v -7.42131189834794e-10 -0.037500001490116126 0.0030999998562037953
v 0.0051481490954756745 -0.04238510876893998 0.05431739240884782
v 0.004699996672570706 -0.042315751314163215 0.0533365234732628
v 0.004520124755799771 -0.037226580083370216 0.0030999998562037953
v -7.42131189834794e-10 -0.037500001490116126 0.0030999998562037953
v 0.004699996672570706 -0.042315751314163215 0.0533365234732628
v 0.004699996672570706 -0.042428351938724525 0.0544838383793831
v 0.0051481490954756745 -0.04238510876893998 0.05431739240884782
v 0.004699996672570706 -0.042428351938724525 0.0544838383793831
v 0.004699996672570706 -0.042315751314163215 0.0533365234732628
v 0.021302431821823124 -0.030861893668770797 0.0030999998562037953
v 0.007810159586369993 -0.041585311293602 0.055413790047168746
v 0.007862067781388761 -0.04147119820117951 0.05372043699026109
v 0.008331163786351682 -0.04125174880027772 0.05540498346090318
v 0.007810159586369993 -0.041585311293602 0.055413790047168746
v 0.021302431821823124 -0.030861893668770797 0.0030999998562037953
v 0.00924129690974951 -0.04031093418598176 0.056891135871410384
v 0.008780232630670072 -0.0407407432794571 0.056967888027429595
v 0.00882187392562628 -0.040865026414394386 0.0553947724401951
v 0.008780232630670072 -0.0407407432794571 0.056967888027429595
v 0.008331163786351682 -0.04125174880027772 0.05540498346090318
v 0.00882187392562628 -0.040865026414394386 0.0553947724401951
v 0.008301279507577421 -0.02284791134297848 0.08401863276958467
v 0.009140125475823881 -0.022312903776764873 0.0835593268275261
v 0.00999999698251486 -0.015449998900294307 0.0900000035762787
v 0.00999999698251486 -0.015449998900294307 0.0900000035762787
v 0.009140125475823881 -0.022312903776764873 0.0835593268275261
v 0.009845248423516752 -0.021676434203982357 0.0830129161477089
v 0.009496255777776243 -0.02264196984469891 0.08245906978845598
v 0.009140125475823881 -0.022312903776764873 0.0835593268275261
v 0.009140125475823881 -0.02298509515821934 0.08270757645368577
v 0.009496255777776243 -0.02264196984469891 0.08245906978845598
v 0.009845248423516752 -0.021676434203982357 0.0830129161477089
v 0.009140125475823881 -0.022312903776764873 0.0835593268275261
v 0.006813651882112028 -0.02416330389678479 0.08356089144945146
v 0.007353699766099455 -0.02400194294750691 0.08344402164220811
v 0.007353699766099455 -0.02326552383601666 0.08437716215848924
v 0.006821825169026853 -0.03982371091842652 0.06197563558816911
v 0.007353699766099455 -0.02400194294750691 0.08344402164220811
v 0.006813651882112028 -0.02416330389678479 0.08356089144945146
v 0.00524758454412222 -0.02081871218979359 0.08734163641929628
v 0.006325594149529936 -0.020707255229353908 0.08717934787273408
v 0.00999999698251486 -0.015449998900294307 0.0900000035762787
v 0.008301279507577421 -0.02284791134297848 0.08401863276958467
v 0.008301279507577421 -0.021592231467366222 0.085302472114563
v 0.007353699766099455 -0.02326552383601666 0.08437716215848924
v 0.007353699766099455 -0.02195992879569531 0.0857120305299759
v 0.007353699766099455 -0.02326552383601666 0.08437716215848924
v 0.008301279507577421 -0.021592231467366222 0.085302472114563
v 0.008301279507577421 -0.021592231467366222 0.085302472114563
v 0.008301279507577421 -0.02284791134297848 0.08401863276958467
v 0.00999999698251486 -0.015449998900294307 0.0900000035762787
v 0.007353699766099455 -0.02195992879569531 0.0857120305299759
v 0.008301279507577421 -0.021592231467366222 0.085302472114563
v 0.00999999698251486 -0.015449998900294307 0.0900000035762787
v 0.007353699766099455 -0.02195992879569531 0.0857120305299759
v 0.006325594149529936 -0.022213311865925792 0.08599426597356798
v 0.007353699766099455 -0.02326552383601666 0.08437716215848924
v 0.00999999698251486 -0.015449998900294307 0.0900000035762787
v 0.006325594149529936 -0.022213311865925792 0.08599426597356798
v 0.007353699766099455 -0.02195992879569531 0.0857120305299759
v 0.006325594149529936 -0.020707255229353908 0.08717934787273408
v 0.006325594149529936 -0.022213311865925792 0.08599426597356798
v 0.00999999698251486 -0.015449998900294307 0.0900000035762787
v 0.009845248423516752 -0.021676434203982357 0.0830129161477089
v 0.009845248423516752 -0.02230571396648884 0.08221553266048433
v 0.032755292952060706 -0.01779078878462315 0.03162559494376183
v 0.009496255777776243 -0.02264196984469891 0.08245906978845598
v 0.009845248423516752 -0.02230571396648884 0.08221553266048433
v 0.009845248423516752 -0.021676434203982357 0.0830129161477089
v 0.032755292952060706 -0.01779078878462315 0.03162559494376183
v 0.009976661764085295 -0.03851298242807389 0.059331350028514876
v 0.031169079244136817 -0.02044284157454968 0.03162559494376183
v 0.029368638992309577 -0.022954391315579418 0.03162559494376183
v 0.02952376008033753 -0.02307563088834286 0.030547589063644416
v 0.031169079244136817 -0.02044284157454968 0.03162559494376183
v 0.009845248423516752 -0.021676434203982357 0.0830129161477089
v 0.034116379916667945 -0.015016457065939907 0.03162559494376183
v 0.00999999698251486 -0.015449998900294307 0.0900000035762787
v 0.032755292952060706 -0.01779078878462315 0.03162559494376183
v 0.034116379916667945 -0.015016457065939907 0.03162559494376183
v 0.009845248423516752 -0.021676434203982357 0.0830129161477089
v 0.03488437086343766 -0.012015404179692272 0.03265369683504105
v 0.034116379916667945 -0.015016457065939907 0.03162559494376183
v 0.0352429822087288 -0.012138919904828075 0.03162559494376183
v 0.03429657220840455 -0.01509577222168446 0.030547589063644416
v 0.034116379916667945 -0.015016457065939907 0.03162559494376183
v 0.032755292952060706 -0.01779078878462315 0.03162559494376183
v 0.00873169954866171 -0.03893065452575684 0.061328846961259856
v 0.009514383040368559 -0.03829676657915116 0.060869753360748305
v 0.009140125475823881 -0.02298509515821934 0.08270757645368577
v 0.009140125475823881 -0.02298509515821934 0.08270757645368577
v 0.009514383040368559 -0.03829676657915116 0.060869753360748305
v 0.009496255777776243 -0.02264196984469891 0.08245906978845598
v 0.00993433501571417 -0.03781102597713471 0.06051795929670335
v 0.009514383040368559 -0.03829676657915116 0.060869753360748305
v 0.009976661764085295 -0.03851298242807389 0.059331350028514876
v 0.009845248423516752 -0.02230571396648884 0.08221553266048433
v 0.009514383040368559 -0.03829676657915116 0.060869753360748305
v 0.00993433501571417 -0.03781102597713471 0.06051795929670335
v 0.009514383040368559 -0.03829676657915116 0.060869753360748305
v 0.009845248423516752 -0.02230571396648884 0.08221553266048433
v 0.009496255777776243 -0.02264196984469891 0.08245906978845598
v 0.00873169954866171 -0.03893065452575684 0.061328846961259856
v 0.009140125475823881 -0.02298509515821934 0.08270757645368577
v 0.008716463111341001 -0.023273522034287456 0.08291646838188173
v 0.009140125475823881 -0.022312903776764873 0.0835593268275261
v 0.008716463111341001 -0.023273522034287456 0.08291646838188173
v 0.009140125475823881 -0.02298509515821934 0.08270757645368577
v 0.008716463111341001 -0.023273522034287456 0.08291646838188173
v 0.009140125475823881 -0.022312903776764873 0.0835593268275261
v 0.008301279507577421 -0.02284791134297848 0.08401863276958467
v 0.008301279507577421 -0.02355617471039296 0.08312117308378221
v 0.008716463111341001 -0.023273522034287456 0.08291646838188173
v 0.008301279507577421 -0.02284791134297848 0.08401863276958467
v 0.008716463111341001 -0.023273522034287456 0.08291646838188173
v 0.008301279507577421 -0.02355617471039296 0.08312117308378221
v 0.00873169954866171 -0.03893065452575684 0.061328846961259856
v 0.009514383040368559 -0.03829676657915116 0.060869753360748305
v 0.009596473537385465 -0.038979426026344306 0.05957249924540521
v 0.009976661764085295 -0.03851298242807389 0.059331350028514876
v 0.009596473537385465 -0.038979426026344306 0.05957249924540521
v 0.031169079244136817 -0.02044284157454968 0.03162559494376183
v 0.009976661764085295 -0.03851298242807389 0.059331350028514876
v 0.034116379916667945 -0.015016457065939907 0.03162559494376183
v 0.03542912751436234 -0.012203035876154903 0.030547589063644416
v 0.0352429822087288 -0.012138919904828075 0.03162559494376183
v 0.03542912751436234 -0.012203035876154903 0.030547589063644416
v 0.034116379916667945 -0.015016457065939907 0.03162559494376183
v 0.03429657220840455 -0.01509577222168446 0.030547589063644416
v 0.027531586587429054 -0.025460982695221908 0.029950000345706947
v 0.028050377964973457 -0.024851126596331603 0.029950000345706947
v 0.027510896325111396 -0.025441849604249007 0.030547589063644416
v 0.027510896325111396 -0.025441849604249007 0.030547589063644416
v 0.028050377964973457 -0.024851126596331603 0.029950000345706947
v 0.02952376008033753 -0.02307563088834286 0.030547589063644416
v 0.029545962810516364 -0.023092987015843395 0.029950000345706947
v 0.02952376008033753 -0.02307563088834286 0.030547589063644416
v 0.028050377964973457 -0.024851126596331603 0.029950000345706947
v 0.029545962810516364 -0.023092987015843395 0.029950000345706947
v 0.028050377964973457 -0.024851126596331603 0.029950000345706947
v 0.028069153428077705 -0.024867100641131408 0.0030999998562037953
v 0.028069153428077705 -0.024867100641131408 0.0030999998562037953
v 0.028050377964973457 -0.024851126596331603 0.029950000345706947
v 0.027531586587429054 -0.025460982695221908 0.029950000345706947
v 0.03225051611661912 0.014837592840194706 0.0004999999073334039
v 0.03173381090164185 0.015799822285771373 0.0004999999073334039
v 0.0332046002149582 0.0174271184951067 0.0030999998562037953
v 0.03225051611661912 0.014837592840194706 0.0004999999073334039
v 0.029757604002952583 0.018425125628709797 -1.466450016973653e-10
v 0.03173381090164185 0.015799822285771373 0.0004999999073334039
v 0.0332046002149582 0.0174271184951067 0.0030999998562037953
v 0.030182711780071265 0.01868834160268307 0.0004999999073334039
v 0.030861899256706245 0.021302428096532825 0.0030999998562037953
v 0.03173381090164185 0.015799822285771373 0.0004999999073334039
v 0.030182711780071265 0.01868834160268307 0.0004999999073334039
v 0.0332046002149582 0.0174271184951067 0.0030999998562037953
v 0.03173381090164185 0.015799822285771373 0.0004999999073334039
v 0.029757604002952583 0.018425125628709797 -1.466450016973653e-10
v 0.030182711780071265 0.01868834160268307 0.0004999999073334039
v 0.030861899256706245 0.021302428096532825 0.0030999998562037953
v 0.030182711780071265 0.01868834160268307 0.0004999999073334039
v 0.027657359838485725 0.022255795076489452 0.0004999999073334039
v 0.027267821133136756 0.021942334249615673 -1.466450016973653e-10
v 0.027657359838485725 0.022255795076489452 0.0004999999073334039
v 0.030182711780071265 0.01868834160268307 0.0004999999073334039
v 0.029757604002952583 0.018425125628709797 -1.466450016973653e-10
v 0.027267821133136756 0.021942334249615673 -1.466450016973653e-10
v 0.030182711780071265 0.01868834160268307 0.0004999999073334039
v 0.01749999821186066 0.030310889706015594 -1.466450016973653e-10
v 0.013642503879964355 0.03223169222474099 -1.466450016973653e-10
v 0.01775000244379044 0.030743902549147613 0.0004999999073334039
v 0.01775000244379044 0.030743902549147613 0.0004999999073334039
v 0.013642503879964355 0.03223169222474099 -1.466450016973653e-10
v 0.013837396167218689 0.03269214555621148 0.0004999999073334039
v 0.013837396167218689 0.03269214555621148 0.0004999999073334039
v 0.013642503879964355 0.03223169222474099 -1.466450016973653e-10
v 0.009578204713761808 0.033663898706436164 -1.466450016973653e-10
v 0.013642503879964355 0.03223169222474099 -1.466450016973653e-10
v 0.01749999821186066 0.030310889706015594 -1.466450016973653e-10
v 0.0010000013280659916 -0.028767948970198638 -0.002739777555689216
v -0.0032293952535837897 0.03485069796442986 -1.466450016973653e-10
v -0.0003472946409601719 -0.028530383482575424 -0.002739777555689216
v -0.0074876556172966974 0.03418968990445138 -1.466450016973653e-10
v -0.0074876556172966974 0.03418968990445138 -1.466450016973653e-10
v -0.0003472946409601719 -0.028530383482575424 -0.002739777555689216
v -0.0006840385613031686 -0.02862061373889447 -0.002739777555689216
v 0.00034729318576864904 -0.028530383482575424 -0.002739777555689216
v 0.005368708632886411 0.034585792571306236 -1.466450016973653e-10
v 0.009578204713761808 0.033663898706436164 -1.466450016973653e-10
v 0.00034729318576864904 -0.028530383482575424 -0.002739777555689216
v 0.001077830092981458 0.03498340025544167 -1.466450016973653e-10
v 0.005368708632886411 0.034585792571306236 -1.466450016973653e-10
v 0.009578204713761808 0.033663898706436164 -1.466450016973653e-10
v 0.005368708632886411 0.034585792571306236 -1.466450016973653e-10
v 0.009715034626424314 0.034144811332225806 0.0004999999073334039
v 0.009715034626424314 0.034144811332225806 0.0004999999073334039
v 0.005368708632886411 0.034585792571306236 -1.466450016973653e-10
v 0.0054454049095511445 0.03507987409830094 0.0004999999073334039
v 0.0054454049095511445 0.03507987409830094 0.0004999999073334039
v 0.005368708632886411 0.034585792571306236 -1.466450016973653e-10
v 0.0010932229924947026 0.03548316285014153 0.0004999999073334039
v 0.001077830092981458 0.03498340025544167 -1.466450016973653e-10
v 0.0010932229924947026 0.03548316285014153 0.0004999999073334039
v 0.005368708632886411 0.034585792571306236 -1.466450016973653e-10
v -0.0071614468470215815 0.04154933616518975 0.0579938404262066
v -0.0071990052238106745 0.04171798378229142 0.057142391800880446
v -0.007750586606562139 0.04144787788391114 0.05709416046738626
v -0.007750586606562139 0.04144787788391114 0.05709416046738626
v -0.0071990052238106745 0.04171798378229142 0.057142391800880446
v -0.007234253920614721 0.04182244837284089 0.056284870952367796
v -0.00618842337280512 0.04222752526402474 0.05453163012862207
v -0.005671241320669652 0.04225462675094605 0.05362149327993394
v -0.006223679520189764 0.042140107601881034 0.05363595858216287
v -0.00615027640014887 0.04224750399589539 0.05543126910924913
v -0.006674193777143957 0.04203969612717629 0.056307032704353346
v -0.006109596230089666 0.04220010712742806 0.05632339790463449
v -0.0071990052238106745 0.04171798378229142 0.057142391800880446
v -0.006674193777143957 0.04203969612717629 0.056307032704353346
v -0.007234253920614721 0.04182244837284089 0.056284870952367796
v -0.006109596230089666 0.04220010712742806 0.05632339790463449
v -0.005592086352407933 0.0423569679260254 0.055434159934520735
v -0.00615027640014887 0.04224750399589539 0.05543126910924913
v -0.005548262037336827 0.04230573028326035 0.05633417516946794
v -0.005592086352407933 0.0423569679260254 0.055434159934520735
v -0.006109596230089666 0.04220010712742806 0.05632339790463449
v -7.421312453459452e-10 0.037500001490116126 0.0030999998562037953
v -0.0046999985352158555 0.042315751314163215 0.0533365234732628
v -0.0046999985352158555 0.042428351938724525 0.0544838383793831
v -0.0032293952535837897 0.03485069796442986 -1.466450016973653e-10
v -0.003275529248639942 0.035348564386367805 0.0004999999073334039
v 1.5564291970804338e-06 0.03544953092932702 0.0004999999073334039
v -7.421312453459452e-10 0.037500001490116126 0.0030999998562037953
v 1.5564291970804338e-06 0.03544953092932702 0.0004999999073334039
v -0.003275529248639942 0.035348564386367805 0.0004999999073334039
v 0.02532798796892167 0.027653988450765617 0.029950000345706947
v 0.025308951735496528 0.027633205056190498 0.030547589063644416
v 0.027510896325111396 0.025441849604249007 0.030547589063644416
v 0.00882235821336508 0.04086510837078095 0.05537535995244981
v 0.025308951735496528 0.027633205056190498 0.030547589063644416
v 0.02532798796892167 0.027653988450765617 0.029950000345706947
v 0.006189092062413694 0.042226765304803855 0.05451546609401704
v 0.005671589635312558 0.04225347563624383 0.05361285805702211
v 0.005633934400975705 0.042339269071817405 0.05450973287224771
v 0.005671589635312558 0.04225347563624383 0.05361285805702211
v 0.006189092062413694 0.042226765304803855 0.05451546609401704
v 0.006223998032510282 0.042138941586017616 0.0536274090409279
v 0.028050377964973457 0.024851124733686454 0.029950000345706947
v 0.027510896325111396 0.025441849604249007 0.030547589063644416
v 0.02952376008033753 0.02307563275098801 0.030547589063644416
v 0.01742711663246155 0.0332046002149582 0.0030999998562037953
v 0.00781084503978491 0.04158544540405274 0.05539304018020631
v 0.021302431821823124 0.030861895531415946 0.0030999998562037953
v 0.007862298749387266 0.04147004336118699 0.05371238291263582
v 0.00781084503978491 0.04158544540405274 0.05539304018020631
v 0.01742711663246155 0.0332046002149582 0.0030999998562037953
v 0.007327175699174406 0.0417483076453209 0.05367703363299371
v 0.007862298749387266 0.04147004336118699 0.05371238291263582
v 0.01742711663246155 0.0332046002149582 0.0030999998562037953
v 0.00781084503978491 0.04158544540405274 0.05539304018020631
v 0.007327175699174406 0.0417483076453209 0.05367703363299371
v 0.007268114946782591 0.0418631061911583 0.0553998574614525
v 0.007327175699174406 0.0417483076453209 0.05367703363299371
v 0.00781084503978491 0.04158544540405274 0.05539304018020631
v 0.007862298749387266 0.04147004336118699 0.05371238291263582
v 0.013297683559358123 0.03506311029195786 0.0030999998562037953
v 0.007327175699174406 0.0417483076453209 0.05367703363299371
v 0.01742711663246155 0.0332046002149582 0.0030999998562037953
v 0.037226580083370216 0.004520125687122346 0.0030999998562037953
v 0.037371128797531135 0.003106206888332964 0.029950000345706947
v 0.037500001490116126 1.2185968900624291e-10 0.0030999998562037953
v 0.037371128797531135 0.003106206888332964 0.029950000345706947
v 0.037500001490116126 1.2185968900624291e-10 0.029950000345706947
v 0.037500001490116126 1.2185968900624291e-10 0.0030999998562037953
v 0.03545577079057694 0.012212214991450313 0.029950000345706947
v 0.036345496773719795 0.009233368560671808 0.029950000345706947
v 0.03641031682491303 0.008974337950348856 0.0030999998562037953
v 0.03698541224002839 0.006191063672304155 0.029950000345706947
v 0.03641031682491303 0.008974337950348856 0.0030999998562037953
v 0.036345496773719795 0.009233368560671808 0.029950000345706947
v 0.00999999698251486 0.015449999831616882 0.0900000035762787
v 0.036389358341693885 0.0060912873595953005 0.03265369683504105
v 0.035759754478931434 0.009084563702344896 0.03265369683504105
v 0.0367688611149788 0.0030561464373022327 0.03265369683504105
v 0.036389358341693885 0.0060912873595953005 0.03265369683504105
v 0.00999999698251486 0.015449999831616882 0.0900000035762787
v -0.03719484061002732 0.004516156390309335 0.029950000345706947
v -0.036957614123821265 0.006186410784721376 0.030547589063644416
v -0.03698540478944779 0.006191063672304155 0.029950000345706947
v -0.036957614123821265 0.006186410784721376 0.030547589063644416
v -0.03676343709230424 0.006153905764222147 0.03162559494376183
v -0.036127366125583656 0.009177953004837038 0.03162559494376183
v -0.03698540478944779 0.006191063672304155 0.029950000345706947
v -0.036957614123821265 0.006186410784721376 0.030547589063644416
v -0.03640041500329972 0.008972253650426866 0.029950000345706947
v -0.0367688611149788 0.0030561464373022327 0.03265369683504105
v -0.036389358341693885 0.0060912873595953005 0.03265369683504105
v -0.03714684396982194 0.003087563673034311 0.03162559494376183
v -0.03676343709230424 0.006153905764222147 0.03162559494376183
v -0.03714684396982194 0.003087563673034311 0.03162559494376183
v -0.036389358341693885 0.0060912873595953005 0.03265369683504105
v -0.0367688611149788 0.0030561464373022327 0.03265369683504105
v -0.03714684396982194 0.003087563673034311 0.03162559494376183
v -0.03689565509557725 1.218596751284551e-10 0.03265369683504105
v -0.03727493435144425 1.218596751284551e-10 0.03162559494376183
v -0.03689565509557725 1.218596751284551e-10 0.03265369683504105
v -0.03714684396982194 0.003087563673034311 0.03162559494376183
v -0.03727493435144425 1.218596751284551e-10 0.03162559494376183
v -0.03714684396982194 0.003087563673034311 0.03162559494376183
v -0.03747182339429856 1.218596751284551e-10 0.030547589063644416
v -0.03135726600885392 0.020566271618008617 0.029950000345706947
v -0.033204607665538795 0.0174271184951067 0.0030999998562037953
v -0.03295306116342545 0.01789820566773415 0.029950000345706947
v -0.03295306116342545 0.01789820566773415 0.029950000345706947
v -0.031333707273006446 0.020550817251205448 0.030547589063644416
v -0.03135726600885392 0.020566271618008617 0.029950000345706947
v -0.03542912751436234 0.012203035876154903 0.030547589063644416
v -0.034116379916667945 0.015016458928585056 0.03162559494376183
v -0.03429656475782395 0.01509577222168446 0.030547589063644416
v -0.0343223586678505 0.015107125043869022 0.029950000345706947
v -0.03542912751436234 0.012203035876154903 0.030547589063644416
v -0.03429656475782395 0.01509577222168446 0.030547589063644416
v 0.03549999743700028 1.2185968900624291e-10 0.0004999999073334039
v 0.034933619201183326 0.0021546317730098967 -1.466450016973653e-10
v 0.03543266654014588 0.0021854119841009383 0.0004999999073334039
v 0.035298451781272895 0.0032693224493414172 0.0004999999073334039
v 0.03543266654014588 0.0021854119841009383 0.0004999999073334039
v 0.034933619201183326 0.0021546317730098967 -1.466450016973653e-10
v 0.03543266654014588 0.0021854119841009383 0.0004999999073334039
v 0.035298451781272895 0.0032693224493414172 0.0004999999073334039
v 0.037226580083370216 0.004520125687122346 0.0030999998562037953
v 0.037226580083370216 0.004520125687122346 0.0030999998562037953
v 0.037500001490116126 1.2185968900624291e-10 0.0030999998562037953
v 0.03543266654014588 0.0021854119841009383 0.0004999999073334039
v 0.03549999743700028 1.2185968900624291e-10 0.0004999999073334039
v 0.03543266654014588 0.0021854119841009383 0.0004999999073334039
v 0.037500001490116126 1.2185968900624291e-10 0.0030999998562037953
v 0.03549999743700028 1.2185968900624291e-10 0.0004999999073334039
v 0.03546633571386338 -0.0010927076218649747 0.0004999999073334039
v 0.034933619201183326 -0.0021546313073486094 -1.466450016973653e-10
v 0.03543266654014588 -0.0021854133810848 0.0004999999073334039
v 0.034933619201183326 -0.0021546313073486094 -1.466450016973653e-10
v 0.03546633571386338 -0.0010927076218649747 0.0004999999073334039
v 0.037500001490116126 1.2185968900624291e-10 0.0030999998562037953
v 0.03546633571386338 -0.0010927076218649747 0.0004999999073334039
v 0.03549999743700028 1.2185968900624291e-10 0.0004999999073334039
v 0.03543266654014588 -0.0021854133810848 0.0004999999073334039
v 0.03546633571386338 -0.0010927076218649747 0.0004999999073334039
v 0.037500001490116126 1.2185968900624291e-10 0.0030999998562037953
v 0.027657359838485725 -0.022255795076489452 0.0004999999073334039
v 0.025448560714721687 -0.024678738787770278 0.0004999999073334039
v 0.027267821133136756 -0.021942334249615673 -1.466450155751531e-10
v 0.027267821133136756 -0.021942334249615673 -1.466450155751531e-10
v 0.025448560714721687 -0.024678738787770278 0.0004999999073334039
v 0.024364687502384193 -0.025126917287707336 -1.466450155751531e-10
v 0.024712756276130683 -0.02548587508499623 0.0004999999073334039
v 0.024364687502384193 -0.025126917287707336 -1.466450155751531e-10
v 0.025448560714721687 -0.024678738787770278 0.0004999999073334039
v 0.024712756276130683 -0.02548587508499623 0.0004999999073334039
v 0.025448560714721687 -0.024678738787770278 0.0004999999073334039
v 0.028069153428077705 -0.024867100641131408 0.0030999998562037953
v 0.025448560714721687 -0.024678738787770278 0.0004999999073334039
v 0.027657359838485725 -0.022255795076489452 0.0004999999073334039
v 0.028069153428077705 -0.024867100641131408 0.0030999998562037953
v 0.01775000244379044 -0.030743902549147613 0.0004999999073334039
v 0.014815083704888824 -0.03220531344413758 0.0004999999073334039
v 0.013642503879964355 -0.03223168849945069 -1.466450155751531e-10
v 0.013642503879964355 -0.03223168849945069 -1.466450155751531e-10
v 0.014815083704888824 -0.03220531344413758 0.0004999999073334039
v 0.013837396167218689 -0.03269214183092118 0.0004999999073334039
v 0.014815083704888824 -0.03220531344413758 0.0004999999073334039
v 0.01775000244379044 -0.030743902549147613 0.0004999999073334039
v 0.01742711663246155 -0.0332046002149582 0.0030999998562037953
v 0.013837396167218689 -0.03269214183092118 0.0004999999073334039
v 0.014815083704888824 -0.03220531344413758 0.0004999999073334039
v 0.01742711663246155 -0.0332046002149582 0.0030999998562037953
v 0.024364687502384193 -0.025126917287707336 -1.466450155751531e-10
v 0.001532091991975904 -0.03178557008504868 -0.002739777555689216
v 0.027267821133136756 -0.021942334249615673 -1.466450155751531e-10
v 0.001285574631765485 -0.0320320874452591 -0.002739777555689216
v 0.001532091991975904 -0.03178557008504868 -0.002739777555689216
v 0.024364687502384193 -0.025126917287707336 -1.466450155751531e-10
v 0.027267821133136756 -0.021942334249615673 -1.466450155751531e-10
v 0.001532091991975904 -0.03178557008504868 -0.002739777555689216
v 0.029757604002952583 -0.018425127491354946 -1.466450155751531e-10
v -0.01933277398347855 -0.02917608432471753 -1.466450155751531e-10
v -0.001285576028749347 -0.0320320874452591 -0.002739777555689216
v -0.0010000027250498535 -0.03223204612731934 -0.002739777555689216
v -0.01933277398347855 -0.02917608432471753 -1.466450155751531e-10
v -0.0010000027250498535 -0.03223204612731934 -0.002739777555689216
v -0.015600838698446754 -0.03133071213960648 -1.466450155751531e-10
v -7.42131189834794e-10 -0.03249999880790711 -0.002739777555689216
v 0.00034729318576864904 -0.032469615340232856 -0.002739777555689216
v 0.0010932229924947026 -0.035483159124851234 0.0004999999073334039
v -7.42131189834794e-10 -0.03499999642372132 -1.466450155751531e-10
v -7.42131189834794e-10 -0.03249999880790711 -0.002739777555689216
v 0.0010932229924947026 -0.035483159124851234 0.0004999999073334039
v -0.003275529248639942 -0.035348564386367805 0.0004999999073334039
v -0.0003472946409601719 -0.032469615340232856 -0.002739777555689216
v -7.42131189834794e-10 -0.03249999880790711 -0.002739777555689216
v -0.003275529248639942 -0.035348564386367805 0.0004999999073334039
v -7.42131189834794e-10 -0.03249999880790711 -0.002739777555689216
v -7.42131189834794e-10 -0.03499999642372132 -1.466450155751531e-10
v 0.00034729318576864904 -0.032469615340232856 -0.002739777555689216
v 0.0021807544399052863 -0.03538239002227784 0.0004999999073334039
v 0.0010932229924947026 -0.035483159124851234 0.0004999999073334039
v 0.00034729318576864904 -0.032469615340232856 -0.002739777555689216
v 0.0054454049095511445 -0.03507987409830094 0.0004999999073334039
v 0.0021807544399052863 -0.03538239002227784 0.0004999999073334039
v 0.0010932229924947026 -0.035483159124851234 0.0004999999073334039
v 0.0021807544399052863 -0.03538239002227784 0.0004999999073334039
v 0.004520124755799771 -0.037226580083370216 0.0030999998562037953
v 0.0054454049095511445 -0.03507987409830094 0.0004999999073334039
v 0.004520124755799771 -0.037226580083370216 0.0030999998562037953
v 0.0021807544399052863 -0.03538239002227784 0.0004999999073334039
v 0.0054454049095511445 -0.03507987409830094 0.0004999999073334039
v 0.005368708632886411 -0.03458578884601594 -1.466450155751531e-10
v 0.009578204713761808 -0.033663898706436164 -1.466450155751531e-10
v 0.005368708632886411 -0.03458578884601594 -1.466450155751531e-10
v 0.00034729318576864904 -0.032469615340232856 -0.002739777555689216
v 0.009578204713761808 -0.033663898706436164 -1.466450155751531e-10
v 0.00034729318576864904 -0.032469615340232856 -0.002739777555689216
v 0.005368708632886411 -0.03458578884601594 -1.466450155751531e-10
v 0.0054454049095511445 -0.03507987409830094 0.0004999999073334039
v 0.009578204713761808 -0.033663898706436164 -1.466450155751531e-10
v 0.0006840370479039849 -0.03237938135862351 -0.002739777555689216
v 0.013642503879964355 -0.03223168849945069 -1.466450155751531e-10
v 0.00034729318576864904 -0.032469615340232856 -0.002739777555689216
v 0.0006840370479039849 -0.03237938135862351 -0.002739777555689216
v 0.009578204713761808 -0.033663898706436164 -1.466450155751531e-10
v 0.013642503879964355 -0.03223168849945069 -1.466450155751531e-10
v 0.0006840370479039849 -0.03237938135862351 -0.002739777555689216
v 0.0010000013280659916 -0.03223204612731934 -0.002739777555689216
v -0.005229630507528783 -0.040617227554321296 0.0614294931292534
v -0.005812996067106725 -0.040548324584960944 0.061387099325656905
v -0.005288803018629552 -0.04105809330940247 0.06063695996999742
v -0.005229630507528783 -0.040617227554321296 0.0614294931292534
v -0.005752668716013432 -0.040055729448795326 0.06214367598295213
v -0.005812996067106725 -0.040548324584960944 0.061387099325656905
v -0.00830128137022257 -0.02284791134297848 0.08401863276958467
v -0.00830128137022257 -0.02355617471039296 0.08312117308378221
v -0.007813119329512121 -0.023785820230841644 0.08328749984502794
v -0.00830128137022257 -0.02284791134297848 0.08401863276958467
v -0.007813119329512121 -0.023785820230841644 0.08328749984502794
v -0.007353701628744604 -0.02326552383601666 0.08437716215848924
v -0.007825003005564215 -0.039444848895072944 0.0617012456059456
v -0.007813119329512121 -0.023785820230841644 0.08328749984502794
v -0.00830128137022257 -0.02355617471039296 0.08312117308378221
v -0.007813119329512121 -0.023785820230841644 0.08328749984502794
v -0.007825003005564215 -0.039444848895072944 0.0617012456059456
v -0.007353701628744604 -0.02400194294750691 0.08344402164220811
v -0.007813119329512121 -0.023785820230841644 0.08328749984502794
v -0.007353701628744604 -0.02400194294750691 0.08344402164220811
v -0.007353701628744604 -0.02326552383601666 0.08437716215848924
v -0.006821827031672003 -0.03982371091842652 0.06197563558816911
v -0.006813653744757177 -0.02416330389678479 0.08356089144945146
v -0.007353701628744604 -0.02400194294750691 0.08344402164220811
v -0.007353701628744604 -0.02326552383601666 0.08437716215848924
v -0.007353701628744604 -0.02400194294750691 0.08344402164220811
v -0.006813653744757177 -0.02416330389678479 0.08356089144945146
v -0.007353701628744604 -0.02326552383601666 0.08437716215848924
v -0.006325596012175085 -0.023553306236863143 0.08462422341108324
v -0.006325596012175085 -0.022213311865925792 0.08599426597356798
v -0.00830128137022257 -0.02284791134297848 0.08401863276958467
v -0.00830128137022257 -0.021592231467366222 0.085302472114563
v -0.00999999884516001 -0.015449998900294307 0.0900000035762787
v -0.007353701628744604 -0.02326552383601666 0.08437716215848924
v -0.00830128137022257 -0.021592231467366222 0.085302472114563
v -0.00830128137022257 -0.02284791134297848 0.08401863276958467
v -0.00999999884516001 -0.015449998900294307 0.0900000035762787
v -0.007353701628744604 -0.02195992879569531 0.0857120305299759
v -0.006325596012175085 -0.022213311865925792 0.08599426597356798
v -0.007353701628744604 -0.02326552383601666 0.08437716215848924
v -0.006325596012175085 -0.022213311865925792 0.08599426597356798
v -0.007353701628744604 -0.02195992879569531 0.0857120305299759
v -0.00830128137022257 -0.021592231467366222 0.085302472114563
v -0.007353701628744604 -0.02195992879569531 0.0857120305299759
v -0.00999999884516001 -0.015449998900294307 0.0900000035762787
v -0.00830128137022257 -0.021592231467366222 0.085302472114563
v -0.007353701628744604 -0.02326552383601666 0.08437716215848924
v -0.007353701628744604 -0.02195992879569531 0.0857120305299759
v -0.006325596012175085 -0.023553306236863143 0.08462422341108324
v -0.005247586406767369 -0.023702686652541168 0.08475247025489809
v -0.006325596012175085 -0.022213311865925792 0.08599426597356798
v 0.007353699766099455 -0.02400194294750691 0.08344402164220811
v 0.006940885446965696 -0.039778746664524085 0.061943072825670256
v 0.007825001142919065 -0.039444848895072944 0.0617012456059456
v 0.006940885446965696 -0.039778746664524085 0.061943072825670256
v 0.007353699766099455 -0.02400194294750691 0.08344402164220811
v 0.006821825169026853 -0.03982371091842652 0.06197563558816911
v -0.0046499976888299 -0.020834667608141903 0.08736486732959749
v -0.005247586406767369 -0.02081871218979359 0.08734163641929628
v -0.0046499976888299 -0.02141675911843777 0.086906835436821
v -0.006325596012175085 -0.022213311865925792 0.08599426597356798
v -0.006325596012175085 -0.020707255229353908 0.08717934787273408
v -0.00999999884516001 -0.015449998900294307 0.0900000035762787
v -0.00999999884516001 -0.015449998900294307 0.0900000035762787
v -0.006325596012175085 -0.020707255229353908 0.08717934787273408
v -0.005247586406767369 -0.02081871218979359 0.08734163641929628
v -0.013297685422003273 0.03506311029195786 0.0030999998562037953
v -0.017427124083042148 0.0332046002149582 0.0030999998562037953
v -0.007298314012587072 0.04183857142925263 0.054550919681787505
v -0.019608952105045322 0.02959288470447064 0.0004999999073334039
v -0.021302424371242527 0.030861895531415946 0.0030999998562037953
v -0.017427124083042148 0.0332046002149582 0.0030999998562037953
v -0.005671241320669652 0.04225462675094605 0.05362149327993394
v -0.008974337019026281 0.03641031682491303 0.0030999998562037953
v -0.006223679520189764 0.042140107601881034 0.05363595858216287
v -0.006778084672987463 0.04197231680154801 0.05365714803338052
v -0.006223679520189764 0.042140107601881034 0.05363595858216287
v -0.008974337019026281 0.03641031682491303 0.0030999998562037953
v -0.006778084672987463 0.04197231680154801 0.05365714803338052
v -0.008974337019026281 0.03641031682491303 0.0030999998562037953
v -0.013297685422003273 0.03506311029195786 0.0030999998562037953
v -0.008331165648996832 0.04125174880027772 0.05540498346090318
v -0.007810161449015142 0.041585311293602 0.055413790047168746
v -0.021302424371242527 0.030861895531415946 0.0030999998562037953
v -0.007298314012587072 0.04183857142925263 0.054550919681787505
v -0.007810161449015142 0.041585311293602 0.055413790047168746
v -0.007267327047884466 0.04186291992664338 0.05542111769318582
v -0.007267327047884466 0.04186291992664338 0.05542111769318582
v -0.007810161449015142 0.041585311293602 0.055413790047168746
v -0.007234253920614721 0.04182244837284089 0.056284870952367796
v -0.007234253920614721 0.04182244837284089 0.056284870952367796
v -0.007810161449015142 0.041585311293602 0.055413790047168746
v -0.007750586606562139 0.04144787788391114 0.05709416046738626
v -0.008331165648996832 0.04125174880027772 0.05540498346090318
v -0.008780234493315222 0.040740750730037696 0.056967888027429595
v -0.008280591107904913 0.04112121835350991 0.057035826146602644
v -0.008280591107904913 0.04112121835350991 0.057035826146602644
v -0.008223184384405615 0.04074773937463761 0.058643523603677764
v -0.007750586606562139 0.04144787788391114 0.05709416046738626
v -0.007810161449015142 0.041585311293602 0.055413790047168746
v -0.008280591107904913 0.04112121835350991 0.057035826146602644
v -0.007750586606562139 0.04144787788391114 0.05709416046738626
v -0.007810161449015142 0.041585311293602 0.055413790047168746
v -0.008331165648996832 0.04125174880027772 0.05540498346090318
v -0.008280591107904913 0.04112121835350991 0.057035826146602644
v -0.008223184384405615 0.04074773937463761 0.058643523603677764
v -0.008280591107904913 0.04112121835350991 0.057035826146602644
v -0.00873293820768595 0.04038232937455178 0.05851935967803003
v -0.008780234493315222 0.040740750730037696 0.056967888027429595
v -0.00873293820768595 0.04038232937455178 0.05851935967803003
v -0.008280591107904913 0.04112121835350991 0.057035826146602644
v -0.008280836977064611 -0.04112236201763154 0.05702840536832811
v -0.008780435658991339 -0.040741845965385444 0.05696072429418565
v -0.008331746794283392 -0.04125184565782548 0.05538485199213029
v -0.007750884629786016 -0.04144906997680665 0.05708651244640352
v -0.008280836977064611 -0.04112236201763154 0.05702840536832811
v -0.007810846902430059 -0.04158544540405274 0.05539304018020631
v -0.007810846902430059 -0.04158544540405274 0.05539304018020631
v -0.008280836977064611 -0.04112236201763154 0.05702840536832811
v -0.008331746794283392 -0.04125184565782548 0.05538485199213029
v -0.008780435658991339 -0.040741845965385444 0.05696072429418565
v -0.008280836977064611 -0.04112236201763154 0.05702840536832811
v -0.008733511902391912 -0.04038771241903306 0.0585019811987877
v -0.027510903775691993 -0.025441849604249007 0.030547589063644416
v -0.02532798796892167 -0.027653986588120467 0.029950000345706947
v -0.025308959186077125 -0.027633206918835647 0.030547589063644416
v -0.027510903775691993 -0.025441849604249007 0.030547589063644416
v -0.025308959186077125 -0.027633206918835647 0.030547589063644416
v -0.009241455234587194 -0.040311984717845924 0.05688427016139032
v -0.02532798796892167 -0.027653986588120467 0.029950000345706947
v -0.008822352625429632 -0.04086510837078095 0.05537535995244981
v -0.025308959186077125 -0.027633206918835647 0.030547589063644416
v -0.009241455234587194 -0.040311984717845924 0.05688427016139032
v -0.025308959186077125 -0.027633206918835647 0.030547589063644416
v -0.008822352625429632 -0.04086510837078095 0.05537535995244981
v -0.030835427343845374 -0.016558272764086727 -1.466450155751531e-10
v -0.03263653069734574 -0.012643458321690563 -1.466450155751531e-10
v -0.0018793873023241763 -0.03118404187262059 -0.002739777555689216
v -0.03409669548273087 -0.009699730202555658 0.0004999999073334039
v -0.03263653069734574 -0.012643458321690563 -1.466450155751531e-10
v -0.033102758228778846 -0.012824079021811489 0.0004999999073334039
v -0.033102758228778846 -0.012824079021811489 0.0004999999073334039
v -0.03263653069734574 -0.012643458321690563 -1.466450155751531e-10
v -0.03264627605676652 -0.013816295191645626 0.0004999999073334039
v -0.0312759354710579 -0.01679482124745846 0.0004999999073334039
v -0.03264627605676652 -0.013816295191645626 0.0004999999073334039
v -0.03263653069734574 -0.012643458321690563 -1.466450155751531e-10
v -0.030835427343845374 -0.016558272764086727 -1.466450155751531e-10
v -0.0312759354710579 -0.01679482124745846 0.0004999999073334039
v -0.03263653069734574 -0.012643458321690563 -1.466450155751531e-10
v -0.021302424371242527 -0.030861893668770797 0.0030999998562037953
v -0.019608952105045322 -0.02959288470447064 0.0004999999073334039
v -0.017427124083042148 -0.0332046002149582 0.0030999998562037953
v -0.023096956312656406 -0.026958873495459564 0.0004999999073334039
v -0.019608952105045322 -0.02959288470447064 0.0004999999073334039
v -0.021302424371242527 -0.030861893668770797 0.0030999998562037953
v -0.01933277398347855 -0.02917608432471753 -1.466450155751531e-10
v -0.019608952105045322 -0.02959288470447064 0.0004999999073334039
v -0.023096956312656406 -0.026958873495459564 0.0004999999073334039
v -0.01933277398347855 -0.02917608432471753 -1.466450155751531e-10
v -0.023096956312656406 -0.026958873495459564 0.0004999999073334039
v -0.022771634161472324 -0.026579173281788833 -1.466450155751531e-10
v -0.01933277398347855 -0.02917608432471753 -1.466450155751531e-10
v -0.022771634161472324 -0.026579173281788833 -1.466450155751531e-10
v -0.001285576028749347 -0.0320320874452591 -0.002739777555689216
v -0.005113639868795873 -0.04241223633289338 0.055056810379028334
v -0.005164527334272862 -0.0423535779118538 0.05395000800490381
v -0.0046999985352158555 -0.04244302213191987 0.05499404296278955
v -0.005633936263620854 -0.04233926534652711 0.05450973287224771
v -0.005164527334272862 -0.0423535779118538 0.05395000800490381
v -0.005113639868795873 -0.04241223633289338 0.055056810379028334
v -0.0046999985352158555 -0.04244302213191987 0.05499404296278955
v -0.005164527334272862 -0.0423535779118538 0.05395000800490381
v -0.0046999985352158555 -0.04237815737724305 0.05383343622088434
v -0.005164527334272862 -0.0423535779118538 0.05395000800490381
v -0.0045201266184449205 -0.037226580083370216 0.0030999998562037953
v -0.0046999985352158555 -0.04237815737724305 0.05383343622088434
v -0.0055931294336915025 -0.04235737025737763 0.05541199073195459
v -0.00554902944713831 -0.042306959629058845 0.05631878972053529
v -0.006110304035246374 -0.04220126569271088 0.05630814284086229
v -0.0055931294336915025 -0.04235737025737763 0.05541199073195459
v -0.005633936263620854 -0.04233926534652711 0.05450973287224771
v -0.0051115909591317185 -0.0424145981669426 0.05510138347744943
v -0.0055931294336915025 -0.04235737025737763 0.05541199073195459
v -0.0051115909591317185 -0.0424145981669426 0.05510138347744943
v -0.0046999985352158555 -0.04243226349353791 0.055602755397558226
v -0.006110304035246374 -0.04220126569271088 0.05630814284086229
v -0.006066695787012579 -0.04208760708570481 0.05720008164644243
v -0.006635085679590704 -0.04193184524774552 0.057172376662492766
v -0.00554902944713831 -0.042306959629058845 0.05631878972053529
v -0.005502075888216496 -0.042188644409179694 0.05721805244684221
v -0.006066695787012579 -0.04208760708570481 0.05720008164644243
v -0.00554902944713831 -0.042306959629058845 0.05631878972053529
v -0.006066695787012579 -0.04208760708570481 0.05720008164644243
v -0.006110304035246374 -0.04220126569271088 0.05630814284086229
v -0.0061890939250588434 -0.04222676157951356 0.05451546609401704
v -0.00671213958412409 -0.04208372533321381 0.05540527403354646
v -0.006746613420546057 -0.04206021130084992 0.05452395603060724
v -0.03394288569688798 0.008536979556083681 -1.466450016973653e-10
v -0.03263653069734574 0.012643458321690563 -1.466450016973653e-10
v -0.0018793873023241763 -0.02981595881283284 -0.002739777555689216
v -0.03394288569688798 0.008536979556083681 -1.466450016973653e-10
v -0.0018793873023241763 -0.02981595881283284 -0.002739777555689216
v -0.001969613833352924 -0.030152702704072006 -0.002739777555689216
v -0.030835427343845374 0.016558274626731876 -1.466450016973653e-10
v -0.0018793873023241763 -0.02981595881283284 -0.002739777555689216
v -0.03263653069734574 0.012643458321690563 -1.466450016973653e-10
v -0.0017320520710200076 -0.029499998316168792 -0.002739777555689216
v -0.0018793873023241763 -0.02981595881283284 -0.002739777555689216
v -0.030835427343845374 0.016558274626731876 -1.466450016973653e-10
v -0.00873170141130686 0.03893065825104714 0.061328846961259856
v -0.008681052364408972 0.03980082646012307 0.05999715626239778
v -0.009162456728518011 0.03941106423735619 0.05979565158486368
v -0.008681052364408972 0.03980082646012307 0.05999715626239778
v -0.00873170141130686 0.03893065825104714 0.061328846961259856
v -0.008160226978361608 0.040142972022295005 0.06017404422163965
v -0.009162456728518011 0.03941106423735619 0.05979565158486368
v -0.008681052364408972 0.03980082646012307 0.05999715626239778
v -0.00873293820768595 0.04038232937455178 0.05851935967803003
v -0.008223184384405615 0.04074773937463761 0.058643523603677764
v -0.00873293820768595 0.04038232937455178 0.05851935967803003
v -0.008681052364408972 0.03980082646012307 0.05999715626239778
v -0.008160226978361608 0.040142972022295005 0.06017404422163965
v -0.008223184384405615 0.04074773937463761 0.058643523603677764
v -0.008681052364408972 0.03980082646012307 0.05999715626239778
v -0.007569693960249426 0.040033400058746345 0.061072792857885375
v -0.008160226978361608 0.040142972022295005 0.06017404422163965
v -0.007825003005564215 0.039444848895072944 0.0617012456059456
v 0.00524758454412222 0.019149996340274814 0.0883348733186722
v 0.004650003276765347 0.019162809476256374 0.08835997432470323
v 0.00999999698251486 0.015449999831616882 0.0900000035762787
v 0.006325594149529936 0.022213311865925792 0.08599426597356798
v 0.00524758454412222 0.023702688515186317 0.08475247025489809
v 0.00524758454412222 0.02234483696520329 0.08614076673984529
v 0.006325594149529936 0.022213311865925792 0.08599426597356798
v 0.006325594149529936 0.020707257091999057 0.08717934787273408
v 0.00999999698251486 0.015449999831616882 0.0900000035762787
v 0.00524758454412222 0.02234483696520329 0.08614076673984529
v 0.006325594149529936 0.020707257091999057 0.08717934787273408
v 0.006325594149529936 0.022213311865925792 0.08599426597356798
v 0.006325594149529936 0.024309128522872932 0.08366650342941286
v 0.006325594149529936 0.023553306236863143 0.08462422341108324
v 0.006813651882112028 0.02416330389678479 0.08356089144945146
v 0.006325594149529936 0.022213311865925792 0.08599426597356798
v 0.006325594149529936 0.023553306236863143 0.08462422341108324
v 0.00524758454412222 0.023702688515186317 0.08475247025489809
v 0.00524758454412222 0.023702688515186317 0.08475247025489809
v 0.006325594149529936 0.023553306236863143 0.08462422341108324
v 0.006325594149529936 0.024309128522872932 0.08366650342941286
v 0.03488437086343766 0.012015402317047123 0.03265369683504105
v 0.034116379916667945 0.015016458928585056 0.03162559494376183
v 0.033769227564334876 0.014863658696413044 0.03265369683504105
v 0.033769227564334876 0.014863658696413044 0.03265369683504105
v 0.034116379916667945 0.015016458928585056 0.03162559494376183
v 0.00999999698251486 0.015449999831616882 0.0900000035762787
v -0.00768300984054804 0.04105977714061738 0.05874954909086229
v -0.008223184384405615 0.04074773937463761 0.058643523603677764
v -0.00764670316129923 0.040775340050458915 0.05954973027110101
v -0.007121556438505651 0.04131583124399186 0.058836556971073165
v -0.00768300984054804 0.04105977714061738 0.05874954909086229
v -0.00764670316129923 0.040775340050458915 0.05954973027110101
v -0.0071614468470215815 0.04154933616518975 0.0579938404262066
v -0.00768300984054804 0.04105977714061738 0.05874954909086229
v -0.007121556438505651 0.04131583124399186 0.058836556971073165
v -0.008223184384405615 0.04074773937463761 0.058643523603677764
v -0.00768300984054804 0.04105977714061738 0.05874954909086229
v -0.007750586606562139 0.04144787788391114 0.05709416046738626
v -0.00768300984054804 0.04105977714061738 0.05874954909086229
v -0.0071614468470215815 0.04154933616518975 0.0579938404262066
v -0.007750586606562139 0.04144787788391114 0.05709416046738626
v -0.007121556438505651 0.04131583124399186 0.058836556971073165
v -0.006548040546476843 0.041515074670314796 0.05890425667166711
v -0.0065926695242524164 0.04175588861107827 0.05804700776934625
v -0.0065926695242524164 0.04175588861107827 0.05804700776934625
v -0.006548040546476843 0.041515074670314796 0.05890425667166711
v -0.006020204164087774 0.041905868798494346 0.05808561295270921
v -0.008780234493315222 0.040740750730037696 0.056967888027429595
v -0.008821875788271429 0.040865030139684684 0.0553947724401951
v -0.009241291321814062 0.04031093418598176 0.056891135871410384
v -0.025308959186077125 0.027633205056190498 0.030547589063644416
v -0.009241291321814062 0.04031093418598176 0.056891135871410384
v -0.008821875788271429 0.040865030139684684 0.0553947724401951
v -0.009241291321814062 0.04031093418598176 0.056891135871410384
v -0.025308959186077125 0.027633205056190498 0.030547589063644416
v -0.027510903775691993 0.025441849604249007 0.030547589063644416
v -0.007036783732473852 0.04066958278417588 0.06044630333781244
v -0.007608958519995214 0.04043336212635041 0.06032417342066766
v -0.007569693960249426 0.040033400058746345 0.061072792857885375
v -0.008160226978361608 0.040142972022295005 0.06017404422163965
v -0.007608958519995214 0.04043336212635041 0.06032417342066766
v -0.00764670316129923 0.040775340050458915 0.05954973027110101
v -0.007569693960249426 0.040033400058746345 0.061072792857885375
v -0.007608958519995214 0.04043336212635041 0.06032417342066766
v -0.008160226978361608 0.040142972022295005 0.06017404422163965
v -0.007036783732473852 0.04066958278417588 0.06044630333781244
v -0.006501563824713232 0.041212975978851325 0.05973608046770097
v -0.007079982198774816 0.041022144258022315 0.05965482443571092
v -0.006548040546476843 0.041515074670314796 0.05890425667166711
v -0.007079982198774816 0.041022144258022315 0.05965482443571092
v -0.006501563824713232 0.041212975978851325 0.05973608046770097
v -0.006548040546476843 0.041515074670314796 0.05890425667166711
v -0.007121556438505651 0.04131583124399186 0.058836556971073165
v -0.007079982198774816 0.041022144258022315 0.05965482443571092
v -0.007121556438505651 0.04131583124399186 0.058836556971073165
v -0.00764670316129923 0.040775340050458915 0.05954973027110101
v -0.007079982198774816 0.041022144258022315 0.05965482443571092
v -0.007608958519995214 0.04043336212635041 0.06032417342066766
v -0.007079982198774816 0.041022144258022315 0.05965482443571092
v -0.00764670316129923 0.040775340050458915 0.05954973027110101
v -0.007079982198774816 0.041022144258022315 0.05965482443571092
v -0.007608958519995214 0.04043336212635041 0.06032417342066766
v -0.007036783732473852 0.04066958278417588 0.06044630333781244
v -0.009627894498407842 0.039510410279035575 0.05822308734059335
v -0.029368646442890174 0.022954391315579418 0.03162559494376183
v -0.031169079244136817 0.02044284157454968 0.03162559494376183
v -0.031169079244136817 0.02044284157454968 0.03162559494376183
v -0.029368646442890174 0.022954391315579418 0.03162559494376183
v -0.031333707273006446 0.020550817251205448 0.030547589063644416
v -0.034116379916667945 -0.015016457065939907 0.03162559494376183
v -0.03488437086343766 -0.012015404179692272 0.03265369683504105
v -0.0352429822087288 -0.012138919904828075 0.03162559494376183
v -0.034116379916667945 -0.015016457065939907 0.03162559494376183
v -0.0352429822087288 -0.012138919904828075 0.03162559494376183
v -0.03542912751436234 -0.012203035876154903 0.030547589063644416
v -0.03488437086343766 -0.012015404179692272 0.03265369683504105
v -0.036127366125583656 -0.009177954867482187 0.03162559494376183
v -0.0352429822087288 -0.012138919904828075 0.03162559494376183
v -0.03542912751436234 -0.012203035876154903 0.030547589063644416
v -0.0352429822087288 -0.012138919904828075 0.03162559494376183
v -0.036127366125583656 -0.009177954867482187 0.03162559494376183
v -0.03488437086343766 -0.012015404179692272 0.03265369683504105
v -0.033769227564334876 -0.014863660559058193 0.03265369683504105
v -0.00999999884516001 -0.015449998900294307 0.0900000035762787
v -0.033769227564334876 -0.014863660559058193 0.03265369683504105
v -0.034116379916667945 -0.015016457065939907 0.03162559494376183
v -0.00999999884516001 -0.015449998900294307 0.0900000035762787
v -0.034116379916667945 -0.015016457065939907 0.03162559494376183
v -0.033769227564334876 -0.014863660559058193 0.03265369683504105
v -0.03488437086343766 -0.012015404179692272 0.03265369683504105
v -0.034116379916667945 -0.015016457065939907 0.03162559494376183
v -0.03292829543352128 -0.017884755507111553 0.030547589063644416
v -0.032755292952060706 -0.01779078878462315 0.03162559494376183
v -0.034116379916667945 -0.015016457065939907 0.03162559494376183
v -0.032755292952060706 -0.01779078878462315 0.03162559494376183
v -0.009845250286161901 -0.021676434203982357 0.0830129161477089
v -0.031333707273006446 -0.0205508153885603 0.030547589063644416
v -0.032755292952060706 -0.01779078878462315 0.03162559494376183
v -0.03292829543352128 -0.017884755507111553 0.030547589063644416
v -0.031333707273006446 -0.0205508153885603 0.030547589063644416
v -0.031169079244136817 -0.02044284157454968 0.03162559494376183
v -0.032755292952060706 -0.01779078878462315 0.03162559494376183
v -0.009845250286161901 -0.021676434203982357 0.0830129161477089
v -0.032755292952060706 -0.01779078878462315 0.03162559494376183
v -0.009845250286161901 -0.02230571396648884 0.08221553266048433
v -0.031169079244136817 -0.02044284157454968 0.03162559494376183
v -0.009976782836019995 -0.03851547837257386 0.059324860572814955
v -0.032755292952060706 -0.01779078878462315 0.03162559494376183
v -0.009845250286161901 -0.02230571396648884 0.08221553266048433
v -0.032755292952060706 -0.01779078878462315 0.03162559494376183
v -0.010149263776838781 -0.03756242990493775 0.06033791229128839
v -0.032755292952060706 -0.01779078878462315 0.03162559494376183
v -0.009514384903013708 -0.03829676657915116 0.060869753360748305
v -0.010149263776838781 -0.03756242990493775 0.06033791229128839
v -0.009514384903013708 -0.03829676657915116 0.060869753360748305
v -0.032755292952060706 -0.01779078878462315 0.03162559494376183
v -0.009976782836019995 -0.03851547837257386 0.059324860572814955
v 0.006778082810342314 -0.04197231680154801 0.05365714803338052
v 0.00674600061029196 -0.04206100851297379 0.05453988909721376
v 0.006223677657544615 -0.042140103876590736 0.05363595858216287
v 0.006223677657544615 -0.042140103876590736 0.05363595858216287
v 0.00674600061029196 -0.04206100851297379 0.05453988909721376
v 0.006188421510159971 -0.04222752153873444 0.05453163012862207
v 0.006778082810342314 -0.04197231680154801 0.05365714803338052
v 0.013297683559358123 -0.03506311029195786 0.0030999998562037953
v 0.00674600061029196 -0.04206100851297379 0.05453988909721376
v 0.0051481490954756745 -0.04238510876893998 0.05431739240884782
v 0.005671239458024503 -0.04225462675094605 0.05362149327993394
v 0.0056332116946578034 -0.042339973151683814 0.05452605336904527
v 0.006188421510159971 -0.04222752153873444 0.05453163012862207
v 0.0056332116946578034 -0.042339973151683814 0.05452605336904527
v 0.005671239458024503 -0.04225462675094605 0.05362149327993394
v 0.0051481490954756745 -0.04238510876893998 0.05431739240884782
v 0.0056332116946578034 -0.042339973151683814 0.05452605336904527
v 0.004699996672570706 -0.04244334995746613 0.05506549403071405
v 0.009514383040368559 -0.03829676657915116 0.060869753360748305
v 0.009162454865872862 -0.039411060512065894 0.05979565158486368
v 0.009596473537385465 -0.038979426026344306 0.05957249924540521
v 0.007353699766099455 -0.02326552383601666 0.08437716215848924
v 0.006325594149529936 -0.023553306236863143 0.08462422341108324
v 0.006325594149529936 -0.02430913038551808 0.08366650342941286
v 0.006325594149529936 -0.022213311865925792 0.08599426597356798
v 0.006325594149529936 -0.023553306236863143 0.08462422341108324
v 0.007353699766099455 -0.02326552383601666 0.08437716215848924
v 0.009845248423516752 -0.02230571396648884 0.08221553266048433
v 0.00993433501571417 -0.03781102597713471 0.06051795929670335
v 0.010149261914193632 -0.03756242990493775 0.06033791229128839
v 0.009845248423516752 -0.02230571396648884 0.08221553266048433
v 0.010149261914193632 -0.03756242990493775 0.06033791229128839
v 0.032755292952060706 -0.01779078878462315 0.03162559494376183
v 0.009976661764085295 -0.03851298242807389 0.059331350028514876
v 0.010149261914193632 -0.03756242990493775 0.06033791229128839
v 0.00993433501571417 -0.03781102597713471 0.06051795929670335
v 0.032755292952060706 -0.01779078878462315 0.03162559494376183
v 0.010149261914193632 -0.03756242990493775 0.06033791229128839
v 0.009976661764085295 -0.03851298242807389 0.059331350028514876
v 0.031169079244136817 -0.02044284157454968 0.03162559494376183
v 0.02952376008033753 -0.02307563088834286 0.030547589063644416
v 0.031333707273006446 -0.0205508153885603 0.030547589063644416
v 0.030840530991554267 -0.0212871115654707 0.029950000345706947
v 0.031333707273006446 -0.0205508153885603 0.030547589063644416
v 0.02952376008033753 -0.02307563088834286 0.030547589063644416
v 0.030840530991554267 -0.0212871115654707 0.029950000345706947
v 0.031357273459434516 -0.020566271618008617 0.029950000345706947
v 0.031333707273006446 -0.0205508153885603 0.030547589063644416
v 0.031169079244136817 -0.02044284157454968 0.03162559494376183
v 0.031333707273006446 -0.0205508153885603 0.030547589063644416
v 0.032755292952060706 -0.01779078878462315 0.03162559494376183
v 0.03503508865833283 -0.013286711648106578 0.029950000345706947
v 0.0343223661184311 -0.015107126906514171 0.029950000345706947
v 0.03506311029195786 -0.013297682628035549 0.0030999998562037953
v 0.0332046002149582 -0.0174271184951067 0.0030999998562037953
v 0.03506311029195786 -0.013297682628035549 0.0030999998562037953
v 0.0343223661184311 -0.015107126906514171 0.029950000345706947
v 0.03542912751436234 -0.012203035876154903 0.030547589063644416
v 0.0343223661184311 -0.015107126906514171 0.029950000345706947
v 0.03503508865833283 -0.013286711648106578 0.029950000345706947
v 0.03542912751436234 -0.012203035876154903 0.030547589063644416
v 0.03429657220840455 -0.01509577222168446 0.030547589063644416
v 0.0343223661184311 -0.015107126906514171 0.029950000345706947
v 0.03488437086343766 -0.012015404179692272 0.03265369683504105
v 0.00999999698251486 -0.015449998900294307 0.0900000035762787
v 0.033769227564334876 -0.014863660559058193 0.03265369683504105
v 0.034116379916667945 -0.015016457065939907 0.03162559494376183
v 0.033769227564334876 -0.014863660559058193 0.03265369683504105
v 0.00999999698251486 -0.015449998900294307 0.0900000035762787
v 0.03488437086343766 -0.012015404179692272 0.03265369683504105
v 0.033769227564334876 -0.014863660559058193 0.03265369683504105
v 0.034116379916667945 -0.015016457065939907 0.03162559494376183
v 0.007825001142919065 -0.039444848895072944 0.0617012456059456
v 0.007813117466866972 -0.023785820230841644 0.08328749984502794
v 0.007353699766099455 -0.02400194294750691 0.08344402164220811
v 0.008301279507577421 -0.02355617471039296 0.08312117308378221
v 0.007813117466866972 -0.023785820230841644 0.08328749984502794
v 0.007825001142919065 -0.039444848895072944 0.0617012456059456
v 0.007353699766099455 -0.02400194294750691 0.08344402164220811
v 0.007813117466866972 -0.023785820230841644 0.08328749984502794
v 0.007353699766099455 -0.02326552383601666 0.08437716215848924
v 0.008301279507577421 -0.02284791134297848 0.08401863276958467
v 0.007353699766099455 -0.02326552383601666 0.08437716215848924
v 0.007813117466866972 -0.023785820230841644 0.08328749984502794
v 0.008301279507577421 -0.02355617471039296 0.08312117308378221
v 0.008301279507577421 -0.02284791134297848 0.08401863276958467
v 0.007813117466866972 -0.023785820230841644 0.08328749984502794
v 0.03503508865833283 -0.013286711648106578 0.029950000345706947
v 0.03506311029195786 -0.013297682628035549 0.0030999998562037953
v 0.03545577079057694 -0.012212214991450313 0.029950000345706947
v 0.03545577079057694 -0.012212214991450313 0.029950000345706947
v 0.03542912751436234 -0.012203035876154903 0.030547589063644416
v 0.03503508865833283 -0.013286711648106578 0.029950000345706947
v 0.03641031682491303 -0.008974337950348856 0.0030999998562037953
v 0.03545577079057694 -0.012212214991450313 0.029950000345706947
v 0.03506311029195786 -0.013297682628035549 0.0030999998562037953
v 0.036345496773719795 -0.009233368560671808 0.029950000345706947
v 0.03545577079057694 -0.012212214991450313 0.029950000345706947
v 0.03641031682491303 -0.008974337950348856 0.0030999998562037953
v 0.03542912751436234 -0.012203035876154903 0.030547589063644416
v 0.03545577079057694 -0.012212214991450313 0.029950000345706947
v 0.036345496773719795 -0.009233368560671808 0.029950000345706947
v 0.03714684396982194 -0.003087563207373024 0.03162559494376183
v 0.036763444542884834 -0.006153905764222147 0.03162559494376183
v 0.03734304755926133 -0.00310387252829969 0.030547589063644416
v 0.036389358341693885 -0.0060912873595953005 0.03265369683504105
v 0.036763444542884834 -0.006153905764222147 0.03162559494376183
v 0.0367688611149788 -0.0030561478342860946 0.03265369683504105
v 0.036763444542884834 -0.006153905764222147 0.03162559494376183
v 0.03714684396982194 -0.003087563207373024 0.03162559494376183
v 0.0367688611149788 -0.0030561478342860946 0.03265369683504105
v 0.035759754478931434 -0.009084565564990045 0.03265369683504105
v 0.036763444542884834 -0.006153905764222147 0.03162559494376183
v 0.036389358341693885 -0.0060912873595953005 0.03265369683504105
v 0.036127366125583656 -0.009177954867482187 0.03162559494376183
v 0.036763444542884834 -0.006153905764222147 0.03162559494376183
v 0.035759754478931434 -0.009084565564990045 0.03265369683504105
v 0.03719484061002732 -0.004516156390309335 0.029950000345706947
v 0.037371128797531135 -0.0031062045600265273 0.029950000345706947
v 0.03734304755926133 -0.00310387252829969 0.030547589063644416
v 0.03719484061002732 -0.004516156390309335 0.029950000345706947
v 0.037226580083370216 -0.004520123824477197 0.0030999998562037953
v 0.037371128797531135 -0.0031062045600265273 0.029950000345706947
v 0.037500001490116126 1.2185968900624291e-10 0.0030999998562037953
v 0.037371128797531135 -0.0031062045600265273 0.029950000345706947
v 0.037226580083370216 -0.004520123824477197 0.0030999998562037953
v 0.037500001490116126 1.2185968900624291e-10 0.029950000345706947
v 0.037371128797531135 -0.0031062045600265273 0.029950000345706947
v 0.037500001490116126 1.2185968900624291e-10 0.0030999998562037953
v 0.037500001490116126 1.2185968900624291e-10 0.029950000345706947
v 0.03734304755926133 -0.00310387252829969 0.030547589063644416
v 0.037371128797531135 -0.0031062045600265273 0.029950000345706947
v 0.027531586587429054 0.025460984557867057 0.029950000345706947
v 0.028050377964973457 0.024851124733686454 0.029950000345706947
v 0.028069153428077705 0.024867100641131408 0.0030999998562037953
v 0.028050377964973457 0.024851124733686454 0.029950000345706947
v 0.027531586587429054 0.025460984557867057 0.029950000345706947
v 0.027510896325111396 0.025441849604249007 0.030547589063644416
v 0.02532798796892167 0.027653988450765617 0.029950000345706947
v 0.027510896325111396 0.025441849604249007 0.030547589063644416
v 0.027531586587429054 0.025460984557867057 0.029950000345706947
v 0.028069153428077705 0.024867100641131408 0.0030999998562037953
v 0.024867102503776557 0.028069153428077705 0.0030999998562037953
v 0.027531586587429054 0.025460984557867057 0.029950000345706947
v 0.02532798796892167 0.027653988450765617 0.029950000345706947
v 0.027531586587429054 0.025460984557867057 0.029950000345706947
v 0.024867102503776557 0.028069153428077705 0.0030999998562037953
v 0.013642503879964355 0.03223169222474099 -1.466450016973653e-10
v 0.0010000013280659916 -0.028767948970198638 -0.002739777555689216
v 0.0006840370479039849 -0.02862061373889447 -0.002739777555689216
v 0.0006840370479039849 -0.02862061373889447 -0.002739777555689216
v 0.00034729318576864904 -0.028530383482575424 -0.002739777555689216
v 0.009578204713761808 0.033663898706436164 -1.466450016973653e-10
v 0.013642503879964355 0.03223169222474099 -1.466450016973653e-10
v 0.0006840370479039849 -0.02862061373889447 -0.002739777555689216
v 0.009578204713761808 0.033663898706436164 -1.466450016973653e-10
v 0.001077830092981458 0.03498340025544167 -1.466450016973653e-10
v -7.42131189834794e-10 -0.028500000014901168 -0.002739777555689216
v -0.0032293952535837897 0.03485069796442986 -1.466450016973653e-10
v -7.42131189834794e-10 -0.028500000014901168 -0.002739777555689216
v -0.0003472946409601719 -0.028530383482575424 -0.002739777555689216
v -0.0032293952535837897 0.03485069796442986 -1.466450016973653e-10
v 0.00034729318576864904 -0.028530383482575424 -0.002739777555689216
v -7.42131189834794e-10 -0.028500000014901168 -0.002739777555689216
v 0.001077830092981458 0.03498340025544167 -1.466450016973653e-10
v -0.00618842337280512 0.04222752526402474 0.05453163012862207
v -0.005633213557302953 0.04233998060226441 0.05452605336904527
v -0.005671241320669652 0.04225462675094605 0.05362149327993394
v -0.005633213557302953 0.04233998060226441 0.05452605336904527
v -0.00618842337280512 0.04222752526402474 0.05453163012862207
v -0.00615027640014887 0.04224750399589539 0.05543126910924913
v -0.005592086352407933 0.0423569679260254 0.055434159934520735
v -0.005633213557302953 0.04233998060226441 0.05452605336904527
v -0.00615027640014887 0.04224750399589539 0.05543126910924913
v -0.006711260415613653 0.042083475738763816 0.055426940321922316
v -0.006674193777143957 0.04203969612717629 0.056307032704353346
v -0.00615027640014887 0.04224750399589539 0.05543126910924913
v -0.00618842337280512 0.04222752526402474 0.05453163012862207
v -0.006711260415613653 0.042083475738763816 0.055426940321922316
v -0.00615027640014887 0.04224750399589539 0.05543126910924913
v -0.007267327047884466 0.04186291992664338 0.05542111769318582
v -0.007234253920614721 0.04182244837284089 0.056284870952367796
v -0.006711260415613653 0.042083475738763816 0.055426940321922316
v -0.006674193777143957 0.04203969612717629 0.056307032704353346
v -0.006711260415613653 0.042083475738763816 0.055426940321922316
v -0.007234253920614721 0.04182244837284089 0.056284870952367796
v -0.0071990052238106745 0.04171798378229142 0.057142391800880446
v -0.006634713150560858 0.041930552572011955 0.057180348783731474
v -0.006674193777143957 0.04203969612717629 0.056307032704353346
v -0.0071614468470215815 0.04154933616518975 0.0579938404262066
v -0.0065926695242524164 0.04175588861107827 0.05804700776934625
v -0.006634713150560858 0.041930552572011955 0.057180348783731474
v -0.0071990052238106745 0.04171798378229142 0.057142391800880446
v -0.0071614468470215815 0.04154933616518975 0.0579938404262066
v -0.006634713150560858 0.041930552572011955 0.057180348783731474
v -0.006674193777143957 0.04203969612717629 0.056307032704353346
v -0.006634713150560858 0.041930552572011955 0.057180348783731474
v -0.006109596230089666 0.04220010712742806 0.05632339790463449
v -0.005548262037336827 0.04230573028326035 0.05633417516946794
v -0.005030878819525243 0.0423182100057602 0.05667982622981073
v -0.0046999985352158555 0.0423889309167862 0.05623016878962518
v -0.005501636303961278 0.04218725860118867 0.05722618848085405
v -0.005030878819525243 0.0423182100057602 0.05667982622981073
v -0.005548262037336827 0.04230573028326035 0.05633417516946794
v -0.0046999985352158555 0.0423889309167862 0.05623016878962518
v -0.005030878819525243 0.0423182100057602 0.05667982622981073
v -0.0046999985352158555 0.042304683476686485 0.05681581422686578
v -0.0046999985352158555 0.042224127799272544 0.05737579241394998
v -0.0046999985352158555 0.042304683476686485 0.05681581422686578
v -0.005030878819525243 0.0423182100057602 0.05667982622981073
v -0.0046999985352158555 0.042224127799272544 0.05737579241394998
v -0.005030878819525243 0.0423182100057602 0.05667982622981073
v -0.005501636303961278 0.04218725860118867 0.05722618848085405
v -0.0046999985352158555 0.0423889309167862 0.05623016878962518
v -0.005092301405966283 0.04241002723574639 0.055496770888566985
v -0.005548262037336827 0.04230573028326035 0.05633417516946794
v -0.005592086352407933 0.0423569679260254 0.055434159934520735
v -0.005548262037336827 0.04230573028326035 0.05633417516946794
v -0.005092301405966283 0.04241002723574639 0.055496770888566985
v -0.005092301405966283 0.04241002723574639 0.055496770888566985
v -0.0046999985352158555 0.0423889309167862 0.05623016878962518
v -0.0046999985352158555 0.04244334995746613 0.05506549403071405
v -0.005633213557302953 0.04233998060226441 0.05452605336904527
v -0.005092301405966283 0.04241002723574639 0.055496770888566985
v -0.0046999985352158555 0.04244334995746613 0.05506549403071405
v -0.005633213557302953 0.04233998060226441 0.05452605336904527
v -0.005592086352407933 0.0423569679260254 0.055434159934520735
v -0.005092301405966283 0.04241002723574639 0.055496770888566985
v -0.005452060140669347 0.042001489549875266 0.05811022594571115
v -0.005501636303961278 0.04218725860118867 0.05722618848085405
v -0.006020204164087774 0.041905868798494346 0.05808561295270921
v -0.0046999985352158555 0.042224127799272544 0.05737579241394998
v 0.004699996672570706 0.042327694594860084 0.05675233900547029
v -0.0046999985352158555 0.042304683476686485 0.05681581422686578
v -0.0046999985352158555 0.042304683476686485 0.05681581422686578
v 0.004699996672570706 0.042327694594860084 0.05675233900547029
v -0.0046999985352158555 0.0423889309167862 0.05623016878962518
v -0.0046999985352158555 0.04013370350003243 0.062200147658586516
v -0.0046999985352158555 0.02960114367306233 0.07674293220043184
v -0.0046499976888299 0.02960114367306233 0.0767432674765587
v 0.007327175699174406 0.0417483076453209 0.05367703363299371
v 0.006746611557900907 0.04206021502614022 0.05452395603060724
v 0.007268114946782591 0.0418631061911583 0.0553998574614525
v 0.006223998032510282 0.042138941586017616 0.0536274090409279
v 0.006746611557900907 0.04206021502614022 0.05452395603060724
v 0.0067783808335661905 0.041971143335103996 0.0536487251520157
v 0.006189092062413694 0.042226765304803855 0.05451546609401704
v 0.006746611557900907 0.04206021502614022 0.05452395603060724
v 0.006223998032510282 0.042138941586017616 0.0536274090409279
v 0.013297683559358123 0.03506311029195786 0.0030999998562037953
v 0.0067783808335661905 0.041971143335103996 0.0536487251520157
v 0.006746611557900907 0.04206021502614022 0.05452395603060724
v 0.007327175699174406 0.0417483076453209 0.05367703363299371
v 0.013297683559358123 0.03506311029195786 0.0030999998562037953
v 0.006746611557900907 0.04206021502614022 0.05452395603060724
v 0.006325594149529936 0.024309128522872932 0.08366650342941286
v 0.00524758454412222 0.024468582123517997 0.08378198742866518
v 0.00524758454412222 0.023702688515186317 0.08475247025489809
v 0.006325594149529936 0.024309128522872932 0.08366650342941286
v 0.005752666853368283 0.040055729448795326 0.06214367598295213
v 0.00524758454412222 0.024468582123517997 0.08378198742866518
v 0.004699996672570706 0.04013370350003243 0.062200147658586516
v 0.005752666853368283 0.040055729448795326 0.06214367598295213
v 0.0052296286448836335 0.040617231279611594 0.0614294931292534
v 0.00524758454412222 0.024468582123517997 0.08378198742866518
v 0.005752666853368283 0.040055729448795326 0.06214367598295213
v 0.004699996672570706 0.04013370350003243 0.062200147658586516
v 0.00781084503978491 0.04158544540405274 0.05539304018020631
v 0.008331744931638243 0.04125184565782548 0.05538485199213029
v 0.021302431821823124 0.030861895531415946 0.0030999998562037953
v 0.021302431821823124 0.030861895531415946 0.0030999998562037953
v 0.008331744931638243 0.04125184565782548 0.05538485199213029
v 0.024867102503776557 0.028069153428077705 0.0030999998562037953
v 0.00882235821336508 0.04086510837078095 0.05537535995244981
v 0.008331744931638243 0.04125184565782548 0.05538485199213029
v 0.008780441246926786 0.040741845965385444 0.05696072429418565
v 0.024867102503776557 0.028069153428077705 0.0030999998562037953
v 0.008331744931638243 0.04125184565782548 0.05538485199213029
v 0.022950306534767154 0.02965692803263665 0.029950000345706947
v 0.022950306534767154 0.02965692803263665 0.029950000345706947
v 0.008331744931638243 0.04125184565782548 0.05538485199213029
v 0.00882235821336508 0.04086510837078095 0.05537535995244981
v 0.0343223661184311 0.015107125043869022 0.029950000345706947
v 0.0332046002149582 0.0174271184951067 0.0030999998562037953
v 0.03318814188241959 0.017419042065739635 0.029950000345706947
v 0.03295306116342545 0.01789820566773415 0.029950000345706947
v 0.03318814188241959 0.017419042065739635 0.029950000345706947
v 0.0332046002149582 0.0174271184951067 0.0030999998562037953
v 0.029545962810516364 0.023092987015843395 0.029950000345706947
v 0.030861899256706245 0.021302428096532825 0.0030999998562037953
v 0.028069153428077705 0.024867100641131408 0.0030999998562037953
v 0.028050377964973457 0.024851124733686454 0.029950000345706947
v 0.029545962810516364 0.023092987015843395 0.029950000345706947
v 0.028069153428077705 0.024867100641131408 0.0030999998562037953
v 0.02952376008033753 0.02307563275098801 0.030547589063644416
v 0.029545962810516364 0.023092987015843395 0.029950000345706947
v 0.028050377964973457 0.024851124733686454 0.029950000345706947
v 0.02952376008033753 0.02307563275098801 0.030547589063644416
v 0.031169079244136817 0.02044284157454968 0.03162559494376183
v 0.031333707273006446 0.020550817251205448 0.030547589063644416
v 0.032755292952060706 0.017790786921978 0.03162559494376183
v 0.031333707273006446 0.020550817251205448 0.030547589063644416
v 0.031169079244136817 0.02044284157454968 0.03162559494376183
v 0.03698541224002839 0.006191063672304155 0.029950000345706947
v 0.03719484061002732 0.004516156390309335 0.029950000345706947
v 0.037226580083370216 0.004520125687122346 0.0030999998562037953
v 0.03719484061002732 0.004516156390309335 0.029950000345706947
v 0.037371128797531135 0.003106206888332964 0.029950000345706947
v 0.037226580083370216 0.004520125687122346 0.0030999998562037953
v 0.03734304755926133 -0.00310387252829969 0.030547589063644416
v 0.037471815943717963 1.2185968900624291e-10 0.030547589063644416
v 0.03727494180202485 1.2185968900624291e-10 0.03162559494376183
v 0.037500001490116126 1.2185968900624291e-10 0.029950000345706947
v 0.037471815943717963 1.2185968900624291e-10 0.030547589063644416
v 0.03734304755926133 -0.00310387252829969 0.030547589063644416
v 0.036763444542884834 0.006153905764222147 0.03162559494376183
v 0.036389358341693885 0.0060912873595953005 0.03265369683504105
v 0.0367688611149788 0.0030561464373022327 0.03265369683504105
v 0.036389358341693885 0.0060912873595953005 0.03265369683504105
v 0.036763444542884834 0.006153905764222147 0.03162559494376183
v 0.035759754478931434 0.009084563702344896 0.03265369683504105
v 0.035759754478931434 0.009084563702344896 0.03265369683504105
v 0.036127366125583656 0.009177953004837038 0.03162559494376183
v 0.03488437086343766 0.012015402317047123 0.03265369683504105
v 0.036763444542884834 0.006153905764222147 0.03162559494376183
v 0.036127366125583656 0.009177953004837038 0.03162559494376183
v 0.035759754478931434 0.009084563702344896 0.03265369683504105
v -0.03640041500329972 0.008972253650426866 0.029950000345706947
v -0.036318175494670875 0.009226430207490923 0.030547589063644416
v -0.0363454893231392 0.009233368560671808 0.029950000345706947
v -0.036957614123821265 0.006186410784721376 0.030547589063644416
v -0.036318175494670875 0.009226430207490923 0.030547589063644416
v -0.03640041500329972 0.008972253650426866 0.029950000345706947
v -0.036957614123821265 0.006186410784721376 0.030547589063644416
v -0.036127366125583656 0.009177953004837038 0.03162559494376183
v -0.036318175494670875 0.009226430207490923 0.030547589063644416
v -0.03542912751436234 0.012203035876154903 0.030547589063644416
v -0.036318175494670875 0.009226430207490923 0.030547589063644416
v -0.036127366125583656 0.009177953004837038 0.03162559494376183
v -0.0363454893231392 0.009233368560671808 0.029950000345706947
v -0.036318175494670875 0.009226430207490923 0.030547589063644416
v -0.03542912751436234 0.012203035876154903 0.030547589063644416
v -0.03747182339429856 1.218596751284551e-10 0.030547589063644416
v -0.03734304755926133 0.0031038711313158282 0.030547589063644416
v -0.03737113624811173 0.003106206888332964 0.029950000345706947
v -0.03714684396982194 0.003087563673034311 0.03162559494376183
v -0.03734304755926133 0.0031038711313158282 0.030547589063644416
v -0.03747182339429856 1.218596751284551e-10 0.030547589063644416
v -0.03719484061002732 0.004516156390309335 0.029950000345706947
v -0.03737113624811173 0.003106206888332964 0.029950000345706947
v -0.03734304755926133 0.0031038711313158282 0.030547589063644416
v -0.036957614123821265 0.006186410784721376 0.030547589063644416
v -0.03719484061002732 0.004516156390309335 0.029950000345706947
v -0.03734304755926133 0.0031038711313158282 0.030547589063644416
v -0.036957614123821265 0.006186410784721376 0.030547589063644416
v -0.03734304755926133 0.0031038711313158282 0.030547589063644416
v -0.03676343709230424 0.006153905764222147 0.03162559494376183
v -0.03714684396982194 0.003087563673034311 0.03162559494376183
v -0.03676343709230424 0.006153905764222147 0.03162559494376183
v -0.03734304755926133 0.0031038711313158282 0.030547589063644416
v -0.0343223586678505 0.015107125043869022 0.029950000345706947
v -0.03318814188241959 0.017419042065739635 0.029950000345706947
v -0.033204607665538795 0.0174271184951067 0.0030999998562037953
v -0.03295306116342545 0.01789820566773415 0.029950000345706947
v -0.033204607665538795 0.0174271184951067 0.0030999998562037953
v -0.03318814188241959 0.017419042065739635 0.029950000345706947
v -0.03429656475782395 0.01509577222168446 0.030547589063644416
v -0.03318814188241959 0.017419042065739635 0.029950000345706947
v -0.0343223586678505 0.015107125043869022 0.029950000345706947
v -0.031333707273006446 0.020550817251205448 0.030547589063644416
v -0.03292829543352128 0.017884755507111553 0.030547589063644416
v -0.032755292952060706 0.017790786921978 0.03162559494376183
v -0.03295306116342545 0.01789820566773415 0.029950000345706947
v -0.03292829543352128 0.017884755507111553 0.030547589063644416
v -0.031333707273006446 0.020550817251205448 0.030547589063644416
v -0.032755292952060706 0.017790786921978 0.03162559494376183
v -0.03292829543352128 0.017884755507111553 0.030547589063644416
v -0.034116379916667945 0.015016458928585056 0.03162559494376183
v -0.03292829543352128 0.017884755507111553 0.030547589063644416
v -0.03429656475782395 0.01509577222168446 0.030547589063644416
v -0.034116379916667945 0.015016458928585056 0.03162559494376183
v -0.03318814188241959 0.017419042065739635 0.029950000345706947
v -0.03292829543352128 0.017884755507111553 0.030547589063644416
v -0.03295306116342545 0.01789820566773415 0.029950000345706947
v -0.03292829543352128 0.017884755507111553 0.030547589063644416
v -0.03318814188241959 0.017419042065739635 0.029950000345706947
v -0.03429656475782395 0.01509577222168446 0.030547589063644416
v 0.001532091991975904 -0.03178557008504868 -0.002739777555689216
v 0.0017320506740361456 -0.03149999678134919 -0.002739777555689216
v 0.029757604002952583 -0.018425127491354946 -1.466450155751531e-10
v 0.03179628401994706 -0.014628613367676738 -1.466450155751531e-10
v 0.0017320506740361456 -0.03149999678134919 -0.002739777555689216
v 0.0018793859053403143 -0.03118404187262059 -0.002739777555689216
v 0.029757604002952583 -0.018425127491354946 -1.466450155751531e-10
v 0.0017320506740361456 -0.03149999678134919 -0.002739777555689216
v 0.03179628401994706 -0.014628613367676738 -1.466450155751531e-10
v -0.0010000027250498535 -0.03223204612731934 -0.002739777555689216
v -0.0006840385613031686 -0.03237938135862351 -0.002739777555689216
v -0.015600838698446754 -0.03133071213960648 -1.466450155751531e-10
v -0.0074876556172966974 -0.03418968617916108 -1.466450155751531e-10
v -0.0006840385613031686 -0.03237938135862351 -0.002739777555689216
v -0.0003472946409601719 -0.032469615340232856 -0.002739777555689216
v -0.003275529248639942 -0.035348564386367805 0.0004999999073334039
v -0.0032293952535837897 -0.034850694239139564 -1.466450155751531e-10
v -0.0003472946409601719 -0.032469615340232856 -0.002739777555689216
v -0.0032293952535837897 -0.034850694239139564 -1.466450155751531e-10
v -0.0074876556172966974 -0.03418968617916108 -1.466450155751531e-10
v -0.0003472946409601719 -0.032469615340232856 -0.002739777555689216
v -0.0045201266184449205 -0.037226580083370216 0.0030999998562037953
v -0.007594623602926733 -0.03467811644077302 0.0004999999073334039
v -0.003275529248639942 -0.035348564386367805 0.0004999999073334039
v -0.007594623602926733 -0.03467811644077302 0.0004999999073334039
v -0.0032293952535837897 -0.034850694239139564 -1.466450155751531e-10
v -0.003275529248639942 -0.035348564386367805 0.0004999999073334039
v -0.0032293952535837897 -0.034850694239139564 -1.466450155751531e-10
v -0.007594623602926733 -0.03467811644077302 0.0004999999073334039
v -0.0074876556172966974 -0.03418968617916108 -1.466450155751531e-10
v -0.008974337019026281 -0.03641031682491303 0.0030999998562037953
v -0.007594623602926733 -0.03467811644077302 0.0004999999073334039
v -0.0045201266184449205 -0.037226580083370216 0.0030999998562037953
v -0.010748104192316534 -0.03378087282180787 0.0004999999073334039
v -0.007594623602926733 -0.03467811644077302 0.0004999999073334039
v -0.008974337019026281 -0.03641031682491303 0.0030999998562037953
v -0.008974337019026281 -0.03641031682491303 0.0030999998562037953
v -0.006223999895155432 -0.042138941586017616 0.0536274090409279
v -0.00677838269621134 -0.0419711396098137 0.0536487251520157
v -0.00677838269621134 -0.0419711396098137 0.0536487251520157
v -0.006223999895155432 -0.042138941586017616 0.0536274090409279
v -0.006746613420546057 -0.04206021130084992 0.05452395603060724
v -0.006746613420546057 -0.04206021130084992 0.05452395603060724
v -0.006223999895155432 -0.042138941586017616 0.0536274090409279
v -0.0061890939250588434 -0.04222676157951356 0.05451546609401704
v -0.005229630507528783 -0.040617227554321296 0.0614294931292534
v -0.0046999985352158555 -0.04013369977474213 0.062200147658586516
v -0.005166553892195226 -0.0400991439819336 0.06217511743307115
v -0.005166553892195226 -0.0400991439819336 0.06217511743307115
v -0.005752668716013432 -0.040055729448795326 0.06214367598295213
v -0.005229630507528783 -0.040617227554321296 0.0614294931292534
v -0.005752668716013432 -0.040055729448795326 0.06214367598295213
v -0.006403275765478613 -0.040429569780826576 0.06131403148174287
v -0.005812996067106725 -0.040548324584960944 0.061387099325656905
v -0.005752668716013432 -0.040055729448795326 0.06214367598295213
v -0.006821827031672003 -0.03982371091842652 0.06197563558816911
v -0.006403275765478613 -0.040429569780826576 0.06131403148174287
v -0.007199340499937536 -0.041719228029251106 0.05713456124067308
v -0.007161923684179785 -0.041551843285560615 0.05798341333866121
v -0.007750884629786016 -0.04144906997680665 0.05708651244640352
v -0.007750884629786016 -0.04144906997680665 0.05708651244640352
v -0.007161923684179785 -0.041551843285560615 0.05798341333866121
v -0.007683821953833105 -0.04106558859348298 0.05873101949691774
v -0.007199340499937536 -0.041719228029251106 0.05713456124067308
v -0.006635085679590704 -0.04193184524774552 0.057172376662492766
v -0.007161923684179785 -0.041551843285560615 0.05798341333866121
v -0.007825003005564215 -0.039444848895072944 0.0617012456059456
v -0.008160554803907873 -0.04014596343040467 0.06016626209020616
v -0.007569790817797186 -0.04003416746854783 0.061070755124092116
v -0.00861878786236048 -0.0389946922659874 0.06137522310018541
v -0.008160554803907873 -0.04014596343040467 0.06016626209020616
v -0.007825003005564215 -0.039444848895072944 0.0617012456059456
v -0.00861878786236048 -0.0389946922659874 0.06137522310018541
v -0.00873170141130686 -0.03893065452575684 0.061328846961259856
v -0.008160554803907873 -0.04014596343040467 0.06016626209020616
v -0.008681320585310461 -0.03980369865894318 0.059989638626575484
v -0.008160554803907873 -0.04014596343040467 0.06016626209020616
v -0.00873170141130686 -0.03893065452575684 0.061328846961259856
v -0.006940887309610845 -0.039778746664524085 0.061943072825670256
v -0.007353701628744604 -0.02400194294750691 0.08344402164220811
v -0.007825003005564215 -0.039444848895072944 0.0617012456059456
v -0.007353701628744604 -0.02400194294750691 0.08344402164220811
v -0.006940887309610845 -0.039778746664524085 0.061943072825670256
v -0.006821827031672003 -0.03982371091842652 0.06197563558816911
v -0.007569790817797186 -0.04003416746854783 0.061070755124092116
v -0.006940887309610845 -0.039778746664524085 0.061943072825670256
v -0.007825003005564215 -0.039444848895072944 0.0617012456059456
v -0.006821827031672003 -0.03982371091842652 0.06197563558816911
v -0.006940887309610845 -0.039778746664524085 0.061943072825670256
v -0.007569790817797186 -0.04003416746854783 0.061070755124092116
v -0.006325596012175085 -0.02430913038551808 0.08366650342941286
v -0.007353701628744604 -0.02326552383601666 0.08437716215848924
v -0.006813653744757177 -0.02416330389678479 0.08356089144945146
v -0.006325596012175085 -0.02430913038551808 0.08366650342941286
v -0.006325596012175085 -0.023553306236863143 0.08462422341108324
v -0.007353701628744604 -0.02326552383601666 0.08437716215848924
v -0.006821827031672003 -0.03982371091842652 0.06197563558816911
v -0.006325596012175085 -0.02430913038551808 0.08366650342941286
v -0.006813653744757177 -0.02416330389678479 0.08356089144945146
v -0.005752668716013432 -0.040055729448795326 0.06214367598295213
v -0.006325596012175085 -0.02430913038551808 0.08366650342941286
v -0.006821827031672003 -0.03982371091842652 0.06197563558816911
v -0.006325596012175085 -0.02430913038551808 0.08366650342941286
v -0.005247586406767369 -0.023702686652541168 0.08475247025489809
v -0.006325596012175085 -0.023553306236863143 0.08462422341108324
v -0.0046499976888299 -0.02960114367306233 0.0767432674765587
v -0.0046499976888299 -0.024491405114531524 0.08379851281642915
v -0.0046999985352158555 -0.02960114367306233 0.07674293220043184
v 0.005229479633271695 -0.04061637818813325 0.06143163517117502
v 0.005166552029550076 -0.0400991439819336 0.06217511743307115
v 0.004699996672570706 -0.04013369977474213 0.062200147658586516
v 0.005752666853368283 -0.040055729448795326 0.06214367598295213
v 0.005229479633271695 -0.04061637818813325 0.06143163517117502
v 0.005812860094010831 -0.04054749011993409 0.06138923391699792
v 0.005166552029550076 -0.0400991439819336 0.06217511743307115
v 0.005229479633271695 -0.04061637818813325 0.06143163517117502
v 0.005752666853368283 -0.040055729448795326 0.06214367598295213
v -0.005247586406767369 -0.02234483696520329 0.08614076673984529
v -0.0046499976888299 -0.02141675911843777 0.086906835436821
v -0.005247586406767369 -0.02081871218979359 0.08734163641929628
v -0.006325596012175085 -0.022213311865925792 0.08599426597356798
v -0.005247586406767369 -0.02234483696520329 0.08614076673984529
v -0.006325596012175085 -0.020707255229353908 0.08717934787273408
v -0.006325596012175085 -0.020707255229353908 0.08717934787273408
v -0.005247586406767369 -0.02234483696520329 0.08614076673984529
v -0.005247586406767369 -0.02081871218979359 0.08734163641929628
v -0.005247586406767369 -0.023702686652541168 0.08475247025489809
v -0.005247586406767369 -0.02234483696520329 0.08614076673984529
v -0.006325596012175085 -0.022213311865925792 0.08599426597356798
v -0.005247586406767369 -0.023702686652541168 0.08475247025489809
v -0.0046499976888299 -0.023055536672472957 0.0854543522000313
v -0.005247586406767369 -0.02234483696520329 0.08614076673984529
v -0.0046999985352158555 -0.04232768714427949 0.05675233900547029
v -0.0049871811643242845 -0.042192786931991584 0.057458374649286284
v -0.005502075888216496 -0.042188644409179694 0.05721805244684221
v -0.006223679520189764 0.042140107601881034 0.05363595858216287
v -0.006746002472937109 0.04206101223826409 0.05453988909721376
v -0.00618842337280512 0.04222752526402474 0.05453163012862207
v -0.006778084672987463 0.04197231680154801 0.05365714803338052
v -0.006746002472937109 0.04206101223826409 0.05453988909721376
v -0.006223679520189764 0.042140107601881034 0.05363595858216287
v -0.006746002472937109 0.04206101223826409 0.05453988909721376
v -0.006711260415613653 0.042083475738763816 0.055426940321922316
v -0.00618842337280512 0.04222752526402474 0.05453163012862207
v -0.013297685422003273 0.03506311029195786 0.0030999998562037953
v -0.007298314012587072 0.04183857142925263 0.054550919681787505
v -0.006746002472937109 0.04206101223826409 0.05453988909721376
v -0.013297685422003273 0.03506311029195786 0.0030999998562037953
v -0.006746002472937109 0.04206101223826409 0.05453988909721376
v -0.006778084672987463 0.04197231680154801 0.05365714803338052
v -0.007267327047884466 0.04186291992664338 0.05542111769318582
v -0.006746002472937109 0.04206101223826409 0.05453988909721376
v -0.007298314012587072 0.04183857142925263 0.054550919681787505
v -0.006711260415613653 0.042083475738763816 0.055426940321922316
v -0.006746002472937109 0.04206101223826409 0.05453988909721376
v -0.007267327047884466 0.04186291992664338 0.05542111769318582
v -0.005671241320669652 0.04225462675094605 0.05362149327993394
v -0.0045201266184449205 0.037226583808660514 0.0030999998562037953
v -0.008974337019026281 0.03641031682491303 0.0030999998562037953
v -0.0046999985352158555 0.042315751314163215 0.0533365234732628
v -7.421312453459452e-10 0.037500001490116126 0.0030999998562037953
v -0.0045201266184449205 0.037226583808660514 0.0030999998562037953
v -0.003275529248639942 0.035348564386367805 0.0004999999073334039
v -0.0045201266184449205 0.037226583808660514 0.0030999998562037953
v -7.421312453459452e-10 0.037500001490116126 0.0030999998562037953
v -0.017427124083042148 0.0332046002149582 0.0030999998562037953
v -0.013297685422003273 0.03506311029195786 0.0030999998562037953
v -0.01582371443510056 0.031778298318386085 0.0004999999073334039
v -0.017427124083042148 0.0332046002149582 0.0030999998562037953
v -0.01582371443510056 0.031778298318386085 0.0004999999073334039
v -0.019608952105045322 0.02959288470447064 0.0004999999073334039
v -0.01582371443510056 0.031778298318386085 0.0004999999073334039
v -0.01163242105394602 0.03301040455698968 -1.466450016973653e-10
v -0.015600838698446754 0.03133071586489678 -1.466450016973653e-10
v -0.01933277398347855 0.02917608432471753 -1.466450016973653e-10
v -0.01582371443510056 0.031778298318386085 0.0004999999073334039
v -0.015600838698446754 0.03133071586489678 -1.466450016973653e-10
v -0.019608952105045322 0.02959288470447064 0.0004999999073334039
v -0.01582371443510056 0.031778298318386085 0.0004999999073334039
v -0.01933277398347855 0.02917608432471753 -1.466450016973653e-10
v -0.00786206964403391 0.04147120192646981 0.05372043699026109
v -0.017427124083042148 0.0332046002149582 0.0030999998562037953
v -0.021302424371242527 0.030861895531415946 0.0030999998562037953
v -0.007810161449015142 0.041585311293602 0.055413790047168746
v -0.00786206964403391 0.04147120192646981 0.05372043699026109
v -0.021302424371242527 0.030861895531415946 0.0030999998562037953
v -0.017427124083042148 0.0332046002149582 0.0030999998562037953
v -0.00786206964403391 0.04147120192646981 0.05372043699026109
v -0.007298314012587072 0.04183857142925263 0.054550919681787505
v -0.007810161449015142 0.041585311293602 0.055413790047168746
v -0.007298314012587072 0.04183857142925263 0.054550919681787505
v -0.00786206964403391 0.04147120192646981 0.05372043699026109
v -0.007683821953833105 -0.04106558859348298 0.05873101949691774
v -0.008223869837820532 -0.0407533422112465 0.0586255192756653
v -0.007750884629786016 -0.04144906997680665 0.05708651244640352
v -0.008280836977064611 -0.04112236201763154 0.05702840536832811
v -0.007750884629786016 -0.04144906997680665 0.05708651244640352
v -0.008223869837820532 -0.0407533422112465 0.0586255192756653
v -0.008280836977064611 -0.04112236201763154 0.05702840536832811
v -0.008223869837820532 -0.0407533422112465 0.0586255192756653
v -0.008733511902391912 -0.04038771241903306 0.0585019811987877
v -0.008681320585310461 -0.03980369865894318 0.059989638626575484
v -0.008733511902391912 -0.04038771241903306 0.0585019811987877
v -0.008223869837820532 -0.0407533422112465 0.0586255192756653
v -0.008681320585310461 -0.03980369865894318 0.059989638626575484
v -0.008223869837820532 -0.0407533422112465 0.0586255192756653
v -0.008160554803907873 -0.04014596343040467 0.06016626209020616
v -0.03409669548273087 -0.009699730202555658 0.0004999999073334039
v -0.034427784383296973 -0.008658936247229578 0.0004999999073334039
v -0.03394288569688798 -0.00853698141872883 -1.466450155751531e-10
v -0.03394288569688798 -0.00853698141872883 -1.466450155751531e-10
v -0.03263653069734574 -0.012643458321690563 -1.466450155751531e-10
v -0.03409669548273087 -0.009699730202555658 0.0004999999073334039
v -0.035030238330364234 -0.005436124280095101 0.0004999999073334039
v -0.03394288569688798 -0.00853698141872883 -1.466450155751531e-10
v -0.034427784383296973 -0.008658936247229578 0.0004999999073334039
v -0.035030238330364234 -0.005436124280095101 0.0004999999073334039
v -0.03473471850156785 -0.00430109165608883 -1.466450016973653e-10
v -0.03394288569688798 -0.00853698141872883 -1.466450155751531e-10
v -0.001969613833352924 -0.030847297981381423 -0.002739777555689216
v -0.03394288569688798 -0.00853698141872883 -1.466450155751531e-10
v -0.03473471850156785 -0.00430109165608883 -1.466450016973653e-10
v -0.001969613833352924 -0.030847297981381423 -0.002739777555689216
v -0.0018793873023241763 -0.03118404187262059 -0.002739777555689216
v -0.03394288569688798 -0.00853698141872883 -1.466450155751531e-10
v -0.03263653069734574 -0.012643458321690563 -1.466450155751531e-10
v -0.03394288569688798 -0.00853698141872883 -1.466450155751531e-10
v -0.0018793873023241763 -0.03118404187262059 -0.002739777555689216
v -0.018663100898265842 -0.030138978734612472 0.0004999999073334039
v -0.01933277398347855 -0.02917608432471753 -1.466450155751531e-10
v -0.01582371443510056 -0.031778298318386085 0.0004999999073334039
v -0.01933277398347855 -0.02917608432471753 -1.466450155751531e-10
v -0.018663100898265842 -0.030138978734612472 0.0004999999073334039
v -0.019608952105045322 -0.02959288470447064 0.0004999999073334039
v -0.01582371443510056 -0.031778298318386085 0.0004999999073334039
v -0.017427124083042148 -0.0332046002149582 0.0030999998562037953
v -0.018663100898265842 -0.030138978734612472 0.0004999999073334039
v -0.019608952105045322 -0.02959288470447064 0.0004999999073334039
v -0.018663100898265842 -0.030138978734612472 0.0004999999073334039
v -0.017427124083042148 -0.0332046002149582 0.0030999998562037953
v -0.001532085938379169 -0.03178557008504868 -0.002739777555689216
v -0.0285668894648552 -0.020222084596753124 -1.466450155751531e-10
v -0.0017320520710200076 -0.03149999678134919 -0.002739777555689216
v -0.030835427343845374 -0.016558272764086727 -1.466450155751531e-10
v -0.0017320520710200076 -0.03149999678134919 -0.002739777555689216
v -0.0285668894648552 -0.020222084596753124 -1.466450155751531e-10
v -0.02623481303453446 -0.023916194215416915 0.0004999999073334039
v -0.028974987566471107 -0.02051096968352795 0.0004999999073334039
v -0.0285668894648552 -0.020222084596753124 -1.466450155751531e-10
v -0.030700974166393287 -0.017723416909575466 0.0004999999073334039
v -0.0285668894648552 -0.020222084596753124 -1.466450155751531e-10
v -0.028974987566471107 -0.02051096968352795 0.0004999999073334039
v -0.030835427343845374 -0.016558272764086727 -1.466450155751531e-10
v -0.0285668894648552 -0.020222084596753124 -1.466450155751531e-10
v -0.030700974166393287 -0.017723416909575466 0.0004999999073334039
v -0.001532085938379169 -0.03178557008504868 -0.002739777555689216
v -0.001285576028749347 -0.0320320874452591 -0.002739777555689216
v -0.02586530894041062 -0.023579346016049392 -1.466450155751531e-10
v -0.022771634161472324 -0.026579173281788833 -1.466450155751531e-10
v -0.02586530894041062 -0.023579346016049392 -1.466450155751531e-10
v -0.001285576028749347 -0.0320320874452591 -0.002739777555689216
v -0.02586530894041062 -0.023579346016049392 -1.466450155751531e-10
v -0.0285668894648552 -0.020222084596753124 -1.466450155751531e-10
v -0.001532085938379169 -0.03178557008504868 -0.002739777555689216
v -0.0285668894648552 -0.020222084596753124 -1.466450155751531e-10
v -0.02586530894041062 -0.023579346016049392 -1.466450155751531e-10
v -0.02623481303453446 -0.023916194215416915 0.0004999999073334039
v -0.023096956312656406 -0.026958873495459564 0.0004999999073334039
v -0.02623481303453446 -0.023916194215416915 0.0004999999073334039
v -0.02586530894041062 -0.023579346016049392 -1.466450155751531e-10
v -0.022771634161472324 -0.026579173281788833 -1.466450155751531e-10
v -0.023096956312656406 -0.026958873495459564 0.0004999999073334039
v -0.02586530894041062 -0.023579346016049392 -1.466450155751531e-10
v -0.005164527334272862 -0.0423535779118538 0.05395000800490381
v -0.005671591497957707 -0.04225347191095353 0.05361285805702211
v -0.0045201266184449205 -0.037226580083370216 0.0030999998562037953
v -0.005164527334272862 -0.0423535779118538 0.05395000800490381
v -0.005633936263620854 -0.04233926534652711 0.05450973287224771
v -0.005671591497957707 -0.04225347191095353 0.05361285805702211
v -0.008974337019026281 -0.03641031682491303 0.0030999998562037953
v -0.0045201266184449205 -0.037226580083370216 0.0030999998562037953
v -0.005671591497957707 -0.04225347191095353 0.05361285805702211
v -0.005671591497957707 -0.04225347191095353 0.05361285805702211
v -0.006223999895155432 -0.042138941586017616 0.0536274090409279
v -0.008974337019026281 -0.03641031682491303 0.0030999998562037953
v -0.005633936263620854 -0.04233926534652711 0.05450973287224771
v -0.0061890939250588434 -0.04222676157951356 0.05451546609401704
v -0.005671591497957707 -0.04225347191095353 0.05361285805702211
v -0.006223999895155432 -0.042138941586017616 0.0536274090409279
v -0.005671591497957707 -0.04225347191095353 0.05361285805702211
v -0.0061890939250588434 -0.04222676157951356 0.05451546609401704
v -0.0049871811643242845 -0.042192786931991584 0.057458374649286284
v -0.005452693440020085 -0.04200423508882523 0.058099411427974715
v -0.005502075888216496 -0.042188644409179694 0.05721805244684221
v -0.004919477738440038 -0.041918441653251655 0.05857678875327112
v -0.005452693440020085 -0.04200423508882523 0.058099411427974715
v -0.0046999985352158555 -0.04211356490850449 0.05788851901888849
v -0.0046999985352158555 -0.04211356490850449 0.05788851901888849
v -0.005452693440020085 -0.04200423508882523 0.058099411427974715
v -0.0049871811643242845 -0.042192786931991584 0.057458374649286284
v -0.006110304035246374 -0.04220126569271088 0.05630814284086229
v -0.00615124497562647 -0.04224782437086106 0.0554093010723591
v -0.0055931294336915025 -0.04235737025737763 0.05541199073195459
v -0.00671213958412409 -0.04208372533321381 0.05540527403354646
v -0.0061890939250588434 -0.04222676157951356 0.05451546609401704
v -0.00615124497562647 -0.04224782437086106 0.0554093010723591
v -0.005633936263620854 -0.04233926534652711 0.05450973287224771
v -0.00615124497562647 -0.04224782437086106 0.0554093010723591
v -0.0061890939250588434 -0.04222676157951356 0.05451546609401704
v -0.0055931294336915025 -0.04235737025737763 0.05541199073195459
v -0.00615124497562647 -0.04224782437086106 0.0554093010723591
v -0.005633936263620854 -0.04233926534652711 0.05450973287224771
v -0.00671213958412409 -0.04208372533321381 0.05540527403354646
v -0.00726811680942774 -0.0418631061911583 0.0553998574614525
v -0.006746613420546057 -0.04206021130084992 0.05452395603060724
v -0.007327177561819555 -0.0417483076453209 0.05367703363299371
v -0.00726811680942774 -0.0418631061911583 0.0553998574614525
v -0.007810846902430059 -0.04158544540405274 0.05539304018020631
v -0.006746613420546057 -0.04206021130084992 0.05452395603060724
v -0.00726811680942774 -0.0418631061911583 0.0553998574614525
v -0.007327177561819555 -0.0417483076453209 0.05367703363299371
v -0.006635085679590704 -0.04193184524774552 0.057172376662492766
v -0.006674841977655889 -0.04204078763723374 0.05629197880625726
v -0.006110304035246374 -0.04220126569271088 0.05630814284086229
v -0.007199340499937536 -0.041719228029251106 0.05713456124067308
v -0.006674841977655889 -0.04204078763723374 0.05629197880625726
v -0.006635085679590704 -0.04193184524774552 0.057172376662492766
v -0.00615124497562647 -0.04224782437086106 0.0554093010723591
v -0.006110304035246374 -0.04220126569271088 0.05630814284086229
v -0.006674841977655889 -0.04204078763723374 0.05629197880625726
v -0.00615124497562647 -0.04224782437086106 0.0554093010723591
v -0.006674841977655889 -0.04204078763723374 0.05629197880625726
v -0.00671213958412409 -0.04208372533321381 0.05540527403354646
v -0.00873170141130686 0.03893065825104714 0.061328846961259856
v -0.00861878786236048 0.0389946922659874 0.06137522310018541
v -0.008160226978361608 0.040142972022295005 0.06017404422163965
v -0.00861878786236048 0.0389946922659874 0.06137522310018541
v -0.007825003005564215 0.039444848895072944 0.0617012456059456
v -0.008160226978361608 0.040142972022295005 0.06017404422163965
v 0.006325594149529936 0.020707257091999057 0.08717934787273408
v 0.00524758454412222 0.02081871405243874 0.08734163641929628
v 0.00999999698251486 0.015449999831616882 0.0900000035762787
v 0.00524758454412222 0.02081871405243874 0.08734163641929628
v 0.00524758454412222 0.019149996340274814 0.0883348733186722
v 0.00999999698251486 0.015449999831616882 0.0900000035762787
v 0.00524758454412222 0.02081871405243874 0.08734163641929628
v 0.006325594149529936 0.020707257091999057 0.08717934787273408
v 0.00524758454412222 0.02234483696520329 0.08614076673984529
v 0.004650003276765347 0.019162809476256374 0.08835997432470323
v 0.00524758454412222 0.02081871405243874 0.08734163641929628
v 0.004650003276765347 0.020834667608141903 0.08736486732959749
v 0.00524758454412222 0.019149996340274814 0.0883348733186722
v 0.00524758454412222 0.02081871405243874 0.08734163641929628
v 0.004650003276765347 0.019162809476256374 0.08835997432470323
v -0.007353701628744604 0.02195992693305016 0.0857120305299759
v -0.00999999884516001 0.015449999831616882 0.0900000035762787
v -0.006325596012175085 0.022213311865925792 0.08599426597356798
v -0.00830128137022257 0.02284791134297848 0.08401863276958467
v -0.00914012733846903 0.022312901914119724 0.0835593268275261
v -0.00999999884516001 0.015449999831616882 0.0900000035762787
v -0.00914012733846903 0.022312901914119724 0.0835593268275261
v -0.00830128137022257 0.02284791134297848 0.08401863276958467
v -0.00871646497398615 0.023273522034287456 0.08291646838188173
v 0.00524758454412222 0.02081871405243874 0.08734163641929628
v 0.004650003276765347 0.022363662719726566 0.08616174012422563
v 0.004650003276765347 0.020834667608141903 0.08736486732959749
v 0.00524758454412222 0.02081871405243874 0.08734163641929628
v 0.00524758454412222 0.02234483696520329 0.08614076673984529
v 0.004650003276765347 0.022363662719726566 0.08616174012422563
v 0.00524758454412222 0.02234483696520329 0.08614076673984529
v 0.00524758454412222 0.023702688515186317 0.08475247025489809
v 0.004650003276765347 0.022363662719726566 0.08616174012422563
v 0.03318814188241959 0.017419042065739635 0.029950000345706947
v 0.03429657220840455 0.01509577222168446 0.030547589063644416
v 0.0343223661184311 0.015107125043869022 0.029950000345706947
v -0.008780234493315222 0.040740750730037696 0.056967888027429595
v -0.009203703142702581 0.03996789827942849 0.05837853997945787
v -0.00873293820768595 0.04038232937455178 0.05851935967803003
v -0.009241291321814062 0.04031093418598176 0.056891135871410384
v -0.009203703142702581 0.03996789827942849 0.05837853997945787
v -0.008780234493315222 0.040740750730037696 0.056967888027429595
v -0.009203703142702581 0.03996789827942849 0.05837853997945787
v -0.009241291321814062 0.04031093418598176 0.056891135871410384
v -0.009627894498407842 0.039510410279035575 0.05822308734059335
v -0.00873293820768595 0.04038232937455178 0.05851935967803003
v -0.009203703142702581 0.03996789827942849 0.05837853997945787
v -0.009162456728518011 0.03941106423735619 0.05979565158486368
v -0.009162456728518011 0.03941106423735619 0.05979565158486368
v -0.009203703142702581 0.03996789827942849 0.05837853997945787
v -0.009596475400030615 0.038979429751634605 0.05957249924540521
v -0.009203703142702581 0.03996789827942849 0.05837853997945787
v -0.009627894498407842 0.039510410279035575 0.05822308734059335
v -0.009596475400030615 0.038979429751634605 0.05957249924540521
v -0.029368646442890174 0.022954391315579418 0.03162559494376183
v -0.029523752629756934 0.02307563275098801 0.030547589063644416
v -0.031333707273006446 0.020550817251205448 0.030547589063644416
v -0.029368646442890174 0.022954391315579418 0.03162559494376183
v -0.009627894498407842 0.039510410279035575 0.05822308734059335
v -0.029523752629756934 0.02307563275098801 0.030547589063644416
v -0.029523752629756934 0.02307563275098801 0.030547589063644416
v -0.009241291321814062 0.04031093418598176 0.056891135871410384
v -0.027510903775691993 0.025441849604249007 0.030547589063644416
v -0.009241291321814062 0.04031093418598176 0.056891135871410384
v -0.029523752629756934 0.02307563275098801 0.030547589063644416
v -0.009627894498407842 0.039510410279035575 0.05822308734059335
v 0.007810159586369993 -0.041585311293602 0.055413790047168746
v 0.007298312149941923 -0.04183857142925263 0.054550919681787505
v 0.007862067781388761 -0.04147119820117951 0.05372043699026109
v 0.007298312149941923 -0.04183857142925263 0.054550919681787505
v 0.01742711663246155 -0.0332046002149582 0.0030999998562037953
v 0.007862067781388761 -0.04147119820117951 0.05372043699026109
v 0.01742711663246155 -0.0332046002149582 0.0030999998562037953
v 0.007298312149941923 -0.04183857142925263 0.054550919681787505
v 0.013297683559358123 -0.03506311029195786 0.0030999998562037953
v 0.00674600061029196 -0.04206100851297379 0.05453988909721376
v 0.013297683559358123 -0.03506311029195786 0.0030999998562037953
v 0.007298312149941923 -0.04183857142925263 0.054550919681787505
v 0.00674600061029196 -0.04206100851297379 0.05453988909721376
v 0.006711258552968504 -0.04208347201347352 0.055426940321922316
v 0.006188421510159971 -0.04222752153873444 0.05453163012862207
v 0.009162454865872862 -0.039411060512065894 0.05979565158486368
v 0.00873169954866171 -0.03893065452575684 0.061328846961259856
v 0.00868105795234442 -0.03980082273483277 0.05999715626239778
v 0.00910071935504675 -0.03863178938627244 0.061112392693758025
v 0.009514383040368559 -0.03829676657915116 0.060869753360748305
v 0.00873169954866171 -0.03893065452575684 0.061328846961259856
v 0.009162454865872862 -0.039411060512065894 0.05979565158486368
v 0.00910071935504675 -0.03863178938627244 0.061112392693758025
v 0.00873169954866171 -0.03893065452575684 0.061328846961259856
v 0.009514383040368559 -0.03829676657915116 0.060869753360748305
v 0.00910071935504675 -0.03863178938627244 0.061112392693758025
v 0.009162454865872862 -0.039411060512065894 0.05979565158486368
v 0.00962790008634329 -0.03951040655374528 0.05822308734059335
v 0.00924129690974951 -0.04031093418598176 0.056891135871410384
v 0.02952376008033753 -0.02307563088834286 0.030547589063644416
v 0.031169079244136817 -0.02044284157454968 0.03162559494376183
v 0.00962790008634329 -0.03951040655374528 0.05822308734059335
v 0.029368638992309577 -0.022954391315579418 0.03162559494376183
v 0.009596473537385465 -0.038979426026344306 0.05957249924540521
v 0.00962790008634329 -0.03951040655374528 0.05822308734059335
v 0.031169079244136817 -0.02044284157454968 0.03162559494376183
v 0.029368638992309577 -0.022954391315579418 0.03162559494376183
v 0.00962790008634329 -0.03951040655374528 0.05822308734059335
v 0.02952376008033753 -0.02307563088834286 0.030547589063644416
v 0.004650003276765347 -0.020834667608141903 0.08736486732959749
v 0.004650003276765347 -0.02141675911843777 0.086906835436821
v 0.00524758454412222 -0.02081871218979359 0.08734163641929628
v 0.00524758454412222 -0.023702686652541168 0.08475247025489809
v 0.006325594149529936 -0.023553306236863143 0.08462422341108324
v 0.006325594149529936 -0.022213311865925792 0.08599426597356798
v 0.006325594149529936 -0.023553306236863143 0.08462422341108324
v 0.00524758454412222 -0.023702686652541168 0.08475247025489809
v 0.006325594149529936 -0.02430913038551808 0.08366650342941286
v 0.03429657220840455 -0.01509577222168446 0.030547589063644416
v 0.032755292952060706 -0.01779078878462315 0.03162559494376183
v 0.03292829543352128 -0.017884755507111553 0.030547589063644416
v 0.031333707273006446 -0.0205508153885603 0.030547589063644416
v 0.03292829543352128 -0.017884755507111553 0.030547589063644416
v 0.032755292952060706 -0.01779078878462315 0.03162559494376183
v 0.036345496773719795 -0.009233368560671808 0.029950000345706947
v 0.03631818294525147 -0.009226432070136072 0.030547589063644416
v 0.03542912751436234 -0.012203035876154903 0.030547589063644416
v 0.0352429822087288 -0.012138919904828075 0.03162559494376183
v 0.03631818294525147 -0.009226432070136072 0.030547589063644416
v 0.036127366125583656 -0.009177954867482187 0.03162559494376183
v 0.03542912751436234 -0.012203035876154903 0.030547589063644416
v 0.03631818294525147 -0.009226432070136072 0.030547589063644416
v 0.0352429822087288 -0.012138919904828075 0.03162559494376183
v -0.005633213557302953 0.04233998060226441 0.05452605336904527
v -0.005148150958120824 0.04238511249423028 0.05431739240884782
v -0.005671241320669652 0.04225462675094605 0.05362149327993394
v -0.005633213557302953 0.04233998060226441 0.05452605336904527
v -0.0046999985352158555 0.04244334995746613 0.05506549403071405
v -0.005148150958120824 0.04238511249423028 0.05431739240884782
v -0.0046999985352158555 0.042442470788955695 0.05503139272332193
v -0.0046999985352158555 0.042428351938724525 0.0544838383793831
v -0.005148150958120824 0.04238511249423028 0.05431739240884782
v -0.0046999985352158555 0.042442470788955695 0.05503139272332193
v -0.005148150958120824 0.04238511249423028 0.05431739240884782
v -0.0046999985352158555 0.04244334995746613 0.05506549403071405
v -0.0046999985352158555 0.042315751314163215 0.0533365234732628
v -0.005148150958120824 0.04238511249423028 0.05431739240884782
v -0.0046999985352158555 0.042428351938724525 0.0544838383793831
v -0.005148150958120824 0.04238511249423028 0.05431739240884782
v -0.0045201266184449205 0.037226583808660514 0.0030999998562037953
v -0.005671241320669652 0.04225462675094605 0.05362149327993394
v -0.0045201266184449205 0.037226583808660514 0.0030999998562037953
v -0.005148150958120824 0.04238511249423028 0.05431739240884782
v -0.0046999985352158555 0.042315751314163215 0.0533365234732628
v -0.006020204164087774 0.041905868798494346 0.05808561295270921
v -0.006066286005079748 0.042086265981197364 0.057208154350519194
v -0.0065926695242524164 0.04175588861107827 0.05804700776934625
v -0.006066286005079748 0.042086265981197364 0.057208154350519194
v -0.006634713150560858 0.041930552572011955 0.057180348783731474
v -0.0065926695242524164 0.04175588861107827 0.05804700776934625
v -0.005501636303961278 0.04218725860118867 0.05722618848085405
v -0.006066286005079748 0.042086265981197364 0.057208154350519194
v -0.006020204164087774 0.041905868798494346 0.05808561295270921
v -0.006634713150560858 0.041930552572011955 0.057180348783731474
v -0.006066286005079748 0.042086265981197364 0.057208154350519194
v -0.006109596230089666 0.04220010712742806 0.05632339790463449
v -0.005548262037336827 0.04230573028326035 0.05633417516946794
v -0.006109596230089666 0.04220010712742806 0.05632339790463449
v -0.006066286005079748 0.042086265981197364 0.057208154350519194
v -0.005501636303961278 0.04218725860118867 0.05722618848085405
v -0.005548262037336827 0.04230573028326035 0.05633417516946794
v -0.006066286005079748 0.042086265981197364 0.057208154350519194
v 0.00882235821336508 0.04086510837078095 0.05537535995244981
v 0.02532798796892167 0.027653988450765617 0.029950000345706947
v 0.024853840470314033 0.028053408488631255 0.029950000345706947
v 0.022950306534767154 0.02965692803263665 0.029950000345706947
v 0.00882235821336508 0.04086510837078095 0.05537535995244981
v 0.024853840470314033 0.028053408488631255 0.029950000345706947
v 0.024867102503776557 0.028069153428077705 0.0030999998562037953
v 0.024853840470314033 0.028053408488631255 0.029950000345706947
v 0.02532798796892167 0.027653988450765617 0.029950000345706947
v 0.022950306534767154 0.02965692803263665 0.029950000345706947
v 0.024853840470314033 0.028053408488631255 0.029950000345706947
v 0.024867102503776557 0.028069153428077705 0.0030999998562037953
v -0.006501563824713232 0.041212975978851325 0.05973608046770097
v -0.005971320904791357 0.041658341884613044 0.05895293876528741
v -0.006548040546476843 0.041515074670314796 0.05890425667166711
v -0.006548040546476843 0.041515074670314796 0.05890425667166711
v -0.005971320904791357 0.041658341884613044 0.05895293876528741
v -0.006020204164087774 0.041905868798494346 0.05808561295270921
v -0.005452060140669347 0.042001489549875266 0.05811022594571115
v -0.006020204164087774 0.041905868798494346 0.05808561295270921
v -0.005971320904791357 0.041658341884613044 0.05895293876528741
v -0.0046999985352158555 0.042224127799272544 0.05737579241394998
v -0.005501636303961278 0.04218725860118867 0.05722618848085405
v -0.004959166981279851 0.042090214788913734 0.05793309956789018
v -0.005452060140669347 0.042001489549875266 0.05811022594571115
v -0.004959166981279851 0.042090214788913734 0.05793309956789018
v -0.005501636303961278 0.04218725860118867 0.05722618848085405
v -0.0046999985352158555 0.04195081070065499 0.05850002542138101
v -0.004959166981279851 0.042090214788913734 0.05793309956789018
v -0.005452060140669347 0.042001489549875266 0.05811022594571115
v 0.004699996672570706 0.04244236275553704 0.05503135919570924
v 0.004699996672570706 0.04243226349353791 0.055602755397558226
v 0.005111589096486569 0.0424145981669426 0.05510138347744943
v 0.004699996672570706 0.042327694594860084 0.05675233900547029
v 0.004699996672570706 0.04243226349353791 0.055602755397558226
v -0.0046999985352158555 0.0423889309167862 0.05623016878962518
v -0.0046999985352158555 0.0423889309167862 0.05623016878962518
v 0.004699996672570706 0.04243226349353791 0.055602755397558226
v -0.0046999985352158555 0.04244334995746613 0.05506549403071405
v 0.004699996672570706 0.04244236275553704 0.05503135919570924
v -0.0046999985352158555 0.04244334995746613 0.05506549403071405
v 0.004699996672570706 0.04243226349353791 0.055602755397558226
v -0.007036783732473852 0.04066958278417588 0.06044630333781244
v -0.006453291513025762 0.04085098579525948 0.060540087521076216
v -0.006501563824713232 0.041212975978851325 0.05973608046770097
v 0.00524758454412222 0.024468582123517997 0.08378198742866518
v 0.004699996672570706 0.02960114367306233 0.07674293220043184
v 0.004650003276765347 0.024491405114531524 0.08379851281642915
v 0.00524758454412222 0.024468582123517997 0.08378198742866518
v 0.004699996672570706 0.04013370350003243 0.062200147658586516
v 0.004699996672570706 0.02960114367306233 0.07674293220043184
v 0.004650003276765347 0.02960114367306233 0.0767432674765587
v 0.004699996672570706 0.02960114367306233 0.07674293220043184
v 0.004699996672570706 0.04013370350003243 0.062200147658586516
v 0.004699996672570706 0.02960114367306233 0.07674293220043184
v 0.004650003276765347 0.02960114367306233 0.0767432674765587
v 0.004650003276765347 0.024491405114531524 0.08379851281642915
v 0.029545962810516364 0.023092987015843395 0.029950000345706947
v 0.02952376008033753 0.02307563275098801 0.030547589063644416
v 0.030840530991554267 0.0212871115654707 0.029950000345706947
v 0.031333707273006446 0.020550817251205448 0.030547589063644416
v 0.030840530991554267 0.0212871115654707 0.029950000345706947
v 0.02952376008033753 0.02307563275098801 0.030547589063644416
v 0.029545962810516364 0.023092987015843395 0.029950000345706947
v 0.030840530991554267 0.0212871115654707 0.029950000345706947
v 0.030861899256706245 0.021302428096532825 0.0030999998562037953
v 0.031333707273006446 0.020550817251205448 0.030547589063644416
v 0.03295306116342545 0.01789820566773415 0.029950000345706947
v 0.031357273459434516 0.020566271618008617 0.029950000345706947
v 0.030861899256706245 0.021302428096532825 0.0030999998562037953
v 0.031357273459434516 0.020566271618008617 0.029950000345706947
v 0.0332046002149582 0.0174271184951067 0.0030999998562037953
v 0.03295306116342545 0.01789820566773415 0.029950000345706947
v 0.0332046002149582 0.0174271184951067 0.0030999998562037953
v 0.031357273459434516 0.020566271618008617 0.029950000345706947
v 0.030840530991554267 0.0212871115654707 0.029950000345706947
v 0.031357273459434516 0.020566271618008617 0.029950000345706947
v 0.030861899256706245 0.021302428096532825 0.0030999998562037953
v 0.031333707273006446 0.020550817251205448 0.030547589063644416
v 0.031357273459434516 0.020566271618008617 0.029950000345706947
v 0.030840530991554267 0.0212871115654707 0.029950000345706947
v 0.0367688611149788 0.0030561464373022327 0.03265369683504105
v 0.03727494180202485 1.2185968900624291e-10 0.03162559494376183
v 0.03714684396982194 0.003087563673034311 0.03162559494376183
v 0.03714684396982194 0.003087563673034311 0.03162559494376183
v 0.036763444542884834 0.006153905764222147 0.03162559494376183
v 0.0367688611149788 0.0030561464373022327 0.03265369683504105
v 0.036345496773719795 0.009233368560671808 0.029950000345706947
v 0.03695762157440186 0.006186410784721376 0.030547589063644416
v 0.03698541224002839 0.006191063672304155 0.029950000345706947
v 0.03719484061002732 0.004516156390309335 0.029950000345706947
v 0.03698541224002839 0.006191063672304155 0.029950000345706947
v 0.03695762157440186 0.006186410784721376 0.030547589063644416
v 0.036763444542884834 0.006153905764222147 0.03162559494376183
v 0.03695762157440186 0.006186410784721376 0.030547589063644416
v 0.036127366125583656 0.009177953004837038 0.03162559494376183
v 0.03545577079057694 0.012212214991450313 0.029950000345706947
v 0.03542912751436234 0.012203035876154903 0.030547589063644416
v 0.036345496773719795 0.009233368560671808 0.029950000345706947
v 0.03429657220840455 0.01509577222168446 0.030547589063644416
v 0.034116379916667945 0.015016458928585056 0.03162559494376183
v 0.03542912751436234 0.012203035876154903 0.030547589063644416
v 0.03429657220840455 0.01509577222168446 0.030547589063644416
v 0.03542912751436234 0.012203035876154903 0.030547589063644416
v 0.0343223661184311 0.015107125043869022 0.029950000345706947
v -0.0006840385613031686 -0.03237938135862351 -0.002739777555689216
v -0.01163242105394602 -0.03301040083169938 -1.466450155751531e-10
v -0.015600838698446754 -0.03133071213960648 -1.466450155751531e-10
v -0.01163242105394602 -0.03301040083169938 -1.466450155751531e-10
v -0.0006840385613031686 -0.03237938135862351 -0.002739777555689216
v -0.0074876556172966974 -0.03418968617916108 -1.466450155751531e-10
v -0.007594623602926733 -0.03467811644077302 0.0004999999073334039
v -0.01163242105394602 -0.03301040083169938 -1.466450155751531e-10
v -0.0074876556172966974 -0.03418968617916108 -1.466450155751531e-10
v -0.007594623602926733 -0.03467811644077302 0.0004999999073334039
v -0.010748104192316534 -0.03378087282180787 0.0004999999073334039
v -0.01163242105394602 -0.03301040083169938 -1.466450155751531e-10
v -0.013297685422003273 -0.03506311029195786 0.0030999998562037953
v -0.008974337019026281 -0.03641031682491303 0.0030999998562037953
v -0.00677838269621134 -0.0419711396098137 0.0536487251520157
v -0.01582371443510056 -0.031778298318386085 0.0004999999073334039
v -0.013297685422003273 -0.03506311029195786 0.0030999998562037953
v -0.017427124083042148 -0.0332046002149582 0.0030999998562037953
v -0.017427124083042148 -0.0332046002149582 0.0030999998562037953
v -0.013297685422003273 -0.03506311029195786 0.0030999998562037953
v -0.007327177561819555 -0.0417483076453209 0.05367703363299371
v -0.006746613420546057 -0.04206021130084992 0.05452395603060724
v -0.013297685422003273 -0.03506311029195786 0.0030999998562037953
v -0.00677838269621134 -0.0419711396098137 0.0536487251520157
v -0.006746613420546057 -0.04206021130084992 0.05452395603060724
v -0.007327177561819555 -0.0417483076453209 0.05367703363299371
v -0.013297685422003273 -0.03506311029195786 0.0030999998562037953
v -0.0070372233167290705 -0.04067277908325196 0.060438122600317015
v -0.006991983391344549 -0.04025853425264359 0.06120879948139192
v -0.007569790817797186 -0.04003416746854783 0.061070755124092116
v -0.007569790817797186 -0.04003416746854783 0.061070755124092116
v -0.006991983391344549 -0.04025853425264359 0.06120879948139192
v -0.006821827031672003 -0.03982371091842652 0.06197563558816911
v -0.006403275765478613 -0.040429569780826576 0.06131403148174287
v -0.006821827031672003 -0.03982371091842652 0.06197563558816911
v -0.006991983391344549 -0.04025853425264359 0.06120879948139192
v -0.006453783251345159 -0.04085426777601243 0.06053177639842035
v -0.006991983391344549 -0.04025853425264359 0.06120879948139192
v -0.0070372233167290705 -0.04067277908325196 0.060438122600317015
v -0.006991983391344549 -0.04025853425264359 0.06120879948139192
v -0.006453783251345159 -0.04085426777601243 0.06053177639842035
v -0.006403275765478613 -0.040429569780826576 0.06131403148174287
v -0.006593205966055395 -0.0417584851384163 0.05803639814257623
v -0.007161923684179785 -0.041551843285560615 0.05798341333866121
v -0.006635085679590704 -0.04193184524774552 0.057172376662492766
v -0.006066695787012579 -0.04208760708570481 0.05720008164644243
v -0.006593205966055395 -0.0417584851384163 0.05803639814257623
v -0.006635085679590704 -0.04193184524774552 0.057172376662492766
v -0.0070372233167290705 -0.04067277908325196 0.060438122600317015
v -0.007569790817797186 -0.04003416746854783 0.061070755124092116
v -0.007609338499605657 -0.04043645411729813 0.06031616777181627
v -0.008160554803907873 -0.04014596343040467 0.06016626209020616
v -0.007609338499605657 -0.04043645411729813 0.06031616777181627
v -0.007569790817797186 -0.04003416746854783 0.061070755124092116
v -0.0070372233167290705 -0.04067277908325196 0.060438122600317015
v -0.007609338499605657 -0.04043645411729813 0.06031616777181627
v -0.007080898620188238 -0.04102877527475358 0.0596371926367283
v 0.004699996672570706 -0.02960114367306233 0.07674293220043184
v 0.004650003276765347 -0.02960114367306233 0.0767432674765587
v 0.004699996672570706 -0.04013369977474213 0.062200147658586516
v -0.005247586406767369 -0.024468580260872848 0.08378198742866518
v -0.006325596012175085 -0.02430913038551808 0.08366650342941286
v -0.005752668716013432 -0.040055729448795326 0.06214367598295213
v -0.006325596012175085 -0.02430913038551808 0.08366650342941286
v -0.005247586406767369 -0.024468580260872848 0.08378198742866518
v -0.005247586406767369 -0.023702686652541168 0.08475247025489809
v -0.0046499976888299 -0.024491405114531524 0.08379851281642915
v -0.005247586406767369 -0.024468580260872848 0.08378198742866518
v -0.0046999985352158555 -0.02960114367306233 0.07674293220043184
v -0.005166553892195226 -0.0400991439819336 0.06217511743307115
v -0.005247586406767369 -0.024468580260872848 0.08378198742866518
v -0.005752668716013432 -0.040055729448795326 0.06214367598295213
v -0.0046999985352158555 -0.02960114367306233 0.07674293220043184
v -0.005247586406767369 -0.024468580260872848 0.08378198742866518
v -0.0046999985352158555 -0.04013369977474213 0.062200147658586516
v -0.005166553892195226 -0.0400991439819336 0.06217511743307115
v -0.0046999985352158555 -0.04013369977474213 0.062200147658586516
v -0.005247586406767369 -0.024468580260872848 0.08378198742866518
v 0.005229479633271695 -0.04061637818813325 0.06143163517117502
v 0.004699996672570706 -0.04013369977474213 0.062200147658586516
v 0.004700004123151303 -0.04053251445293427 0.061614379286766066
v 0.005229479633271695 -0.04061637818813325 0.06143163517117502
v 0.004700004123151303 -0.04053251445293427 0.061614379286766066
v 0.004736452363431455 -0.04080547392368317 0.06116462126374246
v 0.004700004123151303 -0.04053251445293427 0.061614379286766066
v 0.004699996672570706 -0.040809802711009986 0.061158120632171645
v 0.004736452363431455 -0.04080547392368317 0.06116462126374246
v 0.004699996672570706 -0.04013369977474213 0.062200147658586516
v -0.0046999985352158555 -0.04013369977474213 0.062200147658586516
v 0.004700004123151303 -0.04053251445293427 0.061614379286766066
v -0.005288803018629552 -0.04105809330940247 0.06063695996999742
v -0.004781589843332768 -0.04112175107002259 0.06058031320571901
v -0.005229630507528783 -0.040617227554321296 0.0614294931292534
v -0.004781589843332768 -0.04112175107002259 0.06058031320571901
v -0.0046999985352158555 -0.041111543774604804 0.06060399115085603
v -0.005229630507528783 -0.040617227554321296 0.0614294931292534
v -0.005346075631678105 -0.04143889993429185 0.05981104448437692
v -0.004781589843332768 -0.04112175107002259 0.06058031320571901
v -0.005288803018629552 -0.04105809330940247 0.06063695996999742
v -0.004853480495512486 -0.04157187789678574 0.05957959592342378
v -0.004781589843332768 -0.04112175107002259 0.06058031320571901
v -0.005346075631678105 -0.04143889993429185 0.05981104448437692
v -0.0046999985352158555 -0.041111543774604804 0.06060399115085603
v -0.0046999985352158555 -0.041301064193248756 0.060185361653566374
v 0.004699996672570706 -0.04134292900562287 0.06012617796659471
v -0.004781589843332768 -0.04112175107002259 0.06058031320571901
v -0.0046999985352158555 -0.041301064193248756 0.060185361653566374
v -0.0046999985352158555 -0.041111543774604804 0.06060399115085603
v -0.0046999985352158555 -0.041111543774604804 0.06060399115085603
v -0.0046999985352158555 -0.04053240269422532 0.061614308506250395
v -0.005229630507528783 -0.040617227554321296 0.0614294931292534
v 0.004699996672570706 -0.040809802711009986 0.061158120632171645
v -0.0046999985352158555 -0.04053240269422532 0.061614308506250395
v -0.0046999985352158555 -0.041111543774604804 0.06060399115085603
v 0.004700004123151303 -0.04053251445293427 0.061614379286766066
v -0.0046999985352158555 -0.04053240269422532 0.061614308506250395
v 0.004699996672570706 -0.040809802711009986 0.061158120632171645
v -0.005229630507528783 -0.040617227554321296 0.0614294931292534
v -0.0046999985352158555 -0.04053240269422532 0.061614308506250395
v -0.0046999985352158555 -0.04013369977474213 0.062200147658586516
v 0.004700004123151303 -0.04053251445293427 0.061614379286766066
v -0.0046999985352158555 -0.04013369977474213 0.062200147658586516
v -0.0046999985352158555 -0.04053240269422532 0.061614308506250395
v 0.004699996672570706 -0.04131033271551133 0.06018927693367006
v -0.0046999985352158555 -0.041111543774604804 0.06060399115085603
v 0.004699996672570706 -0.04134292900562287 0.06012617796659471
v -0.0046999985352158555 -0.041111543774604804 0.06060399115085603
v 0.004699996672570706 -0.04131033271551133 0.06018927693367006
v 0.004699996672570706 -0.040809802711009986 0.061158120632171645
v -0.005247586406767369 -0.02234483696520329 0.08614076673984529
v -0.0046499976888299 -0.022363660857081417 0.08616174012422563
v -0.0046499976888299 -0.02141675911843777 0.086906835436821
v -0.005247586406767369 -0.02234483696520329 0.08614076673984529
v -0.0046499976888299 -0.023055536672472957 0.0854543522000313
v -0.0046499976888299 -0.022363660857081417 0.08616174012422563
v -0.0049871811643242845 -0.042192786931991584 0.057458374649286284
v -0.0046999985352158555 -0.04232768714427949 0.05675233900547029
v -0.0046999985352158555 -0.04231547564268113 0.05681714788079263
v -0.0049871811643242845 -0.042192786931991584 0.057458374649286284
v -0.0046999985352158555 -0.04231547564268113 0.05681714788079263
v -0.0046999985352158555 -0.04211356490850449 0.05788851901888849
v -0.0045201266184449205 0.037226583808660514 0.0030999998562037953
v -0.007594623602926733 0.03467811644077302 0.0004999999073334039
v -0.008974337019026281 0.03641031682491303 0.0030999998562037953
v -0.007594623602926733 0.03467811644077302 0.0004999999073334039
v -0.008645118214190008 0.03437922522425652 0.0004999999073334039
v -0.008974337019026281 0.03641031682491303 0.0030999998562037953
v -0.003275529248639942 0.035348564386367805 0.0004999999073334039
v -0.007594623602926733 0.03467811644077302 0.0004999999073334039
v -0.0045201266184449205 0.037226583808660514 0.0030999998562037953
v -0.0074876556172966974 0.03418968990445138 -1.466450016973653e-10
v -0.01163242105394602 0.03301040455698968 -1.466450016973653e-10
v -0.007594623602926733 0.03467811644077302 0.0004999999073334039
v -0.008645118214190008 0.03437922522425652 0.0004999999073334039
v -0.007594623602926733 0.03467811644077302 0.0004999999073334039
v -0.01163242105394602 0.03301040455698968 -1.466450016973653e-10
v -0.0074876556172966974 0.03418968990445138 -1.466450016973653e-10
v -0.007594623602926733 0.03467811644077302 0.0004999999073334039
v -0.0032293952535837897 0.03485069796442986 -1.466450016973653e-10
v -0.0032293952535837897 0.03485069796442986 -1.466450016973653e-10
v -0.007594623602926733 0.03467811644077302 0.0004999999073334039
v -0.003275529248639942 0.035348564386367805 0.0004999999073334039
v -0.008974337019026281 0.03641031682491303 0.0030999998562037953
v -0.01179859880357981 0.033481981605291374 0.0004999999073334039
v -0.013297685422003273 0.03506311029195786 0.0030999998562037953
v -0.008645118214190008 0.03437922522425652 0.0004999999073334039
v -0.01179859880357981 0.033481981605291374 0.0004999999073334039
v -0.008974337019026281 0.03641031682491303 0.0030999998562037953
v -0.01582371443510056 0.031778298318386085 0.0004999999073334039
v -0.013297685422003273 0.03506311029195786 0.0030999998562037953
v -0.01179859880357981 0.033481981605291374 0.0004999999073334039
v -0.008645118214190008 0.03437922522425652 0.0004999999073334039
v -0.01163242105394602 0.03301040455698968 -1.466450016973653e-10
v -0.01179859880357981 0.033481981605291374 0.0004999999073334039
v -0.01582371443510056 0.031778298318386085 0.0004999999073334039
v -0.01179859880357981 0.033481981605291374 0.0004999999073334039
v -0.01163242105394602 0.03301040455698968 -1.466450016973653e-10
v -0.00554902944713831 -0.042306959629058845 0.05631878972053529
v -0.005053238011896611 -0.042364098131656654 0.05626197531819345
v -0.005502075888216496 -0.042188644409179694 0.05721805244684221
v -0.005502075888216496 -0.042188644409179694 0.05721805244684221
v -0.005053238011896611 -0.042364098131656654 0.05626197531819345
v -0.0046999985352158555 -0.04232768714427949 0.05675233900547029
v -0.0055931294336915025 -0.04235737025737763 0.05541199073195459
v -0.005053238011896611 -0.042364098131656654 0.05626197531819345
v -0.00554902944713831 -0.042306959629058845 0.05631878972053529
v -0.0046999985352158555 -0.04232768714427949 0.05675233900547029
v -0.005053238011896611 -0.042364098131656654 0.05626197531819345
v -0.0046999985352158555 -0.04243226349353791 0.055602755397558226
v -0.005053238011896611 -0.042364098131656654 0.05626197531819345
v -0.0055931294336915025 -0.04235737025737763 0.05541199073195459
v -0.0046999985352158555 -0.04243226349353791 0.055602755397558226
v -0.00726811680942774 -0.0418631061911583 0.0553998574614525
v -0.00671213958412409 -0.04208372533321381 0.05540527403354646
v -0.007234835065901281 -0.041823476552963264 0.0562700927257538
v -0.006674841977655889 -0.04204078763723374 0.05629197880625726
v -0.007234835065901281 -0.041823476552963264 0.0562700927257538
v -0.00671213958412409 -0.04208372533321381 0.05540527403354646
v -0.006674841977655889 -0.04204078763723374 0.05629197880625726
v -0.007199340499937536 -0.041719228029251106 0.05713456124067308
v -0.007234835065901281 -0.041823476552963264 0.0562700927257538
v -0.007750884629786016 -0.04144906997680665 0.05708651244640352
v -0.007234835065901281 -0.041823476552963264 0.0562700927257538
v -0.007199340499937536 -0.041719228029251106 0.05713456124067308
v -0.007234835065901281 -0.041823476552963264 0.0562700927257538
v -0.007750884629786016 -0.04144906997680665 0.05708651244640352
v -0.007810846902430059 -0.04158544540405274 0.05539304018020631
v -0.00726811680942774 -0.0418631061911583 0.0553998574614525
v -0.007234835065901281 -0.041823476552963264 0.0562700927257538
v -0.007810846902430059 -0.04158544540405274 0.05539304018020631
v -0.0046499976888299 0.019162809476256374 0.08835997432470323
v -0.0046499976888299 0.020834667608141903 0.08736486732959749
v -0.005247586406767369 0.02081871405243874 0.08734163641929628
v -0.005247586406767369 0.02234483696520329 0.08614076673984529
v -0.005247586406767369 0.023702688515186317 0.08475247025489809
v -0.006325596012175085 0.022213311865925792 0.08599426597356798
v -0.007353701628744604 0.02195992693305016 0.0857120305299759
v -0.00830128137022257 0.021592231467366222 0.085302472114563
v -0.00999999884516001 0.015449999831616882 0.0900000035762787
v -0.00830128137022257 0.021592231467366222 0.085302472114563
v -0.00830128137022257 0.02284791134297848 0.08401863276958467
v -0.00999999884516001 0.015449999831616882 0.0900000035762787
v -0.00873170141130686 0.03893065825104714 0.061328846961259856
v -0.00871646497398615 0.023273522034287456 0.08291646838188173
v -0.00830128137022257 0.02355617471039296 0.08312117308378221
v -0.00830128137022257 0.02284791134297848 0.08401863276958467
v -0.00830128137022257 0.02355617471039296 0.08312117308378221
v -0.00871646497398615 0.023273522034287456 0.08291646838188173
v -0.00861878786236048 0.0389946922659874 0.06137522310018541
v -0.00873170141130686 0.03893065825104714 0.061328846961259856
v -0.00830128137022257 0.02355617471039296 0.08312117308378221
v -0.00861878786236048 0.0389946922659874 0.06137522310018541
v -0.00830128137022257 0.02355617471039296 0.08312117308378221
v -0.007825003005564215 0.039444848895072944 0.0617012456059456
v -0.007813119329512121 0.023785822093486793 0.08328749984502794
v -0.007825003005564215 0.039444848895072944 0.0617012456059456
v -0.00830128137022257 0.02355617471039296 0.08312117308378221
v -0.007813119329512121 0.023785822093486793 0.08328749984502794
v -0.00830128137022257 0.02355617471039296 0.08312117308378221
v -0.00830128137022257 0.02284791134297848 0.08401863276958467
v -0.005247586406767369 0.02081871405243874 0.08734163641929628
v -0.0046499976888299 0.022363662719726566 0.08616174012422563
v -0.005247586406767369 0.02234483696520329 0.08614076673984529
v -0.005247586406767369 0.02081871405243874 0.08734163641929628
v -0.0046499976888299 0.020834667608141903 0.08736486732959749
v -0.0046499976888299 0.022363662719726566 0.08616174012422563
v -0.005247586406767369 0.02234483696520329 0.08614076673984529
v -0.0046499976888299 0.022363662719726566 0.08616174012422563
v -0.005247586406767369 0.023702688515186317 0.08475247025489809
v 0.004650003276765347 0.022363662719726566 0.08616174012422563
v 0.00524758454412222 0.023702688515186317 0.08475247025489809
v 0.004650003276765347 0.02372406981885434 0.0847708284854889
v 0.00524758454412222 0.024468582123517997 0.08378198742866518
v 0.004650003276765347 0.02372406981885434 0.0847708284854889
v 0.00524758454412222 0.023702688515186317 0.08475247025489809
v 0.004650003276765347 0.024491405114531524 0.08379851281642915
v 0.004650003276765347 0.02372406981885434 0.0847708284854889
v 0.00524758454412222 0.024468582123517997 0.08378198742866518
v 0.03318814188241959 0.017419042065739635 0.029950000345706947
v 0.03295306116342545 0.01789820566773415 0.029950000345706947
v 0.03292829543352128 0.017884755507111553 0.030547589063644416
v 0.03429657220840455 0.01509577222168446 0.030547589063644416
v 0.03318814188241959 0.017419042065739635 0.029950000345706947
v 0.03292829543352128 0.017884755507111553 0.030547589063644416
v 0.032755292952060706 0.017790786921978 0.03162559494376183
v 0.03292829543352128 0.017884755507111553 0.030547589063644416
v 0.031333707273006446 0.020550817251205448 0.030547589063644416
v 0.031333707273006446 0.020550817251205448 0.030547589063644416
v 0.03292829543352128 0.017884755507111553 0.030547589063644416
v 0.03295306116342545 0.01789820566773415 0.029950000345706947
v 0.034116379916667945 0.015016458928585056 0.03162559494376183
v 0.03292829543352128 0.017884755507111553 0.030547589063644416
v 0.032755292952060706 0.017790786921978 0.03162559494376183
v 0.03429657220840455 0.01509577222168446 0.030547589063644416
v 0.03292829543352128 0.017884755507111553 0.030547589063644416
v 0.034116379916667945 0.015016458928585056 0.03162559494376183
v -0.029523752629756934 0.02307563275098801 0.030547589063644416
v -0.02954597026109696 0.023092987015843395 0.029950000345706947
v -0.031333707273006446 0.020550817251205448 0.030547589063644416
v -0.031333707273006446 0.020550817251205448 0.030547589063644416
v -0.02954597026109696 0.023092987015843395 0.029950000345706947
v -0.03135726600885392 0.020566271618008617 0.029950000345706947
v -0.030861891806125648 0.021302428096532825 0.0030999998562037953
v -0.03135726600885392 0.020566271618008617 0.029950000345706947
v -0.02954597026109696 0.023092987015843395 0.029950000345706947
v -0.030861891806125648 0.021302428096532825 0.0030999998562037953
v -0.02954597026109696 0.023092987015843395 0.029950000345706947
v -0.028069145977497108 0.024867100641131408 0.0030999998562037953
v -0.027531586587429054 0.025460984557867057 0.029950000345706947
v -0.028069145977497108 0.024867100641131408 0.0030999998562037953
v -0.02954597026109696 0.023092987015843395 0.029950000345706947
v -0.027531586587429054 0.025460984557867057 0.029950000345706947
v -0.02954597026109696 0.023092987015843395 0.029950000345706947
v -0.027510903775691993 0.025441849604249007 0.030547589063644416
v -0.02954597026109696 0.023092987015843395 0.029950000345706947
v -0.029523752629756934 0.02307563275098801 0.030547589063644416
v -0.027510903775691993 0.025441849604249007 0.030547589063644416
v -0.0046999985352158555 -0.04211356490850449 0.05788851901888849
v 0.004699996672570706 -0.04195080697536469 0.05850002542138101
v -0.004919477738440038 -0.041918441653251655 0.05857678875327112
v 0.004959165118634702 -0.042090214788913734 0.05793309956789018
v 0.004699996672570706 -0.04195080697536469 0.05850002542138101
v -0.0046999985352158555 -0.04211356490850449 0.05788851901888849
v -0.004919477738440038 -0.041918441653251655 0.05857678875327112
v 0.004699996672570706 -0.04195080697536469 0.05850002542138101
v -0.0046999985352158555 -0.04178895056247712 0.059008471667766585
v 0.004959165118634702 -0.042090214788913734 0.05793309956789018
v 0.004699996672570706 -0.042224124073982246 0.05737579241394998
v 0.005501634441316129 -0.04218725860118867 0.05722618848085405
v -0.0046999985352158555 -0.04231547564268113 0.05681714788079263
v -0.0046999985352158555 -0.04232768714427949 0.05675233900547029
v 0.004699996672570706 -0.042224124073982246 0.05737579241394998
v 0.004959165118634702 -0.042090214788913734 0.05793309956789018
v -0.0046999985352158555 -0.04211356490850449 0.05788851901888849
v 0.004699996672570706 -0.042224124073982246 0.05737579241394998
v -0.0046999985352158555 -0.04231547564268113 0.05681714788079263
v 0.004699996672570706 -0.042224124073982246 0.05737579241394998
v -0.0046999985352158555 -0.04211356490850449 0.05788851901888849
v 0.007267332635819914 -0.04186291992664338 0.05542111769318582
v 0.007298312149941923 -0.04183857142925263 0.054550919681787505
v 0.007810159586369993 -0.041585311293602 0.055413790047168746
v 0.007298312149941923 -0.04183857142925263 0.054550919681787505
v 0.007267332635819914 -0.04186291992664338 0.05542111769318582
v 0.00674600061029196 -0.04206100851297379 0.05453988909721376
v 0.006711258552968504 -0.04208347201347352 0.055426940321922316
v 0.00674600061029196 -0.04206100851297379 0.05453988909721376
v 0.007267332635819914 -0.04186291992664338 0.05542111769318582
v 0.005229479633271695 -0.04061637818813325 0.06143163517117502
v 0.0052882274612784394 -0.04105466604232789 0.06064539030194284
v 0.005812860094010831 -0.04054749011993409 0.06138923391699792
v 0.005229479633271695 -0.04061637818813325 0.06143163517117502
v 0.004736452363431455 -0.04080547392368317 0.06116462126374246
v 0.0052882274612784394 -0.04105466604232789 0.06064539030194284
v 0.0052882274612784394 -0.04105466604232789 0.06064539030194284
v 0.0058676516637206095 -0.040978550910949714 0.06060603633522989
v 0.005812860094010831 -0.04054749011993409 0.06138923391699792
v 0.00861878599971533 -0.0389946922659874 0.06137522310018541
v 0.008301279507577421 -0.02355617471039296 0.08312117308378221
v 0.007825001142919065 -0.039444848895072944 0.0617012456059456
v 0.008301279507577421 -0.02355617471039296 0.08312117308378221
v 0.00861878599971533 -0.0389946922659874 0.06137522310018541
v 0.00873169954866171 -0.03893065452575684 0.061328846961259856
v 0.009162454865872862 -0.039411060512065894 0.05979565158486368
v 0.009203701280057432 -0.03996789455413819 0.05837853997945787
v 0.009596473537385465 -0.038979426026344306 0.05957249924540521
v 0.009596473537385465 -0.038979426026344306 0.05957249924540521
v 0.009203701280057432 -0.03996789455413819 0.05837853997945787
v 0.00962790008634329 -0.03951040655374528 0.05822308734059335
v 0.009203701280057432 -0.03996789455413819 0.05837853997945787
v 0.008780232630670072 -0.0407407432794571 0.056967888027429595
v 0.00924129690974951 -0.04031093418598176 0.056891135871410384
v 0.00962790008634329 -0.03951040655374528 0.05822308734059335
v 0.009203701280057432 -0.03996789455413819 0.05837853997945787
v 0.00924129690974951 -0.04031093418598176 0.056891135871410384
v 0.00524758454412222 -0.02234483696520329 0.08614076673984529
v 0.00524758454412222 -0.023702686652541168 0.08475247025489809
v 0.006325594149529936 -0.022213311865925792 0.08599426597356798
v 0.00524758454412222 -0.02081871218979359 0.08734163641929628
v 0.00524758454412222 -0.02234483696520329 0.08614076673984529
v 0.006325594149529936 -0.020707255229353908 0.08717934787273408
v 0.006325594149529936 -0.020707255229353908 0.08717934787273408
v 0.00524758454412222 -0.02234483696520329 0.08614076673984529
v 0.006325594149529936 -0.022213311865925792 0.08599426597356798
v 0.00524758454412222 -0.02234483696520329 0.08614076673984529
v 0.004650003276765347 -0.02141675911843777 0.086906835436821
v 0.004650003276765347 -0.022363660857081417 0.08616174012422563
v 0.004650003276765347 -0.02141675911843777 0.086906835436821
v 0.00524758454412222 -0.02234483696520329 0.08614076673984529
v 0.00524758454412222 -0.02081871218979359 0.08734163641929628
v 0.006325594149529936 -0.02430913038551808 0.08366650342941286
v 0.00524758454412222 -0.024468580260872848 0.08378198742866518
v 0.005752666853368283 -0.040055729448795326 0.06214367598295213
v 0.00524758454412222 -0.023702686652541168 0.08475247025489809
v 0.00524758454412222 -0.024468580260872848 0.08378198742866518
v 0.006325594149529936 -0.02430913038551808 0.08366650342941286
v 0.005752666853368283 -0.040055729448795326 0.06214367598295213
v 0.00524758454412222 -0.024468580260872848 0.08378198742866518
v 0.005166552029550076 -0.0400991439819336 0.06217511743307115
v 0.004650003276765347 -0.02372406981885434 0.0847708284854889
v 0.00524758454412222 -0.024468580260872848 0.08378198742866518
v 0.00524758454412222 -0.023702686652541168 0.08475247025489809
v 0.004699996672570706 -0.04013369977474213 0.062200147658586516
v 0.00524758454412222 -0.024468580260872848 0.08378198742866518
v 0.004699996672570706 -0.02960114367306233 0.07674293220043184
v 0.005166552029550076 -0.0400991439819336 0.06217511743307115
v 0.00524758454412222 -0.024468580260872848 0.08378198742866518
v 0.004699996672570706 -0.04013369977474213 0.062200147658586516
v 0.03318814188241959 -0.017419042065739635 0.029950000345706947
v 0.0343223661184311 -0.015107126906514171 0.029950000345706947
v 0.03429657220840455 -0.01509577222168446 0.030547589063644416
v 0.03292829543352128 -0.017884755507111553 0.030547589063644416
v 0.03318814188241959 -0.017419042065739635 0.029950000345706947
v 0.03429657220840455 -0.01509577222168446 0.030547589063644416
v 0.0343223661184311 -0.015107126906514171 0.029950000345706947
v 0.03318814188241959 -0.017419042065739635 0.029950000345706947
v 0.0332046002149582 -0.0174271184951067 0.0030999998562037953
v 0.03734304755926133 -0.00310387252829969 0.030547589063644416
v 0.03695762157440186 -0.006186408922076227 0.030547589063644416
v 0.03719484061002732 -0.004516156390309335 0.029950000345706947
v 0.036763444542884834 -0.006153905764222147 0.03162559494376183
v 0.03695762157440186 -0.006186408922076227 0.030547589063644416
v 0.03734304755926133 -0.00310387252829969 0.030547589063644416
v 0.036127366125583656 -0.009177954867482187 0.03162559494376183
v 0.03695762157440186 -0.006186408922076227 0.030547589063644416
v 0.036763444542884834 -0.006153905764222147 0.03162559494376183
v 0.03631818294525147 -0.009226432070136072 0.030547589063644416
v 0.03695762157440186 -0.006186408922076227 0.030547589063644416
v 0.036127366125583656 -0.009177954867482187 0.03162559494376183
v 0.036345496773719795 -0.009233368560671808 0.029950000345706947
v 0.03695762157440186 -0.006186408922076227 0.030547589063644416
v 0.03631818294525147 -0.009226432070136072 0.030547589063644416
v -0.005971320904791357 0.041658341884613044 0.05895293876528741
v -0.005399511195719243 0.04174791648983956 0.05898337438702585
v -0.005452060140669347 0.042001489549875266 0.05811022594571115
v -0.0046999985352158555 0.04195081070065499 0.05850002542138101
v -0.005399511195719243 0.04174791648983956 0.05898337438702585
v -0.004892052151262761 0.04178306832909585 0.05900353938341142
v -0.005399511195719243 0.04174791648983956 0.05898337438702585
v -0.0046999985352158555 0.04195081070065499 0.05850002542138101
v -0.005452060140669347 0.042001489549875266 0.05811022594571115
v -0.0046999985352158555 0.04195081070065499 0.05850002542138101
v 0.004699996672570706 0.04178895056247712 0.059008471667766585
v 0.004919475875794888 0.04191844537854195 0.05857678875327112
v 0.008331744931638243 0.04125184565782548 0.05538485199213029
v 0.008280842565000059 0.041122365742921836 0.05702840536832811
v 0.008780441246926786 0.040741845965385444 0.05696072429418565
v 0.008331744931638243 0.04125184565782548 0.05538485199213029
v 0.00781084503978491 0.04158544540405274 0.05539304018020631
v 0.008280842565000059 0.041122365742921836 0.05702840536832811
v 0.007750882767140867 0.041449073702096946 0.05708651244640352
v 0.008280842565000059 0.041122365742921836 0.05702840536832811
v 0.00781084503978491 0.04158544540405274 0.05539304018020631
v 0.00781084503978491 0.04158544540405274 0.05539304018020631
v 0.007268114946782591 0.0418631061911583 0.0553998574614525
v 0.007234833203256132 0.04182348027825356 0.0562700927257538
v 0.007234833203256132 0.04182348027825356 0.0562700927257538
v 0.007750882767140867 0.041449073702096946 0.05708651244640352
v 0.00781084503978491 0.04158544540405274 0.05539304018020631
v 0.005452691577374936 0.04200423508882523 0.058099411427974715
v 0.004699996672570706 0.04211356490850449 0.05788851901888849
v 0.004919475875794888 0.04191844537854195 0.05857678875327112
v 0.004699996672570706 0.042327694594860084 0.05675233900547029
v -0.0046999985352158555 0.042224127799272544 0.05737579241394998
v 0.004699996672570706 0.04211356490850449 0.05788851901888849
v -0.004959166981279851 0.042090214788913734 0.05793309956789018
v 0.004699996672570706 0.04211356490850449 0.05788851901888849
v -0.0046999985352158555 0.042224127799272544 0.05737579241394998
v -0.0046999985352158555 0.04195081070065499 0.05850002542138101
v 0.004919475875794888 0.04191844537854195 0.05857678875327112
v 0.004699996672570706 0.04211356490850449 0.05788851901888849
v -0.0046999985352158555 0.04195081070065499 0.05850002542138101
v 0.004699996672570706 0.04211356490850449 0.05788851901888849
v -0.004959166981279851 0.042090214788913734 0.05793309956789018
v 0.006746611557900907 0.04206021502614022 0.05452395603060724
v 0.006712137721478941 0.04208372533321381 0.05540527403354646
v 0.007268114946782591 0.0418631061911583 0.0553998574614525
v 0.007234833203256132 0.04182348027825356 0.0562700927257538
v 0.007268114946782591 0.0418631061911583 0.0553998574614525
v 0.006712137721478941 0.04208372533321381 0.05540527403354646
v 0.006189092062413694 0.042226765304803855 0.05451546609401704
v 0.006712137721478941 0.04208372533321381 0.05540527403354646
v 0.006746611557900907 0.04206021502614022 0.05452395603060724
v 0.005593127571046353 0.04235737398266793 0.05541199073195459
v 0.005549027584493161 0.04230696335434914 0.05631878972053529
v 0.006110309623181822 0.04220127314329148 0.05630814284086229
v 0.005593127571046353 0.04235737398266793 0.05541199073195459
v 0.005633934400975705 0.042339269071817405 0.05450973287224771
v 0.005111589096486569 0.0424145981669426 0.05510138347744943
v 0.004699996672570706 0.04243226349353791 0.055602755397558226
v 0.005593127571046353 0.04235737398266793 0.05541199073195459
v 0.005111589096486569 0.0424145981669426 0.05510138347744943
v -0.006403149105608465 0.04042875394225121 0.0613161474466324
v -0.005752668716013432 0.040055729448795326 0.06214367598295213
v -0.005812854506075383 0.04054749011993409 0.06138923391699792
v 0.004699996672570706 0.04178895056247712 0.059008471667766585
v -0.0046999985352158555 0.04177623987197877 0.05904536694288255
v 0.004699996672570706 0.04159002378582955 0.05954707786440851
v -0.0046999985352158555 0.04195081070065499 0.05850002542138101
v -0.004892052151262761 0.04178306832909585 0.05900353938341142
v -0.0046999985352158555 0.04177623987197877 0.05904536694288255
v -0.0046999985352158555 0.04177623987197877 0.05904536694288255
v 0.004699996672570706 0.04178895056247712 0.059008471667766585
v -0.0046999985352158555 0.04195081070065499 0.05850002542138101
v 0.004699996672570706 0.04013370350003243 0.062200147658586516
v -0.0046999985352158555 0.04053251445293427 0.061614379286766066
v -0.0046999985352158555 0.04013370350003243 0.062200147658586516
v 0.005752666853368283 0.040055729448795326 0.06214367598295213
v 0.005812994204461575 0.04054832831025124 0.061387099325656905
v 0.0052296286448836335 0.040617231279611594 0.0614294931292534
v 0.0064032739028334635 0.040429573506116874 0.06131403148174287
v 0.005812994204461575 0.04054832831025124 0.061387099325656905
v 0.005752666853368283 0.040055729448795326 0.06214367598295213
v 0.005288801155984403 0.04105809703469277 0.06063695996999742
v 0.0052296286448836335 0.040617231279611594 0.0614294931292534
v 0.005812994204461575 0.04054832831025124 0.061387099325656905
v 0.006821825169026853 0.03982371091842652 0.06197563558816911
v 0.006325594149529936 0.024309128522872932 0.08366650342941286
v 0.006813651882112028 0.02416330389678479 0.08356089144945146
v 0.02952376008033753 0.02307563275098801 0.030547589063644416
v 0.029368638992309577 0.022954391315579418 0.03162559494376183
v 0.031169079244136817 0.02044284157454968 0.03162559494376183
v 0.031169079244136817 0.02044284157454968 0.03162559494376183
v 0.029368638992309577 0.022954391315579418 0.03162559494376183
v 0.009628242813050749 0.039515327662229545 0.0582072213292122
v 0.009628242813050749 0.039515327662229545 0.0582072213292122
v 0.029368638992309577 0.022954391315579418 0.03162559494376183
v 0.02952376008033753 0.02307563275098801 0.030547589063644416
v 0.009628242813050749 0.039515327662229545 0.0582072213292122
v 0.009596637450158598 0.03898205608129502 0.059565633535385146
v 0.031169079244136817 0.02044284157454968 0.03162559494376183
v 0.009514383040368559 0.03829676657915116 0.060869753360748305
v 0.009596637450158598 0.03898205608129502 0.059565633535385146
v 0.009162663482129576 0.039413817226886756 0.059788439422845854
v 0.009162663482129576 0.039413817226886756 0.059788439422845854
v 0.009596637450158598 0.03898205608129502 0.059565633535385146
v 0.009204155765473844 0.03997305408120156 0.05836187675595285
v 0.009204155765473844 0.03997305408120156 0.05836187675595285
v 0.009596637450158598 0.03898205608129502 0.059565633535385146
v 0.009628242813050749 0.039515327662229545 0.0582072213292122
v 0.03631818294525147 0.009226430207490923 0.030547589063644416
v 0.03695762157440186 0.006186410784721376 0.030547589063644416
v 0.036345496773719795 0.009233368560671808 0.029950000345706947
v 0.03695762157440186 0.006186410784721376 0.030547589063644416
v 0.03631818294525147 0.009226430207490923 0.030547589063644416
v 0.036127366125583656 0.009177953004837038 0.03162559494376183
v 0.03542912751436234 0.012203035876154903 0.030547589063644416
v 0.03631818294525147 0.009226430207490923 0.030547589063644416
v 0.036345496773719795 0.009233368560671808 0.029950000345706947
v 0.03714684396982194 0.003087563673034311 0.03162559494376183
v 0.03734304755926133 0.0031038711313158282 0.030547589063644416
v 0.036763444542884834 0.006153905764222147 0.03162559494376183
v 0.036763444542884834 0.006153905764222147 0.03162559494376183
v 0.03734304755926133 0.0031038711313158282 0.030547589063644416
v 0.03695762157440186 0.006186410784721376 0.030547589063644416
v 0.03719484061002732 0.004516156390309335 0.029950000345706947
v 0.03734304755926133 0.0031038711313158282 0.030547589063644416
v 0.037371128797531135 0.003106206888332964 0.029950000345706947
v 0.03695762157440186 0.006186410784721376 0.030547589063644416
v 0.03734304755926133 0.0031038711313158282 0.030547589063644416
v 0.03719484061002732 0.004516156390309335 0.029950000345706947
v 0.037371128797531135 0.003106206888332964 0.029950000345706947
v 0.03734304755926133 0.0031038711313158282 0.030547589063644416
v 0.037500001490116126 1.2185968900624291e-10 0.029950000345706947
v 0.037471815943717963 1.2185968900624291e-10 0.030547589063644416
v 0.037500001490116126 1.2185968900624291e-10 0.029950000345706947
v 0.03734304755926133 0.0031038711313158282 0.030547589063644416
v 0.037471815943717963 1.2185968900624291e-10 0.030547589063644416
v 0.03734304755926133 0.0031038711313158282 0.030547589063644416
v 0.03727494180202485 1.2185968900624291e-10 0.03162559494376183
v 0.03714684396982194 0.003087563673034311 0.03162559494376183
v 0.03727494180202485 1.2185968900624291e-10 0.03162559494376183
v 0.03734304755926133 0.0031038711313158282 0.030547589063644416
v 0.036127366125583656 0.009177953004837038 0.03162559494376183
v 0.0352429822087288 0.012138921767473224 0.03162559494376183
v 0.03488437086343766 0.012015402317047123 0.03265369683504105
v 0.034116379916667945 0.015016458928585056 0.03162559494376183
v 0.03488437086343766 0.012015402317047123 0.03265369683504105
v 0.0352429822087288 0.012138921767473224 0.03162559494376183
v 0.03542912751436234 0.012203035876154903 0.030547589063644416
v 0.034116379916667945 0.015016458928585056 0.03162559494376183
v 0.0352429822087288 0.012138921767473224 0.03162559494376183
v 0.03631818294525147 0.009226430207490923 0.030547589063644416
v 0.0352429822087288 0.012138921767473224 0.03162559494376183
v 0.036127366125583656 0.009177953004837038 0.03162559494376183
v 0.0352429822087288 0.012138921767473224 0.03162559494376183
v 0.03631818294525147 0.009226430207490923 0.030547589063644416
v 0.03542912751436234 0.012203035876154903 0.030547589063644416
v 0.03503508865833283 0.013286711648106578 0.029950000345706947
v 0.03542912751436234 0.012203035876154903 0.030547589063644416
v 0.03545577079057694 0.012212214991450313 0.029950000345706947
v 0.03542912751436234 0.012203035876154903 0.030547589063644416
v 0.03503508865833283 0.013286711648106578 0.029950000345706947
v 0.0343223661184311 0.015107125043869022 0.029950000345706947
v 0.03545577079057694 0.012212214991450313 0.029950000345706947
v 0.03506311029195786 0.013297682628035549 0.0030999998562037953
v 0.03503508865833283 0.013286711648106578 0.029950000345706947
v 0.0343223661184311 0.015107125043869022 0.029950000345706947
v 0.03503508865833283 0.013286711648106578 0.029950000345706947
v 0.03506311029195786 0.013297682628035549 0.0030999998562037953
v -0.013297685422003273 -0.03506311029195786 0.0030999998562037953
v -0.01582371443510056 -0.031778298318386085 0.0004999999073334039
v -0.014817916788160804 -0.032204017043113715 0.0004999999073334039
v -0.015600838698446754 -0.03133071213960648 -1.466450155751531e-10
v -0.014817916788160804 -0.032204017043113715 0.0004999999073334039
v -0.01582371443510056 -0.031778298318386085 0.0004999999073334039
v -0.01163242105394602 -0.03301040083169938 -1.466450155751531e-10
v -0.014817916788160804 -0.032204017043113715 0.0004999999073334039
v -0.015600838698446754 -0.03133071213960648 -1.466450155751531e-10
v -0.01163242105394602 -0.03301040083169938 -1.466450155751531e-10
v -0.010748104192316534 -0.03378087282180787 0.0004999999073334039
v -0.01179859880357981 -0.033481977880001075 0.0004999999073334039
v -0.010748104192316534 -0.03378087282180787 0.0004999999073334039
v -0.008974337019026281 -0.03641031682491303 0.0030999998562037953
v -0.01179859880357981 -0.033481977880001075 0.0004999999073334039
v -0.013297685422003273 -0.03506311029195786 0.0030999998562037953
v -0.01179859880357981 -0.033481977880001075 0.0004999999073334039
v -0.008974337019026281 -0.03641031682491303 0.0030999998562037953
v -0.01163242105394602 -0.03301040083169938 -1.466450155751531e-10
v -0.01179859880357981 -0.033481977880001075 0.0004999999073334039
v -0.014817916788160804 -0.032204017043113715 0.0004999999073334039
v -0.014817916788160804 -0.032204017043113715 0.0004999999073334039
v -0.01179859880357981 -0.033481977880001075 0.0004999999073334039
v -0.013297685422003273 -0.03506311029195786 0.0030999998562037953
v -0.005400740541517735 -0.04175440967082978 0.05896375700831415
v -0.0059215659275650995 -0.04135571420192719 0.05977578461170198
v -0.005972460843622686 -0.04166468977928162 0.05893344432115556
v -0.0059215659275650995 -0.04135571420192719 0.05977578461170198
v -0.005400740541517735 -0.04175440967082978 0.05896375700831415
v -0.005346075631678105 -0.04143889993429185 0.05981104448437692
v -0.005452693440020085 -0.04200423508882523 0.058099411427974715
v -0.005400740541517735 -0.04175440967082978 0.05896375700831415
v -0.005972460843622686 -0.04166468977928162 0.05893344432115556
v -0.005452693440020085 -0.04200423508882523 0.058099411427974715
v -0.004919477738440038 -0.041918441653251655 0.05857678875327112
v -0.005400740541517735 -0.04175440967082978 0.05896375700831415
v -0.005346075631678105 -0.04143889993429185 0.05981104448437692
v -0.005400740541517735 -0.04175440967082978 0.05896375700831415
v -0.004853480495512486 -0.04157187789678574 0.05957959592342378
v -0.0046999985352158555 -0.04178895056247712 0.059008471667766585
v -0.004853480495512486 -0.04157187789678574 0.05957959592342378
v -0.005400740541517735 -0.04175440967082978 0.05896375700831415
v -0.0046999985352158555 -0.04178895056247712 0.059008471667766585
v -0.005400740541517735 -0.04175440967082978 0.05896375700831415
v -0.004919477738440038 -0.041918441653251655 0.05857678875327112
v -0.007080898620188238 -0.04102877527475358 0.0596371926367283
v -0.00650258455425501 -0.04121979326009751 0.05971816554665567
v -0.0070372233167290705 -0.04067277908325196 0.060438122600317015
v -0.00650258455425501 -0.04121979326009751 0.05971816554665567
v -0.006453783251345159 -0.04085426777601243 0.06053177639842035
v -0.0070372233167290705 -0.04067277908325196 0.060438122600317015
v -0.006453783251345159 -0.04085426777601243 0.06053177639842035
v -0.00650258455425501 -0.04121979326009751 0.05971816554665567
v -0.0059215659275650995 -0.04135571420192719 0.05977578461170198
v -0.0059215659275650995 -0.04135571420192719 0.05977578461170198
v -0.00650258455425501 -0.04121979326009751 0.05971816554665567
v -0.005972460843622686 -0.04166468977928162 0.05893344432115556
v -0.005868189968168737 -0.04098191112279893 0.06059764698147775
v -0.006453783251345159 -0.04085426777601243 0.06053177639842035
v -0.0059215659275650995 -0.04135571420192719 0.05977578461170198
v -0.005346075631678105 -0.04143889993429185 0.05981104448437692
v -0.005288803018629552 -0.04105809330940247 0.06063695996999742
v -0.005868189968168737 -0.04098191112279893 0.06059764698147775
v -0.005346075631678105 -0.04143889993429185 0.05981104448437692
v -0.005868189968168737 -0.04098191112279893 0.06059764698147775
v -0.0059215659275650995 -0.04135571420192719 0.05977578461170198
v -0.005288803018629552 -0.04105809330940247 0.06063695996999742
v -0.005812996067106725 -0.040548324584960944 0.061387099325656905
v -0.005868189968168737 -0.04098191112279893 0.06059764698147775
v -0.006403275765478613 -0.040429569780826576 0.06131403148174287
v -0.005868189968168737 -0.04098191112279893 0.06059764698147775
v -0.005812996067106725 -0.040548324584960944 0.061387099325656905
v -0.006453783251345159 -0.04085426777601243 0.06053177639842035
v -0.005868189968168737 -0.04098191112279893 0.06059764698147775
v -0.006403275765478613 -0.040429569780826576 0.06131403148174287
v -0.006593205966055395 -0.0417584851384163 0.05803639814257623
v -0.007122487761080267 -0.04132183641195298 0.05881760269403459
v -0.007161923684179785 -0.041551843285560615 0.05798341333866121
v -0.007161923684179785 -0.041551843285560615 0.05798341333866121
v -0.007122487761080267 -0.04132183641195298 0.05881760269403459
v -0.007683821953833105 -0.04106558859348298 0.05873101949691774
v -0.006593205966055395 -0.0417584851384163 0.05803639814257623
v -0.006066695787012579 -0.04208760708570481 0.05720008164644243
v -0.006020792759954931 -0.04190853983163834 0.058074872940778746
v -0.006066695787012579 -0.04208760708570481 0.05720008164644243
v -0.005502075888216496 -0.042188644409179694 0.05721805244684221
v -0.006020792759954931 -0.04190853983163834 0.058074872940778746
v -0.005452693440020085 -0.04200423508882523 0.058099411427974715
v -0.006020792759954931 -0.04190853983163834 0.058074872940778746
v -0.005502075888216496 -0.042188644409179694 0.05721805244684221
v -0.005972460843622686 -0.04166468977928162 0.05893344432115556
v -0.006020792759954931 -0.04190853983163834 0.058074872940778746
v -0.005452693440020085 -0.04200423508882523 0.058099411427974715
v -0.008160554803907873 -0.04014596343040467 0.06016626209020616
v -0.007647500373423101 -0.040781758725643165 0.05953248217701913
v -0.007609338499605657 -0.04043645411729813 0.06031616777181627
v -0.008223869837820532 -0.0407533422112465 0.0586255192756653
v -0.007683821953833105 -0.04106558859348298 0.05873101949691774
v -0.007647500373423101 -0.040781758725643165 0.05953248217701913
v -0.008223869837820532 -0.0407533422112465 0.0586255192756653
v -0.007647500373423101 -0.040781758725643165 0.05953248217701913
v -0.008160554803907873 -0.04014596343040467 0.06016626209020616
v -0.007609338499605657 -0.04043645411729813 0.06031616777181627
v -0.007647500373423101 -0.040781758725643165 0.05953248217701913
v -0.007080898620188238 -0.04102877527475358 0.0596371926367283
v -0.007122487761080267 -0.04132183641195298 0.05881760269403459
v -0.007080898620188238 -0.04102877527475358 0.0596371926367283
v -0.007647500373423101 -0.040781758725643165 0.05953248217701913
v -0.007122487761080267 -0.04132183641195298 0.05881760269403459
v -0.007647500373423101 -0.040781758725643165 0.05953248217701913
v -0.007683821953833105 -0.04106558859348298 0.05873101949691774
v 0.004699996672570706 -0.04131033271551133 0.06018927693367006
v 0.004812530241906644 -0.041323907673358924 0.06016076728701593
v 0.004699996672570706 -0.040809802711009986 0.061158120632171645
v 0.004699996672570706 -0.040809802711009986 0.061158120632171645
v 0.004812530241906644 -0.041323907673358924 0.06016076728701593
v 0.004736452363431455 -0.04080547392368317 0.06116462126374246
v 0.004699996672570706 -0.04131033271551133 0.06018927693367006
v 0.004699996672570706 -0.04134292900562287 0.06012617796659471
v 0.004812530241906644 -0.041323907673358924 0.06016076728701593
v 0.004812530241906644 -0.041323907673358924 0.06016076728701593
v 0.0052882274612784394 -0.04105466604232789 0.06064539030194284
v 0.004736452363431455 -0.04080547392368317 0.06116462126374246
v -0.0046999985352158555 -0.04178895056247712 0.059008471667766585
v -0.0046999985352158555 -0.04159002006053925 0.05954707786440851
v -0.004853480495512486 -0.04157187789678574 0.05957959592342378
v -0.0046999985352158555 -0.041301064193248756 0.060185361653566374
v -0.0046999985352158555 -0.04159002006053925 0.05954707786440851
v 0.004699996672570706 -0.04134292900562287 0.06012617796659471
v -0.0046999985352158555 -0.04159002006053925 0.05954707786440851
v -0.004781589843332768 -0.04112175107002259 0.06058031320571901
v -0.004853480495512486 -0.04157187789678574 0.05957959592342378
v -0.004781589843332768 -0.04112175107002259 0.06058031320571901
v -0.0046999985352158555 -0.04159002006053925 0.05954707786440851
v -0.0046999985352158555 -0.041301064193248756 0.060185361653566374
v -0.006325596012175085 0.022213311865925792 0.08599426597356798
v -0.00999999884516001 0.015449999831616882 0.0900000035762787
v -0.006325596012175085 0.020707257091999057 0.08717934787273408
v -0.005247586406767369 0.02081871405243874 0.08734163641929628
v -0.006325596012175085 0.020707257091999057 0.08717934787273408
v -0.00999999884516001 0.015449999831616882 0.0900000035762787
v -0.006325596012175085 0.022213311865925792 0.08599426597356798
v -0.006325596012175085 0.020707257091999057 0.08717934787273408
v -0.005247586406767369 0.02234483696520329 0.08614076673984529
v -0.006325596012175085 0.020707257091999057 0.08717934787273408
v -0.005247586406767369 0.02081871405243874 0.08734163641929628
v -0.005247586406767369 0.02234483696520329 0.08614076673984529
v -0.0046499976888299 0.019162809476256374 0.08835997432470323
v -0.005247586406767369 0.019149996340274814 0.0883348733186722
v -0.00999999884516001 0.015449999831616882 0.0900000035762787
v -0.005247586406767369 0.02081871405243874 0.08734163641929628
v -0.00999999884516001 0.015449999831616882 0.0900000035762787
v -0.005247586406767369 0.019149996340274814 0.0883348733186722
v -0.005247586406767369 0.02081871405243874 0.08734163641929628
v -0.005247586406767369 0.019149996340274814 0.0883348733186722
v -0.0046499976888299 0.019162809476256374 0.08835997432470323
v -0.0046499976888299 0.024491405114531524 0.08379851281642915
v -0.0046499976888299 0.02960114367306233 0.0767432674765587
v -0.0046999985352158555 0.02960114367306233 0.07674293220043184
v -0.00830128137022257 0.02284791134297848 0.08401863276958467
v -0.007353701628744604 0.02326552383601666 0.08437716215848924
v -0.007813119329512121 0.023785822093486793 0.08328749984502794
v -0.007353701628744604 0.02326552383601666 0.08437716215848924
v -0.00830128137022257 0.021592231467366222 0.085302472114563
v -0.007353701628744604 0.02195992693305016 0.0857120305299759
v -0.00830128137022257 0.021592231467366222 0.085302472114563
v -0.007353701628744604 0.02326552383601666 0.08437716215848924
v -0.00830128137022257 0.02284791134297848 0.08401863276958467
v -0.006325596012175085 0.022213311865925792 0.08599426597356798
v -0.007353701628744604 0.02326552383601666 0.08437716215848924
v -0.007353701628744604 0.02195992693305016 0.0857120305299759
v -0.0046499976888299 0.022363662719726566 0.08616174012422563
v -0.0046499976888299 0.02372406981885434 0.0847708284854889
v -0.005247586406767369 0.023702688515186317 0.08475247025489809
v 0.006634711287915708 -0.041930548846721656 0.057180348783731474
v 0.006066284142434599 -0.042086265981197364 0.057208154350519194
v 0.006109594367444517 -0.04220010340213776 0.05632339790463449
v 0.006066284142434599 -0.042086265981197364 0.057208154350519194
v 0.006634711287915708 -0.041930548846721656 0.057180348783731474
v 0.006592667661607267 -0.04175588488578797 0.05804700776934625
v 0.006634711287915708 -0.041930548846721656 0.057180348783731474
v 0.006109594367444517 -0.04220010340213776 0.05632339790463449
v 0.006674191914498808 -0.04203969240188599 0.056307032704353346
v 0.006634711287915708 -0.041930548846721656 0.057180348783731474
v 0.006674191914498808 -0.04203969240188599 0.056307032704353346
v 0.007199003361165525 -0.04171798378229142 0.057142391800880446
v 0.005592084489762784 -0.0423569679260254 0.055434159934520735
v 0.006150274537503721 -0.04224750399589539 0.05543126910924913
v 0.006109594367444517 -0.04220010340213776 0.05632339790463449
v 0.006674191914498808 -0.04203969240188599 0.056307032704353346
v 0.006109594367444517 -0.04220010340213776 0.05632339790463449
v 0.006150274537503721 -0.04224750399589539 0.05543126910924913
v 0.006674191914498808 -0.04203969240188599 0.056307032704353346
v 0.006150274537503721 -0.04224750399589539 0.05543126910924913
v 0.006711258552968504 -0.04208347201347352 0.055426940321922316
v 0.006711258552968504 -0.04208347201347352 0.055426940321922316
v 0.006150274537503721 -0.04224750399589539 0.05543126910924913
v 0.006188421510159971 -0.04222752153873444 0.05453163012862207
v 0.006188421510159971 -0.04222752153873444 0.05453163012862207
v 0.006150274537503721 -0.04224750399589539 0.05543126910924913
v 0.0056332116946578034 -0.042339973151683814 0.05452605336904527
v 0.006150274537503721 -0.04224750399589539 0.05543126910924913
v 0.005592084489762784 -0.0423569679260254 0.055434159934520735
v 0.0056332116946578034 -0.042339973151683814 0.05452605336904527
v 0.0056332116946578034 -0.042339973151683814 0.05452605336904527
v 0.0050923069939017305 -0.04241002351045609 0.055496770888566985
v 0.004699996672570706 -0.04244334995746613 0.05506549403071405
v 0.005592084489762784 -0.0423569679260254 0.055434159934520735
v 0.0050923069939017305 -0.04241002351045609 0.055496770888566985
v 0.0056332116946578034 -0.042339973151683814 0.05452605336904527
v 0.005548260174691678 -0.04230573028326035 0.05633417516946794
v 0.005592084489762784 -0.0423569679260254 0.055434159934520735
v 0.006109594367444517 -0.04220010340213776 0.05632339790463449
v 0.005501634441316129 -0.04218725860118867 0.05722618848085405
v 0.005548260174691678 -0.04230573028326035 0.05633417516946794
v 0.006066284142434599 -0.042086265981197364 0.057208154350519194
v 0.006066284142434599 -0.042086265981197364 0.057208154350519194
v 0.005548260174691678 -0.04230573028326035 0.05633417516946794
v 0.006109594367444517 -0.04220010340213776 0.05632339790463449
v 0.005548260174691678 -0.04230573028326035 0.05633417516946794
v 0.0050923069939017305 -0.04241002351045609 0.055496770888566985
v 0.005592084489762784 -0.0423569679260254 0.055434159934520735
v 0.006821825169026853 -0.03982371091842652 0.06197563558816911
v 0.006403147242963316 -0.040428750216960914 0.0613161474466324
v 0.006991869769990446 -0.04025773704051972 0.06121088191866876
v 0.006403147242963316 -0.040428750216960914 0.0613161474466324
v 0.005752666853368283 -0.040055729448795326 0.06214367598295213
v 0.005812860094010831 -0.04054749011993409 0.06138923391699792
v 0.006403147242963316 -0.040428750216960914 0.0613161474466324
v 0.006821825169026853 -0.03982371091842652 0.06197563558816911
v 0.005752666853368283 -0.040055729448795326 0.06214367598295213
v 0.006991869769990446 -0.04025773704051972 0.06121088191866876
v 0.006403147242963316 -0.040428750216960914 0.0613161474466324
v 0.00645329710096121 -0.040850982069969184 0.060540087521076216
v 0.0058676516637206095 -0.040978550910949714 0.06060603633522989
v 0.006403147242963316 -0.040428750216960914 0.0613161474466324
v 0.005812860094010831 -0.04054749011993409 0.06138923391699792
v 0.00645329710096121 -0.040850982069969184 0.060540087521076216
v 0.006403147242963316 -0.040428750216960914 0.0613161474466324
v 0.0058676516637206095 -0.040978550910949714 0.06060603633522989
v 0.007750592194497587 -0.04144787788391114 0.05709416046738626
v 0.007161444984376432 -0.04154933243989945 0.0579938404262066
v 0.007199003361165525 -0.04171798378229142 0.057142391800880446
v 0.006634711287915708 -0.041930548846721656 0.057180348783731474
v 0.007199003361165525 -0.04171798378229142 0.057142391800880446
v 0.007161444984376432 -0.04154933243989945 0.0579938404262066
v 0.006592667661607267 -0.04175588488578797 0.05804700776934625
v 0.006634711287915708 -0.041930548846721656 0.057180348783731474
v 0.007161444984376432 -0.04154933243989945 0.0579938404262066
v 0.004650003276765347 -0.022363660857081417 0.08616174012422563
v 0.004650003276765347 -0.023055536672472957 0.0854543522000313
v 0.00524758454412222 -0.02234483696520329 0.08614076673984529
v 0.00524758454412222 -0.02234483696520329 0.08614076673984529
v 0.004650003276765347 -0.023055536672472957 0.0854543522000313
v 0.00524758454412222 -0.023702686652541168 0.08475247025489809
v 0.00524758454412222 -0.023702686652541168 0.08475247025489809
v 0.004650003276765347 -0.023055536672472957 0.0854543522000313
v 0.004650003276765347 -0.02372406981885434 0.0847708284854889
v -0.005247586406767369 -0.023702686652541168 0.08475247025489809
v -0.0046499976888299 -0.02372406981885434 0.0847708284854889
v -0.0046499976888299 -0.023055536672472957 0.0854543522000313
v -0.005247586406767369 -0.024468580260872848 0.08378198742866518
v -0.0046499976888299 -0.02372406981885434 0.0847708284854889
v -0.005247586406767369 -0.023702686652541168 0.08475247025489809
v -0.005247586406767369 -0.024468580260872848 0.08378198742866518
v -0.0046499976888299 -0.024491405114531524 0.08379851281642915
v -0.0046499976888299 -0.02372406981885434 0.0847708284854889
v 0.004650003276765347 -0.02372406981885434 0.0847708284854889
v 0.004650003276765347 -0.024491405114531524 0.08379851281642915
v 0.00524758454412222 -0.024468580260872848 0.08378198742866518
v 0.004650003276765347 -0.02960114367306233 0.0767432674765587
v 0.004699996672570706 -0.02960114367306233 0.07674293220043184
v 0.004650003276765347 -0.024491405114531524 0.08379851281642915
v 0.00524758454412222 -0.024468580260872848 0.08378198742866518
v 0.004650003276765347 -0.024491405114531524 0.08379851281642915
v 0.004699996672570706 -0.02960114367306233 0.07674293220043184
v 0.03318814188241959 -0.017419042065739635 0.029950000345706947
v 0.03295306116342545 -0.0178982075303793 0.029950000345706947
v 0.0332046002149582 -0.0174271184951067 0.0030999998562037953
v 0.03295306116342545 -0.0178982075303793 0.029950000345706947
v 0.03318814188241959 -0.017419042065739635 0.029950000345706947
v 0.03292829543352128 -0.017884755507111553 0.030547589063644416
v 0.0332046002149582 -0.0174271184951067 0.0030999998562037953
v 0.03295306116342545 -0.0178982075303793 0.029950000345706947
v 0.031357273459434516 -0.020566271618008617 0.029950000345706947
v 0.031333707273006446 -0.0205508153885603 0.030547589063644416
v 0.031357273459434516 -0.020566271618008617 0.029950000345706947
v 0.03295306116342545 -0.0178982075303793 0.029950000345706947
v 0.03292829543352128 -0.017884755507111553 0.030547589063644416
v 0.031333707273006446 -0.0205508153885603 0.030547589063644416
v 0.03295306116342545 -0.0178982075303793 0.029950000345706947
v 0.03719484061002732 -0.004516156390309335 0.029950000345706947
v 0.03698541224002839 -0.006191061809659006 0.029950000345706947
v 0.037226580083370216 -0.004520123824477197 0.0030999998562037953
v 0.03695762157440186 -0.006186408922076227 0.030547589063644416
v 0.03698541224002839 -0.006191061809659006 0.029950000345706947
v 0.03719484061002732 -0.004516156390309335 0.029950000345706947
v 0.037226580083370216 -0.004520123824477197 0.0030999998562037953
v 0.03698541224002839 -0.006191061809659006 0.029950000345706947
v 0.03641031682491303 -0.008974337950348856 0.0030999998562037953
v 0.03641031682491303 -0.008974337950348856 0.0030999998562037953
v 0.03698541224002839 -0.006191061809659006 0.029950000345706947
v 0.036345496773719795 -0.009233368560671808 0.029950000345706947
v 0.03698541224002839 -0.006191061809659006 0.029950000345706947
v 0.03695762157440186 -0.006186408922076227 0.030547589063644416
v 0.036345496773719795 -0.009233368560671808 0.029950000345706947
v -0.006403149105608465 0.04042875394225121 0.0613161474466324
v -0.005812854506075383 0.04054749011993409 0.06138923391699792
v -0.005867653526365759 0.040978550910949714 0.06060603633522989
v -0.006403149105608465 0.04042875394225121 0.0613161474466324
v -0.005867653526365759 0.040978550910949714 0.06060603633522989
v -0.006453291513025762 0.04085098579525948 0.060540087521076216
v 0.006593204103410246 0.0417584851384163 0.05803639814257623
v 0.007161929272115232 0.04155184701085091 0.05798341333866121
v 0.0066350838169455546 0.04193184897303582 0.057172376662492766
v 0.006821825169026853 0.03982371091842652 0.06197563558816911
v 0.006991988979279997 0.04025853425264359 0.06120879948139192
v 0.0064032739028334635 0.040429573506116874 0.06131403148174287
v 0.004699996672570706 0.04211356490850449 0.05788851901888849
v 0.004987179301679135 0.042192786931991584 0.057458374649286284
v 0.004699996672570706 0.042327694594860084 0.05675233900547029
v 0.004987179301679135 0.042192786931991584 0.057458374649286284
v 0.004699996672570706 0.04211356490850449 0.05788851901888849
v 0.005452691577374936 0.04200423508882523 0.058099411427974715
v 0.006110309623181822 0.04220127314329148 0.05630814284086229
v 0.006151243112981321 0.04224782809615136 0.0554093010723591
v 0.005593127571046353 0.04235737398266793 0.05541199073195459
v 0.006151243112981321 0.04224782809615136 0.0554093010723591
v 0.006712137721478941 0.04208372533321381 0.05540527403354646
v 0.006189092062413694 0.042226765304803855 0.05451546609401704
v 0.006151243112981321 0.04224782809615136 0.0554093010723591
v 0.006189092062413694 0.042226765304803855 0.05451546609401704
v 0.005633934400975705 0.042339269071817405 0.05450973287224771
v 0.005593127571046353 0.04235737398266793 0.05541199073195459
v 0.006151243112981321 0.04224782809615136 0.0554093010723591
v 0.005633934400975705 0.042339269071817405 0.05450973287224771
v 0.006020790897309782 0.04190854355692864 0.058074872940778746
v 0.005502074025571347 0.04218864813446999 0.05721805244684221
v 0.005452691577374936 0.04200423508882523 0.058099411427974715
v 0.005502074025571347 0.04218864813446999 0.05721805244684221
v 0.004987179301679135 0.042192786931991584 0.057458374649286284
v 0.005452691577374936 0.04200423508882523 0.058099411427974715
v 0.004987179301679135 0.042192786931991584 0.057458374649286284
v 0.005502074025571347 0.04218864813446999 0.05721805244684221
v 0.004699996672570706 0.042327694594860084 0.05675233900547029
v 0.004699996672570706 0.04013370350003243 0.062200147658586516
v 0.0052296286448836335 0.040617231279611594 0.0614294931292534
v 0.004699996672570706 0.04053240641951562 0.061614308506250395
v 0.004699996672570706 0.04013370350003243 0.062200147658586516
v 0.004699996672570706 0.04053240641951562 0.061614308506250395
v -0.0046999985352158555 0.04053251445293427 0.061614379286766066
v -0.0046999985352158555 0.04053251445293427 0.061614379286766066
v 0.004699996672570706 0.04053240641951562 0.061614308506250395
v -0.0046999985352158555 0.040809806436300285 0.061158120632171645
v 0.004699996672570706 0.0411115474998951 0.06060399115085603
v 0.004699996672570706 0.04053240641951562 0.061614308506250395
v 0.0052296286448836335 0.040617231279611594 0.0614294931292534
v -0.0046999985352158555 0.040809806436300285 0.061158120632171645
v 0.004699996672570706 0.04053240641951562 0.061614308506250395
v 0.004699996672570706 0.0411115474998951 0.06060399115085603
v 0.0064032739028334635 0.040429573506116874 0.06131403148174287
v 0.005752666853368283 0.040055729448795326 0.06214367598295213
v 0.006344853900372984 0.039927218109369285 0.06205060333013536
v 0.006821825169026853 0.03982371091842652 0.06197563558816911
v 0.0064032739028334635 0.040429573506116874 0.06131403148174287
v 0.006344853900372984 0.039927218109369285 0.06205060333013536
v 0.006325594149529936 0.024309128522872932 0.08366650342941286
v 0.006344853900372984 0.039927218109369285 0.06205060333013536
v 0.005752666853368283 0.040055729448795326 0.06214367598295213
v 0.006821825169026853 0.03982371091842652 0.06197563558816911
v 0.006344853900372984 0.039927218109369285 0.06205060333013536
v 0.006325594149529936 0.024309128522872932 0.08366650342941286
v 0.009204155765473844 0.03997305408120156 0.05836187675595285
v 0.008733510039746763 0.04038771241903306 0.0585019811987877
v 0.009162663482129576 0.039413817226886756 0.059788439422845854
v 0.008280842565000059 0.041122365742921836 0.05702840536832811
v 0.008733510039746763 0.04038771241903306 0.0585019811987877
v 0.008780441246926786 0.040741845965385444 0.05696072429418565
v 0.008733510039746763 0.04038771241903306 0.0585019811987877
v 0.009204155765473844 0.03997305408120156 0.05836187675595285
v 0.008780441246926786 0.040741845965385444 0.05696072429418565
v 0.009628242813050749 0.039515327662229545 0.0582072213292122
v 0.009241453371942045 0.040311984717845924 0.05688427016139032
v 0.009204155765473844 0.03997305408120156 0.05836187675595285
v 0.02952376008033753 0.02307563275098801 0.030547589063644416
v 0.027510896325111396 0.025441849604249007 0.030547589063644416
v 0.009241453371942045 0.040311984717845924 0.05688427016139032
v 0.009628242813050749 0.039515327662229545 0.0582072213292122
v 0.02952376008033753 0.02307563275098801 0.030547589063644416
v 0.009241453371942045 0.040311984717845924 0.05688427016139032
v 0.009204155765473844 0.03997305408120156 0.05836187675595285
v 0.009241453371942045 0.040311984717845924 0.05688427016139032
v 0.008780441246926786 0.040741845965385444 0.05696072429418565
v 0.025308951735496528 0.027633205056190498 0.030547589063644416
v 0.009241453371942045 0.040311984717845924 0.05688427016139032
v 0.027510896325111396 0.025441849604249007 0.030547589063644416
v 0.008780441246926786 0.040741845965385444 0.05696072429418565
v 0.009241453371942045 0.040311984717845924 0.05688427016139032
v 0.00882235821336508 0.04086510837078095 0.05537535995244981
v 0.025308951735496528 0.027633205056190498 0.030547589063644416
v 0.00882235821336508 0.04086510837078095 0.05537535995244981
v 0.009241453371942045 0.040311984717845924 0.05688427016139032
v 0.031169079244136817 0.02044284157454968 0.03162559494376183
v 0.009976780973374845 0.03851547837257386 0.059324860572814955
v 0.032755292952060706 0.017790786921978 0.03162559494376183
v 0.009596637450158598 0.03898205608129502 0.059565633535385146
v 0.009976780973374845 0.03851547837257386 0.059324860572814955
v 0.031169079244136817 0.02044284157454968 0.03162559494376183
v 0.009514383040368559 0.03829676657915116 0.060869753360748305
v 0.032755292952060706 0.017790786921978 0.03162559494376183
v 0.009976780973374845 0.03851547837257386 0.059324860572814955
v 0.009976780973374845 0.03851547837257386 0.059324860572814955
v 0.009596637450158598 0.03898205608129502 0.059565633535385146
v 0.009514383040368559 0.03829676657915116 0.060869753360748305
v 0.009514383040368559 0.03829676657915116 0.060869753360748305
v 0.010149261914193632 0.03756242990493775 0.06033791229128839
v 0.032755292952060706 0.017790786921978 0.03162559494376183
v 0.009845248423516752 0.02230571396648884 0.08221553266048433
v 0.032755292952060706 0.017790786921978 0.03162559494376183
v 0.010149261914193632 0.03756242990493775 0.06033791229128839
v 0.009845248423516752 0.02230571396648884 0.08221553266048433
v 0.010149261914193632 0.03756242990493775 0.06033791229128839
v 0.009514383040368559 0.03829676657915116 0.060869753360748305
v 0.009845248423516752 0.021676434203982357 0.0830129161477089
v 0.034116379916667945 0.015016458928585056 0.03162559494376183
v 0.032755292952060706 0.017790786921978 0.03162559494376183
v 0.009845248423516752 0.02230571396648884 0.08221553266048433
v 0.009845248423516752 0.021676434203982357 0.0830129161477089
v 0.032755292952060706 0.017790786921978 0.03162559494376183
v 0.034116379916667945 0.015016458928585056 0.03162559494376183
v 0.009845248423516752 0.021676434203982357 0.0830129161477089
v 0.00999999698251486 0.015449999831616882 0.0900000035762787
v 0.009162663482129576 0.039413817226886756 0.059788439422845854
v 0.009100726805627348 0.03863178938627244 0.061112392693758025
v 0.009514383040368559 0.03829676657915116 0.060869753360748305
v 0.00873169954866171 0.03893065825104714 0.061328846961259856
v 0.009100726805627348 0.03863178938627244 0.061112392693758025
v 0.009162663482129576 0.039413817226886756 0.059788439422845854
v 0.008160552941262724 0.04014596343040467 0.06016626209020616
v 0.008618793450295927 0.0389946922659874 0.06137522310018541
v 0.00873169954866171 0.03893065825104714 0.061328846961259856
v -0.007122487761080267 -0.04132183641195298 0.05881760269403459
v -0.006593205966055395 -0.0417584851384163 0.05803639814257623
v -0.006549083627760412 -0.04152125865221024 0.05888498201966287
v -0.005972460843622686 -0.04166468977928162 0.05893344432115556
v -0.006549083627760412 -0.04152125865221024 0.05888498201966287
v -0.006020792759954931 -0.04190853983163834 0.058074872940778746
v -0.006020792759954931 -0.04190853983163834 0.058074872940778746
v -0.006549083627760412 -0.04152125865221024 0.05888498201966287
v -0.006593205966055395 -0.0417584851384163 0.05803639814257623
v -0.00650258455425501 -0.04121979326009751 0.05971816554665567
v -0.006549083627760412 -0.04152125865221024 0.05888498201966287
v -0.005972460843622686 -0.04166468977928162 0.05893344432115556
v -0.006549083627760412 -0.04152125865221024 0.05888498201966287
v -0.00650258455425501 -0.04121979326009751 0.05971816554665567
v -0.007080898620188238 -0.04102877527475358 0.0596371926367283
v -0.007122487761080267 -0.04132183641195298 0.05881760269403459
v -0.006549083627760412 -0.04152125865221024 0.05888498201966287
v -0.007080898620188238 -0.04102877527475358 0.0596371926367283
v -0.0046999985352158555 -0.04159002006053925 0.05954707786440851
v -0.0046999985352158555 -0.04178895056247712 0.059008471667766585
v 0.004699996672570706 -0.04177623987197877 0.05904536694288255
v -0.0046999985352158555 -0.04159002006053925 0.05954707786440851
v 0.004699996672570706 -0.04177623987197877 0.05904536694288255
v 0.004699996672570706 -0.04134292900562287 0.06012617796659471
v 0.004812530241906644 -0.041323907673358924 0.06016076728701593
v 0.004699996672570706 -0.04134292900562287 0.06012617796659471
v 0.004699996672570706 -0.04177623987197877 0.05904536694288255
v -0.005247586406767369 0.023702688515186317 0.08475247025489809
v -0.006325596012175085 0.023553306236863143 0.08462422341108324
v -0.006325596012175085 0.022213311865925792 0.08599426597356798
v -0.007353701628744604 0.02326552383601666 0.08437716215848924
v -0.006325596012175085 0.022213311865925792 0.08599426597356798
v -0.006325596012175085 0.023553306236863143 0.08462422341108324
v -0.007825003005564215 0.039444848895072944 0.0617012456059456
v -0.006940887309610845 0.039778746664524085 0.061943072825670256
v -0.007569693960249426 0.040033400058746345 0.061072792857885375
v -0.007813119329512121 0.023785822093486793 0.08328749984502794
v -0.007353701628744604 0.02400194481015206 0.08344402164220811
v -0.007825003005564215 0.039444848895072944 0.0617012456059456
v -0.007353701628744604 0.02326552383601666 0.08437716215848924
v -0.007353701628744604 0.02400194481015206 0.08344402164220811
v -0.007813119329512121 0.023785822093486793 0.08328749984502794
v -0.007353701628744604 0.02400194481015206 0.08344402164220811
v -0.006940887309610845 0.039778746664524085 0.061943072825670256
v -0.007825003005564215 0.039444848895072944 0.0617012456059456
v 0.006066284142434599 -0.042086265981197364 0.057208154350519194
v 0.006020202301442625 -0.04190586507320405 0.05808561295270921
v 0.005501634441316129 -0.04218725860118867 0.05722618848085405
v 0.006592667661607267 -0.04175588488578797 0.05804700776934625
v 0.006020202301442625 -0.04190586507320405 0.05808561295270921
v 0.006066284142434599 -0.042086265981197364 0.057208154350519194
v 0.0065480386838316935 -0.041515074670314796 0.05890425667166711
v 0.006020202301442625 -0.04190586507320405 0.05808561295270921
v 0.006592667661607267 -0.04175588488578797 0.05804700776934625
v 0.007267332635819914 -0.04186291992664338 0.05542111769318582
v 0.007234252057969572 -0.04182244837284089 0.056284870952367796
v 0.006711258552968504 -0.04208347201347352 0.055426940321922316
v 0.006674191914498808 -0.04203969240188599 0.056307032704353346
v 0.006711258552968504 -0.04208347201347352 0.055426940321922316
v 0.007234252057969572 -0.04182244837284089 0.056284870952367796
v 0.006674191914498808 -0.04203969240188599 0.056307032704353346
v 0.007234252057969572 -0.04182244837284089 0.056284870952367796
v 0.007199003361165525 -0.04171798378229142 0.057142391800880446
v 0.007750592194497587 -0.04144787788391114 0.05709416046738626
v 0.007199003361165525 -0.04171798378229142 0.057142391800880446
v 0.007234252057969572 -0.04182244837284089 0.056284870952367796
v 0.007234252057969572 -0.04182244837284089 0.056284870952367796
v 0.007267332635819914 -0.04186291992664338 0.05542111769318582
v 0.007810159586369993 -0.041585311293602 0.055413790047168746
v 0.007750592194497587 -0.04144787788391114 0.05709416046738626
v 0.007234252057969572 -0.04182244837284089 0.056284870952367796
v 0.007810159586369993 -0.041585311293602 0.055413790047168746
v 0.007608956657350065 -0.04043336212635041 0.06032417342066766
v 0.007036781869828703 -0.04066958278417588 0.06044630333781244
v 0.007079980336129667 -0.041022144258022315 0.05965482443571092
v 0.00645329710096121 -0.040850982069969184 0.060540087521076216
v 0.007036781869828703 -0.04066958278417588 0.06044630333781244
v 0.006991869769990446 -0.04025773704051972 0.06121088191866876
v 0.006940885446965696 -0.039778746664524085 0.061943072825670256
v 0.0075696920976042765 -0.040033400058746345 0.061072792857885375
v 0.007825001142919065 -0.039444848895072944 0.0617012456059456
v 0.007036781869828703 -0.04066958278417588 0.06044630333781244
v 0.0075696920976042765 -0.040033400058746345 0.061072792857885375
v 0.006991869769990446 -0.04025773704051972 0.06121088191866876
v 0.007036781869828703 -0.04066958278417588 0.06044630333781244
v 0.007608956657350065 -0.04043336212635041 0.06032417342066766
v 0.0075696920976042765 -0.040033400058746345 0.061072792857885375
v 0.0075696920976042765 -0.040033400058746345 0.061072792857885375
v 0.006940885446965696 -0.039778746664524085 0.061943072825670256
v 0.006821825169026853 -0.03982371091842652 0.06197563558816911
v 0.006991869769990446 -0.04025773704051972 0.06121088191866876
v 0.0075696920976042765 -0.040033400058746345 0.061072792857885375
v 0.006821825169026853 -0.03982371091842652 0.06197563558816911
v 0.007608956657350065 -0.04043336212635041 0.06032417342066766
v 0.007079980336129667 -0.041022144258022315 0.05965482443571092
v 0.007646701298654081 -0.04077533632516862 0.05954973027110101
v -0.004713826812803746 0.04063605889678002 0.06144376844167711
v -0.0046999985352158555 0.04053251445293427 0.061614379286766066
v -0.0046999985352158555 0.040809806436300285 0.061158120632171645
v -0.004736454226076604 0.04080547392368317 0.06116462126374246
v -0.004713826812803746 0.04063605889678002 0.06144376844167711
v -0.0046999985352158555 0.040809806436300285 0.061158120632171645
v -0.005288229323923589 0.041054669767618186 0.06064539030194284
v -0.005867653526365759 0.040978550910949714 0.06060603633522989
v -0.005812854506075383 0.04054749011993409 0.06138923391699792
v 0.0066350838169455546 0.04193184897303582 0.057172376662492766
v 0.006674847565591337 0.04204079136252404 0.05629197880625726
v 0.006110309623181822 0.04220127314329148 0.05630814284086229
v 0.006712137721478941 0.04208372533321381 0.05540527403354646
v 0.006674847565591337 0.04204079136252404 0.05629197880625726
v 0.007234833203256132 0.04182348027825356 0.0562700927257538
v 0.006674847565591337 0.04204079136252404 0.05629197880625726
v 0.006151243112981321 0.04224782809615136 0.0554093010723591
v 0.006110309623181822 0.04220127314329148 0.05630814284086229
v 0.006151243112981321 0.04224782809615136 0.0554093010723591
v 0.006674847565591337 0.04204079136252404 0.05629197880625726
v 0.006712137721478941 0.04208372533321381 0.05540527403354646
v 0.006020790897309782 0.04190854355692864 0.058074872940778746
v 0.006593204103410246 0.0417584851384163 0.05803639814257623
v 0.0060666939243674296 0.04208761081099511 0.05720008164644243
v 0.0066350838169455546 0.04193184897303582 0.057172376662492766
v 0.0060666939243674296 0.04208761081099511 0.05720008164644243
v 0.006593204103410246 0.0417584851384163 0.05803639814257623
v 0.005502074025571347 0.04218864813446999 0.05721805244684221
v 0.006020790897309782 0.04190854355692864 0.058074872940778746
v 0.0060666939243674296 0.04208761081099511 0.05720008164644243
v 0.0066350838169455546 0.04193184897303582 0.057172376662492766
v 0.006110309623181822 0.04220127314329148 0.05630814284086229
v 0.0060666939243674296 0.04208761081099511 0.05720008164644243
v 0.005549027584493161 0.04230696335434914 0.05631878972053529
v 0.0060666939243674296 0.04208761081099511 0.05720008164644243
v 0.006110309623181822 0.04220127314329148 0.05630814284086229
v 0.005502074025571347 0.04218864813446999 0.05721805244684221
v 0.0060666939243674296 0.04208761081099511 0.05720008164644243
v 0.005549027584493161 0.04230696335434914 0.05631878972053529
v 0.007161929272115232 0.04155184701085091 0.05798341333866121
v 0.007750882767140867 0.041449073702096946 0.05708651244640352
v 0.007199338637292387 0.041719228029251106 0.05713456124067308
v 0.007161929272115232 0.04155184701085091 0.05798341333866121
v 0.007199338637292387 0.041719228029251106 0.05713456124067308
v 0.0066350838169455546 0.04193184897303582 0.057172376662492766
v 0.007234833203256132 0.04182348027825356 0.0562700927257538
v 0.007199338637292387 0.041719228029251106 0.05713456124067308
v 0.007750882767140867 0.041449073702096946 0.05708651244640352
v 0.006674847565591337 0.04204079136252404 0.05629197880625726
v 0.007199338637292387 0.041719228029251106 0.05713456124067308
v 0.007234833203256132 0.04182348027825356 0.0562700927257538
v 0.007199338637292387 0.041719228029251106 0.05713456124067308
v 0.006674847565591337 0.04204079136252404 0.05629197880625726
v 0.0066350838169455546 0.04193184897303582 0.057172376662492766
v 0.0071224858984351175 0.04132184013724328 0.05881760269403459
v 0.007161929272115232 0.04155184701085091 0.05798341333866121
v 0.006593204103410246 0.0417584851384163 0.05803639814257623
v 0.005452691577374936 0.04200423508882523 0.058099411427974715
v 0.005972458980977537 0.04166468977928162 0.05893344432115556
v 0.006020790897309782 0.04190854355692864 0.058074872940778746
v 0.005812994204461575 0.04054832831025124 0.061387099325656905
v 0.0064032739028334635 0.040429573506116874 0.06131403148174287
v 0.005868188105523588 0.04098191112279893 0.06059764698147775
v 0.005812994204461575 0.04054832831025124 0.061387099325656905
v 0.005868188105523588 0.04098191112279893 0.06059764698147775
v 0.005288801155984403 0.04105809703469277 0.06063695996999742
v 0.004699996672570706 0.0411115474998951 0.06060399115085603
v 0.004781595431268216 0.04112175107002259 0.06058031320571901
v 0.004699996672570706 0.04159002378582955 0.05954707786440851
v 0.0052296286448836335 0.040617231279611594 0.0614294931292534
v 0.004781595431268216 0.04112175107002259 0.06058031320571901
v 0.004699996672570706 0.0411115474998951 0.06060399115085603
v 0.005288801155984403 0.04105809703469277 0.06063695996999742
v 0.004781595431268216 0.04112175107002259 0.06058031320571901
v 0.0052296286448836335 0.040617231279611594 0.0614294931292534
v 0.005593127571046353 0.04235737398266793 0.05541199073195459
v 0.005053243599832059 0.042364098131656654 0.05626197531819345
v 0.005549027584493161 0.04230696335434914 0.05631878972053529
v 0.005053243599832059 0.042364098131656654 0.05626197531819345
v 0.005502074025571347 0.04218864813446999 0.05721805244684221
v 0.005549027584493161 0.04230696335434914 0.05631878972053529
v 0.005593127571046353 0.04235737398266793 0.05541199073195459
v 0.004699996672570706 0.04243226349353791 0.055602755397558226
v 0.005053243599832059 0.042364098131656654 0.05626197531819345
v 0.005502074025571347 0.04218864813446999 0.05721805244684221
v 0.005053243599832059 0.042364098131656654 0.05626197531819345
v 0.004699996672570706 0.042327694594860084 0.05675233900547029
v 0.004699996672570706 0.04243226349353791 0.055602755397558226
v 0.004699996672570706 0.042327694594860084 0.05675233900547029
v 0.005053243599832059 0.042364098131656654 0.05626197531819345
v 0.008280842565000059 0.041122365742921836 0.05702840536832811
v 0.007750882767140867 0.041449073702096946 0.05708651244640352
v 0.008223867975175382 0.040753345936536796 0.0586255192756653
v 0.008223867975175382 0.040753345936536796 0.0586255192756653
v 0.008733510039746763 0.04038771241903306 0.0585019811987877
v 0.008280842565000059 0.041122365742921836 0.05702840536832811
v 0.008160552941262724 0.04014596343040467 0.06016626209020616
v 0.008223867975175382 0.040753345936536796 0.0586255192756653
v 0.007647498510777952 0.04078176245093346 0.05953248217701913
v 0.009100726805627348 0.03863178938627244 0.061112392693758025
v 0.00873169954866171 0.03893065825104714 0.061328846961259856
v 0.009140125475823881 0.02298509515821934 0.08270757645368577
v 0.009100726805627348 0.03863178938627244 0.061112392693758025
v 0.009140125475823881 0.02298509515821934 0.08270757645368577
v 0.009514383040368559 0.03829676657915116 0.060869753360748305
v 0.008681326173245909 0.03980369865894318 0.059989638626575484
v 0.00873169954866171 0.03893065825104714 0.061328846961259856
v 0.009162663482129576 0.039413817226886756 0.059788439422845854
v 0.00873169954866171 0.03893065825104714 0.061328846961259856
v 0.008681326173245909 0.03980369865894318 0.059989638626575484
v 0.008160552941262724 0.04014596343040467 0.06016626209020616
v 0.008733510039746763 0.04038771241903306 0.0585019811987877
v 0.008681326173245909 0.03980369865894318 0.059989638626575484
v 0.009162663482129576 0.039413817226886756 0.059788439422845854
v 0.008223867975175382 0.040753345936536796 0.0586255192756653
v 0.008681326173245909 0.03980369865894318 0.059989638626575484
v 0.008733510039746763 0.04038771241903306 0.0585019811987877
v 0.008223867975175382 0.040753345936536796 0.0586255192756653
v 0.008160552941262724 0.04014596343040467 0.06016626209020616
v 0.008681326173245909 0.03980369865894318 0.059989638626575484
v 0.008160552941262724 0.04014596343040467 0.06016626209020616
v 0.0075697889551520365 0.040034171193838126 0.061070755124092116
v 0.007825001142919065 0.039444848895072944 0.0617012456059456
v 0.006940885446965696 0.039778746664524085 0.061943072825670256
v 0.007825001142919065 0.039444848895072944 0.0617012456059456
v 0.0075697889551520365 0.040034171193838126 0.061070755124092116
v 0.0075697889551520365 0.040034171193838126 0.061070755124092116
v 0.007037221454083921 0.04067277908325196 0.060438122600317015
v 0.006991988979279997 0.04025853425264359 0.06120879948139192
v 0.006821825169026853 0.03982371091842652 0.06197563558816911
v 0.0075697889551520365 0.040034171193838126 0.061070755124092116
v 0.006991988979279997 0.04025853425264359 0.06120879948139192
v 0.006940885446965696 0.039778746664524085 0.061943072825670256
v 0.0075697889551520365 0.040034171193838126 0.061070755124092116
v 0.006821825169026853 0.03982371091842652 0.06197563558816911
v 0.006940885446965696 0.039778746664524085 0.061943072825670256
v 0.007353699766099455 0.02400194481015206 0.08344402164220811
v 0.007825001142919065 0.039444848895072944 0.0617012456059456
v 0.006821825169026853 0.03982371091842652 0.06197563558816911
v 0.006813651882112028 0.02416330389678479 0.08356089144945146
v 0.007353699766099455 0.02400194481015206 0.08344402164220811
v 0.006821825169026853 0.03982371091842652 0.06197563558816911
v 0.007353699766099455 0.02400194481015206 0.08344402164220811
v 0.006940885446965696 0.039778746664524085 0.061943072825670256
v 0.007825001142919065 0.039444848895072944 0.0617012456059456
v 0.008080824278295042 0.03929977118968964 0.06159617751836778
v 0.008160552941262724 0.04014596343040467 0.06016626209020616
v 0.008160552941262724 0.04014596343040467 0.06016626209020616
v 0.008080824278295042 0.03929977118968964 0.06159617751836778
v 0.008618793450295927 0.0389946922659874 0.06137522310018541
v 0.00999999698251486 0.015449999831616882 0.0900000035762787
v 0.007353699766099455 0.02195992693305016 0.0857120305299759
v 0.006325594149529936 0.022213311865925792 0.08599426597356798
v -0.0046999985352158555 0.02960114367306233 0.07674293220043184
v -0.005247586406767369 0.024468582123517997 0.08378198742866518
v -0.0046499976888299 0.024491405114531524 0.08379851281642915
v -0.005247586406767369 0.024468582123517997 0.08378198742866518
v -0.0046499976888299 0.02372406981885434 0.0847708284854889
v -0.0046499976888299 0.024491405114531524 0.08379851281642915
v -0.0046499976888299 0.02372406981885434 0.0847708284854889
v -0.005247586406767369 0.024468582123517997 0.08378198742866518
v -0.005247586406767369 0.023702688515186317 0.08475247025489809
v -0.0046999985352158555 0.04013370350003243 0.062200147658586516
v -0.005247586406767369 0.024468582123517997 0.08378198742866518
v -0.0046999985352158555 0.02960114367306233 0.07674293220043184
v -0.005752668716013432 0.040055729448795326 0.06214367598295213
v -0.005247586406767369 0.024468582123517997 0.08378198742866518
v -0.0046999985352158555 0.04013370350003243 0.062200147658586516
v -0.006325596012175085 0.023553306236863143 0.08462422341108324
v -0.006813653744757177 0.02416330389678479 0.08356089144945146
v -0.007353701628744604 0.02326552383601666 0.08437716215848924
v -0.007353701628744604 0.02400194481015206 0.08344402164220811
v -0.007353701628744604 0.02326552383601666 0.08437716215848924
v -0.006813653744757177 0.02416330389678479 0.08356089144945146
v -0.007036783732473852 0.04066958278417588 0.06044630333781244
v -0.007569693960249426 0.040033400058746345 0.061072792857885375
v -0.006991871632635595 0.04025773704051972 0.06121088191866876
v -0.007036783732473852 0.04066958278417588 0.06044630333781244
v -0.006991871632635595 0.04025773704051972 0.06121088191866876
v -0.006453291513025762 0.04085098579525948 0.060540087521076216
v -0.006991871632635595 0.04025773704051972 0.06121088191866876
v -0.006403149105608465 0.04042875394225121 0.0613161474466324
v -0.006453291513025762 0.04085098579525948 0.060540087521076216
v 0.006501561962068083 -0.041212975978851325 0.05973608046770097
v 0.0065480386838316935 -0.041515074670314796 0.05890425667166711
v 0.007079980336129667 -0.041022144258022315 0.05965482443571092
v 0.007036781869828703 -0.04066958278417588 0.06044630333781244
v 0.006501561962068083 -0.041212975978851325 0.05973608046770097
v 0.007079980336129667 -0.041022144258022315 0.05965482443571092
v 0.007036781869828703 -0.04066958278417588 0.06044630333781244
v 0.00645329710096121 -0.040850982069969184 0.060540087521076216
v 0.006501561962068083 -0.041212975978851325 0.05973608046770097
v 0.005501634441316129 -0.04218725860118867 0.05722618848085405
v 0.0054520582780241975 -0.04200148582458497 0.05811022594571115
v 0.004959165118634702 -0.042090214788913734 0.05793309956789018
v 0.006020202301442625 -0.04190586507320405 0.05808561295270921
v 0.0054520582780241975 -0.04200148582458497 0.05811022594571115
v 0.005501634441316129 -0.04218725860118867 0.05722618848085405
v 0.004699996672570706 -0.04195080697536469 0.05850002542138101
v 0.004959165118634702 -0.042090214788913734 0.05793309956789018
v 0.0054520582780241975 -0.04200148582458497 0.05811022594571115
v 0.005548260174691678 -0.04230573028326035 0.05633417516946794
v 0.004699996672570706 -0.0423889309167862 0.05623016878962518
v 0.0050923069939017305 -0.04241002351045609 0.055496770888566985
v -0.0046999985352158555 -0.04243226349353791 0.055602755397558226
v 0.004699996672570706 -0.04244334995746613 0.05506549403071405
v 0.004699996672570706 -0.0423889309167862 0.05623016878962518
v 0.0050923069939017305 -0.04241002351045609 0.055496770888566985
v 0.004699996672570706 -0.0423889309167862 0.05623016878962518
v 0.004699996672570706 -0.04244334995746613 0.05506549403071405
v -0.0046999985352158555 -0.04232768714427949 0.05675233900547029
v -0.0046999985352158555 -0.04243226349353791 0.055602755397558226
v 0.004699996672570706 -0.0423889309167862 0.05623016878962518
v 0.004699996672570706 -0.042224124073982246 0.05737579241394998
v -0.0046999985352158555 -0.04232768714427949 0.05675233900547029
v 0.004699996672570706 -0.0423889309167862 0.05623016878962518
v 0.007121554575860502 -0.04131583124399186 0.058836556971073165
v 0.007646701298654081 -0.04077533632516862 0.05954973027110101
v 0.007079980336129667 -0.041022144258022315 0.05965482443571092
v 0.0065480386838316935 -0.041515074670314796 0.05890425667166711
v 0.007121554575860502 -0.04131583124399186 0.058836556971073165
v 0.007079980336129667 -0.041022144258022315 0.05965482443571092
v 0.007161444984376432 -0.04154933243989945 0.0579938404262066
v 0.007121554575860502 -0.04131583124399186 0.058836556971073165
v 0.006592667661607267 -0.04175588488578797 0.05804700776934625
v 0.0065480386838316935 -0.041515074670314796 0.05890425667166711
v 0.006592667661607267 -0.04175588488578797 0.05804700776934625
v 0.007121554575860502 -0.04131583124399186 0.058836556971073165
v 0.007646701298654081 -0.04077533632516862 0.05954973027110101
v 0.008160225115716459 -0.04014296829700471 0.06017404422163965
v 0.007608956657350065 -0.04043336212635041 0.06032417342066766
v 0.0075696920976042765 -0.040033400058746345 0.061072792857885375
v 0.007608956657350065 -0.04043336212635041 0.06032417342066766
v 0.008160225115716459 -0.04014296829700471 0.06017404422163965
v 0.0075696920976042765 -0.040033400058746345 0.061072792857885375
v 0.008160225115716459 -0.04014296829700471 0.06017404422163965
v 0.007825001142919065 -0.039444848895072944 0.0617012456059456
v 0.008160225115716459 -0.04014296829700471 0.06017404422163965
v 0.00861878599971533 -0.0389946922659874 0.06137522310018541
v 0.007825001142919065 -0.039444848895072944 0.0617012456059456
v 0.00868105795234442 -0.03980082273483277 0.05999715626239778
v 0.00873169954866171 -0.03893065452575684 0.061328846961259856
v 0.008160225115716459 -0.04014296829700471 0.06017404422163965
v 0.00861878599971533 -0.0389946922659874 0.06137522310018541
v 0.008160225115716459 -0.04014296829700471 0.06017404422163965
v 0.00873169954866171 -0.03893065452575684 0.061328846961259856
v 0.007161444984376432 -0.04154933243989945 0.0579938404262066
v 0.007750592194497587 -0.04144787788391114 0.05709416046738626
v 0.007683007977902891 -0.04105977714061738 0.05874954909086229
v 0.007683007977902891 -0.04105977714061738 0.05874954909086229
v 0.007121554575860502 -0.04131583124399186 0.058836556971073165
v 0.007161444984376432 -0.04154933243989945 0.0579938404262066
v 0.007121554575860502 -0.04131583124399186 0.058836556971073165
v 0.007683007977902891 -0.04105977714061738 0.05874954909086229
v 0.007646701298654081 -0.04077533632516862 0.05954973027110101
v -0.005812854506075383 0.04054749011993409 0.06138923391699792
v -0.005229481495916844 0.04061637818813325 0.06143163517117502
v -0.005288229323923589 0.041054669767618186 0.06064539030194284
v -0.005288229323923589 0.041054669767618186 0.06064539030194284
v -0.005229481495916844 0.04061637818813325 0.06143163517117502
v -0.004736454226076604 0.04080547392368317 0.06116462126374246
v -0.004713826812803746 0.04063605889678002 0.06144376844167711
v -0.004736454226076604 0.04080547392368317 0.06116462126374246
v -0.005229481495916844 0.04061637818813325 0.06143163517117502
v -0.004713826812803746 0.04063605889678002 0.06144376844167711
v -0.005229481495916844 0.04061637818813325 0.06143163517117502
v -0.0046999985352158555 0.04053251445293427 0.061614379286766066
v -0.005752668716013432 0.040055729448795326 0.06214367598295213
v -0.005229481495916844 0.04061637818813325 0.06143163517117502
v -0.005812854506075383 0.04054749011993409 0.06138923391699792
v -0.005752668716013432 0.040055729448795326 0.06214367598295213
v -0.0046999985352158555 0.04013370350003243 0.062200147658586516
v -0.005229481495916844 0.04061637818813325 0.06143163517117502
v -0.0046999985352158555 0.04053251445293427 0.061614379286766066
v -0.005229481495916844 0.04061637818813325 0.06143163517117502
v -0.0046999985352158555 0.04013370350003243 0.062200147658586516
v -0.005288229323923589 0.041054669767618186 0.06064539030194284
v -0.0053448760882020005 0.04143177717924119 0.0598292537033558
v -0.005867653526365759 0.040978550910949714 0.06060603633522989
v -0.005399511195719243 0.04174791648983956 0.05898337438702585
v -0.0053448760882020005 0.04143177717924119 0.0598292537033558
v -0.004892052151262761 0.04178306832909585 0.05900353938341142
v -0.0053448760882020005 0.04143177717924119 0.0598292537033558
v -0.0046999985352158555 0.04177623987197877 0.05904536694288255
v -0.004892052151262761 0.04178306832909585 0.05900353938341142
v -0.004736454226076604 0.04080547392368317 0.06116462126374246
v -0.0046999985352158555 0.040809806436300285 0.061158120632171645
v -0.004812524653971196 0.04132391139864922 0.06016076728701593
v -0.004736454226076604 0.04080547392368317 0.06116462126374246
v -0.004812524653971196 0.04132391139864922 0.06016076728701593
v -0.005288229323923589 0.041054669767618186 0.06064539030194284
v -0.005288229323923589 0.041054669767618186 0.06064539030194284
v -0.004812524653971196 0.04132391139864922 0.06016076728701593
v -0.0053448760882020005 0.04143177717924119 0.0598292537033558
v -0.0053448760882020005 0.04143177717924119 0.0598292537033558
v -0.004812524653971196 0.04132391139864922 0.06016076728701593
v -0.0046999985352158555 0.04177623987197877 0.05904536694288255
v 0.007037221454083921 0.04067277908325196 0.060438122600317015
v 0.007080896757543089 0.04102877527475358 0.0596371926367283
v 0.006502582691609861 0.04121979326009751 0.05971816554665567
v 0.0071224858984351175 0.04132184013724328 0.05881760269403459
v 0.007080896757543089 0.04102877527475358 0.0596371926367283
v 0.007647498510777952 0.04078176245093346 0.05953248217701913
v 0.006991988979279997 0.04025853425264359 0.06120879948139192
v 0.00645378138870001 0.040854271501302726 0.06053177639842035
v 0.0064032739028334635 0.040429573506116874 0.06131403148174287
v 0.007037221454083921 0.04067277908325196 0.060438122600317015
v 0.00645378138870001 0.040854271501302726 0.06053177639842035
v 0.006991988979279997 0.04025853425264359 0.06120879948139192
v 0.005868188105523588 0.04098191112279893 0.06059764698147775
v 0.0064032739028334635 0.040429573506116874 0.06131403148174287
v 0.00645378138870001 0.040854271501302726 0.06053177639842035
v 0.006502582691609861 0.04121979326009751 0.05971816554665567
v 0.00645378138870001 0.040854271501302726 0.06053177639842035
v 0.007037221454083921 0.04067277908325196 0.060438122600317015
v 0.006549081765115263 0.04152126237750054 0.05888498201966287
v 0.005972458980977537 0.04166468977928162 0.05893344432115556
v 0.006502582691609861 0.04121979326009751 0.05971816554665567
v 0.007080896757543089 0.04102877527475358 0.0596371926367283
v 0.006549081765115263 0.04152126237750054 0.05888498201966287
v 0.006502582691609861 0.04121979326009751 0.05971816554665567
v 0.006549081765115263 0.04152126237750054 0.05888498201966287
v 0.007080896757543089 0.04102877527475358 0.0596371926367283
v 0.0071224858984351175 0.04132184013724328 0.05881760269403459
v 0.006593204103410246 0.0417584851384163 0.05803639814257623
v 0.006549081765115263 0.04152126237750054 0.05888498201966287
v 0.0071224858984351175 0.04132184013724328 0.05881760269403459
v 0.006020790897309782 0.04190854355692864 0.058074872940778746
v 0.006549081765115263 0.04152126237750054 0.05888498201966287
v 0.006593204103410246 0.0417584851384163 0.05803639814257623
v 0.005972458980977537 0.04166468977928162 0.05893344432115556
v 0.006549081765115263 0.04152126237750054 0.05888498201966287
v 0.006020790897309782 0.04190854355692864 0.058074872940778746
v 0.005288801155984403 0.04105809703469277 0.06063695996999742
v 0.005346073769032956 0.041438903659582145 0.05981104448437692
v 0.004781595431268216 0.04112175107002259 0.06058031320571901
v 0.005868188105523588 0.04098191112279893 0.06059764698147775
v 0.005346073769032956 0.041438903659582145 0.05981104448437692
v 0.005288801155984403 0.04105809703469277 0.06063695996999742
v 0.007161929272115232 0.04155184701085091 0.05798341333866121
v 0.007683820091187956 0.04106558859348298 0.05873101949691774
v 0.007750882767140867 0.041449073702096946 0.05708651244640352
v 0.008223867975175382 0.040753345936536796 0.0586255192756653
v 0.007750882767140867 0.041449073702096946 0.05708651244640352
v 0.007683820091187956 0.04106558859348298 0.05873101949691774
v 0.0071224858984351175 0.04132184013724328 0.05881760269403459
v 0.007683820091187956 0.04106558859348298 0.05873101949691774
v 0.007161929272115232 0.04155184701085091 0.05798341333866121
v 0.0071224858984351175 0.04132184013724328 0.05881760269403459
v 0.007647498510777952 0.04078176245093346 0.05953248217701913
v 0.007683820091187956 0.04106558859348298 0.05873101949691774
v 0.008223867975175382 0.040753345936536796 0.0586255192756653
v 0.007683820091187956 0.04106558859348298 0.05873101949691774
v 0.007647498510777952 0.04078176245093346 0.05953248217701913
v 0.008618793450295927 0.0389946922659874 0.06137522310018541
v 0.008301279507577421 0.02355617471039296 0.08312117308378221
v 0.00873169954866171 0.03893065825104714 0.061328846961259856
v 0.008080824278295042 0.03929977118968964 0.06159617751836778
v 0.008301279507577421 0.02355617471039296 0.08312117308378221
v 0.008618793450295927 0.0389946922659874 0.06137522310018541
v 0.008080824278295042 0.03929977118968964 0.06159617751836778
v 0.007825001142919065 0.039444848895072944 0.0617012456059456
v 0.008301279507577421 0.02355617471039296 0.08312117308378221
v 0.009514383040368559 0.03829676657915116 0.060869753360748305
v 0.009496255777776243 0.02264196984469891 0.08245906978845598
v 0.009845248423516752 0.02230571396648884 0.08221553266048433
v 0.009140125475823881 0.02298509515821934 0.08270757645368577
v 0.009496255777776243 0.02264196984469891 0.08245906978845598
v 0.009514383040368559 0.03829676657915116 0.060869753360748305
v 0.009496255777776243 0.02264196984469891 0.08245906978845598
v 0.009845248423516752 0.021676434203982357 0.0830129161477089
v 0.009845248423516752 0.02230571396648884 0.08221553266048433
v 0.009845248423516752 0.021676434203982357 0.0830129161477089
v 0.009140125475823881 0.022312901914119724 0.0835593268275261
v 0.00999999698251486 0.015449999831616882 0.0900000035762787
v 0.008301279507577421 0.02284791134297848 0.08401863276958467
v 0.00999999698251486 0.015449999831616882 0.0900000035762787
v 0.009140125475823881 0.022312901914119724 0.0835593268275261
v 0.009496255777776243 0.02264196984469891 0.08245906978845598
v 0.009140125475823881 0.022312901914119724 0.0835593268275261
v 0.009845248423516752 0.021676434203982357 0.0830129161477089
v 0.009496255777776243 0.02264196984469891 0.08245906978845598
v 0.009140125475823881 0.02298509515821934 0.08270757645368577
v 0.009140125475823881 0.022312901914119724 0.0835593268275261
v 0.008160552941262724 0.04014596343040467 0.06016626209020616
v 0.007647498510777952 0.04078176245093346 0.05953248217701913
v 0.007609336636960508 0.04043646156787873 0.06031616777181627
v 0.0075697889551520365 0.040034171193838126 0.061070755124092116
v 0.008160552941262724 0.04014596343040467 0.06016626209020616
v 0.007609336636960508 0.04043646156787873 0.06031616777181627
v 0.0075697889551520365 0.040034171193838126 0.061070755124092116
v 0.007609336636960508 0.04043646156787873 0.06031616777181627
v 0.007037221454083921 0.04067277908325196 0.060438122600317015
v 0.007080896757543089 0.04102877527475358 0.0596371926367283
v 0.007609336636960508 0.04043646156787873 0.06031616777181627
v 0.007647498510777952 0.04078176245093346 0.05953248217701913
v 0.007037221454083921 0.04067277908325196 0.060438122600317015
v 0.007609336636960508 0.04043646156787873 0.06031616777181627
v 0.007080896757543089 0.04102877527475358 0.0596371926367283
v 0.006325594149529936 0.023553306236863143 0.08462422341108324
v 0.007353699766099455 0.02326552383601666 0.08437716215848924
v 0.006813651882112028 0.02416330389678479 0.08356089144945146
v 0.007353699766099455 0.02400194481015206 0.08344402164220811
v 0.006813651882112028 0.02416330389678479 0.08356089144945146
v 0.007353699766099455 0.02326552383601666 0.08437716215848924
v 0.006325594149529936 0.023553306236863143 0.08462422341108324
v 0.006325594149529936 0.022213311865925792 0.08599426597356798
v 0.007353699766099455 0.02326552383601666 0.08437716215848924
v 0.007353699766099455 0.02195992693305016 0.0857120305299759
v 0.007353699766099455 0.02326552383601666 0.08437716215848924
v 0.006325594149529936 0.022213311865925792 0.08599426597356798
v 0.008301279507577421 0.02284791134297848 0.08401863276958467
v 0.008301279507577421 0.021592231467366222 0.085302472114563
v 0.00999999698251486 0.015449999831616882 0.0900000035762787
v 0.00999999698251486 0.015449999831616882 0.0900000035762787
v 0.008301279507577421 0.021592231467366222 0.085302472114563
v 0.007353699766099455 0.02195992693305016 0.0857120305299759
v 0.007353699766099455 0.02326552383601666 0.08437716215848924
v 0.008301279507577421 0.021592231467366222 0.085302472114563
v 0.008301279507577421 0.02284791134297848 0.08401863276958467
v 0.007353699766099455 0.02195992693305016 0.0857120305299759
v 0.008301279507577421 0.021592231467366222 0.085302472114563
v 0.007353699766099455 0.02326552383601666 0.08437716215848924
v -0.005247586406767369 0.023702688515186317 0.08475247025489809
v -0.006325596012175085 0.024309128522872932 0.08366650342941286
v -0.006325596012175085 0.023553306236863143 0.08462422341108324
v -0.005247586406767369 0.024468582123517997 0.08378198742866518
v -0.006325596012175085 0.024309128522872932 0.08366650342941286
v -0.005247586406767369 0.023702688515186317 0.08475247025489809
v -0.005247586406767369 0.024468582123517997 0.08378198742866518
v -0.005752668716013432 0.040055729448795326 0.06214367598295213
v -0.006325596012175085 0.024309128522872932 0.08366650342941286
v -0.006325596012175085 0.023553306236863143 0.08462422341108324
v -0.006325596012175085 0.024309128522872932 0.08366650342941286
v -0.006813653744757177 0.02416330389678479 0.08356089144945146
v -0.007353701628744604 0.02400194481015206 0.08344402164220811
v -0.006821827031672003 0.03982371091842652 0.06197563558816911
v -0.006940887309610845 0.039778746664524085 0.061943072825670256
v -0.006813653744757177 0.02416330389678479 0.08356089144945146
v -0.006821827031672003 0.03982371091842652 0.06197563558816911
v -0.007353701628744604 0.02400194481015206 0.08344402164220811
v -0.006325596012175085 0.024309128522872932 0.08366650342941286
v -0.006821827031672003 0.03982371091842652 0.06197563558816911
v -0.006813653744757177 0.02416330389678479 0.08356089144945146
v -0.006991871632635595 0.04025773704051972 0.06121088191866876
v -0.006821827031672003 0.03982371091842652 0.06197563558816911
v -0.006403149105608465 0.04042875394225121 0.0613161474466324
v -0.006940887309610845 0.039778746664524085 0.061943072825670256
v -0.006821827031672003 0.03982371091842652 0.06197563558816911
v -0.007569693960249426 0.040033400058746345 0.061072792857885375
v -0.006991871632635595 0.04025773704051972 0.06121088191866876
v -0.007569693960249426 0.040033400058746345 0.061072792857885375
v -0.006821827031672003 0.03982371091842652 0.06197563558816911
v 0.005344874225556851 -0.04143177717924119 0.0598292537033558
v 0.0058676516637206095 -0.040978550910949714 0.06060603633522989
v 0.0052882274612784394 -0.04105466604232789 0.06064539030194284
v 0.004812530241906644 -0.041323907673358924 0.06016076728701593
v 0.005344874225556851 -0.04143177717924119 0.0598292537033558
v 0.0052882274612784394 -0.04105466604232789 0.06064539030194284
v 0.004699996672570706 -0.04177623987197877 0.05904536694288255
v 0.005344874225556851 -0.04143177717924119 0.0598292537033558
v 0.004812530241906644 -0.041323907673358924 0.06016076728701593
v 0.005548260174691678 -0.04230573028326035 0.05633417516946794
v 0.005501634441316129 -0.04218725860118867 0.05722618848085405
v 0.00503088440746069 -0.0423182100057602 0.05667982622981073
v 0.00503088440746069 -0.0423182100057602 0.05667982622981073
v 0.004699996672570706 -0.0423889309167862 0.05623016878962518
v 0.005548260174691678 -0.04230573028326035 0.05633417516946794
v 0.004699996672570706 -0.042224124073982246 0.05737579241394998
v 0.00503088440746069 -0.0423182100057602 0.05667982622981073
v 0.005501634441316129 -0.04218725860118867 0.05722618848085405
v 0.004699996672570706 -0.0423889309167862 0.05623016878962518
v 0.00503088440746069 -0.0423182100057602 0.05667982622981073
v 0.004699996672570706 -0.042224124073982246 0.05737579241394998
v 0.007683007977902891 -0.04105977714061738 0.05874954909086229
v 0.007750592194497587 -0.04144787788391114 0.05709416046738626
v 0.008223182521760465 -0.04074773937463761 0.058643523603677764
v 0.008160225115716459 -0.04014296829700471 0.06017404422163965
v 0.008223182521760465 -0.04074773937463761 0.058643523603677764
v 0.00868105795234442 -0.03980082273483277 0.05999715626239778
v 0.008223182521760465 -0.04074773937463761 0.058643523603677764
v 0.008160225115716459 -0.04014296829700471 0.06017404422163965
v 0.007646701298654081 -0.04077533632516862 0.05954973027110101
v 0.007683007977902891 -0.04105977714061738 0.05874954909086229
v 0.008223182521760465 -0.04074773937463761 0.058643523603677764
v 0.007646701298654081 -0.04077533632516862 0.05954973027110101
v -0.005399511195719243 0.04174791648983956 0.05898337438702585
v -0.005971320904791357 0.041658341884613044 0.05895293876528741
v -0.005920440889894964 0.04134873673319817 0.0597938932478428
v -0.0053448760882020005 0.04143177717924119 0.0598292537033558
v -0.005399511195719243 0.04174791648983956 0.05898337438702585
v -0.005920440889894964 0.04134873673319817 0.0597938932478428
v -0.005971320904791357 0.041658341884613044 0.05895293876528741
v -0.006501563824713232 0.041212975978851325 0.05973608046770097
v -0.005920440889894964 0.04134873673319817 0.0597938932478428
v -0.0053448760882020005 0.04143177717924119 0.0598292537033558
v -0.005920440889894964 0.04134873673319817 0.0597938932478428
v -0.005867653526365759 0.040978550910949714 0.06060603633522989
v -0.006453291513025762 0.04085098579525948 0.060540087521076216
v -0.005920440889894964 0.04134873673319817 0.0597938932478428
v -0.006501563824713232 0.041212975978851325 0.05973608046770097
v -0.005867653526365759 0.040978550910949714 0.06060603633522989
v -0.005920440889894964 0.04134873673319817 0.0597938932478428
v -0.006453291513025762 0.04085098579525948 0.060540087521076216
v 0.004699996672570706 0.04159002378582955 0.05954707786440851
v -0.0046999985352158555 0.04134292900562287 0.06012617796659471
v 0.004699996672570706 0.0411115474998951 0.06060399115085603
v -0.0046999985352158555 0.04177623987197877 0.05904536694288255
v -0.0046999985352158555 0.04134292900562287 0.06012617796659471
v 0.004699996672570706 0.04159002378582955 0.05954707786440851
v -0.004812524653971196 0.04132391139864922 0.06016076728701593
v -0.0046999985352158555 0.04134292900562287 0.06012617796659471
v -0.0046999985352158555 0.04177623987197877 0.05904536694288255
v 0.005346073769032956 0.041438903659582145 0.05981104448437692
v 0.004809184931218625 0.04129454120993615 0.06019617244601251
v 0.004781595431268216 0.04112175107002259 0.06058031320571901
v 0.004781595431268216 0.04112175107002259 0.06058031320571901
v 0.004809184931218625 0.04129454120993615 0.06019617244601251
v 0.004699996672570706 0.04159002378582955 0.05954707786440851
v 0.005972458980977537 0.04166468977928162 0.05893344432115556
v 0.00592156406491995 0.04135571792721749 0.05977578461170198
v 0.006502582691609861 0.04121979326009751 0.05971816554665567
v 0.005346073769032956 0.041438903659582145 0.05981104448437692
v 0.005868188105523588 0.04098191112279893 0.06059764698147775
v 0.00592156406491995 0.04135571792721749 0.05977578461170198
v 0.00592156406491995 0.04135571792721749 0.05977578461170198
v 0.00645378138870001 0.040854271501302726 0.06053177639842035
v 0.006502582691609861 0.04121979326009751 0.05971816554665567
v 0.00645378138870001 0.040854271501302726 0.06053177639842035
v 0.00592156406491995 0.04135571792721749 0.05977578461170198
v 0.005868188105523588 0.04098191112279893 0.06059764698147775
v 0.004699996672570706 0.04178895056247712 0.059008471667766585
v 0.005400738678872586 0.04175440967082978 0.05896375700831415
v 0.004919475875794888 0.04191844537854195 0.05857678875327112
v 0.005400738678872586 0.04175440967082978 0.05896375700831415
v 0.005452691577374936 0.04200423508882523 0.058099411427974715
v 0.004919475875794888 0.04191844537854195 0.05857678875327112
v 0.005452691577374936 0.04200423508882523 0.058099411427974715
v 0.005400738678872586 0.04175440967082978 0.05896375700831415
v 0.005972458980977537 0.04166468977928162 0.05893344432115556
v 0.005400738678872586 0.04175440967082978 0.05896375700831415
v 0.00592156406491995 0.04135571792721749 0.05977578461170198
v 0.005972458980977537 0.04166468977928162 0.05893344432115556
v 0.00592156406491995 0.04135571792721749 0.05977578461170198
v 0.005400738678872586 0.04175440967082978 0.05896375700831415
v 0.005346073769032956 0.041438903659582145 0.05981104448437692
v 0.008301279507577421 0.02284791134297848 0.08401863276958467
v 0.008716463111341001 0.023273522034287456 0.08291646838188173
v 0.008301279507577421 0.02355617471039296 0.08312117308378221
v 0.009140125475823881 0.022312901914119724 0.0835593268275261
v 0.008716463111341001 0.023273522034287456 0.08291646838188173
v 0.008301279507577421 0.02284791134297848 0.08401863276958467
v 0.009140125475823881 0.022312901914119724 0.0835593268275261
v 0.009140125475823881 0.02298509515821934 0.08270757645368577
v 0.008716463111341001 0.023273522034287456 0.08291646838188173
v 0.009140125475823881 0.02298509515821934 0.08270757645368577
v 0.00873169954866171 0.03893065825104714 0.061328846961259856
v 0.008716463111341001 0.023273522034287456 0.08291646838188173
v 0.008301279507577421 0.02355617471039296 0.08312117308378221
v 0.008716463111341001 0.023273522034287456 0.08291646838188173
v 0.00873169954866171 0.03893065825104714 0.061328846961259856
v 0.007353699766099455 0.02326552383601666 0.08437716215848924
v 0.007813117466866972 0.023785822093486793 0.08328749984502794
v 0.007353699766099455 0.02400194481015206 0.08344402164220811
v 0.007353699766099455 0.02400194481015206 0.08344402164220811
v 0.007813117466866972 0.023785822093486793 0.08328749984502794
v 0.007825001142919065 0.039444848895072944 0.0617012456059456
v 0.008301279507577421 0.02355617471039296 0.08312117308378221
v 0.007825001142919065 0.039444848895072944 0.0617012456059456
v 0.007813117466866972 0.023785822093486793 0.08328749984502794
v 0.008301279507577421 0.02355617471039296 0.08312117308378221
v 0.007813117466866972 0.023785822093486793 0.08328749984502794
v 0.008301279507577421 0.02284791134297848 0.08401863276958467
v 0.007813117466866972 0.023785822093486793 0.08328749984502794
v 0.007353699766099455 0.02326552383601666 0.08437716215848924
v 0.008301279507577421 0.02284791134297848 0.08401863276958467
v -0.006325596012175085 0.024309128522872932 0.08366650342941286
v -0.005752668716013432 0.040055729448795326 0.06214367598295213
v -0.006344855763018133 0.039927218109369285 0.06205060333013536
v -0.006344855763018133 0.039927218109369285 0.06205060333013536
v -0.006821827031672003 0.03982371091842652 0.06197563558816911
v -0.006325596012175085 0.024309128522872932 0.08366650342941286
v -0.006403149105608465 0.04042875394225121 0.0613161474466324
v -0.006344855763018133 0.039927218109369285 0.06205060333013536
v -0.005752668716013432 0.040055729448795326 0.06214367598295213
v -0.006821827031672003 0.03982371091842652 0.06197563558816911
v -0.006344855763018133 0.039927218109369285 0.06205060333013536
v -0.006403149105608465 0.04042875394225121 0.0613161474466324
v 0.004892057739198209 -0.04178306460380555 0.05900353938341142
v 0.005344874225556851 -0.04143177717924119 0.0598292537033558
v 0.004699996672570706 -0.04177623987197877 0.05904536694288255
v 0.006020202301442625 -0.04190586507320405 0.05808561295270921
v 0.005971319042146208 -0.041658341884613044 0.05895293876528741
v 0.0054520582780241975 -0.04200148582458497 0.05811022594571115
v 0.0065480386838316935 -0.041515074670314796 0.05890425667166711
v 0.005971319042146208 -0.041658341884613044 0.05895293876528741
v 0.006020202301442625 -0.04190586507320405 0.05808561295270921
v 0.006501561962068083 -0.041212975978851325 0.05973608046770097
v 0.005971319042146208 -0.041658341884613044 0.05895293876528741
v 0.0065480386838316935 -0.041515074670314796 0.05890425667166711
v 0.008223182521760465 -0.04074773937463761 0.058643523603677764
v 0.007750592194497587 -0.04144787788391114 0.05709416046738626
v 0.008280589245259764 -0.04112121462821961 0.057035826146602644
v 0.008780232630670072 -0.0407407432794571 0.056967888027429595
v 0.008280589245259764 -0.04112121462821961 0.057035826146602644
v 0.008331163786351682 -0.04125174880027772 0.05540498346090318
v 0.007810159586369993 -0.041585311293602 0.055413790047168746
v 0.008331163786351682 -0.04125174880027772 0.05540498346090318
v 0.008280589245259764 -0.04112121462821961 0.057035826146602644
v 0.007750592194497587 -0.04144787788391114 0.05709416046738626
v 0.007810159586369993 -0.041585311293602 0.055413790047168746
v 0.008280589245259764 -0.04112121462821961 0.057035826146602644
v 0.008223182521760465 -0.04074773937463761 0.058643523603677764
v 0.0087329363450408 -0.04038232564926148 0.05851935967803003
v 0.00868105795234442 -0.03980082273483277 0.05999715626239778
v 0.00868105795234442 -0.03980082273483277 0.05999715626239778
v 0.0087329363450408 -0.04038232564926148 0.05851935967803003
v 0.009162454865872862 -0.039411060512065894 0.05979565158486368
v 0.009203701280057432 -0.03996789455413819 0.05837853997945787
v 0.009162454865872862 -0.039411060512065894 0.05979565158486368
v 0.0087329363450408 -0.04038232564926148 0.05851935967803003
v 0.009203701280057432 -0.03996789455413819 0.05837853997945787
v 0.0087329363450408 -0.04038232564926148 0.05851935967803003
v 0.008780232630670072 -0.0407407432794571 0.056967888027429595
v 0.008280589245259764 -0.04112121462821961 0.057035826146602644
v 0.008780232630670072 -0.0407407432794571 0.056967888027429595
v 0.0087329363450408 -0.04038232564926148 0.05851935967803003
v 0.008280589245259764 -0.04112121462821961 0.057035826146602644
v 0.0087329363450408 -0.04038232564926148 0.05851935967803003
v 0.008223182521760465 -0.04074773937463761 0.058643523603677764
v -0.004812524653971196 0.04132391139864922 0.06016076728701593
v -0.0046999985352158555 0.040809806436300285 0.061158120632171645
v -0.0046999985352158555 0.04131033271551133 0.06018927693367006
v -0.0046999985352158555 0.04131033271551133 0.06018927693367006
v -0.0046999985352158555 0.04134292900562287 0.06012617796659471
v -0.004812524653971196 0.04132391139864922 0.06016076728701593
v -0.0046999985352158555 0.040809806436300285 0.061158120632171645
v 0.004699996672570706 0.0411115474998951 0.06060399115085603
v -0.0046999985352158555 0.04131033271551133 0.06018927693367006
v -0.0046999985352158555 0.04134292900562287 0.06012617796659471
v -0.0046999985352158555 0.04131033271551133 0.06018927693367006
v 0.004699996672570706 0.0411115474998951 0.06060399115085603
v 0.004809184931218625 0.04129454120993615 0.06019617244601251
v 0.004853478632867337 0.04157187789678574 0.05957959592342378
v 0.004699996672570706 0.04159002378582955 0.05954707786440851
v 0.004809184931218625 0.04129454120993615 0.06019617244601251
v 0.005346073769032956 0.041438903659582145 0.05981104448437692
v 0.004853478632867337 0.04157187789678574 0.05957959592342378
v 0.005400738678872586 0.04175440967082978 0.05896375700831415
v 0.004853478632867337 0.04157187789678574 0.05957959592342378
v 0.005346073769032956 0.041438903659582145 0.05981104448437692
v 0.004699996672570706 0.04178895056247712 0.059008471667766585
v 0.004699996672570706 0.04159002378582955 0.05954707786440851
v 0.004853478632867337 0.04157187789678574 0.05957959592342378
v 0.004853478632867337 0.04157187789678574 0.05957959592342378
v 0.005400738678872586 0.04175440967082978 0.05896375700831415
v 0.004699996672570706 0.04178895056247712 0.059008471667766585
v 0.004892057739198209 -0.04178306460380555 0.05900353938341142
v 0.004699996672570706 -0.041933313012123115 0.058554682880640044
v 0.004699996672570706 -0.04195080697536469 0.05850002542138101
v 0.004892057739198209 -0.04178306460380555 0.05900353938341142
v 0.004699996672570706 -0.04177623987197877 0.05904536694288255
v 0.004699996672570706 -0.041933313012123115 0.058554682880640044
v 0.004699996672570706 -0.04195080697536469 0.05850002542138101
v 0.004699996672570706 -0.041933313012123115 0.058554682880640044
v -0.0046999985352158555 -0.04178895056247712 0.059008471667766585
v 0.004699996672570706 -0.04177623987197877 0.05904536694288255
v -0.0046999985352158555 -0.04178895056247712 0.059008471667766585
v 0.004699996672570706 -0.041933313012123115 0.058554682880640044
v 0.005971319042146208 -0.041658341884613044 0.05895293876528741
v 0.005399516783654691 -0.04174791276454926 0.05898337438702585
v 0.0054520582780241975 -0.04200148582458497 0.05811022594571115
v 0.0054520582780241975 -0.04200148582458497 0.05811022594571115
v 0.005399516783654691 -0.04174791276454926 0.05898337438702585
v 0.004699996672570706 -0.04195080697536469 0.05850002542138101
v 0.004892057739198209 -0.04178306460380555 0.05900353938341142
v 0.004699996672570706 -0.04195080697536469 0.05850002542138101
v 0.005399516783654691 -0.04174791276454926 0.05898337438702585
v 0.004892057739198209 -0.04178306460380555 0.05900353938341142
v 0.005399516783654691 -0.04174791276454926 0.05898337438702585
v 0.005344874225556851 -0.04143177717924119 0.0598292537033558
v 0.005971319042146208 -0.041658341884613044 0.05895293876528741
v 0.006501561962068083 -0.041212975978851325 0.05973608046770097
v 0.005920446477830412 -0.041348733007907874 0.0597938932478428
v 0.005344874225556851 -0.04143177717924119 0.0598292537033558
v 0.005920446477830412 -0.041348733007907874 0.0597938932478428
v 0.0058676516637206095 -0.040978550910949714 0.06060603633522989
v 0.005399516783654691 -0.04174791276454926 0.05898337438702585
v 0.005920446477830412 -0.041348733007907874 0.0597938932478428
v 0.005344874225556851 -0.04143177717924119 0.0598292537033558
v 0.005920446477830412 -0.041348733007907874 0.0597938932478428
v 0.005399516783654691 -0.04174791276454926 0.05898337438702585
v 0.005971319042146208 -0.041658341884613044 0.05895293876528741
v 0.00645329710096121 -0.040850982069969184 0.060540087521076216
v 0.0058676516637206095 -0.040978550910949714 0.06060603633522989
v 0.005920446477830412 -0.041348733007907874 0.0597938932478428
v 0.006501561962068083 -0.041212975978851325 0.05973608046770097
v 0.00645329710096121 -0.040850982069969184 0.060540087521076216
v 0.005920446477830412 -0.041348733007907874 0.0597938932478428
v -0.00999999884516001 -0.015449998900294307 0.0900000035762787
v 0.00999999698251486 0.015449999831616882 0.0900000035762787
v -0.00999999884516001 0.015449999831616882 0.0900000035762787
v 0.00999999698251486 -0.015449998900294307 0.0900000035762787
v 0.00999999698251486 0.015449999831616882 0.0900000035762787
v -0.00999999884516001 -0.015449998900294307 0.0900000035762787
v 0.00999999698251486 -0.015449998900294307 0.0900000035762787
v -0.00999999884516001 -0.015449998900294307 0.0900000035762787
v 0.004650003276765347 -0.019162809476256374 0.08835997432470323
v -0.0046499976888299 -0.019162809476256374 0.08835997432470323
v 0.004650003276765347 -0.019162809476256374 0.08835997432470323
v -0.00999999884516001 -0.015449998900294307 0.0900000035762787
v 0.004650003276765347 -0.019162809476256374 0.08835997432470323
v -0.0046499976888299 -0.019162809476256374 0.08835997432470323
v 0.004650003276765347 -0.020834667608141903 0.08736486732959749
v -0.0046499976888299 -0.020834667608141903 0.08736486732959749
v 0.004650003276765347 -0.020834667608141903 0.08736486732959749
v -0.0046499976888299 -0.019162809476256374 0.08835997432470323
v 0.001969612436369062 -0.030847297981381423 -0.002739777555689216
v 0.0018793859053403143 -0.03118404187262059 -0.002739777555689216
v -0.0006840385613031686 -0.03237938135862351 -0.002739777555689216
v -0.001969613833352924 -0.030847297981381423 -0.002739777555689216
v -0.0006840385613031686 -0.03237938135862351 -0.002739777555689216
v -0.0018793873023241763 -0.03118404187262059 -0.002739777555689216
v 0.001969612436369062 -0.030152702704072006 -0.002739777555689216
v -0.0006840385613031686 -0.03237938135862351 -0.002739777555689216
v 0.0018793859053403143 -0.02981595881283284 -0.002739777555689216
v 0.001532091991975904 -0.03178557008504868 -0.002739777555689216
v 0.001285574631765485 -0.0320320874452591 -0.002739777555689216
v -0.0006840385613031686 -0.03237938135862351 -0.002739777555689216
v 0.001969612436369062 -0.030847297981381423 -0.002739777555689216
v -0.0006840385613031686 -0.03237938135862351 -0.002739777555689216
v 0.002000003354623914 -0.030500000342726714 -0.002739777555689216
v -0.0006840385613031686 -0.03237938135862351 -0.002739777555689216
v -0.001532085938379169 -0.03178557008504868 -0.002739777555689216
v -0.0017320520710200076 -0.03149999678134919 -0.002739777555689216
v -0.001285576028749347 -0.02896791137754918 -0.002739777555689216
v -0.0010000027250498535 -0.028767948970198638 -0.002739777555689216
v -0.0006840385613031686 -0.03237938135862351 -0.002739777555689216
v 0.0017320506740361456 -0.029499998316168792 -0.002739777555689216
v 0.0018793859053403143 -0.02981595881283284 -0.002739777555689216
v -0.0006840385613031686 -0.03237938135862351 -0.002739777555689216
v 0.001285574631765485 -0.02896791137754918 -0.002739777555689216
v -0.0006840385613031686 -0.03237938135862351 -0.002739777555689216
v 0.0010000013280659916 -0.028767948970198638 -0.002739777555689216
v 0.001285574631765485 -0.0320320874452591 -0.002739777555689216
v 0.0010000013280659916 -0.03223204612731934 -0.002739777555689216
v -0.0006840385613031686 -0.03237938135862351 -0.002739777555689216
v -0.001999997301027179 -0.030500000342726714 -0.002739777555689216
v -0.001969613833352924 -0.030152702704072006 -0.002739777555689216
v -0.0006840385613031686 -0.03237938135862351 -0.002739777555689216
v -7.42131189834794e-10 -0.03249999880790711 -0.002739777555689216
v -0.0006840385613031686 -0.03237938135862351 -0.002739777555689216
v 0.00034729318576864904 -0.032469615340232856 -0.002739777555689216
v 0.001969612436369062 -0.030152702704072006 -0.002739777555689216
v 0.002000003354623914 -0.030500000342726714 -0.002739777555689216
v -0.0006840385613031686 -0.03237938135862351 -0.002739777555689216
v 0.001285574631765485 -0.02896791137754918 -0.002739777555689216
v 0.001532091991975904 -0.0292144250124693 -0.002739777555689216
v -0.0006840385613031686 -0.03237938135862351 -0.002739777555689216
v -0.0018793873023241763 -0.02981595881283284 -0.002739777555689216
v -0.0017320520710200076 -0.029499998316168792 -0.002739777555689216
v -0.0006840385613031686 -0.03237938135862351 -0.002739777555689216
v -0.001532085938379169 -0.03178557008504868 -0.002739777555689216
v -0.0006840385613031686 -0.03237938135862351 -0.002739777555689216
v -0.001285576028749347 -0.0320320874452591 -0.002739777555689216
v -0.0018793873023241763 -0.03118404187262059 -0.002739777555689216
v -0.0006840385613031686 -0.03237938135862351 -0.002739777555689216
v -0.0017320520710200076 -0.03149999678134919 -0.002739777555689216
v -0.0010000027250498535 -0.028767948970198638 -0.002739777555689216
v -0.0006840385613031686 -0.02862061373889447 -0.002739777555689216
v -0.0006840385613031686 -0.03237938135862351 -0.002739777555689216
v 0.0017320506740361456 -0.029499998316168792 -0.002739777555689216
v -0.0006840385613031686 -0.03237938135862351 -0.002739777555689216
v 0.001532091991975904 -0.0292144250124693 -0.002739777555689216
v -0.0017320520710200076 -0.029499998316168792 -0.002739777555689216
v -0.001532085938379169 -0.0292144250124693 -0.002739777555689216
v -0.0006840385613031686 -0.03237938135862351 -0.002739777555689216
v 0.0006840370479039849 -0.02862061373889447 -0.002739777555689216
v -0.0006840385613031686 -0.03237938135862351 -0.002739777555689216
v 0.00034729318576864904 -0.028530383482575424 -0.002739777555689216
v 0.0017320506740361456 -0.03149999678134919 -0.002739777555689216
v 0.001532091991975904 -0.03178557008504868 -0.002739777555689216
v -0.0006840385613031686 -0.03237938135862351 -0.002739777555689216
v -0.001969613833352924 -0.030847297981381423 -0.002739777555689216
v -0.001999997301027179 -0.030500000342726714 -0.002739777555689216
v -0.0006840385613031686 -0.03237938135862351 -0.002739777555689216
v -0.001285576028749347 -0.02896791137754918 -0.002739777555689216
v -0.0006840385613031686 -0.03237938135862351 -0.002739777555689216
v -0.001532085938379169 -0.0292144250124693 -0.002739777555689216
v 0.0006840370479039849 -0.03237938135862351 -0.002739777555689216
v 0.00034729318576864904 -0.032469615340232856 -0.002739777555689216
v -0.0006840385613031686 -0.03237938135862351 -0.002739777555689216
v -0.0003472946409601719 -0.028530383482575424 -0.002739777555689216
v -0.0006840385613031686 -0.03237938135862351 -0.002739777555689216
v -0.0006840385613031686 -0.02862061373889447 -0.002739777555689216
v -7.42131189834794e-10 -0.028500000014901168 -0.002739777555689216
v -0.0006840385613031686 -0.03237938135862351 -0.002739777555689216
v -0.0003472946409601719 -0.028530383482575424 -0.002739777555689216
v -0.0010000027250498535 -0.03223204612731934 -0.002739777555689216
v -0.001285576028749347 -0.0320320874452591 -0.002739777555689216
v -0.0006840385613031686 -0.03237938135862351 -0.002739777555689216
v -7.42131189834794e-10 -0.03249999880790711 -0.002739777555689216
v -0.0003472946409601719 -0.032469615340232856 -0.002739777555689216
v -0.0006840385613031686 -0.03237938135862351 -0.002739777555689216
v 0.0006840370479039849 -0.03237938135862351 -0.002739777555689216
v -0.0006840385613031686 -0.03237938135862351 -0.002739777555689216
v 0.0010000013280659916 -0.03223204612731934 -0.002739777555689216
v -0.0018793873023241763 -0.02981595881283284 -0.002739777555689216
v -0.0006840385613031686 -0.03237938135862351 -0.002739777555689216
v -0.001969613833352924 -0.030152702704072006 -0.002739777555689216
v 0.0006840370479039849 -0.02862061373889447 -0.002739777555689216
v 0.0010000013280659916 -0.028767948970198638 -0.002739777555689216
v -0.0006840385613031686 -0.03237938135862351 -0.002739777555689216
v -7.42131189834794e-10 -0.028500000014901168 -0.002739777555689216
v 0.00034729318576864904 -0.028530383482575424 -0.002739777555689216
v -0.0006840385613031686 -0.03237938135862351 -0.002739777555689216
v 0.0017320506740361456 -0.03149999678134919 -0.002739777555689216
v -0.0006840385613031686 -0.03237938135862351 -0.002739777555689216
v 0.0018793859053403143 -0.03118404187262059 -0.002739777555689216
v 0.00999999698251486 0.015449999831616882 0.0900000035762787
v -0.0046499976888299 0.019162809476256374 0.08835997432470323
v -0.00999999884516001 0.015449999831616882 0.0900000035762787
v 0.004650003276765347 0.019162809476256374 0.08835997432470323
v -0.0046499976888299 0.019162809476256374 0.08835997432470323
v 0.00999999698251486 0.015449999831616882 0.0900000035762787
v -0.0046499976888299 0.020834667608141903 0.08736486732959749
v -0.0046499976888299 0.019162809476256374 0.08835997432470323
v 0.004650003276765347 0.020834667608141903 0.08736486732959749
v 0.004650003276765347 0.019162809476256374 0.08835997432470323
v 0.004650003276765347 0.020834667608141903 0.08736486732959749
v -0.0046499976888299 0.019162809476256374 0.08835997432470323
v 0.004650003276765347 -0.02141675911843777 0.086906835436821
v 0.004650003276765347 -0.020834667608141903 0.08736486732959749
v -0.0046499976888299 -0.020834667608141903 0.08736486732959749
v -0.0046499976888299 -0.02141675911843777 0.086906835436821
v 0.004650003276765347 -0.02141675911843777 0.086906835436821
v -0.0046499976888299 -0.020834667608141903 0.08736486732959749
v -0.0046999985352158555 0.04013370350003243 0.062200147658586516
v 0.004650003276765347 0.02960114367306233 0.0767432674765587
v 0.004699996672570706 0.04013370350003243 0.062200147658586516
v -0.0046499976888299 0.02960114367306233 0.0767432674765587
v 0.004650003276765347 0.02960114367306233 0.0767432674765587
v -0.0046999985352158555 0.04013370350003243 0.062200147658586516
v 0.004699996672570706 -0.04013369977474213 0.062200147658586516
v 0.004650003276765347 -0.02960114367306233 0.0767432674765587
v -0.0046999985352158555 -0.04013369977474213 0.062200147658586516
v 0.004650003276765347 -0.02960114367306233 0.0767432674765587
v -0.0046499976888299 -0.02960114367306233 0.0767432674765587
v -0.0046999985352158555 -0.04013369977474213 0.062200147658586516
v -0.0046499976888299 -0.022363660857081417 0.08616174012422563
v 0.004650003276765347 -0.02141675911843777 0.086906835436821
v -0.0046499976888299 -0.02141675911843777 0.086906835436821
v 0.004650003276765347 -0.02141675911843777 0.086906835436821
v -0.0046499976888299 -0.022363660857081417 0.08616174012422563
v 0.004650003276765347 -0.022363660857081417 0.08616174012422563
v -0.0046499976888299 0.020834667608141903 0.08736486732959749
v 0.004650003276765347 0.020834667608141903 0.08736486732959749
v -0.0046499976888299 0.022363662719726566 0.08616174012422563
v 0.004650003276765347 0.022363662719726566 0.08616174012422563
v -0.0046499976888299 0.022363662719726566 0.08616174012422563
v 0.004650003276765347 0.020834667608141903 0.08736486732959749
v -0.0046499976888299 0.024491405114531524 0.08379851281642915
v 0.004650003276765347 0.02960114367306233 0.0767432674765587
v -0.0046499976888299 0.02960114367306233 0.0767432674765587
v 0.004650003276765347 0.02960114367306233 0.0767432674765587
v -0.0046499976888299 0.024491405114531524 0.08379851281642915
v 0.004650003276765347 0.024491405114531524 0.08379851281642915
v -0.0046499976888299 0.02372406981885434 0.0847708284854889
v -0.0046499976888299 0.022363662719726566 0.08616174012422563
v 0.004650003276765347 0.022363662719726566 0.08616174012422563
v 0.004650003276765347 0.02372406981885434 0.0847708284854889
v -0.0046499976888299 0.02372406981885434 0.0847708284854889
v 0.004650003276765347 0.022363662719726566 0.08616174012422563
v -0.0046499976888299 0.024491405114531524 0.08379851281642915
v -0.0046499976888299 0.02372406981885434 0.0847708284854889
v 0.004650003276765347 0.024491405114531524 0.08379851281642915
v 0.004650003276765347 0.024491405114531524 0.08379851281642915
v -0.0046499976888299 0.02372406981885434 0.0847708284854889
v 0.004650003276765347 0.02372406981885434 0.0847708284854889
v -0.0046499976888299 -0.022363660857081417 0.08616174012422563
v 0.004650003276765347 -0.023055536672472957 0.0854543522000313
v 0.004650003276765347 -0.022363660857081417 0.08616174012422563
v 0.004650003276765347 -0.023055536672472957 0.0854543522000313
v -0.0046499976888299 -0.022363660857081417 0.08616174012422563
v -0.0046499976888299 -0.023055536672472957 0.0854543522000313
v -0.0046499976888299 -0.023055536672472957 0.0854543522000313
v -0.0046499976888299 -0.02372406981885434 0.0847708284854889
v 0.004650003276765347 -0.023055536672472957 0.0854543522000313
v 0.004650003276765347 -0.023055536672472957 0.0854543522000313
v -0.0046499976888299 -0.02372406981885434 0.0847708284854889
v 0.004650003276765347 -0.02372406981885434 0.0847708284854889
v -0.0046499976888299 -0.02372406981885434 0.0847708284854889
v 0.004650003276765347 -0.024491405114531524 0.08379851281642915
v 0.004650003276765347 -0.02372406981885434 0.0847708284854889
v 0.004650003276765347 -0.024491405114531524 0.08379851281642915
v -0.0046499976888299 -0.02372406981885434 0.0847708284854889
v -0.0046499976888299 -0.024491405114531524 0.08379851281642915
v 0.004650003276765347 -0.02960114367306233 0.0767432674765587
v 0.004650003276765347 -0.024491405114531524 0.08379851281642915
v -0.0046499976888299 -0.02960114367306233 0.0767432674765587
v 0.004650003276765347 -0.024491405114531524 0.08379851281642915
v -0.0046499976888299 -0.024491405114531524 0.08379851281642915
v -0.0046499976888299 -0.02960114367306233 0.0767432674765587
usemtl DefaultMaterial
f 1 2 3
f 4 5 6
f 7 8 9
f 10 11 12
f 13 14 15
f 16 17 18
f 19 20 21
f 22 23 24
f 25 26 27
f 28 29 30
f 31 32 33
f 34 35 36
f 37 38 39
f 40 41 42
f 43 44 45
f 46 47 48
f 49 50 51
f 52 53 54
f 55 56 57
f 58 59 60
f 61 62 63
f 64 65 66
f 67 68 69
f 70 71 72
f 73 74 75
f 76 77 78
f 79 80 81
f 82 83 84
f 85 86 87
f 88 89 90
f 91 92 93
f 94 95 96
f 97 98 99
f 100 101 102
f 103 104 105
f 106 107 108
f 109 110 111
f 112 113 114
f 115 116 117
f 118 119 120
f 121 122 123
f 124 125 126
f 127 128 129
f 130 131 132
f 133 134 135
f 136 137 138
f 139 140 141
f 142 143 144
f 145 146 147
f 148 149 150
f 151 152 153
f 154 155 156
f 157 158 159
f 160 161 162
f 163 164 165
f 166 167 168
f 169 170 171
f 172 173 174
f 175 176 177
f 178 179 180
f 181 182 183
f 184 185 186
f 187 188 189
f 190 191 192
f 193 194 195
f 196 197 198
f 199 200 201
f 202 203 204
f 205 206 207
f 208 209 210
f 211 212 213
f 214 215 216
f 217 218 219
f 220 221 222
f 223 224 225
f 226 227 228
f 229 230 231
f 232 233 234
f 235 236 237
f 238 239 240
f 241 242 243
f 244 245 246
f 247 248 249
f 250 251 252
f 253 254 255
f 256 257 258
f 259 260 261
f 262 263 264
f 265 266 267
f 268 269 270
f 271 272 273
f 274 275 276
f 277 278 279
f 280 281 282
f 283 284 285
f 286 287 288
f 289 290 291
f 292 293 294
f 295 296 297
f 298 299 300
f 301 302 303
f 304 305 306
f 307 308 309
f 310 311 312
f 313 314 315
f 316 317 318
f 319 320 321
f 322 323 324
f 325 326 327
f 328 329 330
f 331 332 333
f 334 335 336
f 337 338 339
f 340 341 342
f 343 344 345
f 346 347 348
f 349 350 351
f 352 353 354
f 355 356 357
f 358 359 360
f 361 362 363
f 364 365 366
f 367 368 369
f 370 371 372
f 373 374 375
f 376 377 378
f 379 380 381
f 382 383 384
f 385 386 387
f 388 389 390
f 391 392 393
f 394 395 396
f 397 398 399
f 400 401 402
f 403 404 405
f 406 407 408
f 409 410 411
f 412 413 414
f 415 416 417
f 418 419 420
f 421 422 423
f 424 425 426
f 427 428 429
f 430 431 432
f 433 434 435
f 436 437 438
f 439 440 441
f 442 443 444
f 445 446 447
f 448 449 450
f 451 452 453
f 454 455 456
f 457 458 459
f 460 461 462
f 463 464 465
f 466 467 468
f 469 470 471
f 472 473 474
f 475 476 477
f 478 479 480
f 481 482 483
f 484 485 486
f 487 488 489
f 490 491 492
f 493 494 495
f 496 497 498
f 499 500 501
f 502 503 504
f 505 506 507
f 508 509 510
f 511 512 513
f 514 515 516
f 517 518 519
f 520 521 522
f 523 524 525
f 526 527 528
f 529 530 531
f 532 533 534
f 535 536 537
f 538 539 540
f 541 542 543
f 544 545 546
f 547 548 549
f 550 551 552
f 553 554 555
f 556 557 558
f 559 560 561
f 562 563 564
f 565 566 567
f 568 569 570
f 571 572 573
f 574 575 576
f 577 578 579
f 580 581 582
f 583 584 585
f 586 587 588
f 589 590 591
f 592 593 594
f 595 596 597
f 598 599 600
f 601 602 603
f 604 605 606
f 607 608 609
f 610 611 612
f 613 614 615
f 616 617 618
f 619 620 621
f 622 623 624
f 625 626 627
f 628 629 630
f 631 632 633
f 634 635 636
f 637 638 639
f 640 641 642
f 643 644 645
f 646 647 648
f 649 650 651
f 652 653 654
f 655 656 657
f 658 659 660
f 661 662 663
f 664 665 666
f 667 668 669
f 670 671 672
f 673 674 675
f 676 677 678
f 679 680 681
f 682 683 684
f 685 686 687
f 688 689 690
f 691 692 693
f 694 695 696
f 697 698 699
f 700 701 702
f 703 704 705
f 706 707 708
f 709 710 711
f 712 713 714
f 715 716 717
f 718 719 720
f 721 722 723
f 724 725 726
f 727 728 729
f 730 731 732
f 733 734 735
f 736 737 738
f 739 740 741
f 742 743 744
f 745 746 747
f 748 749 750
f 751 752 753
f 754 755 756
f 757 758 759
f 760 761 762
f 763 764 765
f 766 767 768
f 769 770 771
f 772 773 774
f 775 776 777
f 778 779 780
f 781 782 783
f 784 785 786
f 787 788 789
f 790 791 792
f 793 794 795
f 796 797 798
f 799 800 801
f 802 803 804
f 805 806 807
f 808 809 810
f 811 812 813
f 814 815 816
f 817 818 819
f 820 821 822
f 823 824 825
f 826 827 828
f 829 830 831
f 832 833 834
f 835 836 837
f 838 839 840
f 841 842 843
f 844 845 846
f 847 848 849
f 850 851 852
f 853 854 855
f 856 857 858
f 859 860 861
f 862 863 864
f 865 866 867
f 868 869 870
f 871 872 873
f 874 875 876
f 877 878 879
f 880 881 882
f 883 884 885
f 886 887 888
f 889 890 891
f 892 893 894
f 895 896 897
f 898 899 900
f 901 902 903
f 904 905 906
f 907 908 909
f 910 911 912
f 913 914 915
f 916 917 918
f 919 920 921
f 922 923 924
f 925 926 927
f 928 929 930
f 931 932 933
f 934 935 936
f 937 938 939
f 940 941 942
f 943 944 945
f 946 947 948
f 949 950 951
f 952 953 954
f 955 956 957
f 958 959 960
f 961 962 963
f 964 965 966
f 967 968 969
f 970 971 972
f 973 974 975
f 976 977 978
f 979 980 981
f 982 983 984
f 985 986 987
f 988 989 990
f 991 992 993
f 994 995 996
f 997 998 999
f 1000 1001 1002
f 1003 1004 1005
f 1006 1007 1008
f 1009 1010 1011
f 1012 1013 1014
f 1015 1016 1017
f 1018 1019 1020
f 1021 1022 1023
f 1024 1025 1026
f 1027 1028 1029
f 1030 1031 1032
f 1033 1034 1035
f 1036 1037 1038
f 1039 1040 1041
f 1042 1043 1044
f 1045 1046 1047
f 1048 1049 1050
f 1051 1052 1053
f 1054 1055 1056
f 1057 1058 1059
f 1060 1061 1062
f 1063 1064 1065
f 1066 1067 1068
f 1069 1070 1071
f 1072 1073 1074
f 1075 1076 1077
f 1078 1079 1080
f 1081 1082 1083
f 1084 1085 1086
f 1087 1088 1089
f 1090 1091 1092
f 1093 1094 1095
f 1096 1097 1098
f 1099 1100 1101
f 1102 1103 1104
f 1105 1106 1107
f 1108 1109 1110
f 1111 1112 1113
f 1114 1115 1116
f 1117 1118 1119
f 1120 1121 1122
f 1123 1124 1125
f 1126 1127 1128
f 1129 1130 1131
f 1132 1133 1134
f 1135 1136 1137
f 1138 1139 1140
f 1141 1142 1143
f 1144 1145 1146
f 1147 1148 1149
f 1150 1151 1152
f 1153 1154 1155
f 1156 1157 1158
f 1159 1160 1161
f 1162 1163 1164
f 1165 1166 1167
f 1168 1169 1170
f 1171 1172 1173
f 1174 1175 1176
f 1177 1178 1179
f 1180 1181 1182
f 1183 1184 1185
f 1186 1187 1188
f 1189 1190 1191
f 1192 1193 1194
f 1195 1196 1197
f 1198 1199 1200
f 1201 1202 1203
f 1204 1205 1206
f 1207 1208 1209
f 1210 1211 1212
f 1213 1214 1215
f 1216 1217 1218
f 1219 1220 1221
f 1222 1223 1224
f 1225 1226 1227
f 1228 1229 1230
f 1231 1232 1233
f 1234 1235 1236
f 1237 1238 1239
f 1240 1241 1242
f 1243 1244 1245
f 1246 1247 1248
f 1249 1250 1251
f 1252 1253 1254
f 1255 1256 1257
f 1258 1259 1260
f 1261 1262 1263
f 1264 1265 1266
f 1267 1268 1269
f 1270 1271 1272
f 1273 1274 1275
f 1276 1277 1278
f 1279 1280 1281
f 1282 1283 1284
f 1285 1286 1287
f 1288 1289 1290
f 1291 1292 1293
f 1294 1295 1296
f 1297 1298 1299
f 1300 1301 1302
f 1303 1304 1305
f 1306 1307 1308
f 1309 1310 1311
f 1312 1313 1314
f 1315 1316 1317
f 1318 1319 1320
f 1321 1322 1323
f 1324 1325 1326
f 1327 1328 1329
f 1330 1331 1332
f 1333 1334 1335
f 1336 1337 1338
f 1339 1340 1341
f 1342 1343 1344
f 1345 1346 1347
f 1348 1349 1350
f 1351 1352 1353
f 1354 1355 1356
f 1357 1358 1359
f 1360 1361 1362
f 1363 1364 1365
f 1366 1367 1368
f 1369 1370 1371
f 1372 1373 1374
f 1375 1376 1377
f 1378 1379 1380
f 1381 1382 1383
f 1384 1385 1386
f 1387 1388 1389
f 1390 1391 1392
f 1393 1394 1395
f 1396 1397 1398
f 1399 1400 1401
f 1402 1403 1404
f 1405 1406 1407
f 1408 1409 1410
f 1411 1412 1413
f 1414 1415 1416
f 1417 1418 1419
f 1420 1421 1422
f 1423 1424 1425
f 1426 1427 1428
f 1429 1430 1431
f 1432 1433 1434
f 1435 1436 1437
f 1438 1439 1440
f 1441 1442 1443
f 1444 1445 1446
f 1447 1448 1449
f 1450 1451 1452
f 1453 1454 1455
f 1456 1457 1458
f 1459 1460 1461
f 1462 1463 1464
f 1465 1466 1467
f 1468 1469 1470
f 1471 1472 1473
f 1474 1475 1476
f 1477 1478 1479
f 1480 1481 1482
f 1483 1484 1485
f 1486 1487 1488
f 1489 1490 1491
f 1492 1493 1494
f 1495 1496 1497
f 1498 1499 1500
f 1501 1502 1503
f 1504 1505 1506
f 1507 1508 1509
f 1510 1511 1512
f 1513 1514 1515
f 1516 1517 1518
f 1519 1520 1521
f 1522 1523 1524
f 1525 1526 1527
f 1528 1529 1530
f 1531 1532 1533
f 1534 1535 1536
f 1537 1538 1539
f 1540 1541 1542
f 1543 1544 1545
f 1546 1547 1548
f 1549 1550 1551
f 1552 1553 1554
f 1555 1556 1557
f 1558 1559 1560
f 1561 1562 1563
f 1564 1565 1566
f 1567 1568 1569
f 1570 1571 1572
f 1573 1574 1575
f 1576 1577 1578
f 1579 1580 1581
f 1582 1583 1584
f 1585 1586 1587
f 1588 1589 1590
f 1591 1592 1593
f 1594 1595 1596
f 1597 1598 1599
f 1600 1601 1602
f 1603 1604 1605
f 1606 1607 1608
f 1609 1610 1611
f 1612 1613 1614
f 1615 1616 1617
f 1618 1619 1620
f 1621 1622 1623
f 1624 1625 1626
f 1627 1628 1629
f 1630 1631 1632
f 1633 1634 1635
f 1636 1637 1638
f 1639 1640 1641
f 1642 1643 1644
f 1645 1646 1647
f 1648 1649 1650
f 1651 1652 1653
f 1654 1655 1656
f 1657 1658 1659
f 1660 1661 1662
f 1663 1664 1665
f 1666 1667 1668
f 1669 1670 1671
f 1672 1673 1674
f 1675 1676 1677
f 1678 1679 1680
f 1681 1682 1683
f 1684 1685 1686
f 1687 1688 1689
f 1690 1691 1692
f 1693 1694 1695
f 1696 1697 1698
f 1699 1700 1701
f 1702 1703 1704
f 1705 1706 1707
f 1708 1709 1710
f 1711 1712 1713
f 1714 1715 1716
f 1717 1718 1719
f 1720 1721 1722
f 1723 1724 1725
f 1726 1727 1728
f 1729 1730 1731
f 1732 1733 1734
f 1735 1736 1737
f 1738 1739 1740
f 1741 1742 1743
f 1744 1745 1746
f 1747 1748 1749
f 1750 1751 1752
f 1753 1754 1755
f 1756 1757 1758
f 1759 1760 1761
f 1762 1763 1764
f 1765 1766 1767
f 1768 1769 1770
f 1771 1772 1773
f 1774 1775 1776
f 1777 1778 1779
f 1780 1781 1782
f 1783 1784 1785
f 1786 1787 1788
f 1789 1790 1791
f 1792 1793 1794
f 1795 1796 1797
f 1798 1799 1800
f 1801 1802 1803
f 1804 1805 1806
f 1807 1808 1809
f 1810 1811 1812
f 1813 1814 1815
f 1816 1817 1818
f 1819 1820 1821
f 1822 1823 1824
f 1825 1826 1827
f 1828 1829 1830
f 1831 1832 1833
f 1834 1835 1836
f 1837 1838 1839
f 1840 1841 1842
f 1843 1844 1845
f 1846 1847 1848
f 1849 1850 1851
f 1852 1853 1854
f 1855 1856 1857
f 1858 1859 1860
f 1861 1862 1863
f 1864 1865 1866
f 1867 1868 1869
f 1870 1871 1872
f 1873 1874 1875
f 1876 1877 1878
f 1879 1880 1881
f 1882 1883 1884
f 1885 1886 1887
f 1888 1889 1890
f 1891 1892 1893
f 1894 1895 1896
f 1897 1898 1899
f 1900 1901 1902
f 1903 1904 1905
f 1906 1907 1908
f 1909 1910 1911
f 1912 1913 1914
f 1915 1916 1917
f 1918 1919 1920
f 1921 1922 1923
f 1924 1925 1926
f 1927 1928 1929
f 1930 1931 1932
f 1933 1934 1935
f 1936 1937 1938
f 1939 1940 1941
f 1942 1943 1944
f 1945 1946 1947
f 1948 1949 1950
f 1951 1952 1953
f 1954 1955 1956
f 1957 1958 1959
f 1960 1961 1962
f 1963 1964 1965
f 1966 1967 1968
f 1969 1970 1971
f 1972 1973 1974
f 1975 1976 1977
f 1978 1979 1980
f 1981 1982 1983
f 1984 1985 1986
f 1987 1988 1989
f 1990 1991 1992
f 1993 1994 1995
f 1996 1997 1998
f 1999 2000 2001
f 2002 2003 2004
f 2005 2006 2007
f 2008 2009 2010
f 2011 2012 2013
f 2014 2015 2016
f 2017 2018 2019
f 2020 2021 2022
f 2023 2024 2025
f 2026 2027 2028
f 2029 2030 2031
f 2032 2033 2034
f 2035 2036 2037
f 2038 2039 2040
f 2041 2042 2043
f 2044 2045 2046
f 2047 2048 2049
f 2050 2051 2052
f 2053 2054 2055
f 2056 2057 2058
f 2059 2060 2061
f 2062 2063 2064
f 2065 2066 2067
f 2068 2069 2070
f 2071 2072 2073
f 2074 2075 2076
f 2077 2078 2079
f 2080 2081 2082
f 2083 2084 2085
f 2086 2087 2088
f 2089 2090 2091
f 2092 2093 2094
f 2095 2096 2097
f 2098 2099 2100
f 2101 2102 2103
f 2104 2105 2106
f 2107 2108 2109
f 2110 2111 2112
f 2113 2114 2115
f 2116 2117 2118
f 2119 2120 2121
f 2122 2123 2124
f 2125 2126 2127
f 2128 2129 2130
f 2131 2132 2133
f 2134 2135 2136
f 2137 2138 2139
f 2140 2141 2142
f 2143 2144 2145
f 2146 2147 2148
f 2149 2150 2151
f 2152 2153 2154
f 2155 2156 2157
f 2158 2159 2160
f 2161 2162 2163
f 2164 2165 2166
f 2167 2168 2169
f 2170 2171 2172
f 2173 2174 2175
f 2176 2177 2178
f 2179 2180 2181
f 2182 2183 2184
f 2185 2186 2187
f 2188 2189 2190
f 2191 2192 2193
f 2194 2195 2196
f 2197 2198 2199
f 2200 2201 2202
f 2203 2204 2205
f 2206 2207 2208
f 2209 2210 2211
f 2212 2213 2214
f 2215 2216 2217
f 2218 2219 2220
f 2221 2222 2223
f 2224 2225 2226
f 2227 2228 2229
f 2230 2231 2232
f 2233 2234 2235
f 2236 2237 2238
f 2239 2240 2241
f 2242 2243 2244
f 2245 2246 2247
f 2248 2249 2250
f 2251 2252 2253
f 2254 2255 2256
f 2257 2258 2259
f 2260 2261 2262
f 2263 2264 2265
f 2266 2267 2268
f 2269 2270 2271
f 2272 2273 2274
f 2275 2276 2277
f 2278 2279 2280
f 2281 2282 2283
f 2284 2285 2286
f 2287 2288 2289
f 2290 2291 2292
f 2293 2294 2295
f 2296 2297 2298
f 2299 2300 2301
f 2302 2303 2304
f 2305 2306 2307
f 2308 2309 2310
f 2311 2312 2313
f 2314 2315 2316
f 2317 2318 2319
f 2320 2321 2322
f 2323 2324 2325
f 2326 2327 2328
f 2329 2330 2331
f 2332 2333 2334
f 2335 2336 2337
f 2338 2339 2340
f 2341 2342 2343
f 2344 2345 2346
f 2347 2348 2349
f 2350 2351 2352
f 2353 2354 2355
f 2356 2357 2358
f 2359 2360 2361
f 2362 2363 2364
f 2365 2366 2367
f 2368 2369 2370
f 2371 2372 2373
f 2374 2375 2376
f 2377 2378 2379
f 2380 2381 2382
f 2383 2384 2385
f 2386 2387 2388
f 2389 2390 2391
f 2392 2393 2394
f 2395 2396 2397
f 2398 2399 2400
f 2401 2402 2403
f 2404 2405 2406
f 2407 2408 2409
f 2410 2411 2412
f 2413 2414 2415
f 2416 2417 2418
f 2419 2420 2421
f 2422 2423 2424
f 2425 2426 2427
f 2428 2429 2430
f 2431 2432 2433
f 2434 2435 2436
f 2437 2438 2439
f 2440 2441 2442
f 2443 2444 2445
f 2446 2447 2448
f 2449 2450 2451
f 2452 2453 2454
f 2455 2456 2457
f 2458 2459 2460
f 2461 2462 2463
f 2464 2465 2466
f 2467 2468 2469
f 2470 2471 2472
f 2473 2474 2475
f 2476 2477 2478
f 2479 2480 2481
f 2482 2483 2484
f 2485 2486 2487
f 2488 2489 2490
f 2491 2492 2493
f 2494 2495 2496
f 2497 2498 2499
f 2500 2501 2502
f 2503 2504 2505
f 2506 2507 2508
f 2509 2510 2511
f 2512 2513 2514
f 2515 2516 2517
f 2518 2519 2520
f 2521 2522 2523
f 2524 2525 2526
f 2527 2528 2529
f 2530 2531 2532
f 2533 2534 2535
f 2536 2537 2538
f 2539 2540 2541
f 2542 2543 2544
f 2545 2546 2547
f 2548 2549 2550
f 2551 2552 2553
f 2554 2555 2556
f 2557 2558 2559
f 2560 2561 2562
f 2563 2564 2565
f 2566 2567 2568
f 2569 2570 2571
f 2572 2573 2574
f 2575 2576 2577
f 2578 2579 2580
f 2581 2582 2583
f 2584 2585 2586
f 2587 2588 2589
f 2590 2591 2592
f 2593 2594 2595
f 2596 2597 2598
f 2599 2600 2601
f 2602 2603 2604
f 2605 2606 2607
f 2608 2609 2610
f 2611 2612 2613
f 2614 2615 2616
f 2617 2618 2619
f 2620 2621 2622
f 2623 2624 2625
f 2626 2627 2628
f 2629 2630 2631
f 2632 2633 2634
f 2635 2636 2637
f 2638 2639 2640
f 2641 2642 2643
f 2644 2645 2646
f 2647 2648 2649
f 2650 2651 2652
f 2653 2654 2655
f 2656 2657 2658
f 2659 2660 2661
f 2662 2663 2664
f 2665 2666 2667
f 2668 2669 2670
f 2671 2672 2673
f 2674 2675 2676
f 2677 2678 2679
f 2680 2681 2682
f 2683 2684 2685
f 2686 2687 2688
f 2689 2690 2691
f 2692 2693 2694
f 2695 2696 2697
f 2698 2699 2700
f 2701 2702 2703
f 2704 2705 2706
f 2707 2708 2709
f 2710 2711 2712
f 2713 2714 2715
f 2716 2717 2718
f 2719 2720 2721
f 2722 2723 2724
f 2725 2726 2727
f 2728 2729 2730
f 2731 2732 2733
f 2734 2735 2736
f 2737 2738 2739
f 2740 2741 2742
f 2743 2744 2745
f 2746 2747 2748
f 2749 2750 2751
f 2752 2753 2754
f 2755 2756 2757
f 2758 2759 2760
f 2761 2762 2763
f 2764 2765 2766
f 2767 2768 2769
f 2770 2771 2772
f 2773 2774 2775
f 2776 2777 2778
f 2779 2780 2781
f 2782 2783 2784
f 2785 2786 2787
f 2788 2789 2790
f 2791 2792 2793
f 2794 2795 2796
f 2797 2798 2799
f 2800 2801 2802
f 2803 2804 2805
f 2806 2807 2808
f 2809 2810 2811
f 2812 2813 2814
f 2815 2816 2817
f 2818 2819 2820
f 2821 2822 2823
f 2824 2825 2826
f 2827 2828 2829
f 2830 2831 2832
f 2833 2834 2835
f 2836 2837 2838
f 2839 2840 2841
f 2842 2843 2844
f 2845 2846 2847
f 2848 2849 2850
f 2851 2852 2853
f 2854 2855 2856
f 2857 2858 2859
f 2860 2861 2862
f 2863 2864 2865
f 2866 2867 2868
f 2869 2870 2871
f 2872 2873 2874
f 2875 2876 2877
f 2878 2879 2880
f 2881 2882 2883
f 2884 2885 2886
f 2887 2888 2889
f 2890 2891 2892
f 2893 2894 2895
f 2896 2897 2898
f 2899 2900 2901
f 2902 2903 2904
f 2905 2906 2907
f 2908 2909 2910
f 2911 2912 2913
f 2914 2915 2916
f 2917 2918 2919
f 2920 2921 2922
f 2923 2924 2925
f 2926 2927 2928
f 2929 2930 2931
f 2932 2933 2934
f 2935 2936 2937
f 2938 2939 2940
f 2941 2942 2943
f 2944 2945 2946
f 2947 2948 2949
f 2950 2951 2952
f 2953 2954 2955
f 2956 2957 2958
f 2959 2960 2961
f 2962 2963 2964
f 2965 2966 2967
f 2968 2969 2970
f 2971 2972 2973
f 2974 2975 2976
f 2977 2978 2979
f 2980 2981 2982
f 2983 2984 2985
f 2986 2987 2988
f 2989 2990 2991
f 2992 2993 2994
f 2995 2996 2997
f 2998 2999 3000
f 3001 3002 3003
f 3004 3005 3006
f 3007 3008 3009
f 3010 3011 3012
f 3013 3014 3015
f 3016 3017 3018
f 3019 3020 3021
f 3022 3023 3024
f 3025 3026 3027
f 3028 3029 3030
f 3031 3032 3033
f 3034 3035 3036
f 3037 3038 3039
f 3040 3041 3042
f 3043 3044 3045
f 3046 3047 3048
f 3049 3050 3051
f 3052 3053 3054
f 3055 3056 3057
f 3058 3059 3060
f 3061 3062 3063
f 3064 3065 3066
f 3067 3068 3069
f 3070 3071 3072
f 3073 3074 3075
f 3076 3077 3078
f 3079 3080 3081
f 3082 3083 3084
f 3085 3086 3087
f 3088 3089 3090
f 3091 3092 3093
f 3094 3095 3096
f 3097 3098 3099
f 3100 3101 3102
f 3103 3104 3105
f 3106 3107 3108
f 3109 3110 3111
f 3112 3113 3114
f 3115 3116 3117
f 3118 3119 3120
f 3121 3122 3123
f 3124 3125 3126
f 3127 3128 3129
f 3130 3131 3132
f 3133 3134 3135
f 3136 3137 3138
f 3139 3140 3141
f 3142 3143 3144
f 3145 3146 3147
f 3148 3149 3150
f 3151 3152 3153
f 3154 3155 3156
f 3157 3158 3159
f 3160 3161 3162
f 3163 3164 3165
f 3166 3167 3168
f 3169 3170 3171
f 3172 3173 3174
f 3175 3176 3177
f 3178 3179 3180
f 3181 3182 3183
f 3184 3185 3186
f 3187 3188 3189
f 3190 3191 3192
f 3193 3194 3195
f 3196 3197 3198
f 3199 3200 3201
f 3202 3203 3204
f 3205 3206 3207
f 3208 3209 3210
f 3211 3212 3213
f 3214 3215 3216
f 3217 3218 3219
f 3220 3221 3222
f 3223 3224 3225
f 3226 3227 3228
f 3229 3230 3231
f 3232 3233 3234
f 3235 3236 3237
f 3238 3239 3240
f 3241 3242 3243
f 3244 3245 3246
f 3247 3248 3249
f 3250 3251 3252
f 3253 3254 3255
f 3256 3257 3258
f 3259 3260 3261
f 3262 3263 3264
f 3265 3266 3267
f 3268 3269 3270
f 3271 3272 3273
f 3274 3275 3276
f 3277 3278 3279
f 3280 3281 3282
f 3283 3284 3285
f 3286 3287 3288
f 3289 3290 3291
f 3292 3293 3294
f 3295 3296 3297
f 3298 3299 3300
f 3301 3302 3303
f 3304 3305 3306
f 3307 3308 3309
f 3310 3311 3312
f 3313 3314 3315
f 3316 3317 3318
f 3319 3320 3321
f 3322 3323 3324
f 3325 3326 3327
f 3328 3329 3330
f 3331 3332 3333
f 3334 3335 3336
f 3337 3338 3339
f 3340 3341 3342
f 3343 3344 3345
f 3346 3347 3348
f 3349 3350 3351
f 3352 3353 3354
f 3355 3356 3357
f 3358 3359 3360
f 3361 3362 3363
f 3364 3365 3366
f 3367 3368 3369
f 3370 3371 3372
f 3373 3374 3375
f 3376 3377 3378
f 3379 3380 3381
f 3382 3383 3384
f 3385 3386 3387
f 3388 3389 3390
f 3391 3392 3393
f 3394 3395 3396
f 3397 3398 3399
f 3400 3401 3402
f 3403 3404 3405
f 3406 3407 3408
f 3409 3410 3411
f 3412 3413 3414
f 3415 3416 3417
f 3418 3419 3420
f 3421 3422 3423
f 3424 3425 3426
f 3427 3428 3429
f 3430 3431 3432
f 3433 3434 3435
f 3436 3437 3438
f 3439 3440 3441
f 3442 3443 3444
f 3445 3446 3447
f 3448 3449 3450
f 3451 3452 3453
f 3454 3455 3456
f 3457 3458 3459
f 3460 3461 3462
f 3463 3464 3465
f 3466 3467 3468
f 3469 3470 3471
f 3472 3473 3474
f 3475 3476 3477
f 3478 3479 3480
f 3481 3482 3483
f 3484 3485 3486
f 3487 3488 3489
f 3490 3491 3492
f 3493 3494 3495
f 3496 3497 3498
f 3499 3500 3501
f 3502 3503 3504
f 3505 3506 3507
f 3508 3509 3510
f 3511 3512 3513
f 3514 3515 3516
f 3517 3518 3519
f 3520 3521 3522
f 3523 3524 3525
f 3526 3527 3528
f 3529 3530 3531
f 3532 3533 3534
f 3535 3536 3537
f 3538 3539 3540
f 3541 3542 3543
f 3544 3545 3546
f 3547 3548 3549
f 3550 3551 3552
f 3553 3554 3555
f 3556 3557 3558
f 3559 3560 3561
f 3562 3563 3564
f 3565 3566 3567
f 3568 3569 3570
f 3571 3572 3573
f 3574 3575 3576
f 3577 3578 3579
f 3580 3581 3582
f 3583 3584 3585
f 3586 3587 3588
f 3589 3590 3591
f 3592 3593 3594
f 3595 3596 3597
f 3598 3599 3600
f 3601 3602 3603
f 3604 3605 3606
f 3607 3608 3609
f 3610 3611 3612
f 3613 3614 3615
f 3616 3617 3618
f 3619 3620 3621
f 3622 3623 3624
f 3625 3626 3627
f 3628 3629 3630
f 3631 3632 3633
f 3634 3635 3636
f 3637 3638 3639
f 3640 3641 3642
f 3643 3644 3645
f 3646 3647 3648
f 3649 3650 3651
f 3652 3653 3654
f 3655 3656 3657
f 3658 3659 3660
f 3661 3662 3663
f 3664 3665 3666
f 3667 3668 3669
f 3670 3671 3672
f 3673 3674 3675
f 3676 3677 3678
f 3679 3680 3681
f 3682 3683 3684
f 3685 3686 3687
f 3688 3689 3690
f 3691 3692 3693
f 3694 3695 3696
f 3697 3698 3699
f 3700 3701 3702
f 3703 3704 3705
f 3706 3707 3708
f 3709 3710 3711
f 3712 3713 3714
f 3715 3716 3717
f 3718 3719 3720
f 3721 3722 3723
f 3724 3725 3726
f 3727 3728 3729
f 3730 3731 3732
f 3733 3734 3735
f 3736 3737 3738
f 3739 3740 3741
f 3742 3743 3744
f 3745 3746 3747
f 3748 3749 3750
f 3751 3752 3753
f 3754 3755 3756
f 3757 3758 3759
f 3760 3761 3762
f 3763 3764 3765
f 3766 3767 3768
f 3769 3770 3771
f 3772 3773 3774
f 3775 3776 3777
f 3778 3779 3780
f 3781 3782 3783
f 3784 3785 3786
f 3787 3788 3789
f 3790 3791 3792
f 3793 3794 3795
f 3796 3797 3798
f 3799 3800 3801
f 3802 3803 3804
f 3805 3806 3807
f 3808 3809 3810
f 3811 3812 3813
f 3814 3815 3816
f 3817 3818 3819
f 3820 3821 3822
f 3823 3824 3825
f 3826 3827 3828
f 3829 3830 3831
f 3832 3833 3834
f 3835 3836 3837
f 3838 3839 3840
f 3841 3842 3843
f 3844 3845 3846
f 3847 3848 3849
f 3850 3851 3852
f 3853 3854 3855
f 3856 3857 3858
f 3859 3860 3861
f 3862 3863 3864
f 3865 3866 3867
f 3868 3869 3870
f 3871 3872 3873
f 3874 3875 3876
f 3877 3878 3879
f 3880 3881 3882
f 3883 3884 3885
f 3886 3887 3888
f 3889 3890 3891
f 3892 3893 3894
f 3895 3896 3897
f 3898 3899 3900
f 3901 3902 3903
f 3904 3905 3906
f 3907 3908 3909
f 3910 3911 3912
f 3913 3914 3915
f 3916 3917 3918
f 3919 3920 3921
f 3922 3923 3924
f 3925 3926 3927
f 3928 3929 3930
f 3931 3932 3933
f 3934 3935 3936
f 3937 3938 3939
f 3940 3941 3942
f 3943 3944 3945
f 3946 3947 3948
f 3949 3950 3951
f 3952 3953 3954
f 3955 3956 3957
f 3958 3959 3960
f 3961 3962 3963
f 3964 3965 3966
f 3967 3968 3969
f 3970 3971 3972
f 3973 3974 3975
f 3976 3977 3978
f 3979 3980 3981
f 3982 3983 3984
f 3985 3986 3987
f 3988 3989 3990
f 3991 3992 3993
f 3994 3995 3996
f 3997 3998 3999
f 4000 4001 4002
f 4003 4004 4005
f 4006 4007 4008
f 4009 4010 4011
f 4012 4013 4014
f 4015 4016 4017
f 4018 4019 4020
f 4021 4022 4023
f 4024 4025 4026
f 4027 4028 4029
f 4030 4031 4032
f 4033 4034 4035
f 4036 4037 4038
f 4039 4040 4041
f 4042 4043 4044
f 4045 4046 4047
f 4048 4049 4050
f 4051 4052 4053
f 4054 4055 4056
f 4057 4058 4059
f 4060 4061 4062
f 4063 4064 4065
f 4066 4067 4068
f 4069 4070 4071
f 4072 4073 4074
f 4075 4076 4077
f 4078 4079 4080
f 4081 4082 4083
f 4084 4085 4086
f 4087 4088 4089
f 4090 4091 4092
f 4093 4094 4095
f 4096 4097 4098
f 4099 4100 4101
f 4102 4103 4104
f 4105 4106 4107
f 4108 4109 4110
f 4111 4112 4113
f 4114 4115 4116
f 4117 4118 4119
f 4120 4121 4122
f 4123 4124 4125
f 4126 4127 4128
f 4129 4130 4131
f 4132 4133 4134
f 4135 4136 4137
f 4138 4139 4140
f 4141 4142 4143
f 4144 4145 4146
f 4147 4148 4149
f 4150 4151 4152
f 4153 4154 4155
f 4156 4157 4158
f 4159 4160 4161
f 4162 4163 4164
f 4165 4166 4167
f 4168 4169 4170
f 4171 4172 4173
f 4174 4175 4176
f 4177 4178 4179
f 4180 4181 4182
f 4183 4184 4185
f 4186 4187 4188
f 4189 4190 4191
f 4192 4193 4194
f 4195 4196 4197
f 4198 4199 4200
f 4201 4202 4203
f 4204 4205 4206
f 4207 4208 4209
f 4210 4211 4212
f 4213 4214 4215
f 4216 4217 4218
f 4219 4220 4221
f 4222 4223 4224
f 4225 4226 4227
f 4228 4229 4230
f 4231 4232 4233
f 4234 4235 4236
f 4237 4238 4239
f 4240 4241 4242
f 4243 4244 4245
f 4246 4247 4248
f 4249 4250 4251
f 4252 4253 4254
f 4255 4256 4257
f 4258 4259 4260
f 4261 4262 4263
f 4264 4265 4266
f 4267 4268 4269
f 4270 4271 4272
f 4273 4274 4275
f 4276 4277 4278
f 4279 4280 4281
f 4282 4283 4284
f 4285 4286 4287
f 4288 4289 4290
f 4291 4292 4293
f 4294 4295 4296
f 4297 4298 4299
f 4300 4301 4302
f 4303 4304 4305
f 4306 4307 4308
f 4309 4310 4311
f 4312 4313 4314
f 4315 4316 4317
f 4318 4319 4320
f 4321 4322 4323
f 4324 4325 4326
f 4327 4328 4329
f 4330 4331 4332
f 4333 4334 4335
f 4336 4337 4338
f 4339 4340 4341
f 4342 4343 4344
f 4345 4346 4347
f 4348 4349 4350
f 4351 4352 4353
f 4354 4355 4356
f 4357 4358 4359
f 4360 4361 4362
f 4363 4364 4365
f 4366 4367 4368
f 4369 4370 4371
f 4372 4373 4374
f 4375 4376 4377
f 4378 4379 4380
f 4381 4382 4383
f 4384 4385 4386
f 4387 4388 4389
f 4390 4391 4392
f 4393 4394 4395
f 4396 4397 4398
f 4399 4400 4401
f 4402 4403 4404
f 4405 4406 4407
f 4408 4409 4410
f 4411 4412 4413
f 4414 4415 4416
f 4417 4418 4419
f 4420 4421 4422
f 4423 4424 4425
f 4426 4427 4428
f 4429 4430 4431
f 4432 4433 4434
f 4435 4436 4437
f 4438 4439 4440
f 4441 4442 4443
f 4444 4445 4446
f 4447 4448 4449
f 4450 4451 4452
f 4453 4454 4455
f 4456 4457 4458
f 4459 4460 4461
f 4462 4463 4464
f 4465 4466 4467
f 4468 4469 4470
f 4471 4472 4473
f 4474 4475 4476
f 4477 4478 4479
f 4480 4481 4482
f 4483 4484 4485
f 4486 4487 4488
f 4489 4490 4491
f 4492 4493 4494
f 4495 4496 4497
f 4498 4499 4500
f 4501 4502 4503
f 4504 4505 4506
f 4507 4508 4509
f 4510 4511 4512
f 4513 4514 4515
f 4516 4517 4518
f 4519 4520 4521
f 4522 4523 4524
f 4525 4526 4527
f 4528 4529 4530
f 4531 4532 4533
f 4534 4535 4536
f 4537 4538 4539
f 4540 4541 4542
f 4543 4544 4545
f 4546 4547 4548
f 4549 4550 4551
f 4552 4553 4554
f 4555 4556 4557
f 4558 4559 4560
f 4561 4562 4563
f 4564 4565 4566
f 4567 4568 4569
f 4570 4571 4572
f 4573 4574 4575
f 4576 4577 4578
f 4579 4580 4581
f 4582 4583 4584
f 4585 4586 4587
f 4588 4589 4590
f 4591 4592 4593
f 4594 4595 4596
f 4597 4598 4599
f 4600 4601 4602
f 4603 4604 4605
f 4606 4607 4608
f 4609 4610 4611
f 4612 4613 4614
f 4615 4616 4617
f 4618 4619 4620
f 4621 4622 4623
f 4624 4625 4626
f 4627 4628 4629
f 4630 4631 4632
f 4633 4634 4635
f 4636 4637 4638
f 4639 4640 4641
f 4642 4643 4644
f 4645 4646 4647
f 4648 4649 4650
f 4651 4652 4653
f 4654 4655 4656
f 4657 4658 4659
f 4660 4661 4662
f 4663 4664 4665
f 4666 4667 4668
f 4669 4670 4671
f 4672 4673 4674
f 4675 4676 4677
f 4678 4679 4680
f 4681 4682 4683
f 4684 4685 4686
f 4687 4688 4689
f 4690 4691 4692
f 4693 4694 4695
f 4696 4697 4698
f 4699 4700 4701
f 4702 4703 4704
f 4705 4706 4707
f 4708 4709 4710
f 4711 4712 4713
f 4714 4715 4716
f 4717 4718 4719
f 4720 4721 4722
f 4723 4724 4725
f 4726 4727 4728
f 4729 4730 4731
f 4732 4733 4734
f 4735 4736 4737
f 4738 4739 4740
f 4741 4742 4743
f 4744 4745 4746
f 4747 4748 4749
f 4750 4751 4752
f 4753 4754 4755
f 4756 4757 4758
f 4759 4760 4761
f 4762 4763 4764
f 4765 4766 4767
f 4768 4769 4770
f 4771 4772 4773
f 4774 4775 4776
f 4777 4778 4779
f 4780 4781 4782
f 4783 4784 4785
f 4786 4787 4788
f 4789 4790 4791
f 4792 4793 4794
f 4795 4796 4797
f 4798 4799 4800
f 4801 4802 4803
f 4804 4805 4806
f 4807 4808 4809
f 4810 4811 4812
f 4813 4814 4815
f 4816 4817 4818
f 4819 4820 4821
f 4822 4823 4824
f 4825 4826 4827
f 4828 4829 4830
f 4831 4832 4833
f 4834 4835 4836
f 4837 4838 4839
f 4840 4841 4842
f 4843 4844 4845
f 4846 4847 4848
f 4849 4850 4851
f 4852 4853 4854
f 4855 4856 4857
f 4858 4859 4860
f 4861 4862 4863
f 4864 4865 4866
f 4867 4868 4869
f 4870 4871 4872
f 4873 4874 4875
f 4876 4877 4878
f 4879 4880 4881
f 4882 4883 4884
f 4885 4886 4887
f 4888 4889 4890
f 4891 4892 4893
f 4894 4895 4896
f 4897 4898 4899
f 4900 4901 4902
f 4903 4904 4905
f 4906 4907 4908
f 4909 4910 4911
f 4912 4913 4914
f 4915 4916 4917
f 4918 4919 4920
f 4921 4922 4923
f 4924 4925 4926
f 4927 4928 4929
f 4930 4931 4932
f 4933 4934 4935
f 4936 4937 4938
f 4939 4940 4941
f 4942 4943 4944
f 4945 4946 4947
f 4948 4949 4950
f 4951 4952 4953
f 4954 4955 4956
f 4957 4958 4959
f 4960 4961 4962
f 4963 4964 4965
f 4966 4967 4968
f 4969 4970 4971
f 4972 4973 4974
f 4975 4976 4977
f 4978 4979 4980
f 4981 4982 4983
f 4984 4985 4986
f 4987 4988 4989
f 4990 4991 4992
f 4993 4994 4995
f 4996 4997 4998
f 4999 5000 5001
f 5002 5003 5004
f 5005 5006 5007
f 5008 5009 5010
f 5011 5012 5013
f 5014 5015 5016
f 5017 5018 5019
f 5020 5021 5022
f 5023 5024 5025
f 5026 5027 5028
f 5029 5030 5031
f 5032 5033 5034
f 5035 5036 5037
f 5038 5039 5040
f 5041 5042 5043
f 5044 5045 5046
f 5047 5048 5049
f 5050 5051 5052
f 5053 5054 5055
f 5056 5057 5058
f 5059 5060 5061
f 5062 5063 5064
f 5065 5066 5067
f 5068 5069 5070
f 5071 5072 5073
f 5074 5075 5076
f 5077 5078 5079
f 5080 5081 5082
f 5083 5084 5085
f 5086 5087 5088
f 5089 5090 5091
f 5092 5093 5094
f 5095 5096 5097
f 5098 5099 5100
f 5101 5102 5103
f 5104 5105 5106
f 5107 5108 5109
f 5110 5111 5112
f 5113 5114 5115
f 5116 5117 5118
f 5119 5120 5121
f 5122 5123 5124
f 5125 5126 5127
f 5128 5129 5130
f 5131 5132 5133
f 5134 5135 5136
f 5137 5138 5139
f 5140 5141 5142
f 5143 5144 5145
f 5146 5147 5148
f 5149 5150 5151
f 5152 5153 5154
f 5155 5156 5157
f 5158 5159 5160
f 5161 5162 5163
f 5164 5165 5166
f 5167 5168 5169
f 5170 5171 5172
f 5173 5174 5175
f 5176 5177 5178
