mtllib left_inner_knuckle_visuals_robotiq_arg2f_140_inner_knuckle_node_STL_BINARY__mesh.mtl
v -0.007550002075731756 0.09991993010044102 -0.004717910196632145
v -0.007550002075731756 0.09984227269887928 -0.008217048831284043
v 0.007449998520314695 0.09991993010044102 -0.004717910196632145
v 0.007449998520314695 0.09991993010044102 -0.004717910196632145
v -0.007550002075731756 0.09984227269887928 -0.008217048831284043
v 0.007449998520314695 0.09984227269887928 -0.008217048831284043
v 0.01945000141859055 0.09984227269887928 -0.008217048831284043
v 0.01945000141859055 0.0998666808009148 -0.007117319386452434
v 0.01195000018924475 0.09984227269887928 -0.008217048831284043
v 0.01195000018924475 0.09984227269887928 -0.008217048831284043
v 0.01945000141859055 0.0998666808009148 -0.007117319386452434
v 0.012050001882016662 0.0998666808009148 -0.007117319386452434
v 0.01195000018924475 0.09984227269887928 -0.008217048831284043
v 0.012050001882016662 0.0998666808009148 -0.007117319386452434
v 0.01195000018924475 0.09992213547229771 -0.004617935512214897
v 0.01195000018924475 0.09992213547229771 -0.004617935512214897
v 0.012050001882016662 0.0998666808009148 -0.007117319386452434
v 0.012050001882016662 0.09990166872739796 -0.005540505051612852
v 0.01195000018924475 0.09992213547229771 -0.004617935512214897
v 0.012050001882016662 0.09990166872739796 -0.005540505051612852
v 0.012050001882016662 0.09992213547229771 -0.004617935512214897
v 0.012050001882016662 0.10008409619331364 0.002680269069969653
v 0.01945000141859055 0.10008409619331364 0.002680269069969653
v 0.01945000141859055 0.10010850429534916 0.0037799992132931935
v 0.012050001882016662 0.10002864152193074 0.00018088468641508365
v 0.012050001882016662 0.10004159808158879 0.0007652965141460297
v 0.01195000018924475 0.10002864152193074 0.00018088468641508365
v 0.01195000018924475 0.10002864152193074 0.00018088468641508365
v 0.012050001882016662 0.10004159808158879 0.0007652965141460297
v 0.012050001882016662 0.10008409619331364 0.002680269069969653
v 0.01195000018924475 0.10002864152193074 0.00018088468641508365
v 0.012050001882016662 0.10008409619331364 0.002680269069969653
v 0.01195000018924475 0.10010850429534916 0.0037799992132931935
v 0.01195000018924475 0.10010850429534916 0.0037799992132931935
v 0.012050001882016662 0.10008409619331364 0.002680269069969653
v 0.01945000141859055 0.10010850429534916 0.0037799992132931935
v 0.012649997137486938 0.10003084689378743 0.0002808595309033989
v 0.012649997137486938 0.10004159808158879 0.0007652965141460297
v 0.012649997137486938 0.09894091635942463 5.740677806898018e-05
v 0.012649997137486938 0.09894091635942463 5.740677806898018e-05
v 0.012649997137486938 0.10004159808158879 0.0007652965141460297
v 0.012649997137486938 0.0987445712089539 0.0006427741609513757
v 0.012649997137486938 0.09894091635942463 5.740677806898018e-05
v 0.012649997137486938 0.0987445712089539 0.0006427741609513757
v 0.012649997137486938 0.09805587679147725 -0.0006168211693875489
v 0.012649997137486938 0.09805587679147725 -0.0006168211693875489
v 0.012649997137486938 0.0987445712089539 0.0006427741609513757
v 0.012649997137486938 0.0973913818597794 -0.0001972881873371079
v 0.012649997137486938 0.09805587679147725 -0.0006168211693875489
v 0.012649997137486938 0.0973913818597794 -0.0001972881873371079
v 0.012649997137486938 0.09755101054906849 -0.001608287100680172
v 0.012649997137486938 0.09755101054906849 -0.001608287100680172
v 0.012649997137486938 0.0973913818597794 -0.0001972881873371079
v 0.012649997137486938 0.09661828726530079 -0.001589821651577949
v 0.012649997137486938 0.09755101054906849 -0.001608287100680172
v 0.012649997137486938 0.09661828726530079 -0.001589821651577949
v 0.012649997137486938 0.09752631932497029 -0.002720618620514869
v 0.012649997137486938 0.09752631932497029 -0.002720618620514869
v 0.012649997137486938 0.09661828726530079 -0.001589821651577949
v 0.012649997137486938 0.09662086516618733 -0.0031825590413063756
v 0.012649997137486938 0.09752631932497029 -0.002720618620514869
v 0.012649997137486938 0.09662086516618733 -0.0031825590413063756
v 0.012649997137486938 0.0979867056012154 -0.003733504097908734
v 0.012649997137486938 0.0979867056012154 -0.003733504097908734
v 0.012649997137486938 0.09662086516618733 -0.0031825590413063756
v 0.012649997137486938 0.09739845991134648 -0.004572584293782709
v 0.012649997137486938 0.0979867056012154 -0.003733504097908734
v 0.012649997137486938 0.09739845991134648 -0.004572584293782709
v 0.012649997137486938 0.0988409668207169 -0.004446329083293675
v 0.012649997137486938 0.0988409668207169 -0.004446329083293675
v 0.012649997137486938 0.09739845991134648 -0.004572584293782709
v 0.012649997137486938 0.09875436127185826 -0.005408264696598051
v 0.012649997137486938 0.0988409668207169 -0.004446329083293675
v 0.012649997137486938 0.09875436127185826 -0.005408264696598051
v 0.012649997137486938 0.09991993010044102 -0.004717910196632145
v 0.012649997137486938 0.09991993010044102 -0.004717910196632145
v 0.012649997137486938 0.09875436127185826 -0.005408264696598051
v 0.012649997137486938 0.09990166872739796 -0.005540505051612852
v 0.012050001882016662 0.09992213547229771 -0.004617935512214897
v 0.012050001882016662 0.09990166872739796 -0.005540505051612852
v 0.012050001882016662 0.09888634830713276 -0.0043572168797254545
v 0.012050001882016662 0.09888634830713276 -0.0043572168797254545
v 0.012050001882016662 0.09990166872739796 -0.005540505051612852
v 0.012050001882016662 0.09875436127185826 -0.005408264696598051
v 0.012050001882016662 0.09888634830713276 -0.0043572168797254545
v 0.012050001882016662 0.09875436127185826 -0.005408264696598051
v 0.012050001882016662 0.09806626290082936 -0.0036729036364704357
v 0.012050001882016662 0.09806626290082936 -0.0036729036364704357
v 0.012050001882016662 0.09875436127185826 -0.005408264696598051
v 0.012050001882016662 0.09739845991134648 -0.004572584293782709
v 0.012050001882016662 0.09806626290082936 -0.0036729036364704357
v 0.012050001882016662 0.09739845991134648 -0.004572584293782709
v 0.012050001882016662 0.09762428700923924 -0.0027005344163626424
v 0.012050001882016662 0.09762428700923924 -0.0027005344163626424
v 0.012050001882016662 0.09739845991134648 -0.004572584293782709
v 0.012050001882016662 0.09662086516618733 -0.0031825590413063756
v 0.012050001882016662 0.09762428700923924 -0.0027005344163626424
v 0.012050001882016662 0.09662086516618733 -0.0031825590413063756
v 0.012050001882016662 0.09764798730611805 -0.0016326968325301998
v 0.012050001882016662 0.09764798730611805 -0.0016326968325301998
v 0.012050001882016662 0.09662086516618733 -0.0031825590413063756
v 0.012050001882016662 0.09661828726530079 -0.001589821651577949
v 0.012050001882016662 0.09764798730611805 -0.0016326968325301998
v 0.012050001882016662 0.09661828726530079 -0.001589821651577949
v 0.012050001882016662 0.09813264757394795 -0.0006808897596783934
v 0.012050001882016662 0.09813264757394795 -0.0006808897596783934
v 0.012050001882016662 0.09661828726530079 -0.001589821651577949
v 0.012050001882016662 0.0973913818597794 -0.0001972881873371079
v 0.012050001882016662 0.09813264757394795 -0.0006808897596783934
v 0.012050001882016662 0.0973913818597794 -0.0001972881873371079
v 0.012050001882016662 0.09898230433464054 -3.363024006830527e-05
v 0.012050001882016662 0.09898230433464054 -3.363024006830527e-05
v 0.012050001882016662 0.0973913818597794 -0.0001972881873371079
v 0.012050001882016662 0.0987445712089539 0.0006427741609513757
v 0.012050001882016662 0.09898230433464054 -3.363024006830527e-05
v 0.012050001882016662 0.0987445712089539 0.0006427741609513757
v 0.012050001882016662 0.10002864152193074 0.00018088468641508365
v 0.012050001882016662 0.10002864152193074 0.00018088468641508365
v 0.012050001882016662 0.0987445712089539 0.0006427741609513757
v 0.012050001882016662 0.10004159808158879 0.0007652965141460297
v -0.012749993242323402 0.10028261691331868 0.0008802188676781949
v -0.012149997986853126 0.10028261691331868 0.0008802188676781949
v -0.012749993242323402 0.10022205114364628 0.00026927670114673663
v -0.012749993242323402 0.10022205114364628 0.00026927670114673663
v -0.012149997986853126 0.10028261691331868 0.0008802188676781949
v -0.012149997986853126 0.10021217912435536 0.00016976459301076824
v -0.012749993242323402 0.10022205114364628 0.00026927670114673663
v -0.012149997986853126 0.10021217912435536 0.00016976459301076824
v -0.012749993242323402 0.10021217912435536 0.00016976459301076824
v -0.012149997986853126 0.09941520541906361 0.0026493482291698447
v -0.012149997986853126 0.10045883804559712 0.0026575662195682517
v -0.012749993242323402 0.09941520541906361 0.0026493482291698447
v -0.012749993242323402 0.09941520541906361 0.0026493482291698447
v -0.012149997986853126 0.10045883804559712 0.0026575662195682517
v -0.012749993242323402 0.10045883804559712 0.0026575662195682517
v -0.012149997986853126 0.10075633227825169 0.0026188420597463838
v -0.012749993242323402 0.10075633227825169 0.0026188420597463838
v -0.012149997986853126 0.10063113272190098 0.0018432904034852975
v -0.012149997986853126 0.10063113272190098 0.0018432904034852975
v -0.012749993242323402 0.10075633227825169 0.0026188420597463838
v -0.012749993242323402 0.10063113272190098 0.0018432904034852975
v 0.012649997137486938 0.10004159808158879 0.0007652965141460297
v 0.012649997137486938 0.10003084689378743 0.0002808595309033989
v 0.013450003229081634 0.10003084689378743 0.0002808595309033989
v 0.012649997137486938 0.09991993010044102 -0.004717910196632145
v 0.012649997137486938 0.09990166872739796 -0.005540505051612852
v 0.013450003229081634 0.09991993010044102 -0.004717910196632145
v 0.013450003229081634 0.09991993010044102 -0.004717910196632145
v 0.012649997137486938 0.09990166872739796 -0.005540505051612852
v 0.01945000141859055 0.09990166872739796 -0.005540505051612852
v 0.013450003229081634 0.09991993010044102 -0.004717910196632145
v 0.01945000141859055 0.09990166872739796 -0.005540505051612852
v 0.013450003229081634 0.10003084689378743 0.0002808595309033989
v 0.013450003229081634 0.10003084689378743 0.0002808595309033989
v 0.01945000141859055 0.09990166872739796 -0.005540505051612852
v 0.01945000141859055 0.10004159808158879 0.0007652965141460297
v 0.013450003229081634 0.10003084689378743 0.0002808595309033989
v 0.01945000141859055 0.10004159808158879 0.0007652965141460297
v 0.012649997137486938 0.10004159808158879 0.0007652965141460297
v 0.012050001882016662 0.10002864152193074 0.00018088468641508365
v 0.01195000018924475 0.10002864152193074 0.00018088468641508365
v 0.01195000018924475 0.09898230433464054 -3.363024006830527e-05
v 0.012050001882016662 0.10002864152193074 0.00018088468641508365
v 0.01195000018924475 0.09898230433464054 -3.363024006830527e-05
v 0.012050001882016662 0.09898230433464054 -3.363024006830527e-05
v 0.012050001882016662 0.09898230433464054 -3.363024006830527e-05
v 0.01195000018924475 0.09898230433464054 -3.363024006830527e-05
v 0.01195000018924475 0.09813264757394795 -0.0006808897596783934
v 0.012050001882016662 0.09898230433464054 -3.363024006830527e-05
v 0.01195000018924475 0.09813264757394795 -0.0006808897596783934
v 0.012050001882016662 0.09813264757394795 -0.0006808897596783934
v 0.012050001882016662 0.09813264757394795 -0.0006808897596783934
v 0.01195000018924475 0.09813264757394795 -0.0006808897596783934
v 0.01195000018924475 0.09764798730611805 -0.0016326968325301998
v 0.012050001882016662 0.09813264757394795 -0.0006808897596783934
v 0.01195000018924475 0.09764798730611805 -0.0016326968325301998
v 0.012050001882016662 0.09764798730611805 -0.0016326968325301998
v 0.012050001882016662 0.09764798730611805 -0.0016326968325301998
v 0.01195000018924475 0.09764798730611805 -0.0016326968325301998
v 0.01195000018924475 0.09762428700923924 -0.0027005344163626424
v 0.012050001882016662 0.09764798730611805 -0.0016326968325301998
v 0.01195000018924475 0.09762428700923924 -0.0027005344163626424
v 0.012050001882016662 0.09762428700923924 -0.0027005344163626424
v 0.012050001882016662 0.09762428700923924 -0.0027005344163626424
v 0.01195000018924475 0.09762428700923924 -0.0027005344163626424
v 0.01195000018924475 0.09806626290082936 -0.0036729036364704357
v 0.012050001882016662 0.09762428700923924 -0.0027005344163626424
v 0.01195000018924475 0.09806626290082936 -0.0036729036364704357
v 0.012050001882016662 0.09806626290082936 -0.0036729036364704357
v 0.012050001882016662 0.09806626290082936 -0.0036729036364704357
v 0.01195000018924475 0.09806626290082936 -0.0036729036364704357
v 0.01195000018924475 0.09888634830713276 -0.0043572168797254545
v 0.012050001882016662 0.09806626290082936 -0.0036729036364704357
v 0.01195000018924475 0.09888634830713276 -0.0043572168797254545
v 0.012050001882016662 0.09888634830713276 -0.0043572168797254545
v 0.012050001882016662 0.09888634830713276 -0.0043572168797254545
v 0.01195000018924475 0.09888634830713276 -0.0043572168797254545
v 0.01195000018924475 0.09992213547229771 -0.004617935512214897
v 0.012050001882016662 0.09888634830713276 -0.0043572168797254545
v 0.01195000018924475 0.09992213547229771 -0.004617935512214897
v 0.012050001882016662 0.09992213547229771 -0.004617935512214897
v 0.01695000380277634 0.012986159883439546 -0.006289648823440073
v 0.01695000380277634 0.032509017735719695 -0.006722875870764253
v 0.01695000380277634 0.01325238030403853 0.005707397591322659
v 0.01695000380277634 0.01325238030403853 0.005707397591322659
v 0.01695000380277634 0.032509017735719695 -0.006722875870764253
v 0.01695000380277634 0.03277523815631868 0.005274170543998478
v 0.01945000141859055 0.10239390283823017 0.003272448433563112
v 0.01945000141859055 0.10010850429534916 0.0037799992132931935
v 0.01945000141859055 0.10008409619331364 0.002680269069969653
v 0.01945000141859055 0.10394045710563664 -0.002196771325543522
v 0.01945000141859055 0.10429394245147709 -0.0022232476621866218
v 0.01945000141859055 0.10556823760271077 -4.5969009079271914e-05
v 0.01945000141859055 0.10556823760271077 -4.5969009079271914e-05
v 0.01945000141859055 0.10429394245147709 -0.0022232476621866218
v 0.01945000141859055 0.10459577292203907 -0.002409096807241439
v 0.01945000141859055 0.10556823760271077 -4.5969009079271914e-05
v 0.01945000141859055 0.10459577292203907 -0.002409096807241439
v 0.01945000141859055 0.10597391426563267 -0.0023516372311860314
v 0.01945000141859055 0.0998666808009148 -0.007117319386452434
v 0.01945000141859055 0.09984227269887928 -0.008217048831284043
v 0.01945000141859055 0.10211037099361424 -0.006628949195146558
v 0.01945000141859055 0.10211037099361424 -0.006628949195146558
v 0.01945000141859055 0.09984227269887928 -0.008217048831284043
v 0.01945000141859055 0.10214795172214512 -0.007811377756297586
v 0.01945000141859055 0.10211037099361424 -0.006628949195146558
v 0.01945000141859055 0.10214795172214512 -0.007811377756297586
v 0.01945000141859055 0.10388521105051045 -0.005172038916498421
v 0.01945000141859055 0.10176952928304676 -0.004764693789184092
v 0.01945000141859055 0.10090277343988423 0.0006834904779680071
v 0.01945000141859055 0.10034555941820149 -0.0054781977087259275
v 0.01945000141859055 0.10034555941820149 -0.0054781977087259275
v 0.01945000141859055 0.10090277343988423 0.0006834904779680071
v 0.01945000141859055 0.10033553838729863 0.0007178542437031863
v 0.01945000141859055 0.10034555941820149 -0.0054781977087259275
v 0.01945000141859055 0.10033553838729863 0.0007178542437031863
v 0.01945000141859055 0.09990166872739796 -0.005540505051612852
v 0.01945000141859055 0.09990166872739796 -0.005540505051612852
v 0.01945000141859055 0.10033553838729863 0.0007178542437031863
v 0.01945000141859055 0.10004159808158879 0.0007652965141460297
v 0.01945000141859055 0.10459577292203907 -0.002409096807241439
v 0.01945000141859055 0.1047785580158234 -0.0027128024958074084
v 0.01945000141859055 0.10597391426563267 -0.0023516372311860314
v 0.01945000141859055 0.10597391426563267 -0.0023516372311860314
v 0.01945000141859055 0.1047785580158234 -0.0027128024958074084
v 0.01945000141859055 0.10480144619941716 -0.003066528355702757
v 0.01945000141859055 0.10597391426563267 -0.0023516372311860314
v 0.01945000141859055 0.10480144619941716 -0.003066528355702757
v 0.01945000141859055 0.10546635836362843 -0.004637039266526697
v 0.01945000141859055 0.10546635836362843 -0.004637039266526697
v 0.01945000141859055 0.10480144619941716 -0.003066528355702757
v 0.01945000141859055 0.10388521105051045 -0.005172038916498421
v 0.01945000141859055 0.10546635836362843 -0.004637039266526697
v 0.01945000141859055 0.10388521105051045 -0.005172038916498421
v 0.01945000141859055 0.10412285476922993 -0.006554245948791501
v 0.01945000141859055 0.10412285476922993 -0.006554245948791501
v 0.01945000141859055 0.10388521105051045 -0.005172038916498421
v 0.01945000141859055 0.10214795172214512 -0.007811377756297586
v 0.01945000141859055 0.10008409619331364 0.002680269069969653
v 0.01945000141859055 0.10177826881408696 0.0023377500474452964
v 0.01945000141859055 0.10239390283823017 0.003272448433563112
v 0.01945000141859055 0.10239390283823017 0.003272448433563112
v 0.01945000141859055 0.10177826881408696 0.0023377500474452964
v 0.01945000141859055 0.10206770151853566 0.0021331352181732646
v 0.01945000141859055 0.10239390283823017 0.003272448433563112
v 0.01945000141859055 0.10206770151853566 0.0021331352181732646
v 0.01945000141859055 0.1043111085891724 0.0019289467018097633
v 0.01945000141859055 0.1043111085891724 0.0019289467018097633
v 0.01945000141859055 0.10206770151853566 0.0021331352181732646
v 0.01945000141859055 0.10223086923360829 0.0018184497021138662
v 0.01945000141859055 0.1043111085891724 0.0019289467018097633
v 0.01945000141859055 0.10223086923360829 0.0018184497021138662
v 0.01945000141859055 0.10556823760271077 -4.5969009079271914e-05
v 0.01945000141859055 0.10556823760271077 -4.5969009079271914e-05
v 0.01945000141859055 0.10223086923360829 0.0018184497021138662
v 0.01945000141859055 0.10223127156496052 0.0014639840228483077
v 0.01945000141859055 0.10556823760271077 -4.5969009079271914e-05
v 0.01945000141859055 0.10223127156496052 0.0014639840228483077
v 0.01945000141859055 0.10394045710563664 -0.002196771325543522
v 0.01945000141859055 0.10394045710563664 -0.002196771325543522
v 0.01945000141859055 0.10223127156496052 0.0014639840228483077
v 0.01945000141859055 0.10206886380910878 0.001148915733210742
v 0.01945000141859055 0.10394045710563664 -0.002196771325543522
v 0.01945000141859055 0.10206886380910878 0.001148915733210742
v 0.01945000141859055 0.1036143079400063 -0.0023355791345238677
v 0.01945000141859055 0.1036143079400063 -0.0023355791345238677
v 0.01945000141859055 0.10206886380910878 0.001148915733210742
v 0.01945000141859055 0.10177990794181828 0.0009436222608201202
v 0.01945000141859055 0.1036143079400063 -0.0023355791345238677
v 0.01945000141859055 0.10177990794181828 0.0009436222608201202
v 0.01945000141859055 0.10333463549613957 -0.0025442177429795257
v 0.01945000141859055 0.10333463549613957 -0.0025442177429795257
v 0.01945000141859055 0.10177990794181828 0.0009436222608201202
v 0.01945000141859055 0.10145574808120732 0.0008144780294969675
v 0.01945000141859055 0.10333463549613957 -0.0025442177429795257
v 0.01945000141859055 0.10145574808120732 0.0008144780294969675
v 0.01945000141859055 0.10293363779783253 -0.0029468906577676526
v 0.01945000141859055 0.10293363779783253 -0.0029468906577676526
v 0.01945000141859055 0.10145574808120732 0.0008144780294969675
v 0.01945000141859055 0.10090277343988423 0.0006834904779680071
v 0.01945000141859055 0.10293363779783253 -0.0029468906577676526
v 0.01945000141859055 0.10090277343988423 0.0006834904779680071
v 0.01945000141859055 0.1026660725474358 -0.003448246512562035
v 0.01945000141859055 0.1026660725474358 -0.003448246512562035
v 0.01945000141859055 0.10090277343988423 0.0006834904779680071
v 0.01945000141859055 0.10176952928304676 -0.004764693789184092
v -0.013550006784498695 0.10110545903444294 1.1481241017463614e-05
v -0.012749993242323402 0.10206906497478489 -0.0008523208089172837
v -0.013550006784498695 0.10206906497478489 -0.0008523208089172837
v -0.013550006784498695 0.10206906497478489 -0.0008523208089172837
v -0.012749993242323402 0.10206906497478489 -0.0008523208089172837
v -0.012749993242323402 0.10247166454792027 -0.0020821960642933837
v -0.013550006784498695 0.10206906497478489 -0.0008523208089172837
v -0.012749993242323402 0.10247166454792027 -0.0020821960642933837
v -0.013550006784498695 0.10247166454792027 -0.0020821960642933837
v -0.013550006784498695 0.10247166454792027 -0.0020821960642933837
v -0.012749993242323402 0.10247166454792027 -0.0020821960642933837
v -0.012749993242323402 0.1022053956985474 -0.0033486012835055577
v -0.013550006784498695 0.10247166454792027 -0.0020821960642933837
v -0.012749993242323402 0.1022053956985474 -0.0033486012835055577
v -0.013550006784498695 0.1022053956985474 -0.0033486012835055577
v -0.013550006784498695 0.1022053956985474 -0.0033486012835055577
v -0.012749993242323402 0.1022053956985474 -0.0033486012835055577
v -0.012749993242323402 0.10134159028530125 -0.004312203265726565
v -0.013550006784498695 0.1022053956985474 -0.0033486012835055577
v -0.012749993242323402 0.10134159028530125 -0.004312203265726565
v -0.013550006784498695 0.10134159028530125 -0.004312203265726565
v -0.013550006784498695 0.10134159028530125 -0.004312203265726565
v -0.012749993242323402 0.10134159028530125 -0.004312203265726565
v -0.012749993242323402 0.10011171549558644 -0.004714805632829664
v -0.013550006784498695 0.10134159028530125 -0.004312203265726565
v -0.012749993242323402 0.10011171549558644 -0.004714805632829664
v -0.013550006784498695 0.10011171549558644 -0.004714805632829664
v -0.013550006784498695 0.10011171549558644 -0.004714805632829664
v -0.012749993242323402 0.10011171549558644 -0.004714805632829664
v -0.012749993242323402 0.0988453105092049 -0.0044485321268439276
v -0.013550006784498695 0.10011171549558644 -0.004714805632829664
v -0.012749993242323402 0.0988453105092049 -0.0044485321268439276
v -0.013550006784498695 0.0988453105092049 -0.0044485321268439276
v -0.013550006784498695 0.0988453105092049 -0.0044485321268439276
v -0.012749993242323402 0.0988453105092049 -0.0044485321268439276
v -0.012749993242323402 0.09788171201944355 -0.0035847299732267844
v -0.013550006784498695 0.0988453105092049 -0.0044485321268439276
v -0.012749993242323402 0.09788171201944355 -0.0035847299732267844
v -0.013550006784498695 0.09788171201944355 -0.0035847299732267844
v -0.013550006784498695 0.09788171201944355 -0.0035847299732267844
v -0.012749993242323402 0.09788171201944355 -0.0035847299732267844
v -0.012749993242323402 0.09747911244630818 -0.002354853553697466
v -0.013550006784498695 0.09788171201944355 -0.0035847299732267844
v -0.012749993242323402 0.09747911244630818 -0.002354853553697466
v -0.013550006784498695 0.09747911244630818 -0.002354853553697466
v -0.013550006784498695 0.09747911244630818 -0.002354853553697466
v -0.012749993242323402 0.09747911244630818 -0.002354853553697466
v -0.012749993242323402 0.09774538129568104 -0.0010884493822231884
v -0.013550006784498695 0.09747911244630818 -0.002354853553697466
v -0.012749993242323402 0.09774538129568104 -0.0010884493822231884
v -0.013550006784498695 0.09774538129568104 -0.0010884493822231884
v -0.013550006784498695 0.09774538129568104 -0.0010884493822231884
v -0.012749993242323402 0.09774538129568104 -0.0010884493822231884
v -0.012749993242323402 0.0986091867089272 -0.00012484748731367285
v -0.013550006784498695 0.09774538129568104 -0.0010884493822231884
v -0.012749993242323402 0.0986091867089272 -0.00012484748731367285
v -0.013550006784498695 0.0986091867089272 -0.00012484748731367285
v -0.013550006784498695 0.0986091867089272 -0.00012484748731367285
v -0.012749993242323402 0.0986091867089272 -0.00012484748731367285
v -0.012749993242323402 0.09983906149864201 0.0002777547051664441
v -0.013550006784498695 0.0986091867089272 -0.00012484748731367285
v -0.012749993242323402 0.09983906149864201 0.0002777547051664441
v -0.013550006784498695 0.09983906149864201 0.0002777547051664441
v -0.013550006784498695 0.09983906149864201 0.0002777547051664441
v -0.012749993242323402 0.09983906149864201 0.0002777547051664441
v -0.012749993242323402 0.10022205114364628 0.00026927670114673663
v -0.012749993242323402 0.10022205114364628 0.00026927670114673663
v -0.012749993242323402 0.10029808431863789 0.00026055952184833575
v -0.013550006784498695 0.09983906149864201 0.0002777547051664441
v -0.013550006784498695 0.09983906149864201 0.0002777547051664441
v -0.012749993242323402 0.10029808431863789 0.00026055952184833575
v -0.012749993242323402 0.10037382692098622 0.00024951895466074337
v -0.013550006784498695 0.09983906149864201 0.0002777547051664441
v -0.012749993242323402 0.10037382692098622 0.00024951895466074337
v -0.013550006784498695 0.10110545903444294 1.1481241017463614e-05
v -0.013550006784498695 0.10110545903444294 1.1481241017463614e-05
v -0.012749993242323402 0.10037382692098622 0.00024951895466074337
v -0.012749993242323402 0.10110545903444294 1.1481241017463614e-05
v -0.013550006784498695 0.10110545903444294 1.1481241017463614e-05
v -0.012749993242323402 0.10110545903444294 1.1481241017463614e-05
v -0.012749993242323402 0.10206906497478489 -0.0008523208089172837
v -0.013550006784498695 0.09774538129568104 -0.0010884493822231884
v -0.013550006784498695 0.0986091867089272 -0.00012484748731367285
v -0.013550006784498695 0.09997538477182392 -0.0022185249254107467
v -0.013550006784498695 0.09997538477182392 -0.0022185249254107467
v -0.013550006784498695 0.0986091867089272 -0.00012484748731367285
v -0.013550006784498695 0.09983906149864201 0.0002777547051664441
v -0.013550006784498695 0.09997538477182392 -0.0022185249254107467
v -0.013550006784498695 0.09983906149864201 0.0002777547051664441
v -0.013550006784498695 0.10110545903444294 1.1481241017463614e-05
v -0.013550006784498695 0.0988453105092049 -0.0044485321268439276
v -0.013550006784498695 0.09788171201944355 -0.0035847299732267844
v -0.013550006784498695 0.09997538477182392 -0.0022185249254107467
v -0.013550006784498695 0.09997538477182392 -0.0022185249254107467
v -0.013550006784498695 0.09788171201944355 -0.0035847299732267844
v -0.013550006784498695 0.09747911244630818 -0.002354853553697466
v -0.013550006784498695 0.09997538477182392 -0.0022185249254107467
v -0.013550006784498695 0.09747911244630818 -0.002354853553697466
v -0.013550006784498695 0.09774538129568104 -0.0010884493822231884
v -0.013550006784498695 0.1022053956985474 -0.0033486012835055577
v -0.013550006784498695 0.10134159028530125 -0.004312203265726565
v -0.013550006784498695 0.09997538477182392 -0.0022185249254107467
v -0.013550006784498695 0.09997538477182392 -0.0022185249254107467
v -0.013550006784498695 0.10134159028530125 -0.004312203265726565
v -0.013550006784498695 0.10011171549558644 -0.004714805632829664
v -0.013550006784498695 0.09997538477182392 -0.0022185249254107467
v -0.013550006784498695 0.10011171549558644 -0.004714805632829664
v -0.013550006784498695 0.0988453105092049 -0.0044485321268439276
v -0.013550006784498695 0.10110545903444294 1.1481241017463614e-05
v -0.013550006784498695 0.10206906497478489 -0.0008523208089172837
v -0.013550006784498695 0.09997538477182392 -0.0022185249254107467
v -0.013550006784498695 0.09997538477182392 -0.0022185249254107467
v -0.013550006784498695 0.10206906497478489 -0.0008523208089172837
v -0.013550006784498695 0.10247166454792027 -0.0020821960642933837
v -0.013550006784498695 0.09997538477182392 -0.0022185249254107467
v -0.013550006784498695 0.10247166454792027 -0.0020821960642933837
v -0.013550006784498695 0.1022053956985474 -0.0033486012835055577
v -0.012149997986853126 0.10075633227825169 0.0026188420597463838
v -0.012149997986853126 0.10176309198141102 0.002343726344406604
v -0.012749993242323402 0.10075633227825169 0.0026188420597463838
v -0.012749993242323402 0.10075633227825169 0.0026188420597463838
v -0.012149997986853126 0.10176309198141102 0.002343726344406604
v -0.012749993242323402 0.10176309198141102 0.002343726344406604
v -0.012149997986853126 0.10038132965564732 0.0018758060177788132
v -0.012149997986853126 0.10045883804559712 0.0026575662195682517
v -0.012149997986853126 0.09971291571855549 0.001962812850251793
v -0.012149997986853126 0.09971291571855549 0.001962812850251793
v -0.012149997986853126 0.10045883804559712 0.0026575662195682517
v -0.012149997986853126 0.09941520541906361 0.0026493482291698447
v -0.012149997986853126 0.09971291571855549 0.001962812850251793
v -0.012149997986853126 0.09941520541906361 0.0026493482291698447
v -0.012149997986853126 0.09945636987686161 0.0019286563619971269
v -0.012149997986853126 0.09877622127532963 0.002097324235364794
v -0.012149997986853126 0.0992512628436089 0.001770798000507056
v -0.012149997986853126 0.09890797734260563 0.002363492501899599
v -0.012149997986853126 0.09890797734260563 0.002363492501899599
v -0.012149997986853126 0.0992512628436089 0.001770798000507056
v -0.012149997986853126 0.09945636987686161 0.0019286563619971269
v -0.012149997986853126 0.09890797734260563 0.002363492501899599
v -0.012149997986853126 0.09945636987686161 0.0019286563619971269
v -0.012149997986853126 0.09913273155689244 0.002557649975642561
v -0.012149997986853126 0.09913273155689244 0.002557649975642561
v -0.012149997986853126 0.09945636987686161 0.0019286563619971269
v -0.012149997986853126 0.09941520541906361 0.0026493482291698447
v -0.012149997986853126 0.10075633227825169 0.0026188420597463838
v -0.012149997986853126 0.10063113272190098 0.0018432904034852975
v -0.012149997986853126 0.10176309198141102 0.002343726344406604
v -0.012149997986853126 0.10176309198141102 0.002343726344406604
v -0.012149997986853126 0.10063113272190098 0.0018432904034852975
v -0.012149997986853126 0.10129953920841221 0.0017562835710123175
v -0.012149997986853126 0.10176309198141102 0.002343726344406604
v -0.012149997986853126 0.10129953920841221 0.0017562835710123175
v -0.012149997986853126 0.10201268643140797 0.0021827660966664544
v -0.012149997986853126 0.10201268643140797 0.0021827660966664544
v -0.012149997986853126 0.10129953920841221 0.0017562835710123175
v -0.012149997986853126 0.10153879225254063 0.001657586079090833
v -0.012149997986853126 0.10201268643140797 0.0021827660966664544
v -0.012149997986853126 0.10153879225254063 0.001657586079090833
v -0.012149997986853126 0.1021802350878716 0.0019375450210645788
v -0.012149997986853126 0.1021802350878716 0.0019375450210645788
v -0.012149997986853126 0.10153879225254063 0.001657586079090833
v -0.012149997986853126 0.10169666260480885 0.0014524817233905192
v -0.012149997986853126 0.1021802350878716 0.0019375450210645788
v -0.012149997986853126 0.10169666260480885 0.0014524817233905192
v -0.012149997986853126 0.10223945230245594 0.001646515331231057
v -0.012149997986853126 0.10223945230245594 0.001646515331231057
v -0.012149997986853126 0.10169666260480885 0.0014524817233905192
v -0.012149997986853126 0.10173081606626515 0.0011959268013015385
v -0.012149997986853126 0.10223945230245594 0.001646515331231057
v -0.012149997986853126 0.10173081606626515 0.0011959268013015385
v -0.012149997986853126 0.10224144160747532 0.0002825910341925918
v -0.012149997986853126 0.10224144160747532 0.0002825910341925918
v -0.012149997986853126 0.10173081606626515 0.0011959268013015385
v -0.012149997986853126 0.1016321107745171 0.0009566644439473745
v -0.012149997986853126 0.10224144160747532 0.0002825910341925918
v -0.012149997986853126 0.1016321107745171 0.0009566644439473745
v -0.012149997986853126 0.10232525318861012 -0.0002794768370222299
v -0.012149997986853126 0.10308916866779332 -0.0022983793169260016
v -0.012149997986853126 0.10256786644458775 -0.0007933648885227738
v -0.012149997986853126 0.1023718118667603 -0.0020876494236290446
v -0.012149997986853126 0.1023718118667603 -0.0020876494236290446
v -0.012149997986853126 0.10256786644458775 -0.0007933648885227738
v -0.012149997986853126 0.10232525318861012 -0.0002794768370222299
v -0.012149997986853126 0.1023718118667603 -0.0020876494236290446
v -0.012149997986853126 0.10232525318861012 -0.0002794768370222299
v -0.012149997986853126 0.10142701119184498 0.0007988060242496429
v -0.012149997986853126 0.10142701119184498 0.0007988060242496429
v -0.012149997986853126 0.10232525318861012 -0.0002794768370222299
v -0.012149997986853126 0.1016321107745171 0.0009566644439473745
v -0.012149997986853126 0.10021217912435536 0.00016976459301076824
v -0.012149997986853126 0.10028261691331868 0.0008802188676781949
v -0.012149997986853126 0.09984451532363896 0.0001779036683728918
v -0.012149997986853126 0.09984451532363896 0.0001779036683728918
v -0.012149997986853126 0.10028261691331868 0.0008802188676781949
v -0.012149997986853126 0.09958384186029438 0.0009711787570267912
v -0.012149997986853126 0.09984451532363896 0.0001779036683728918
v -0.012149997986853126 0.09958384186029438 0.0009711787570267912
v -0.012149997986853126 0.09866382926702504 -0.00020859515643678597
v -0.012149997986853126 0.09866382926702504 -0.00020859515643678597
v -0.012149997986853126 0.09958384186029438 0.0009711787570267912
v -0.012149997986853126 0.09934457391500477 0.0010698754340410228
v -0.012149997986853126 0.09866382926702504 -0.00020859515643678597
v -0.012149997986853126 0.09934457391500477 0.0010698754340410228
v -0.012149997986853126 0.09783458709716801 -0.0011336521711200471
v -0.012149997986853126 0.10308916866779332 -0.0022983793169260016
v -0.012149997986853126 0.1023718118667603 -0.0020876494236290446
v -0.012149997986853126 0.1028118878602982 -0.0038667968474328505
v -0.012149997986853126 0.1028118878602982 -0.0038667968474328505
v -0.012149997986853126 0.1023718118667603 -0.0020876494236290446
v -0.012149997986853126 0.10211618989706044 -0.003303398611024021
v -0.012149997986853126 0.1028118878602982 -0.0038667968474328505
v -0.012149997986853126 0.10211618989706044 -0.003303398611024021
v -0.012149997986853126 0.10180616378784184 -0.005101855378597973
v -0.012149997986853126 0.10180616378784184 -0.005101855378597973
v -0.012149997986853126 0.10211618989706044 -0.003303398611024021
v -0.012149997986853126 0.10128694772720341 -0.00422845548018813
v -0.012149997986853126 0.10180616378784184 -0.005101855378597973
v -0.012149997986853126 0.10128694772720341 -0.00422845548018813
v -0.012149997986853126 0.10032644867897038 -0.005691121332347391
v -0.012149997986853126 0.10032644867897038 -0.005691121332347391
v -0.012149997986853126 0.10128694772720341 -0.00422845548018813
v -0.012149997986853126 0.10010626167058949 -0.004614954348653553
v -0.012149997986853126 0.10032644867897038 -0.005691121332347391
v -0.012149997986853126 0.10010626167058949 -0.004614954348653553
v -0.012149997986853126 0.09874702990055088 -0.005485529545694588
v -0.012149997986853126 0.09874702990055088 -0.005485529545694588
v -0.012149997986853126 0.10010626167058949 -0.004614954348653553
v -0.012149997986853126 0.09889051318168644 -0.004359331913292406
v -0.012149997986853126 0.09874702990055088 -0.005485529545694588
v -0.012149997986853126 0.09889051318168644 -0.004359331913292406
v -0.012149997986853126 0.09746746718883519 -0.004537087865173815
v -0.012149997986853126 0.09746746718883519 -0.004537087865173815
v -0.012149997986853126 0.09889051318168644 -0.004359331913292406
v -0.012149997986853126 0.09796545654535298 -0.0035300815943628537
v -0.012149997986853126 0.09746746718883519 -0.004537087865173815
v -0.012149997986853126 0.09796545654535298 -0.0035300815943628537
v -0.012149997986853126 0.09681146591901783 -0.003085722215473651
v -0.012149997986853126 0.09681146591901783 -0.003085722215473651
v -0.012149997986853126 0.09796545654535298 -0.0035300815943628537
v -0.012149997986853126 0.09757896512746815 -0.0023494004271924487
v -0.012149997986853126 0.09681146591901783 -0.003085722215473651
v -0.012149997986853126 0.09757896512746815 -0.0023494004271924487
v -0.012149997986853126 0.09694493561983113 -0.0014985867310315366
v -0.012149997986853126 0.09694493561983113 -0.0014985867310315366
v -0.012149997986853126 0.09757896512746815 -0.0023494004271924487
v -0.012149997986853126 0.09783458709716801 -0.0011336521711200471
v -0.012149997986853126 0.09694493561983113 -0.0014985867310315366
v -0.012149997986853126 0.09783458709716801 -0.0011336521711200471
v -0.012149997986853126 0.09783414751291279 -0.00017717684386298055
v -0.012149997986853126 0.10047168284654621 0.0008556095999665555
v -0.012149997986853126 0.10035789757967 0.00015079810691531742
v -0.012149997986853126 0.10117045044898991 0.0007646487792953847
v -0.012149997986853126 0.10117045044898991 0.0007646487792953847
v -0.012149997986853126 0.10035789757967 0.00015079810691531742
v -0.012149997986853126 0.101060263812542 -7.771886885166166e-05
v -0.012149997986853126 0.10117045044898991 0.0007646487792953847
v -0.012149997986853126 0.101060263812542 -7.771886885166166e-05
v -0.012149997986853126 0.10142701119184498 0.0007988060242496429
v -0.012149997986853126 0.10142701119184498 0.0007988060242496429
v -0.012149997986853126 0.101060263812542 -7.771886885166166e-05
v -0.012149997986853126 0.10198531299829487 -0.0009069690713658926
v -0.012149997986853126 0.10142701119184498 0.0007988060242496429
v -0.012149997986853126 0.10198531299829487 -0.0009069690713658926
v -0.012149997986853126 0.1023718118667603 -0.0020876494236290446
v -0.012149997986853126 0.09783414751291279 -0.00017717684386298055
v -0.012149997986853126 0.09783458709716801 -0.0011336521711200471
v -0.012149997986853126 0.09820023924112324 0.0002574751852080225
v -0.012149997986853126 0.09820023924112324 0.0002574751852080225
v -0.012149997986853126 0.09783458709716801 -0.0011336521711200471
v -0.012149997986853126 0.09934457391500477 0.0010698754340410228
v -0.012149997986853126 0.09820023924112324 0.0002574751852080225
v -0.012149997986853126 0.09934457391500477 0.0010698754340410228
v -0.012149997986853126 0.09842513501644139 0.0007793605909682808
v -0.012149997986853126 0.09842513501644139 0.0007793605909682808
v -0.012149997986853126 0.09934457391500477 0.0010698754340410228
v -0.012149997986853126 0.09918672591447834 0.0012749815359711643
v -0.012149997986853126 0.09842513501644139 0.0007793605909682808
v -0.012149997986853126 0.09918672591447834 0.0012749815359711643
v -0.012149997986853126 0.09877622127532963 0.002097324235364794
v -0.012149997986853126 0.09877622127532963 0.002097324235364794
v -0.012149997986853126 0.09918672591447834 0.0012749815359711643
v -0.012149997986853126 0.09915256500244145 0.0015315365744754668
v -0.012149997986853126 0.09877622127532963 0.002097324235364794
v -0.012149997986853126 0.09915256500244145 0.0015315365744754668
v -0.012149997986853126 0.0992512628436089 0.001770798000507056
v -0.012749993242323402 0.10035789757967 0.00015079810691531742
v -0.012149997986853126 0.10035789757967 0.00015079810691531742
v -0.012749993242323402 0.10037382692098622 0.00024951895466074337
v -0.012749993242323402 0.10037382692098622 0.00024951895466074337
v -0.012149997986853126 0.10035789757967 0.00015079810691531742
v -0.012149997986853126 0.10047168284654621 0.0008556095999665555
v -0.012749993242323402 0.10037382692098622 0.00024951895466074337
v -0.012149997986853126 0.10047168284654621 0.0008556095999665555
v -0.012749993242323402 0.10047168284654621 0.0008556095999665555
v -0.012749993242323402 0.10045883804559712 0.0026575662195682517
v -0.012149997986853126 0.10045883804559712 0.0026575662195682517
v -0.012749993242323402 0.10038132965564732 0.0018758060177788132
v -0.012749993242323402 0.10038132965564732 0.0018758060177788132
v -0.012149997986853126 0.10045883804559712 0.0026575662195682517
v -0.012149997986853126 0.10038132965564732 0.0018758060177788132
v -0.012149997986853126 0.10035789757967 0.00015079810691531742
v -0.012749993242323402 0.10035789757967 0.00015079810691531742
v -0.012749993242323402 0.10021217912435536 0.00016976459301076824
v -0.012049996294081215 0.09984451532363896 0.0001779036683728918
v -0.012049996294081215 0.101060263812542 -7.771886885166166e-05
v -0.012149997986853126 0.10021217912435536 0.00016976459301076824
v -0.012749993242323402 0.10021217912435536 0.00016976459301076824
v -0.012149997986853126 0.10021217912435536 0.00016976459301076824
v -0.012149997986853126 0.10035789757967 0.00015079810691531742
v -0.012149997986853126 0.10035789757967 0.00015079810691531742
v -0.012149997986853126 0.10021217912435536 0.00016976459301076824
v -0.012049996294081215 0.101060263812542 -7.771886885166166e-05
v -0.012149997986853126 0.10035789757967 0.00015079810691531742
v -0.012049996294081215 0.101060263812542 -7.771886885166166e-05
v -0.012149997986853126 0.101060263812542 -7.771886885166166e-05
v -0.012149997986853126 0.101060263812542 -7.771886885166166e-05
v -0.012049996294081215 0.101060263812542 -7.771886885166166e-05
v -0.012049996294081215 0.10198531299829487 -0.0009069690713658926
v -0.012149997986853126 0.101060263812542 -7.771886885166166e-05
v -0.012049996294081215 0.10198531299829487 -0.0009069690713658926
v -0.012149997986853126 0.10198531299829487 -0.0009069690713658926
v -0.012149997986853126 0.10198531299829487 -0.0009069690713658926
v -0.012049996294081215 0.10198531299829487 -0.0009069690713658926
v -0.012049996294081215 0.1023718118667603 -0.0020876494236290446
v -0.012149997986853126 0.10198531299829487 -0.0009069690713658926
v -0.012049996294081215 0.1023718118667603 -0.0020876494236290446
v -0.012149997986853126 0.1023718118667603 -0.0020876494236290446
v -0.012149997986853126 0.1023718118667603 -0.0020876494236290446
v -0.012049996294081215 0.1023718118667603 -0.0020876494236290446
v -0.012049996294081215 0.10211618989706044 -0.003303398611024021
v -0.012149997986853126 0.1023718118667603 -0.0020876494236290446
v -0.012049996294081215 0.10211618989706044 -0.003303398611024021
v -0.012149997986853126 0.10211618989706044 -0.003303398611024021
v -0.012149997986853126 0.10211618989706044 -0.003303398611024021
v -0.012049996294081215 0.10211618989706044 -0.003303398611024021
v -0.012049996294081215 0.10128694772720341 -0.00422845548018813
v -0.012149997986853126 0.10211618989706044 -0.003303398611024021
v -0.012049996294081215 0.10128694772720341 -0.00422845548018813
v -0.012149997986853126 0.10128694772720341 -0.00422845548018813
v -0.012149997986853126 0.10128694772720341 -0.00422845548018813
v -0.012049996294081215 0.10128694772720341 -0.00422845548018813
v -0.012049996294081215 0.10010626167058949 -0.004614954348653553
v -0.012149997986853126 0.10128694772720341 -0.00422845548018813
v -0.012049996294081215 0.10010626167058949 -0.004614954348653553
v -0.012149997986853126 0.10010626167058949 -0.004614954348653553
v -0.012149997986853126 0.10010626167058949 -0.004614954348653553
v -0.012049996294081215 0.10010626167058949 -0.004614954348653553
v -0.012049996294081215 0.09889051318168644 -0.004359331913292406
v -0.012149997986853126 0.10010626167058949 -0.004614954348653553
v -0.012049996294081215 0.09889051318168644 -0.004359331913292406
v -0.012149997986853126 0.09889051318168644 -0.004359331913292406
v -0.012149997986853126 0.09889051318168644 -0.004359331913292406
v -0.012049996294081215 0.09889051318168644 -0.004359331913292406
v -0.012049996294081215 0.09796545654535298 -0.0035300815943628537
v -0.012149997986853126 0.09889051318168644 -0.004359331913292406
v -0.012049996294081215 0.09796545654535298 -0.0035300815943628537
v -0.012149997986853126 0.09796545654535298 -0.0035300815943628537
v -0.012149997986853126 0.09796545654535298 -0.0035300815943628537
v -0.012049996294081215 0.09796545654535298 -0.0035300815943628537
v -0.012049996294081215 0.09757896512746815 -0.0023494004271924487
v -0.012149997986853126 0.09796545654535298 -0.0035300815943628537
v -0.012049996294081215 0.09757896512746815 -0.0023494004271924487
v -0.012149997986853126 0.09757896512746815 -0.0023494004271924487
v -0.012149997986853126 0.09757896512746815 -0.0023494004271924487
v -0.012049996294081215 0.09757896512746815 -0.0023494004271924487
v -0.012049996294081215 0.09783458709716801 -0.0011336521711200471
v -0.012149997986853126 0.09757896512746815 -0.0023494004271924487
v -0.012049996294081215 0.09783458709716801 -0.0011336521711200471
v -0.012149997986853126 0.09783458709716801 -0.0011336521711200471
v -0.012149997986853126 0.09783458709716801 -0.0011336521711200471
v -0.012049996294081215 0.09783458709716801 -0.0011336521711200471
v -0.012049996294081215 0.09866382926702504 -0.00020859515643678597
v -0.012149997986853126 0.09783458709716801 -0.0011336521711200471
v -0.012049996294081215 0.09866382926702504 -0.00020859515643678597
v -0.012149997986853126 0.09866382926702504 -0.00020859515643678597
v -0.012149997986853126 0.09866382926702504 -0.00020859515643678597
v -0.012049996294081215 0.09866382926702504 -0.00020859515643678597
v -0.012049996294081215 0.09984451532363896 0.0001779036683728918
v -0.012149997986853126 0.09866382926702504 -0.00020859515643678597
v -0.012049996294081215 0.09984451532363896 0.0001779036683728918
v -0.012149997986853126 0.09984451532363896 0.0001779036683728918
v -0.012149997986853126 0.09984451532363896 0.0001779036683728918
v -0.012049996294081215 0.09984451532363896 0.0001779036683728918
v -0.012149997986853126 0.10021217912435536 0.00016976459301076824
v 0.012000001035630706 0.026660289615392695 -0.0065930876880884145
v 0.011571279726922514 0.028259901329875006 -0.006628584116697309
v 0.01695000380277634 0.032509017735719695 -0.006722875870764253
v 0.012000001035630706 -0.00013311191287357366 -0.00599852344021201
v 0.01720397919416428 0.01173707470297814 -0.006261930800974367
v 0.017925612628459934 0.010686270892620092 -0.00623861327767372
v 0.01695000380277634 0.032509017735719695 -0.006722875870764253
v 0.011571279726922514 0.028259901329875006 -0.006628584116697309
v 0.016574606299400333 0.0344093330204487 -0.00676504475995898
v 0.016574606299400333 0.0344093330204487 -0.00676504475995898
v 0.011571279726922514 0.028259901329875006 -0.006628584116697309
v 0.01039999630302191 0.02943089604377748 -0.006654569413512943
v 0.016574606299400333 0.0344093330204487 -0.00676504475995898
v 0.01039999630302191 0.02943089604377748 -0.006654569413512943
v 0.015504798851907257 0.03602431342005731 -0.0068008820526301835
v -0.012049996294081215 0.09984227269887928 -0.008217048831284043
v -0.007550002075731756 0.09984227269887928 -0.008217048831284043
v -0.007550002075731756 0.09004468470811848 -0.007999633438885208
v 0.012000001035630706 0.026660289615392695 -0.0065930876880884145
v 0.01695000380277634 0.032509017735719695 -0.006722875870764253
v 0.012000001035630706 -0.00013311191287357366 -0.00599852344021201
v 0.012000001035630706 -0.00013311191287357366 -0.00599852344021201
v 0.01695000380277634 0.032509017735719695 -0.006722875870764253
v 0.01695000380277634 0.012986159883439546 -0.006289648823440073
v 0.012000001035630706 -0.00013311191287357366 -0.00599852344021201
v 0.01695000380277634 0.012986159883439546 -0.006289648823440073
v 0.01720397919416428 0.01173707470297814 -0.006261930800974367
v 0.017925612628459934 0.010686270892620092 -0.00623861327767372
v 0.019053153693676 0.00904438924044371 -0.0062021785415709
v 0.012000001035630706 -0.00013311191287357366 -0.00599852344021201
v 0.012000001035630706 -0.00013311191287357366 -0.00599852344021201
v 0.019053153693676 0.00904438924044371 -0.0062021785415709
v 0.01945000141859055 0.007092697080224756 -0.0061588692478835565
v 0.012000001035630706 -0.00013311191287357366 -0.00599852344021201
v 0.01945000141859055 0.007092697080224756 -0.0061588692478835565
v 0.01945000141859055 -0.00013311191287357366 -0.00599852344021201
v -0.012049996294081215 0.09984227269887928 -0.008217048831284043
v -0.007550002075731756 0.09004468470811848 -0.007999633438885208
v -0.012049996294081215 0.040056996047496816 -0.006890370044857261
v 0.01195000018924475 0.040056996047496816 -0.006890370044857261
v 0.012190251611173156 0.03884078934788705 -0.006863382179290054
v 0.01039999630302191 0.02943089604377748 -0.006654569413512943
v 0.012190251611173156 0.03884078934788705 -0.006863382179290054
v 0.012874922715127472 0.0378072038292885 -0.006840446032583711
v 0.01039999630302191 0.02943089604377748 -0.006654569413512943
v 0.01039999630302191 0.02943089604377748 -0.006654569413512943
v 0.012874922715127472 0.0378072038292885 -0.006840446032583711
v 0.013901217840611938 0.03711143881082536 -0.006825007032603023
v 0.01039999630302191 0.02943089604377748 -0.006654569413512943
v 0.013901217840611938 0.03711143881082536 -0.006825007032603023
v 0.015504798851907257 0.03602431342005731 -0.0068008820526301835
v -0.007550002075731756 0.09004468470811848 -0.007999633438885208
v -0.007121280767023565 0.08844507485628132 -0.007964137010276314
v -0.012049996294081215 0.040056996047496816 -0.006890370044857261
v -0.012049996294081215 0.040056996047496816 -0.006890370044857261
v -0.007121280767023565 0.08844507485628132 -0.007964137010276314
v -0.005949997343122961 0.087274082005024 -0.007938151247799393
v -0.012049996294081215 0.040056996047496816 -0.006890370044857261
v -0.005949997343122961 0.087274082005024 -0.007938151247799393
v -0.004350000061094762 0.08684547245502476 -0.00792864058166742
v -0.01915315538644791 0.00904438924044371 -0.0062021785415709
v -0.018025614321231846 0.010686270892620092 -0.00623861327767372
v -0.01955000311136246 0.007092697080224756 -0.0061588692478835565
v -0.01955000311136246 0.007092697080224756 -0.0061588692478835565
v -0.018025614321231846 0.010686270892620092 -0.00623861327767372
v -0.012100004591047767 -0.00013311191287357366 -0.00599852344021201
v -0.01955000311136246 0.007092697080224756 -0.0061588692478835565
v -0.012100004591047767 -0.00013311191287357366 -0.00599852344021201
v -0.01955000311136246 -0.00013311191287357366 -0.00599852344021201
v -0.018025614321231846 0.010686270892620092 -0.00623861327767372
v -0.01730398088693619 0.01173707470297814 -0.006261930800974367
v -0.012100004591047767 -0.00013311191287357366 -0.00599852344021201
v -0.012100004591047767 -0.00013311191287357366 -0.00599852344021201
v -0.01730398088693619 0.01173707470297814 -0.006261930800974367
v -0.017050005495548252 0.012986159883439546 -0.006289648823440073
v -0.012100004591047767 -0.00013311191287357366 -0.00599852344021201
v -0.017050005495548252 0.012986159883439546 -0.006289648823440073
v -0.012100004591047767 0.026660289615392695 -0.0065930876880884145
v -0.012100004591047767 0.026660289615392695 -0.0065930876880884145
v -0.017050005495548252 0.012986159883439546 -0.006289648823440073
v -0.017050005495548252 0.032509017735719695 -0.006722875870764253
v -0.012100004591047767 0.026660289615392695 -0.0065930876880884145
v -0.017050005495548252 0.032509017735719695 -0.006722875870764253
v -0.011671283282339575 0.028259901329875006 -0.006628584116697309
v -0.011671283282339575 0.028259901329875006 -0.006628584116697309
v -0.017050005495548252 0.032509017735719695 -0.006722875870764253
v -0.01667461544275284 0.0344093330204487 -0.00676504475995898
v -0.011671283282339575 0.028259901329875006 -0.006628584116697309
v -0.01667461544275284 0.0344093330204487 -0.00676504475995898
v -0.01049999985843897 0.02943089604377748 -0.006654569413512943
v 0.004249996505677701 0.08684547245502476 -0.00792864058166742
v 0.005850001238286496 0.087274082005024 -0.007938151247799393
v 0.01039999630302191 0.02943089604377748 -0.006654569413512943
v 0.01039999630302191 0.02943089604377748 -0.006654569413512943
v 0.005850001238286496 0.087274082005024 -0.007938151247799393
v 0.007021284662187101 0.08844507485628132 -0.007964137010276314
v 0.01039999630302191 0.02943089604377748 -0.006654569413512943
v 0.007021284662187101 0.08844507485628132 -0.007964137010276314
v 0.01195000018924475 0.040056996047496816 -0.006890370044857261
v 0.01195000018924475 0.040056996047496816 -0.006890370044857261
v 0.007021284662187101 0.08844507485628132 -0.007964137010276314
v 0.007449998520314695 0.09004468470811848 -0.007999633438885208
v 0.01195000018924475 0.040056996047496816 -0.006890370044857261
v 0.007449998520314695 0.09004468470811848 -0.007999633438885208
v 0.01195000018924475 0.09984227269887928 -0.008217048831284043
v 0.01195000018924475 0.09984227269887928 -0.008217048831284043
v 0.007449998520314695 0.09004468470811848 -0.007999633438885208
v 0.007449998520314695 0.09984227269887928 -0.008217048831284043
v -0.004350000061094762 0.08684547245502476 -0.00792864058166742
v 0.004249996505677701 0.08684547245502476 -0.00792864058166742
v -0.012049996294081215 0.040056996047496816 -0.006890370044857261
v -0.012049996294081215 0.040056996047496816 -0.006890370044857261
v 0.004249996505677701 0.08684547245502476 -0.00792864058166742
v 0.01039999630302191 0.02943089604377748 -0.006654569413512943
v -0.012049996294081215 0.040056996047496816 -0.006890370044857261
v 0.01039999630302191 0.02943089604377748 -0.006654569413512943
v -0.01229024771600962 0.03884078934788705 -0.006863382179290054
v -0.01229024771600962 0.03884078934788705 -0.006863382179290054
v 0.01039999630302191 0.02943089604377748 -0.006654569413512943
v 0.008799999020993711 0.029859505593776717 -0.0066640810109674905
v -0.01229024771600962 0.03884078934788705 -0.006863382179290054
v 0.008799999020993711 0.029859505593776717 -0.0066640810109674905
v -0.012974926270544532 0.0378072038292885 -0.006840446032583711
v -0.012974926270544532 0.0378072038292885 -0.006840446032583711
v 0.008799999020993711 0.029859505593776717 -0.0066640810109674905
v -0.008900002576410772 0.029859505593776717 -0.0066640810109674905
v -0.012974926270544532 0.0378072038292885 -0.006840446032583711
v -0.008900002576410772 0.029859505593776717 -0.0066640810109674905
v -0.014001213945448402 0.03711143881082536 -0.006825007032603023
v -0.014001213945448402 0.03711143881082536 -0.006825007032603023
v -0.008900002576410772 0.029859505593776717 -0.0066640810109674905
v -0.01049999985843897 0.02943089604377748 -0.006654569413512943
v -0.014001213945448402 0.03711143881082536 -0.006825007032603023
v -0.01049999985843897 0.02943089604377748 -0.006654569413512943
v -0.015604802407324318 0.03602431342005731 -0.0068008820526301835
v -0.015604802407324318 0.03602431342005731 -0.0068008820526301835
v -0.01049999985843897 0.02943089604377748 -0.006654569413512943
v -0.01667461544275284 0.0344093330204487 -0.00676504475995898
v -0.01955000311136246 0.007358917966485027 0.00583817809820175
v -0.01955000311136246 0.007092697080224756 -0.0061588692478835565
v -0.01955000311136246 0.0001331129169557244 0.005998522974550722
v -0.01955000311136246 0.0001331129169557244 0.005998522974550722
v -0.01955000311136246 0.007092697080224756 -0.0061588692478835565
v -0.01955000311136246 -0.00013311191287357366 -0.00599852344021201
v -0.01955000311136246 -0.005490974523127082 0.002418513409793376
v -0.01955000311136246 -0.004147474188357593 0.00433572009205818
v -0.01955000311136246 -0.005998524837195876 0.00013311141810845578
v -0.01955000311136246 -0.005998524837195876 0.00013311141810845578
v -0.01955000311136246 -0.004147474188357593 0.00433572009205818
v -0.01955000311136246 -0.0021725574042648086 0.005592852365225552
v -0.01955000311136246 -0.005998524837195876 0.00013311141810845578
v -0.01955000311136246 -0.0021725574042648086 0.005592852365225552
v -0.01955000311136246 0.0001331129169557244 0.005998522974550722
v -0.01955000311136246 -0.005592852830886843 -0.0021725569386035195
v -0.01955000311136246 -0.005998524837195876 0.00013311141810845578
v -0.01955000311136246 -0.00433572242036462 -0.004147472791373728
v -0.01955000311136246 -0.00433572242036462 -0.004147472791373728
v -0.01955000311136246 -0.005998524837195876 0.00013311141810845578
v -0.01955000311136246 0.0001331129169557244 0.005998522974550722
v -0.01955000311136246 -0.00433572242036462 -0.004147472791373728
v -0.01955000311136246 0.0001331129169557244 0.005998522974550722
v -0.01955000311136246 -0.002418515970930458 -0.005490973126143215
v -0.01955000311136246 -0.002418515970930458 -0.005490973126143215
v -0.01955000311136246 0.0001331129169557244 0.005998522974550722
v -0.01955000311136246 -0.00013311191287357366 -0.00599852344021201
v -0.01955000311136246 0.007092697080224756 -0.0061588692478835565
v -0.01955000311136246 0.007358917966485027 0.00583817809820175
v -0.01915315538644791 0.009310610592365268 0.0057948674075305445
v -0.01955000311136246 0.007092697080224756 -0.0061588692478835565
v -0.01915315538644791 0.009310610592365268 0.0057948674075305445
v -0.01915315538644791 0.00904438924044371 -0.0062021785415709
v -0.01915315538644791 0.00904438924044371 -0.0062021785415709
v -0.01915315538644791 0.009310610592365268 0.0057948674075305445
v -0.018025614321231846 0.01095249224454165 0.005758432671427725
v -0.01915315538644791 0.00904438924044371 -0.0062021785415709
v -0.018025614321231846 0.01095249224454165 0.005758432671427725
v -0.018025614321231846 0.010686270892620092 -0.00623861327767372
v -0.017050005495548252 0.01325238030403853 0.005707397591322659
v -0.017050005495548252 0.03277523815631868 0.005274170543998478
v -0.017050005495548252 0.012986159883439546 -0.006289648823440073
v -0.017050005495548252 0.012986159883439546 -0.006289648823440073
v -0.017050005495548252 0.03277523815631868 0.005274170543998478
v -0.017050005495548252 0.032509017735719695 -0.006722875870764253
v -0.017050005495548252 0.032509017735719695 -0.006722875870764253
v -0.017050005495548252 0.03277523815631868 0.005274170543998478
v -0.01667461544275284 0.03467556461691858 0.005232001654803751
v -0.017050005495548252 0.032509017735719695 -0.006722875870764253
v -0.01667461544275284 0.03467556461691858 0.005232001654803751
v -0.01667461544275284 0.0344093330204487 -0.00676504475995898
v -0.01667461544275284 0.0344093330204487 -0.00676504475995898
v -0.01667461544275284 0.03467556461691858 0.005232001654803751
v -0.015604802407324318 0.036290533840656294 0.0051961643621325476
v -0.01667461544275284 0.0344093330204487 -0.00676504475995898
v -0.015604802407324318 0.036290533840656294 0.0051961643621325476
v -0.015604802407324318 0.03602431342005731 -0.0068008820526301835
v -0.015604802407324318 0.03602431342005731 -0.0068008820526301835
v -0.015604802407324318 0.036290533840656294 0.0051961643621325476
v -0.014001213945448402 0.03737767040729524 0.0051720398478209955
v -0.015604802407324318 0.03602431342005731 -0.0068008820526301835
v -0.014001213945448402 0.03737767040729524 0.0051720398478209955
v -0.014001213945448402 0.03711143881082536 -0.006825007032603023
v -0.012049996294081215 0.0403232164680958 0.0051066754385828955
v -0.012049996294081215 0.10010850429534916 0.0037799992132931935
v -0.012049996294081215 0.09984451532363896 0.0001779036683728918
v -0.012049996294081215 0.09984451532363896 0.0001779036683728918
v -0.012049996294081215 0.10010850429534916 0.0037799992132931935
v -0.012049996294081215 0.101060263812542 -7.771886885166166e-05
v -0.012049996294081215 0.101060263812542 -7.771886885166166e-05
v -0.012049996294081215 0.10010850429534916 0.0037799992132931935
v -0.012049996294081215 0.10239390283823017 0.003272448433563112
v -0.012049996294081215 0.101060263812542 -7.771886885166166e-05
v -0.012049996294081215 0.10239390283823017 0.003272448433563112
v -0.012049996294081215 0.10198531299829487 -0.0009069690713658926
v -0.012049996294081215 0.09984227269887928 -0.008217048831284043
v -0.012049996294081215 0.040056996047496816 -0.006890370044857261
v -0.012049996294081215 0.09796545654535298 -0.0035300815943628537
v -0.012049996294081215 0.09796545654535298 -0.0035300815943628537
v -0.012049996294081215 0.09889051318168644 -0.004359331913292406
v -0.012049996294081215 0.09984227269887928 -0.008217048831284043
v -0.012049996294081215 0.09984227269887928 -0.008217048831284043
v -0.012049996294081215 0.09889051318168644 -0.004359331913292406
v -0.012049996294081215 0.10010626167058949 -0.004614954348653553
v -0.012049996294081215 0.09984227269887928 -0.008217048831284043
v -0.012049996294081215 0.10010626167058949 -0.004614954348653553
v -0.012049996294081215 0.10214795172214512 -0.007811377756297586
v -0.012049996294081215 0.10214795172214512 -0.007811377756297586
v -0.012049996294081215 0.10010626167058949 -0.004614954348653553
v -0.012049996294081215 0.10128694772720341 -0.00422845548018813
v -0.012049996294081215 0.09984451532363896 0.0001779036683728918
v -0.012049996294081215 0.09866382926702504 -0.00020859515643678597
v -0.012049996294081215 0.0403232164680958 0.0051066754385828955
v -0.012049996294081215 0.0403232164680958 0.0051066754385828955
v -0.012049996294081215 0.09866382926702504 -0.00020859515643678597
v -0.012049996294081215 0.09783458709716801 -0.0011336521711200471
v -0.012049996294081215 0.0403232164680958 0.0051066754385828955
v -0.012049996294081215 0.09783458709716801 -0.0011336521711200471
v -0.012049996294081215 0.040056996047496816 -0.006890370044857261
v -0.012049996294081215 0.040056996047496816 -0.006890370044857261
v -0.012049996294081215 0.09783458709716801 -0.0011336521711200471
v -0.012049996294081215 0.09757896512746815 -0.0023494004271924487
v -0.012049996294081215 0.040056996047496816 -0.006890370044857261
v -0.012049996294081215 0.09757896512746815 -0.0023494004271924487
v -0.012049996294081215 0.09796545654535298 -0.0035300815943628537
v -0.012049996294081215 0.10239390283823017 0.003272448433563112
v -0.012049996294081215 0.1043111085891724 0.0019289467018097633
v -0.012049996294081215 0.10198531299829487 -0.0009069690713658926
v -0.012049996294081215 0.10198531299829487 -0.0009069690713658926
v -0.012049996294081215 0.1043111085891724 0.0019289467018097633
v -0.012049996294081215 0.10556823760271077 -4.5969009079271914e-05
v -0.012049996294081215 0.10198531299829487 -0.0009069690713658926
v -0.012049996294081215 0.10556823760271077 -4.5969009079271914e-05
v -0.012049996294081215 0.1023718118667603 -0.0020876494236290446
v -0.012049996294081215 0.1023718118667603 -0.0020876494236290446
v -0.012049996294081215 0.10556823760271077 -4.5969009079271914e-05
v -0.012049996294081215 0.10597391426563267 -0.0023516372311860314
v -0.012049996294081215 0.1023718118667603 -0.0020876494236290446
v -0.012049996294081215 0.10597391426563267 -0.0023516372311860314
v -0.012049996294081215 0.10211618989706044 -0.003303398611024021
v -0.012049996294081215 0.10211618989706044 -0.003303398611024021
v -0.012049996294081215 0.10597391426563267 -0.0023516372311860314
v -0.012049996294081215 0.10546635836362843 -0.004637039266526697
v -0.012049996294081215 0.10211618989706044 -0.003303398611024021
v -0.012049996294081215 0.10546635836362843 -0.004637039266526697
v -0.012049996294081215 0.10128694772720341 -0.00422845548018813
v -0.012049996294081215 0.10128694772720341 -0.00422845548018813
v -0.012049996294081215 0.10546635836362843 -0.004637039266526697
v -0.012049996294081215 0.10412285476922993 -0.006554245948791501
v -0.012049996294081215 0.10128694772720341 -0.00422845548018813
v -0.012049996294081215 0.10412285476922993 -0.006554245948791501
v -0.012049996294081215 0.10214795172214512 -0.007811377756297586
v 0.01195000018924475 0.10010850429534916 0.0037799992132931935
v 0.01945000141859055 0.10010850429534916 0.0037799992132931935
v 0.01945000141859055 0.10239390283823017 0.003272448433563112
v -0.007550002075731756 0.09984227269887928 -0.008217048831284043
v -0.012049996294081215 0.09984227269887928 -0.008217048831284043
v -0.012049996294081215 0.10214795172214512 -0.007811377756297586
v 0.007449998520314695 0.09984227269887928 -0.008217048831284043
v 0.01945000141859055 0.10214795172214512 -0.007811377756297586
v 0.01195000018924475 0.09984227269887928 -0.008217048831284043
v 0.01195000018924475 0.09984227269887928 -0.008217048831284043
v 0.01945000141859055 0.10214795172214512 -0.007811377756297586
v 0.01945000141859055 0.09984227269887928 -0.008217048831284043
v -0.007550002075731756 0.09984227269887928 -0.008217048831284043
v -0.012049996294081215 0.10214795172214512 -0.007811377756297586
v 0.007449998520314695 0.09984227269887928 -0.008217048831284043
v -0.012049996294081215 0.10010850429534916 0.0037799992132931935
v -0.007550002075731756 0.10010850429534916 0.0037799992132931935
v -0.012049996294081215 0.10239390283823017 0.003272448433563112
v -0.012049996294081215 0.10239390283823017 0.003272448433563112
v -0.007550002075731756 0.10010850429534916 0.0037799992132931935
v 0.007449998520314695 0.10010850429534916 0.0037799992132931935
v 0.007449998520314695 0.09984227269887928 -0.008217048831284043
v -0.012049996294081215 0.10214795172214512 -0.007811377756297586
v 0.01945000141859055 0.10214795172214512 -0.007811377756297586
v 0.01945000141859055 0.10214795172214512 -0.007811377756297586
v -0.012049996294081215 0.10214795172214512 -0.007811377756297586
v -0.012049996294081215 0.10412285476922993 -0.006554245948791501
v 0.01945000141859055 0.10214795172214512 -0.007811377756297586
v -0.012049996294081215 0.10412285476922993 -0.006554245948791501
v 0.01945000141859055 0.10412285476922993 -0.006554245948791501
v 0.01945000141859055 0.10412285476922993 -0.006554245948791501
v -0.012049996294081215 0.10412285476922993 -0.006554245948791501
v -0.012049996294081215 0.10546635836362843 -0.004637039266526697
v 0.01945000141859055 0.10412285476922993 -0.006554245948791501
v -0.012049996294081215 0.10546635836362843 -0.004637039266526697
v 0.01945000141859055 0.10546635836362843 -0.004637039266526697
v 0.01945000141859055 0.10546635836362843 -0.004637039266526697
v -0.012049996294081215 0.10546635836362843 -0.004637039266526697
v -0.012049996294081215 0.10597391426563267 -0.0023516372311860314
v 0.01945000141859055 0.10546635836362843 -0.004637039266526697
v -0.012049996294081215 0.10597391426563267 -0.0023516372311860314
v 0.01945000141859055 0.10597391426563267 -0.0023516372311860314
v 0.01945000141859055 0.10597391426563267 -0.0023516372311860314
v -0.012049996294081215 0.10597391426563267 -0.0023516372311860314
v -0.012049996294081215 0.10556823760271077 -4.5969009079271914e-05
v 0.01945000141859055 0.10597391426563267 -0.0023516372311860314
v -0.012049996294081215 0.10556823760271077 -4.5969009079271914e-05
v 0.01945000141859055 0.10556823760271077 -4.5969009079271914e-05
v 0.01945000141859055 0.10556823760271077 -4.5969009079271914e-05
v -0.012049996294081215 0.10556823760271077 -4.5969009079271914e-05
v -0.012049996294081215 0.1043111085891724 0.0019289467018097633
v 0.01945000141859055 0.10556823760271077 -4.5969009079271914e-05
v -0.012049996294081215 0.1043111085891724 0.0019289467018097633
v 0.01945000141859055 0.1043111085891724 0.0019289467018097633
v 0.01945000141859055 0.1043111085891724 0.0019289467018097633
v -0.012049996294081215 0.1043111085891724 0.0019289467018097633
v -0.012049996294081215 0.10239390283823017 0.003272448433563112
v 0.01945000141859055 0.1043111085891724 0.0019289467018097633
v -0.012049996294081215 0.10239390283823017 0.003272448433563112
v 0.01945000141859055 0.10239390283823017 0.003272448433563112
v 0.01945000141859055 0.10239390283823017 0.003272448433563112
v -0.012049996294081215 0.10239390283823017 0.003272448433563112
v 0.007449998520314695 0.10010850429534916 0.0037799992132931935
v 0.01945000141859055 0.10239390283823017 0.003272448433563112
v 0.007449998520314695 0.10010850429534916 0.0037799992132931935
v 0.01195000018924475 0.10010850429534916 0.0037799992132931935
v 0.01945000141859055 0.007092697080224756 -0.0061588692478835565
v 0.01945000141859055 0.007358917966485027 0.00583817809820175
v 0.01945000141859055 -0.00013311191287357366 -0.00599852344021201
v 0.01945000141859055 -0.00013311191287357366 -0.00599852344021201
v 0.01945000141859055 0.007358917966485027 0.00583817809820175
v 0.01945000141859055 0.0001331129169557244 0.005998522974550722
v 0.01945000141859055 -0.00013311191287357366 -0.00599852344021201
v 0.01945000141859055 0.0001331129169557244 0.005998522974550722
v 0.01945000141859055 -0.002418515970930458 -0.005490973126143215
v 0.01945000141859055 -0.002418515970930458 -0.005490973126143215
v 0.01945000141859055 0.0001331129169557244 0.005998522974550722
v 0.01945000141859055 -0.00433572242036462 -0.004147472791373728
v 0.01945000141859055 -0.004147474188357593 0.00433572009205818
v 0.01945000141859055 -0.005490974523127082 0.002418513409793376
v 0.01945000141859055 -0.0021725574042648086 0.005592852365225552
v 0.01945000141859055 -0.0021725574042648086 0.005592852365225552
v 0.01945000141859055 -0.005490974523127082 0.002418513409793376
v 0.01945000141859055 -0.005998524837195876 0.00013311141810845578
v 0.01945000141859055 -0.0021725574042648086 0.005592852365225552
v 0.01945000141859055 -0.005998524837195876 0.00013311141810845578
v 0.01945000141859055 0.0001331129169557244 0.005998522974550722
v 0.01945000141859055 0.0001331129169557244 0.005998522974550722
v 0.01945000141859055 -0.005998524837195876 0.00013311141810845578
v 0.01945000141859055 -0.005592852830886843 -0.0021725569386035195
v 0.01945000141859055 0.0001331129169557244 0.005998522974550722
v 0.01945000141859055 -0.005592852830886843 -0.0021725569386035195
v 0.01945000141859055 -0.00433572242036462 -0.004147472791373728
v -0.012100004591047767 0.0001331129169557244 0.005998522974550722
v -0.01955000311136246 0.0001331129169557244 0.005998522974550722
v -0.01955000311136246 -0.0021725574042648086 0.005592852365225552
v 0.01945000141859055 0.0001331129169557244 0.005998522974550722
v 0.012000001035630706 0.0001331129169557244 0.005998522974550722
v 0.01945000141859055 -0.0021725574042648086 0.005592852365225552
v 0.01945000141859055 -0.0021725574042648086 0.005592852365225552
v 0.012000001035630706 0.0001331129169557244 0.005998522974550722
v -0.012100004591047767 0.0001331129169557244 0.005998522974550722
v -0.012100004591047767 0.0001331129169557244 0.005998522974550722
v -0.01955000311136246 -0.0021725574042648086 0.005592852365225552
v 0.01945000141859055 -0.0021725574042648086 0.005592852365225552
v 0.01945000141859055 -0.0021725574042648086 0.005592852365225552
v -0.01955000311136246 -0.0021725574042648086 0.005592852365225552
v -0.01955000311136246 -0.004147474188357593 0.00433572009205818
v 0.01945000141859055 -0.0021725574042648086 0.005592852365225552
v -0.01955000311136246 -0.004147474188357593 0.00433572009205818
v 0.01945000141859055 -0.004147474188357593 0.00433572009205818
v 0.01945000141859055 -0.004147474188357593 0.00433572009205818
v -0.01955000311136246 -0.004147474188357593 0.00433572009205818
v -0.01955000311136246 -0.005490974523127082 0.002418513409793376
v 0.01945000141859055 -0.004147474188357593 0.00433572009205818
v -0.01955000311136246 -0.005490974523127082 0.002418513409793376
v 0.01945000141859055 -0.005490974523127082 0.002418513409793376
v 0.01945000141859055 -0.005490974523127082 0.002418513409793376
v -0.01955000311136246 -0.005490974523127082 0.002418513409793376
v -0.01955000311136246 -0.005998524837195876 0.00013311141810845578
v 0.01945000141859055 -0.005490974523127082 0.002418513409793376
v -0.01955000311136246 -0.005998524837195876 0.00013311141810845578
v 0.01945000141859055 -0.005998524837195876 0.00013311141810845578
v 0.01945000141859055 -0.005998524837195876 0.00013311141810845578
v -0.01955000311136246 -0.005998524837195876 0.00013311141810845578
v -0.01955000311136246 -0.005592852830886843 -0.0021725569386035195
v 0.01945000141859055 -0.005998524837195876 0.00013311141810845578
v -0.01955000311136246 -0.005592852830886843 -0.0021725569386035195
v 0.01945000141859055 -0.005592852830886843 -0.0021725569386035195
v 0.01945000141859055 -0.005592852830886843 -0.0021725569386035195
v -0.01955000311136246 -0.005592852830886843 -0.0021725569386035195
v -0.01955000311136246 -0.00433572242036462 -0.004147472791373728
v 0.01945000141859055 -0.005592852830886843 -0.0021725569386035195
v -0.01955000311136246 -0.00433572242036462 -0.004147472791373728
v 0.01945000141859055 -0.00433572242036462 -0.004147472791373728
v 0.01945000141859055 -0.00433572242036462 -0.004147472791373728
v -0.01955000311136246 -0.00433572242036462 -0.004147472791373728
v -0.01955000311136246 -0.002418515970930458 -0.005490973126143215
v 0.01945000141859055 -0.00433572242036462 -0.004147472791373728
v -0.01955000311136246 -0.002418515970930458 -0.005490973126143215
v 0.01945000141859055 -0.002418515970930458 -0.005490973126143215
v -0.01955000311136246 -0.00013311191287357366 -0.00599852344021201
v -0.012100004591047767 -0.00013311191287357366 -0.00599852344021201
v -0.01955000311136246 -0.002418515970930458 -0.005490973126143215
v -0.01955000311136246 -0.002418515970930458 -0.005490973126143215
v -0.012100004591047767 -0.00013311191287357366 -0.00599852344021201
v 0.012000001035630706 -0.00013311191287357366 -0.00599852344021201
v -0.01955000311136246 -0.002418515970930458 -0.005490973126143215
v 0.012000001035630706 -0.00013311191287357366 -0.00599852344021201
v 0.01945000141859055 -0.002418515970930458 -0.005490973126143215
v 0.01945000141859055 -0.002418515970930458 -0.005490973126143215
v 0.012000001035630706 -0.00013311191287357366 -0.00599852344021201
v 0.01945000141859055 -0.00013311191287357366 -0.00599852344021201
v -0.012974926270544532 0.03807342797517778 0.005156599916517733
v -0.014001213945448402 0.03737767040729524 0.0051720398478209955
v -0.01049999985843897 0.029697116464376463 0.005342477932572363
v 0.016574606299400333 0.03467556461691858 0.005232001654803751
v 0.015504798851907257 0.036290533840656294 0.0051961643621325476
v 0.013901217840611938 0.03737767040729524 0.0051720398478209955
v -0.012100004591047767 0.0001331129169557244 0.005998522974550722
v -0.01730398088693619 0.012003296054899698 0.00573511468246579
v -0.018025614321231846 0.01095249224454165 0.005758432671427725
v 0.01195000018924475 0.10010850429534916 0.0037799992132931935
v 0.007449998520314695 0.10010850429534916 0.0037799992132931935
v 0.007449998520314695 0.09381004422903065 0.003919765353202818
v -0.005949997343122961 0.09103944897651677 0.003981245681643484
v -0.007121280767023565 0.09221044182777409 0.003955261316150425
v -0.01049999985843897 0.029697116464376463 0.005342477932572363
v -0.014001213945448402 0.03737767040729524 0.0051720398478209955
v -0.015604802407324318 0.036290533840656294 0.0051961643621325476
v -0.01049999985843897 0.029697116464376463 0.005342477932572363
v -0.01049999985843897 0.029697116464376463 0.005342477932572363
v -0.015604802407324318 0.036290533840656294 0.0051961643621325476
v -0.01667461544275284 0.03467556461691858 0.005232001654803751
v -0.01049999985843897 0.029697116464376463 0.005342477932572363
v -0.01667461544275284 0.03467556461691858 0.005232001654803751
v -0.011671283282339575 0.02852612361311914 0.005368462298065422
v -0.011671283282339575 0.02852612361311914 0.005368462298065422
v -0.01667461544275284 0.03467556461691858 0.005232001654803751
v -0.017050005495548252 0.03277523815631868 0.005274170543998478
v -0.011671283282339575 0.02852612361311914 0.005368462298065422
v -0.017050005495548252 0.03277523815631868 0.005274170543998478
v -0.012100004591047767 0.026926519349217425 0.005403958261013029
v 0.01195000018924475 0.10010850429534916 0.0037799992132931935
v 0.007449998520314695 0.09381004422903065 0.003919765353202818
v 0.01195000018924475 0.0403232164680958 0.0051066754385828955
v -0.007550002075731756 0.09381004422903065 0.003919765353202818
v -0.007550002075731756 0.10010850429534916 0.0037799992132931935
v -0.012049996294081215 0.10010850429534916 0.0037799992132931935
v -0.012100004591047767 0.026926519349217425 0.005403958261013029
v -0.017050005495548252 0.03277523815631868 0.005274170543998478
v -0.012100004591047767 0.0001331129169557244 0.005998522974550722
v -0.012100004591047767 0.0001331129169557244 0.005998522974550722
v -0.017050005495548252 0.03277523815631868 0.005274170543998478
v -0.017050005495548252 0.01325238030403853 0.005707397591322659
v -0.012100004591047767 0.0001331129169557244 0.005998522974550722
v -0.017050005495548252 0.01325238030403853 0.005707397591322659
v -0.01730398088693619 0.012003296054899698 0.00573511468246579
v -0.018025614321231846 0.01095249224454165 0.005758432671427725
v -0.01915315538644791 0.009310610592365268 0.0057948674075305445
v -0.012100004591047767 0.0001331129169557244 0.005998522974550722
v -0.012100004591047767 0.0001331129169557244 0.005998522974550722
v -0.01915315538644791 0.009310610592365268 0.0057948674075305445
v -0.01955000311136246 0.007358917966485027 0.00583817809820175
v -0.012100004591047767 0.0001331129169557244 0.005998522974550722
v -0.01955000311136246 0.007358917966485027 0.00583817809820175
v -0.01955000311136246 0.0001331129169557244 0.005998522974550722
v -0.005949997343122961 0.09103944897651677 0.003981245681643484
v -0.01049999985843897 0.029697116464376463 0.005342477932572363
v -0.004350000061094762 0.09061083942651753 0.003990757279098032
v 0.019053153693676 0.009310610592365268 0.0057948674075305445
v 0.017925612628459934 0.01095249224454165 0.005758432671427725
v 0.01945000141859055 0.007358917966485027 0.00583817809820175
v 0.01945000141859055 0.007358917966485027 0.00583817809820175
v 0.017925612628459934 0.01095249224454165 0.005758432671427725
v 0.012000001035630706 0.0001331129169557244 0.005998522974550722
v 0.01945000141859055 0.007358917966485027 0.00583817809820175
v 0.012000001035630706 0.0001331129169557244 0.005998522974550722
v 0.01945000141859055 0.0001331129169557244 0.005998522974550722
v 0.01039999630302191 0.029697116464376463 0.005342477932572363
v 0.011571279726922514 0.02852612361311914 0.005368462298065422
v 0.01695000380277634 0.03277523815631868 0.005274170543998478
v 0.01695000380277634 0.03277523815631868 0.005274170543998478
v 0.011571279726922514 0.02852612361311914 0.005368462298065422
v 0.012000001035630706 0.026926519349217425 0.005403958261013029
v 0.01695000380277634 0.03277523815631868 0.005274170543998478
v 0.012000001035630706 0.026926519349217425 0.005403958261013029
v 0.01695000380277634 0.01325238030403853 0.005707397591322659
v 0.01695000380277634 0.01325238030403853 0.005707397591322659
v 0.012000001035630706 0.026926519349217425 0.005403958261013029
v 0.012000001035630706 0.0001331129169557244 0.005998522974550722
v 0.01695000380277634 0.01325238030403853 0.005707397591322659
v 0.012000001035630706 0.0001331129169557244 0.005998522974550722
v 0.01720397919416428 0.012003296054899698 0.00573511468246579
v 0.01720397919416428 0.012003296054899698 0.00573511468246579
v 0.012000001035630706 0.0001331129169557244 0.005998522974550722
v 0.017925612628459934 0.01095249224454165 0.005758432671427725
v 0.007449998520314695 0.09381004422903065 0.003919765353202818
v 0.007021284662187101 0.09221044182777409 0.003955261316150425
v 0.01195000018924475 0.0403232164680958 0.0051066754385828955
v 0.01195000018924475 0.0403232164680958 0.0051066754385828955
v 0.007021284662187101 0.09221044182777409 0.003955261316150425
v 0.005850001238286496 0.09103944897651677 0.003981245681643484
v 0.01195000018924475 0.0403232164680958 0.0051066754385828955
v 0.005850001238286496 0.09103944897651677 0.003981245681643484
v 0.004249996505677701 0.09061083942651753 0.003990757279098032
v -0.007550002075731756 0.09381004422903065 0.003919765353202818
v -0.012049996294081215 0.10010850429534916 0.0037799992132931935
v -0.007121280767023565 0.09221044182777409 0.003955261316150425
v -0.007121280767023565 0.09221044182777409 0.003955261316150425
v -0.012049996294081215 0.10010850429534916 0.0037799992132931935
v -0.012049996294081215 0.0403232164680958 0.0051066754385828955
v -0.007121280767023565 0.09221044182777409 0.003955261316150425
v -0.012049996294081215 0.0403232164680958 0.0051066754385828955
v -0.01049999985843897 0.029697116464376463 0.005342477932572363
v -0.01049999985843897 0.029697116464376463 0.005342477932572363
v -0.012049996294081215 0.0403232164680958 0.0051066754385828955
v -0.01229024771600962 0.039107009768486044 0.00513366376981139
v -0.01049999985843897 0.029697116464376463 0.005342477932572363
v -0.01229024771600962 0.039107009768486044 0.00513366376981139
v -0.012974926270544532 0.03807342797517778 0.005156599916517733
v 0.004249996505677701 0.09061083942651753 0.003990757279098032
v -0.004350000061094762 0.09061083942651753 0.003990757279098032
v 0.01195000018924475 0.0403232164680958 0.0051066754385828955
v 0.01195000018924475 0.0403232164680958 0.0051066754385828955
v -0.004350000061094762 0.09061083942651753 0.003990757279098032
v -0.01049999985843897 0.029697116464376463 0.005342477932572363
v 0.01195000018924475 0.0403232164680958 0.0051066754385828955
v -0.01049999985843897 0.029697116464376463 0.005342477932572363
v 0.012190251611173156 0.039107009768486044 0.00513366376981139
v 0.012190251611173156 0.039107009768486044 0.00513366376981139
v -0.01049999985843897 0.029697116464376463 0.005342477932572363
v -0.008900002576410772 0.03012572787702085 0.005332966335117815
v 0.012190251611173156 0.039107009768486044 0.00513366376981139
v -0.008900002576410772 0.03012572787702085 0.005332966335117815
v 0.012874922715127472 0.03807342797517778 0.005156599916517733
v 0.012874922715127472 0.03807342797517778 0.005156599916517733
v -0.008900002576410772 0.03012572787702085 0.005332966335117815
v 0.008799999020993711 0.03012572787702085 0.005332966335117815
v 0.012874922715127472 0.03807342797517778 0.005156599916517733
v 0.008799999020993711 0.03012572787702085 0.005332966335117815
v 0.013901217840611938 0.03737767040729524 0.0051720398478209955
v 0.013901217840611938 0.03737767040729524 0.0051720398478209955
v 0.008799999020993711 0.03012572787702085 0.005332966335117815
v 0.01039999630302191 0.029697116464376463 0.005342477932572363
v 0.013901217840611938 0.03737767040729524 0.0051720398478209955
v 0.01039999630302191 0.029697116464376463 0.005342477932572363
v 0.016574606299400333 0.03467556461691858 0.005232001654803751
v 0.016574606299400333 0.03467556461691858 0.005232001654803751
v 0.01039999630302191 0.029697116464376463 0.005342477932572363
v 0.01695000380277634 0.03277523815631868 0.005274170543998478
v -0.012749993242323402 0.10153879225254063 0.001657586079090833
v -0.012749993242323402 0.1021802350878716 0.0019375450210645788
v -0.012749993242323402 0.10169666260480885 0.0014524817233905192
v -0.012749993242323402 0.10169666260480885 0.0014524817233905192
v -0.012749993242323402 0.1021802350878716 0.0019375450210645788
v -0.012749993242323402 0.10223945230245594 0.001646515331231057
v -0.012749993242323402 0.10169666260480885 0.0014524817233905192
v -0.012749993242323402 0.10223945230245594 0.001646515331231057
v -0.012749993242323402 0.10173081606626515 0.0011959268013015385
v -0.012749993242323402 0.10063113272190098 0.0018432904034852975
v -0.012749993242323402 0.10075633227825169 0.0026188420597463838
v -0.012749993242323402 0.10129953920841221 0.0017562835710123175
v -0.012749993242323402 0.10129953920841221 0.0017562835710123175
v -0.012749993242323402 0.10075633227825169 0.0026188420597463838
v -0.012749993242323402 0.10176309198141102 0.002343726344406604
v -0.012749993242323402 0.10129953920841221 0.0017562835710123175
v -0.012749993242323402 0.10176309198141102 0.002343726344406604
v -0.012749993242323402 0.10153879225254063 0.001657586079090833
v -0.012749993242323402 0.10153879225254063 0.001657586079090833
v -0.012749993242323402 0.10176309198141102 0.002343726344406604
v -0.012749993242323402 0.10201268643140797 0.0021827660966664544
v -0.012749993242323402 0.10153879225254063 0.001657586079090833
v -0.012749993242323402 0.10201268643140797 0.0021827660966664544
v -0.012749993242323402 0.1021802350878716 0.0019375450210645788
v -0.012749993242323402 0.10028261691331868 0.0008802188676781949
v -0.012749993242323402 0.10022205114364628 0.00026927670114673663
v -0.012749993242323402 0.09958384186029438 0.0009711787570267912
v -0.012749993242323402 0.09958384186029438 0.0009711787570267912
v -0.012749993242323402 0.10022205114364628 0.00026927670114673663
v -0.012749993242323402 0.09983906149864201 0.0002777547051664441
v -0.012749993242323402 0.09958384186029438 0.0009711787570267912
v -0.012749993242323402 0.09983906149864201 0.0002777547051664441
v -0.012749993242323402 0.09934457391500477 0.0010698754340410228
v -0.012749993242323402 0.10142701119184498 0.0007988060242496429
v -0.012749993242323402 0.10206906497478489 -0.0008523208089172837
v -0.012749993242323402 0.10110545903444294 1.1481241017463614e-05
v -0.012749993242323402 0.10045883804559712 0.0026575662195682517
v -0.012749993242323402 0.10038132965564732 0.0018758060177788132
v -0.012749993242323402 0.09941520541906361 0.0026493482291698447
v -0.012749993242323402 0.09941520541906361 0.0026493482291698447
v -0.012749993242323402 0.10038132965564732 0.0018758060177788132
v -0.012749993242323402 0.09971291571855549 0.001962812850251793
v -0.012749993242323402 0.09941520541906361 0.0026493482291698447
v -0.012749993242323402 0.09971291571855549 0.001962812850251793
v -0.012749993242323402 0.09913273155689244 0.002557649975642561
v -0.012749993242323402 0.09913273155689244 0.002557649975642561
v -0.012749993242323402 0.09971291571855549 0.001962812850251793
v -0.012749993242323402 0.09945636987686161 0.0019286563619971269
v -0.012749993242323402 0.09913273155689244 0.002557649975642561
v -0.012749993242323402 0.09945636987686161 0.0019286563619971269
v -0.012749993242323402 0.09890797734260563 0.002363492501899599
v -0.012749993242323402 0.09890797734260563 0.002363492501899599
v -0.012749993242323402 0.09945636987686161 0.0019286563619971269
v -0.012749993242323402 0.0992512628436089 0.001770798000507056
v -0.012749993242323402 0.09890797734260563 0.002363492501899599
v -0.012749993242323402 0.0992512628436089 0.001770798000507056
v -0.012749993242323402 0.09877622127532963 0.002097324235364794
v -0.012749993242323402 0.09877622127532963 0.002097324235364794
v -0.012749993242323402 0.0992512628436089 0.001770798000507056
v -0.012749993242323402 0.09915256500244145 0.0015315365744754668
v -0.012749993242323402 0.09877622127532963 0.002097324235364794
v -0.012749993242323402 0.09915256500244145 0.0015315365744754668
v -0.012749993242323402 0.09842513501644139 0.0007793605909682808
v -0.012749993242323402 0.09842513501644139 0.0007793605909682808
v -0.012749993242323402 0.09915256500244145 0.0015315365744754668
v -0.012749993242323402 0.09918672591447834 0.0012749815359711643
v -0.012749993242323402 0.09842513501644139 0.0007793605909682808
v -0.012749993242323402 0.09918672591447834 0.0012749815359711643
v -0.012749993242323402 0.09820023924112324 0.0002574751852080225
v -0.012749993242323402 0.09820023924112324 0.0002574751852080225
v -0.012749993242323402 0.09918672591447834 0.0012749815359711643
v -0.012749993242323402 0.09934457391500477 0.0010698754340410228
v -0.012749993242323402 0.10037382692098622 0.00024951895466074337
v -0.012749993242323402 0.10047168284654621 0.0008556095999665555
v -0.012749993242323402 0.10110545903444294 1.1481241017463614e-05
v -0.012749993242323402 0.10110545903444294 1.1481241017463614e-05
v -0.012749993242323402 0.10047168284654621 0.0008556095999665555
v -0.012749993242323402 0.10117045044898991 0.0007646487792953847
v -0.012749993242323402 0.10110545903444294 1.1481241017463614e-05
v -0.012749993242323402 0.10117045044898991 0.0007646487792953847
v -0.012749993242323402 0.10142701119184498 0.0007988060242496429
v -0.012749993242323402 0.10173081606626515 0.0011959268013015385
v -0.012749993242323402 0.10223945230245594 0.001646515331231057
v -0.012749993242323402 0.1016321107745171 0.0009566644439473745
v -0.012749993242323402 0.1016321107745171 0.0009566644439473745
v -0.012749993242323402 0.10223945230245594 0.001646515331231057
v -0.012749993242323402 0.10224144160747532 0.0002825910341925918
v -0.012749993242323402 0.1016321107745171 0.0009566644439473745
v -0.012749993242323402 0.10224144160747532 0.0002825910341925918
v -0.012749993242323402 0.10142701119184498 0.0007988060242496429
v -0.012749993242323402 0.10142701119184498 0.0007988060242496429
v -0.012749993242323402 0.10224144160747532 0.0002825910341925918
v -0.012749993242323402 0.10232525318861012 -0.0002794768370222299
v -0.012749993242323402 0.10142701119184498 0.0007988060242496429
v -0.012749993242323402 0.10232525318861012 -0.0002794768370222299
v -0.012749993242323402 0.10206906497478489 -0.0008523208089172837
v -0.012749993242323402 0.10206906497478489 -0.0008523208089172837
v -0.012749993242323402 0.10232525318861012 -0.0002794768370222299
v -0.012749993242323402 0.10256786644458775 -0.0007933648885227738
v -0.012749993242323402 0.10206906497478489 -0.0008523208089172837
v -0.012749993242323402 0.10256786644458775 -0.0007933648885227738
v -0.012749993242323402 0.10247166454792027 -0.0020821960642933837
v -0.012749993242323402 0.10247166454792027 -0.0020821960642933837
v -0.012749993242323402 0.10256786644458775 -0.0007933648885227738
v -0.012749993242323402 0.10308916866779332 -0.0022983793169260016
v -0.012749993242323402 0.10247166454792027 -0.0020821960642933837
v -0.012749993242323402 0.10308916866779332 -0.0022983793169260016
v -0.012749993242323402 0.1022053956985474 -0.0033486012835055577
v -0.012749993242323402 0.1022053956985474 -0.0033486012835055577
v -0.012749993242323402 0.10308916866779332 -0.0022983793169260016
v -0.012749993242323402 0.1028118878602982 -0.0038667968474328505
v -0.012749993242323402 0.1022053956985474 -0.0033486012835055577
v -0.012749993242323402 0.1028118878602982 -0.0038667968474328505
v -0.012749993242323402 0.10134159028530125 -0.004312203265726565
v -0.012749993242323402 0.10134159028530125 -0.004312203265726565
v -0.012749993242323402 0.1028118878602982 -0.0038667968474328505
v -0.012749993242323402 0.10180616378784184 -0.005101855378597973
v -0.012749993242323402 0.10134159028530125 -0.004312203265726565
v -0.012749993242323402 0.10180616378784184 -0.005101855378597973
v -0.012749993242323402 0.10011171549558644 -0.004714805632829664
v -0.012749993242323402 0.10011171549558644 -0.004714805632829664
v -0.012749993242323402 0.10180616378784184 -0.005101855378597973
v -0.012749993242323402 0.10032644867897038 -0.005691121332347391
v -0.012749993242323402 0.10011171549558644 -0.004714805632829664
v -0.012749993242323402 0.10032644867897038 -0.005691121332347391
v -0.012749993242323402 0.0988453105092049 -0.0044485321268439276
v -0.012749993242323402 0.0988453105092049 -0.0044485321268439276
v -0.012749993242323402 0.10032644867897038 -0.005691121332347391
v -0.012749993242323402 0.09874702990055088 -0.005485529545694588
v -0.012749993242323402 0.0988453105092049 -0.0044485321268439276
v -0.012749993242323402 0.09874702990055088 -0.005485529545694588
v -0.012749993242323402 0.09788171201944355 -0.0035847299732267844
v -0.012749993242323402 0.09788171201944355 -0.0035847299732267844
v -0.012749993242323402 0.09874702990055088 -0.005485529545694588
v -0.012749993242323402 0.09746746718883519 -0.004537087865173815
v -0.012749993242323402 0.09788171201944355 -0.0035847299732267844
v -0.012749993242323402 0.09746746718883519 -0.004537087865173815
v -0.012749993242323402 0.09747911244630818 -0.002354853553697466
v -0.012749993242323402 0.09747911244630818 -0.002354853553697466
v -0.012749993242323402 0.09746746718883519 -0.004537087865173815
v -0.012749993242323402 0.09681146591901783 -0.003085722215473651
v -0.012749993242323402 0.09747911244630818 -0.002354853553697466
v -0.012749993242323402 0.09681146591901783 -0.003085722215473651
v -0.012749993242323402 0.09774538129568104 -0.0010884493822231884
v -0.012749993242323402 0.09774538129568104 -0.0010884493822231884
v -0.012749993242323402 0.09681146591901783 -0.003085722215473651
v -0.012749993242323402 0.09694493561983113 -0.0014985867310315366
v -0.012749993242323402 0.09774538129568104 -0.0010884493822231884
v -0.012749993242323402 0.09694493561983113 -0.0014985867310315366
v -0.012749993242323402 0.09783414751291279 -0.00017717684386298055
v -0.012749993242323402 0.09983906149864201 0.0002777547051664441
v -0.012749993242323402 0.0986091867089272 -0.00012484748731367285
v -0.012749993242323402 0.09934457391500477 0.0010698754340410228
v -0.012749993242323402 0.09934457391500477 0.0010698754340410228
v -0.012749993242323402 0.0986091867089272 -0.00012484748731367285
v -0.012749993242323402 0.09774538129568104 -0.0010884493822231884
v -0.012749993242323402 0.09934457391500477 0.0010698754340410228
v -0.012749993242323402 0.09774538129568104 -0.0010884493822231884
v -0.012749993242323402 0.09820023924112324 0.0002574751852080225
v -0.012749993242323402 0.09820023924112324 0.0002574751852080225
v -0.012749993242323402 0.09774538129568104 -0.0010884493822231884
v -0.012749993242323402 0.09783414751291279 -0.00017717684386298055
v -0.012749993242323402 0.10035789757967 0.00015079810691531742
v -0.012749993242323402 0.10037382692098622 0.00024951895466074337
v -0.012749993242323402 0.10021217912435536 0.00016976459301076824
v -0.012749993242323402 0.10021217912435536 0.00016976459301076824
v -0.012749993242323402 0.10037382692098622 0.00024951895466074337
v -0.012749993242323402 0.10029808431863789 0.00026055952184833575
v -0.012749993242323402 0.10021217912435536 0.00016976459301076824
v -0.012749993242323402 0.10029808431863789 0.00026055952184833575
v -0.012749993242323402 0.10022205114364628 0.00026927670114673663
v 0.017925612628459934 0.010686270892620092 -0.00623861327767372
v 0.017925612628459934 0.01095249224454165 0.005758432671427725
v 0.019053153693676 0.009310610592365268 0.0057948674075305445
v 0.017925612628459934 0.010686270892620092 -0.00623861327767372
v 0.019053153693676 0.009310610592365268 0.0057948674075305445
v 0.019053153693676 0.00904438924044371 -0.0062021785415709
v 0.019053153693676 0.00904438924044371 -0.0062021785415709
v 0.019053153693676 0.009310610592365268 0.0057948674075305445
v 0.01945000141859055 0.007358917966485027 0.00583817809820175
v 0.019053153693676 0.00904438924044371 -0.0062021785415709
v 0.01945000141859055 0.007358917966485027 0.00583817809820175
v 0.01945000141859055 0.007092697080224756 -0.0061588692478835565
v 0.013901217840611938 0.03711143881082536 -0.006825007032603023
v 0.013901217840611938 0.03737767040729524 0.0051720398478209955
v 0.015504798851907257 0.036290533840656294 0.0051961643621325476
v 0.013901217840611938 0.03711143881082536 -0.006825007032603023
v 0.015504798851907257 0.036290533840656294 0.0051961643621325476
v 0.015504798851907257 0.03602431342005731 -0.0068008820526301835
v 0.015504798851907257 0.03602431342005731 -0.0068008820526301835
v 0.015504798851907257 0.036290533840656294 0.0051961643621325476
v 0.016574606299400333 0.03467556461691858 0.005232001654803751
v 0.015504798851907257 0.03602431342005731 -0.0068008820526301835
v 0.016574606299400333 0.03467556461691858 0.005232001654803751
v 0.016574606299400333 0.0344093330204487 -0.00676504475995898
v 0.016574606299400333 0.0344093330204487 -0.00676504475995898
v 0.016574606299400333 0.03467556461691858 0.005232001654803751
v 0.01695000380277634 0.03277523815631868 0.005274170543998478
v 0.016574606299400333 0.0344093330204487 -0.00676504475995898
v 0.01695000380277634 0.03277523815631868 0.005274170543998478
v 0.01695000380277634 0.032509017735719695 -0.006722875870764253
v 0.01195000018924475 0.09984227269887928 -0.008217048831284043
v 0.01195000018924475 0.09992213547229771 -0.004617935512214897
v 0.01195000018924475 0.09888634830713276 -0.0043572168797254545
v 0.01195000018924475 0.09984227269887928 -0.008217048831284043
v 0.01195000018924475 0.09888634830713276 -0.0043572168797254545
v 0.01195000018924475 0.040056996047496816 -0.006890370044857261
v 0.01195000018924475 0.0403232164680958 0.0051066754385828955
v 0.01195000018924475 0.09813264757394795 -0.0006808897596783934
v 0.01195000018924475 0.10010850429534916 0.0037799992132931935
v 0.01195000018924475 0.10010850429534916 0.0037799992132931935
v 0.01195000018924475 0.09813264757394795 -0.0006808897596783934
v 0.01195000018924475 0.09898230433464054 -3.363024006830527e-05
v 0.01195000018924475 0.10010850429534916 0.0037799992132931935
v 0.01195000018924475 0.09898230433464054 -3.363024006830527e-05
v 0.01195000018924475 0.10002864152193074 0.00018088468641508365
v 0.01195000018924475 0.09888634830713276 -0.0043572168797254545
v 0.01195000018924475 0.09806626290082936 -0.0036729036364704357
v 0.01195000018924475 0.040056996047496816 -0.006890370044857261
v 0.01195000018924475 0.040056996047496816 -0.006890370044857261
v 0.01195000018924475 0.09806626290082936 -0.0036729036364704357
v 0.01195000018924475 0.09762428700923924 -0.0027005344163626424
v 0.01195000018924475 0.040056996047496816 -0.006890370044857261
v 0.01195000018924475 0.09762428700923924 -0.0027005344163626424
v 0.01195000018924475 0.0403232164680958 0.0051066754385828955
v 0.01195000018924475 0.0403232164680958 0.0051066754385828955
v 0.01195000018924475 0.09762428700923924 -0.0027005344163626424
v 0.01195000018924475 0.09764798730611805 -0.0016326968325301998
v 0.01195000018924475 0.0403232164680958 0.0051066754385828955
v 0.01195000018924475 0.09764798730611805 -0.0016326968325301998
v 0.01195000018924475 0.09813264757394795 -0.0006808897596783934
v 0.013450003229081634 0.10003084689378743 0.0002808595309033989
v 0.013450003229081634 0.09894091635942463 5.740677806898018e-05
v 0.013450003229081634 0.09991993010044102 -0.004717910196632145
v 0.013450003229081634 0.09991993010044102 -0.004717910196632145
v 0.013450003229081634 0.09894091635942463 5.740677806898018e-05
v 0.013450003229081634 0.09805587679147725 -0.0006168211693875489
v 0.013450003229081634 0.0988409668207169 -0.004446329083293675
v 0.013450003229081634 0.09991993010044102 -0.004717910196632145
v 0.013450003229081634 0.0979867056012154 -0.003733504097908734
v 0.013450003229081634 0.0979867056012154 -0.003733504097908734
v 0.013450003229081634 0.09991993010044102 -0.004717910196632145
v 0.013450003229081634 0.09805587679147725 -0.0006168211693875489
v 0.013450003229081634 0.0979867056012154 -0.003733504097908734
v 0.013450003229081634 0.09805587679147725 -0.0006168211693875489
v 0.013450003229081634 0.09752631932497029 -0.002720618620514869
v 0.013450003229081634 0.09752631932497029 -0.002720618620514869
v 0.013450003229081634 0.09805587679147725 -0.0006168211693875489
v 0.013450003229081634 0.09755101054906849 -0.001608287100680172
v 0.013450003229081634 0.10003084689378743 0.0002808595309033989
v 0.012649997137486938 0.10003084689378743 0.0002808595309033989
v 0.012649997137486938 0.09894091635942463 5.740677806898018e-05
v 0.013450003229081634 0.10003084689378743 0.0002808595309033989
v 0.012649997137486938 0.09894091635942463 5.740677806898018e-05
v 0.013450003229081634 0.09894091635942463 5.740677806898018e-05
v 0.013450003229081634 0.09894091635942463 5.740677806898018e-05
v 0.012649997137486938 0.09894091635942463 5.740677806898018e-05
v 0.012649997137486938 0.09805587679147725 -0.0006168211693875489
v 0.013450003229081634 0.09894091635942463 5.740677806898018e-05
v 0.012649997137486938 0.09805587679147725 -0.0006168211693875489
v 0.013450003229081634 0.09805587679147725 -0.0006168211693875489
v 0.013450003229081634 0.09805587679147725 -0.0006168211693875489
v 0.012649997137486938 0.09805587679147725 -0.0006168211693875489
v 0.012649997137486938 0.09755101054906849 -0.001608287100680172
v 0.013450003229081634 0.09805587679147725 -0.0006168211693875489
v 0.012649997137486938 0.09755101054906849 -0.001608287100680172
v 0.013450003229081634 0.09755101054906849 -0.001608287100680172
v 0.013450003229081634 0.09755101054906849 -0.001608287100680172
v 0.012649997137486938 0.09755101054906849 -0.001608287100680172
v 0.012649997137486938 0.09752631932497029 -0.002720618620514869
v 0.013450003229081634 0.09755101054906849 -0.001608287100680172
v 0.012649997137486938 0.09752631932497029 -0.002720618620514869
v 0.013450003229081634 0.09752631932497029 -0.002720618620514869
v 0.013450003229081634 0.09752631932497029 -0.002720618620514869
v 0.012649997137486938 0.09752631932497029 -0.002720618620514869
v 0.012649997137486938 0.0979867056012154 -0.003733504097908734
v 0.013450003229081634 0.09752631932497029 -0.002720618620514869
v 0.012649997137486938 0.0979867056012154 -0.003733504097908734
v 0.013450003229081634 0.0979867056012154 -0.003733504097908734
v 0.013450003229081634 0.0979867056012154 -0.003733504097908734
v 0.012649997137486938 0.0979867056012154 -0.003733504097908734
v 0.012649997137486938 0.0988409668207169 -0.004446329083293675
v 0.013450003229081634 0.0979867056012154 -0.003733504097908734
v 0.012649997137486938 0.0988409668207169 -0.004446329083293675
v 0.013450003229081634 0.0988409668207169 -0.004446329083293675
v 0.013450003229081634 0.0988409668207169 -0.004446329083293675
v 0.012649997137486938 0.0988409668207169 -0.004446329083293675
v 0.012649997137486938 0.09991993010044102 -0.004717910196632145
v 0.013450003229081634 0.0988409668207169 -0.004446329083293675
v 0.012649997137486938 0.09991993010044102 -0.004717910196632145
v 0.013450003229081634 0.09991993010044102 -0.004717910196632145
v 0.007449998520314695 0.0988409668207169 -0.004446329083293675
v 0.007449998520314695 0.09991993010044102 -0.004717910196632145
v 0.007449998520314695 0.09984227269887928 -0.008217048831284043
v 0.007449998520314695 0.09381004422903065 0.003919765353202818
v 0.007449998520314695 0.10010850429534916 0.0037799992132931935
v 0.007449998520314695 0.10003084689378743 0.0002808595309033989
v 0.007449998520314695 0.0988409668207169 -0.004446329083293675
v 0.007449998520314695 0.09984227269887928 -0.008217048831284043
v 0.007449998520314695 0.0979867056012154 -0.003733504097908734
v 0.007449998520314695 0.09004468470811848 -0.007999633438885208
v 0.007449998520314695 0.09026654064655308 0.0019979050848633042
v 0.007449998520314695 0.09984227269887928 -0.008217048831284043
v 0.007449998520314695 0.09984227269887928 -0.008217048831284043
v 0.007449998520314695 0.09026654064655308 0.0019979050848633042
v 0.007449998520314695 0.09376568347215657 0.0019202576950192445
v 0.007449998520314695 0.09984227269887928 -0.008217048831284043
v 0.007449998520314695 0.09376568347215657 0.0019202576950192445
v 0.007449998520314695 0.0979867056012154 -0.003733504097908734
v 0.007449998520314695 0.0979867056012154 -0.003733504097908734
v 0.007449998520314695 0.09376568347215657 0.0019202576950192445
v 0.007449998520314695 0.09752631932497029 -0.002720618620514869
v 0.007449998520314695 0.10003084689378743 0.0002808595309033989
v 0.007449998520314695 0.09894091635942463 5.740677806898018e-05
v 0.007449998520314695 0.09381004422903065 0.003919765353202818
v 0.007449998520314695 0.09381004422903065 0.003919765353202818
v 0.007449998520314695 0.09894091635942463 5.740677806898018e-05
v 0.007449998520314695 0.09805587679147725 -0.0006168211693875489
v 0.007449998520314695 0.09381004422903065 0.003919765353202818
v 0.007449998520314695 0.09805587679147725 -0.0006168211693875489
v 0.007449998520314695 0.09376568347215657 0.0019202576950192445
v 0.007449998520314695 0.09376568347215657 0.0019202576950192445
v 0.007449998520314695 0.09805587679147725 -0.0006168211693875489
v 0.007449998520314695 0.09755101054906849 -0.001608287100680172
v 0.007449998520314695 0.09376568347215657 0.0019202576950192445
v 0.007449998520314695 0.09755101054906849 -0.001608287100680172
v 0.007449998520314695 0.09752631932497029 -0.002720618620514869
v 0.004249996505677701 0.09056646376848225 0.0019912496209144584
v -0.004350000061094762 0.09056646376848225 0.0019912496209144584
v 0.004249996505677701 0.09061083942651753 0.003990757279098032
v 0.004249996505677701 0.09061083942651753 0.003990757279098032
v -0.004350000061094762 0.09056646376848225 0.0019912496209144584
v -0.004350000061094762 0.09061083942651753 0.003990757279098032
v -0.007550002075731756 0.09004468470811848 -0.007999633438885208
v -0.007550002075731756 0.09984227269887928 -0.008217048831284043
v -0.007550002075731756 0.09991993010044102 -0.004717910196632145
v -0.007550002075731756 0.09376568347215657 0.0019202576950192445
v -0.007550002075731756 0.09026654064655308 0.0019979050848633042
v -0.007550002075731756 0.0979867056012154 -0.003733504097908734
v -0.007550002075731756 0.0979867056012154 -0.003733504097908734
v -0.007550002075731756 0.09026654064655308 0.0019979050848633042
v -0.007550002075731756 0.09004468470811848 -0.007999633438885208
v -0.007550002075731756 0.0979867056012154 -0.003733504097908734
v -0.007550002075731756 0.09004468470811848 -0.007999633438885208
v -0.007550002075731756 0.0988409668207169 -0.004446329083293675
v -0.007550002075731756 0.0988409668207169 -0.004446329083293675
v -0.007550002075731756 0.09004468470811848 -0.007999633438885208
v -0.007550002075731756 0.09991993010044102 -0.004717910196632145
v -0.007550002075731756 0.10003084689378743 0.0002808595309033989
v -0.007550002075731756 0.10010850429534916 0.0037799992132931935
v -0.007550002075731756 0.09894091635942463 5.740677806898018e-05
v -0.007550002075731756 0.09894091635942463 5.740677806898018e-05
v -0.007550002075731756 0.10010850429534916 0.0037799992132931935
v -0.007550002075731756 0.09381004422903065 0.003919765353202818
v -0.007550002075731756 0.0979867056012154 -0.003733504097908734
v -0.007550002075731756 0.09752631932497029 -0.002720618620514869
v -0.007550002075731756 0.09376568347215657 0.0019202576950192445
v -0.007550002075731756 0.09376568347215657 0.0019202576950192445
v -0.007550002075731756 0.09752631932497029 -0.002720618620514869
v -0.007550002075731756 0.09755101054906849 -0.001608287100680172
v -0.007550002075731756 0.09376568347215657 0.0019202576950192445
v -0.007550002075731756 0.09755101054906849 -0.001608287100680172
v -0.007550002075731756 0.09381004422903065 0.003919765353202818
v -0.007550002075731756 0.09381004422903065 0.003919765353202818
v -0.007550002075731756 0.09755101054906849 -0.001608287100680172
v -0.007550002075731756 0.09805587679147725 -0.0006168211693875489
v -0.007550002075731756 0.09381004422903065 0.003919765353202818
v -0.007550002075731756 0.09805587679147725 -0.0006168211693875489
v -0.007550002075731756 0.09894091635942463 5.740677806898018e-05
v 0.007449998520314695 0.10003084689378743 0.0002808595309033989
v 0.007449998520314695 0.10010850429534916 0.0037799992132931935
v -0.007550002075731756 0.10003084689378743 0.0002808595309033989
v -0.007550002075731756 0.10003084689378743 0.0002808595309033989
v 0.007449998520314695 0.10010850429534916 0.0037799992132931935
v -0.007550002075731756 0.10010850429534916 0.0037799992132931935
v 0.007021284662187101 0.0921660810709 0.0019557543564587823
v 0.007449998520314695 0.09376568347215657 0.0019202576950192445
v 0.007449998520314695 0.09026654064655308 0.0019979050848633042
v 0.007021284662187101 0.0921660810709 0.0019557543564587823
v 0.007449998520314695 0.09026654064655308 0.0019979050848633042
v 0.005850001238286496 0.09099508821964268 0.001981738954782485
v 0.007449998520314695 0.09026654064655308 0.0019979050848633042
v 0.007021284662187101 0.08866693824529652 0.002033401979133486
v 0.005850001238286496 0.09099508821964268 0.001981738954782485
v 0.005850001238286496 0.09099508821964268 0.001981738954782485
v 0.007021284662187101 0.08866693824529652 0.002033401979133486
v 0.005850001238286496 0.0874959453940392 0.0020593872759491197
v 0.005850001238286496 0.09099508821964268 0.001981738954782485
v 0.005850001238286496 0.0874959453940392 0.0020593872759491197
v 0.004249996505677701 0.09056646376848225 0.0019912496209144584
v 0.004249996505677701 0.09056646376848225 0.0019912496209144584
v 0.005850001238286496 0.0874959453940392 0.0020593872759491197
v 0.004249996505677701 0.08706733584403996 0.0020688988734036675
v 0.004249996505677701 0.09056646376848225 0.0019912496209144584
v 0.004249996505677701 0.08706733584403996 0.0020688988734036675
v -0.004350000061094762 0.09056646376848225 0.0019912496209144584
v 0.004249996505677701 0.08706733584403996 0.0020688988734036675
v -0.004350000061094762 0.08706733584403996 0.0020688988734036675
v -0.004350000061094762 0.09056646376848225 0.0019912496209144584
v -0.004350000061094762 0.09056646376848225 0.0019912496209144584
v -0.004350000061094762 0.08706733584403996 0.0020688988734036675
v -0.005949997343122961 0.0874959453940392 0.0020593872759491197
v -0.004350000061094762 0.09056646376848225 0.0019912496209144584
v -0.005949997343122961 0.0874959453940392 0.0020593872759491197
v -0.005949997343122961 0.09099508821964268 0.001981738954782485
v -0.005949997343122961 0.09099508821964268 0.001981738954782485
v -0.005949997343122961 0.0874959453940392 0.0020593872759491197
v -0.007121280767023565 0.08866693824529652 0.002033401979133486
v -0.005949997343122961 0.09099508821964268 0.001981738954782485
v -0.007121280767023565 0.08866693824529652 0.002033401979133486
v -0.007121280767023565 0.0921660810709 0.0019557543564587823
v -0.007121280767023565 0.0921660810709 0.0019557543564587823
v -0.007121280767023565 0.08866693824529652 0.002033401979133486
v -0.007550002075731756 0.09026654064655308 0.0019979050848633042
v -0.007121280767023565 0.0921660810709 0.0019557543564587823
v -0.007550002075731756 0.09026654064655308 0.0019979050848633042
v -0.007550002075731756 0.09376568347215657 0.0019202576950192445
v -0.004350000061094762 0.08706733584403996 0.0020688988734036675
v 0.004249996505677701 0.08706733584403996 0.0020688988734036675
v -0.004350000061094762 0.08684547245502476 -0.00792864058166742
v -0.004350000061094762 0.08684547245502476 -0.00792864058166742
v 0.004249996505677701 0.08706733584403996 0.0020688988734036675
v 0.004249996505677701 0.08684547245502476 -0.00792864058166742
v -0.012149997986853126 0.10063113272190098 0.0018432904034852975
v -0.012749993242323402 0.10063113272190098 0.0018432904034852975
v -0.012149997986853126 0.10129953920841221 0.0017562835710123175
v -0.012149997986853126 0.10129953920841221 0.0017562835710123175
v -0.012749993242323402 0.10063113272190098 0.0018432904034852975
v -0.012749993242323402 0.10129953920841221 0.0017562835710123175
v -0.012749993242323402 0.10117045044898991 0.0007646487792953847
v -0.012149997986853126 0.10117045044898991 0.0007646487792953847
v -0.012749993242323402 0.10142701119184498 0.0007988060242496429
v -0.012749993242323402 0.10142701119184498 0.0007988060242496429
v -0.012149997986853126 0.10117045044898991 0.0007646487792953847
v -0.012149997986853126 0.10142701119184498 0.0007988060242496429
v -0.012749993242323402 0.10142701119184498 0.0007988060242496429
v -0.012149997986853126 0.10142701119184498 0.0007988060242496429
v -0.012749993242323402 0.1016321107745171 0.0009566644439473745
v -0.012749993242323402 0.1016321107745171 0.0009566644439473745
v -0.012149997986853126 0.10142701119184498 0.0007988060242496429
v -0.012149997986853126 0.1016321107745171 0.0009566644439473745
v -0.012749993242323402 0.1016321107745171 0.0009566644439473745
v -0.012149997986853126 0.1016321107745171 0.0009566644439473745
v -0.012749993242323402 0.10173081606626515 0.0011959268013015385
v -0.012749993242323402 0.10173081606626515 0.0011959268013015385
v -0.012149997986853126 0.1016321107745171 0.0009566644439473745
v -0.012149997986853126 0.10173081606626515 0.0011959268013015385
v -0.012749993242323402 0.10173081606626515 0.0011959268013015385
v -0.012149997986853126 0.10173081606626515 0.0011959268013015385
v -0.012749993242323402 0.10169666260480885 0.0014524817233905192
v -0.012749993242323402 0.10169666260480885 0.0014524817233905192
v -0.012149997986853126 0.10173081606626515 0.0011959268013015385
v -0.012149997986853126 0.10169666260480885 0.0014524817233905192
v -0.012749993242323402 0.10169666260480885 0.0014524817233905192
v -0.012149997986853126 0.10169666260480885 0.0014524817233905192
v -0.012749993242323402 0.10153879225254063 0.001657586079090833
v -0.012749993242323402 0.10153879225254063 0.001657586079090833
v -0.012149997986853126 0.10169666260480885 0.0014524817233905192
v -0.012149997986853126 0.10153879225254063 0.001657586079090833
v -0.012749993242323402 0.10153879225254063 0.001657586079090833
v -0.012149997986853126 0.10153879225254063 0.001657586079090833
v -0.012749993242323402 0.10129953920841221 0.0017562835710123175
v -0.012749993242323402 0.10129953920841221 0.0017562835710123175
v -0.012149997986853126 0.10153879225254063 0.001657586079090833
v -0.012149997986853126 0.10129953920841221 0.0017562835710123175
v -0.012149997986853126 0.10117045044898991 0.0007646487792953847
v -0.012749993242323402 0.10117045044898991 0.0007646487792953847
v -0.012149997986853126 0.10047168284654621 0.0008556095999665555
v -0.012149997986853126 0.10047168284654621 0.0008556095999665555
v -0.012749993242323402 0.10117045044898991 0.0007646487792953847
v -0.012749993242323402 0.10047168284654621 0.0008556095999665555
v -0.012149997986853126 0.09842513501644139 0.0007793605909682808
v -0.012149997986853126 0.09877622127532963 0.002097324235364794
v -0.012749993242323402 0.09842513501644139 0.0007793605909682808
v -0.012749993242323402 0.09842513501644139 0.0007793605909682808
v -0.012149997986853126 0.09877622127532963 0.002097324235364794
v -0.012749993242323402 0.09877622127532963 0.002097324235364794
v -0.012749993242323402 0.10256786644458775 -0.0007933648885227738
v -0.012149997986853126 0.10256786644458775 -0.0007933648885227738
v -0.012149997986853126 0.10308916866779332 -0.0022983793169260016
v -0.012749993242323402 0.10256786644458775 -0.0007933648885227738
v -0.012149997986853126 0.10308916866779332 -0.0022983793169260016
v -0.012749993242323402 0.10308916866779332 -0.0022983793169260016
v -0.012749993242323402 0.10308916866779332 -0.0022983793169260016
v -0.012149997986853126 0.10308916866779332 -0.0022983793169260016
v -0.012149997986853126 0.1028118878602982 -0.0038667968474328505
v -0.012749993242323402 0.10308916866779332 -0.0022983793169260016
v -0.012149997986853126 0.1028118878602982 -0.0038667968474328505
v -0.012749993242323402 0.1028118878602982 -0.0038667968474328505
v -0.012749993242323402 0.1028118878602982 -0.0038667968474328505
v -0.012149997986853126 0.1028118878602982 -0.0038667968474328505
v -0.012149997986853126 0.10180616378784184 -0.005101855378597973
v -0.012749993242323402 0.1028118878602982 -0.0038667968474328505
v -0.012149997986853126 0.10180616378784184 -0.005101855378597973
v -0.012749993242323402 0.10180616378784184 -0.005101855378597973
v -0.012749993242323402 0.10180616378784184 -0.005101855378597973
v -0.012149997986853126 0.10180616378784184 -0.005101855378597973
v -0.012149997986853126 0.10032644867897038 -0.005691121332347391
v -0.012749993242323402 0.10180616378784184 -0.005101855378597973
v -0.012149997986853126 0.10032644867897038 -0.005691121332347391
v -0.012749993242323402 0.10032644867897038 -0.005691121332347391
v -0.012749993242323402 0.10032644867897038 -0.005691121332347391
v -0.012149997986853126 0.10032644867897038 -0.005691121332347391
v -0.012149997986853126 0.09874702990055088 -0.005485529545694588
v -0.012749993242323402 0.10032644867897038 -0.005691121332347391
v -0.012149997986853126 0.09874702990055088 -0.005485529545694588
v -0.012749993242323402 0.09874702990055088 -0.005485529545694588
v -0.012749993242323402 0.09874702990055088 -0.005485529545694588
v -0.012149997986853126 0.09874702990055088 -0.005485529545694588
v -0.012149997986853126 0.09746746718883519 -0.004537087865173815
v -0.012749993242323402 0.09874702990055088 -0.005485529545694588
v -0.012149997986853126 0.09746746718883519 -0.004537087865173815
v -0.012749993242323402 0.09746746718883519 -0.004537087865173815
v -0.012749993242323402 0.09746746718883519 -0.004537087865173815
v -0.012149997986853126 0.09746746718883519 -0.004537087865173815
v -0.012149997986853126 0.09681146591901783 -0.003085722215473651
v -0.012749993242323402 0.09746746718883519 -0.004537087865173815
v -0.012149997986853126 0.09681146591901783 -0.003085722215473651
v -0.012749993242323402 0.09681146591901783 -0.003085722215473651
v -0.012749993242323402 0.09681146591901783 -0.003085722215473651
v -0.012149997986853126 0.09681146591901783 -0.003085722215473651
v -0.012149997986853126 0.09694493561983113 -0.0014985867310315366
v -0.012749993242323402 0.09681146591901783 -0.003085722215473651
v -0.012149997986853126 0.09694493561983113 -0.0014985867310315366
v -0.012749993242323402 0.09694493561983113 -0.0014985867310315366
v -0.012749993242323402 0.09694493561983113 -0.0014985867310315366
v -0.012149997986853126 0.09694493561983113 -0.0014985867310315366
v -0.012149997986853126 0.09783414751291279 -0.00017717684386298055
v -0.012749993242323402 0.09694493561983113 -0.0014985867310315366
v -0.012149997986853126 0.09783414751291279 -0.00017717684386298055
v -0.012749993242323402 0.09783414751291279 -0.00017717684386298055
v -0.012749993242323402 0.10224144160747532 0.0002825910341925918
v -0.012749993242323402 0.10223945230245594 0.001646515331231057
v -0.012149997986853126 0.10224144160747532 0.0002825910341925918
v -0.012149997986853126 0.10224144160747532 0.0002825910341925918
v -0.012749993242323402 0.10223945230245594 0.001646515331231057
v -0.012149997986853126 0.10223945230245594 0.001646515331231057
v -0.012149997986853126 0.10028261691331868 0.0008802188676781949
v -0.012749993242323402 0.10028261691331868 0.0008802188676781949
v -0.012149997986853126 0.09958384186029438 0.0009711787570267912
v -0.012149997986853126 0.09958384186029438 0.0009711787570267912
v -0.012749993242323402 0.10028261691331868 0.0008802188676781949
v -0.012749993242323402 0.09958384186029438 0.0009711787570267912
v -0.012749993242323402 0.09971291571855549 0.001962812850251793
v -0.012149997986853126 0.09971291571855549 0.001962812850251793
v -0.012749993242323402 0.09945636987686161 0.0019286563619971269
v -0.012749993242323402 0.09945636987686161 0.0019286563619971269
v -0.012149997986853126 0.09971291571855549 0.001962812850251793
v -0.012149997986853126 0.09945636987686161 0.0019286563619971269
v -0.012749993242323402 0.09945636987686161 0.0019286563619971269
v -0.012149997986853126 0.09945636987686161 0.0019286563619971269
v -0.012749993242323402 0.0992512628436089 0.001770798000507056
v -0.012749993242323402 0.0992512628436089 0.001770798000507056
v -0.012149997986853126 0.09945636987686161 0.0019286563619971269
v -0.012149997986853126 0.0992512628436089 0.001770798000507056
v -0.012749993242323402 0.0992512628436089 0.001770798000507056
v -0.012149997986853126 0.0992512628436089 0.001770798000507056
v -0.012749993242323402 0.09915256500244145 0.0015315365744754668
v -0.012749993242323402 0.09915256500244145 0.0015315365744754668
v -0.012149997986853126 0.0992512628436089 0.001770798000507056
v -0.012149997986853126 0.09915256500244145 0.0015315365744754668
v -0.012749993242323402 0.09915256500244145 0.0015315365744754668
v -0.012149997986853126 0.09915256500244145 0.0015315365744754668
v -0.012749993242323402 0.09918672591447834 0.0012749815359711643
v -0.012749993242323402 0.09918672591447834 0.0012749815359711643
v -0.012149997986853126 0.09915256500244145 0.0015315365744754668
v -0.012149997986853126 0.09918672591447834 0.0012749815359711643
v -0.012749993242323402 0.09918672591447834 0.0012749815359711643
v -0.012149997986853126 0.09918672591447834 0.0012749815359711643
v -0.012749993242323402 0.09934457391500477 0.0010698754340410228
v -0.012749993242323402 0.09934457391500477 0.0010698754340410228
v -0.012149997986853126 0.09918672591447834 0.0012749815359711643
v -0.012149997986853126 0.09934457391500477 0.0010698754340410228
v -0.012749993242323402 0.09934457391500477 0.0010698754340410228
v -0.012149997986853126 0.09934457391500477 0.0010698754340410228
v -0.012749993242323402 0.09958384186029438 0.0009711787570267912
v -0.012749993242323402 0.09958384186029438 0.0009711787570267912
v -0.012149997986853126 0.09934457391500477 0.0010698754340410228
v -0.012149997986853126 0.09958384186029438 0.0009711787570267912
v -0.012149997986853126 0.09971291571855549 0.001962812850251793
v -0.012749993242323402 0.09971291571855549 0.001962812850251793
v -0.012149997986853126 0.10038132965564732 0.0018758060177788132
v -0.012149997986853126 0.10038132965564732 0.0018758060177788132
v -0.012749993242323402 0.09971291571855549 0.001962812850251793
v -0.012749993242323402 0.10038132965564732 0.0018758060177788132
v 0.012050001882016662 0.1036143079400063 -0.0023355791345238677
v 0.012050001882016662 0.10333463549613957 -0.0025442177429795257
v 0.012050001882016662 0.10388521105051045 -0.005172038916498421
v 0.012050001882016662 0.10429394245147709 -0.0022232476621866218
v 0.012050001882016662 0.10394045710563664 -0.002196771325543522
v 0.012050001882016662 0.1036143079400063 -0.0023355791345238677
v 0.012050001882016662 0.10333463549613957 -0.0025442177429795257
v 0.012050001882016662 0.10293363779783253 -0.0029468906577676526
v 0.012050001882016662 0.10388521105051045 -0.005172038916498421
v 0.012050001882016662 0.10388521105051045 -0.005172038916498421
v 0.012050001882016662 0.10293363779783253 -0.0029468906577676526
v 0.012050001882016662 0.1026660725474358 -0.003448246512562035
v 0.012050001882016662 0.10388521105051045 -0.005172038916498421
v 0.012050001882016662 0.1026660725474358 -0.003448246512562035
v 0.012050001882016662 0.10211037099361424 -0.006628949195146558
v 0.012050001882016662 0.10211037099361424 -0.006628949195146558
v 0.012050001882016662 0.1026660725474358 -0.003448246512562035
v 0.012050001882016662 0.10176952928304676 -0.004764693789184092
v 0.012050001882016662 0.10211037099361424 -0.006628949195146558
v 0.012050001882016662 0.10176952928304676 -0.004764693789184092
v 0.012050001882016662 0.0998666808009148 -0.007117319386452434
v 0.012050001882016662 0.0998666808009148 -0.007117319386452434
v 0.012050001882016662 0.10176952928304676 -0.004764693789184092
v 0.012050001882016662 0.10034555941820149 -0.0054781977087259275
v 0.012050001882016662 0.0998666808009148 -0.007117319386452434
v 0.012050001882016662 0.10034555941820149 -0.0054781977087259275
v 0.012050001882016662 0.09990166872739796 -0.005540505051612852
v 0.012050001882016662 0.10459577292203907 -0.002409096807241439
v 0.012050001882016662 0.10429394245147709 -0.0022232476621866218
v 0.012050001882016662 0.1047785580158234 -0.0027128024958074084
v 0.012050001882016662 0.1047785580158234 -0.0027128024958074084
v 0.012050001882016662 0.10429394245147709 -0.0022232476621866218
v 0.012050001882016662 0.1036143079400063 -0.0023355791345238677
v 0.012050001882016662 0.1047785580158234 -0.0027128024958074084
v 0.012050001882016662 0.1036143079400063 -0.0023355791345238677
v 0.012050001882016662 0.10480144619941716 -0.003066528355702757
v 0.012050001882016662 0.10480144619941716 -0.003066528355702757
v 0.012050001882016662 0.1036143079400063 -0.0023355791345238677
v 0.012050001882016662 0.10388521105051045 -0.005172038916498421
v 0.012050001882016662 0.10004159808158879 0.0007652965141460297
v 0.012050001882016662 0.10033553838729863 0.0007178542437031863
v 0.012050001882016662 0.10008409619331364 0.002680269069969653
v 0.012050001882016662 0.10008409619331364 0.002680269069969653
v 0.012050001882016662 0.10033553838729863 0.0007178542437031863
v 0.012050001882016662 0.10090277343988423 0.0006834904779680071
v 0.012050001882016662 0.10223086923360829 0.0018184497021138662
v 0.012050001882016662 0.10206770151853566 0.0021331352181732646
v 0.012050001882016662 0.10177826881408696 0.0023377500474452964
v 0.012050001882016662 0.10223127156496052 0.0014639840228483077
v 0.012050001882016662 0.10223086923360829 0.0018184497021138662
v 0.012050001882016662 0.10206886380910878 0.001148915733210742
v 0.012050001882016662 0.10206886380910878 0.001148915733210742
v 0.012050001882016662 0.10223086923360829 0.0018184497021138662
v 0.012050001882016662 0.10177826881408696 0.0023377500474452964
v 0.012050001882016662 0.10206886380910878 0.001148915733210742
v 0.012050001882016662 0.10177826881408696 0.0023377500474452964
v 0.012050001882016662 0.10177990794181828 0.0009436222608201202
v 0.012050001882016662 0.10177990794181828 0.0009436222608201202
v 0.012050001882016662 0.10177826881408696 0.0023377500474452964
v 0.012050001882016662 0.10008409619331364 0.002680269069969653
v 0.012050001882016662 0.10177990794181828 0.0009436222608201202
v 0.012050001882016662 0.10008409619331364 0.002680269069969653
v 0.012050001882016662 0.10145574808120732 0.0008144780294969675
v 0.012050001882016662 0.10145574808120732 0.0008144780294969675
v 0.012050001882016662 0.10008409619331364 0.002680269069969653
v 0.012050001882016662 0.10090277343988423 0.0006834904779680071
v 0.01945000141859055 0.10480144619941716 -0.003066528355702757
v 0.012050001882016662 0.10480144619941716 -0.003066528355702757
v 0.01945000141859055 0.10388521105051045 -0.005172038916498421
v 0.01945000141859055 0.10388521105051045 -0.005172038916498421
v 0.012050001882016662 0.10480144619941716 -0.003066528355702757
v 0.012050001882016662 0.10388521105051045 -0.005172038916498421
v 0.01945000141859055 0.10388521105051045 -0.005172038916498421
v 0.012050001882016662 0.10388521105051045 -0.005172038916498421
v 0.01945000141859055 0.10211037099361424 -0.006628949195146558
v 0.01945000141859055 0.10211037099361424 -0.006628949195146558
v 0.012050001882016662 0.10388521105051045 -0.005172038916498421
v 0.012050001882016662 0.10211037099361424 -0.006628949195146558
v 0.01945000141859055 0.10211037099361424 -0.006628949195146558
v 0.012050001882016662 0.10211037099361424 -0.006628949195146558
v 0.01945000141859055 0.0998666808009148 -0.007117319386452434
v 0.01945000141859055 0.0998666808009148 -0.007117319386452434
v 0.012050001882016662 0.10211037099361424 -0.006628949195146558
v 0.012050001882016662 0.0998666808009148 -0.007117319386452434
v 0.01945000141859055 0.10008409619331364 0.002680269069969653
v 0.012050001882016662 0.10008409619331364 0.002680269069969653
v 0.01945000141859055 0.10177826881408696 0.0023377500474452964
v 0.01945000141859055 0.10177826881408696 0.0023377500474452964
v 0.012050001882016662 0.10008409619331364 0.002680269069969653
v 0.012050001882016662 0.10177826881408696 0.0023377500474452964
v 0.012649997137486938 0.0987445712089539 0.0006427741609513757
v 0.012649997137486938 0.10004159808158879 0.0007652965141460297
v 0.012050001882016662 0.10004159808158879 0.0007652965141460297
v 0.01945000141859055 0.10004159808158879 0.0007652965141460297
v 0.01945000141859055 0.10033553838729863 0.0007178542437031863
v 0.012649997137486938 0.10004159808158879 0.0007652965141460297
v 0.012649997137486938 0.10004159808158879 0.0007652965141460297
v 0.01945000141859055 0.10033553838729863 0.0007178542437031863
v 0.012050001882016662 0.10033553838729863 0.0007178542437031863
v 0.012649997137486938 0.10004159808158879 0.0007652965141460297
v 0.012050001882016662 0.10033553838729863 0.0007178542437031863
v 0.012050001882016662 0.10004159808158879 0.0007652965141460297
v 0.012050001882016662 0.10004159808158879 0.0007652965141460297
v 0.012050001882016662 0.0987445712089539 0.0006427741609513757
v 0.012649997137486938 0.0987445712089539 0.0006427741609513757
v 0.012649997137486938 0.0987445712089539 0.0006427741609513757
v 0.012050001882016662 0.0987445712089539 0.0006427741609513757
v 0.012050001882016662 0.0973913818597794 -0.0001972881873371079
v 0.012649997137486938 0.0987445712089539 0.0006427741609513757
v 0.012050001882016662 0.0973913818597794 -0.0001972881873371079
v 0.012649997137486938 0.0973913818597794 -0.0001972881873371079
v 0.012649997137486938 0.0973913818597794 -0.0001972881873371079
v 0.012050001882016662 0.0973913818597794 -0.0001972881873371079
v 0.012050001882016662 0.09661828726530079 -0.001589821651577949
v 0.012649997137486938 0.0973913818597794 -0.0001972881873371079
v 0.012050001882016662 0.09661828726530079 -0.001589821651577949
v 0.012649997137486938 0.09661828726530079 -0.001589821651577949
v 0.012649997137486938 0.09661828726530079 -0.001589821651577949
v 0.012050001882016662 0.09661828726530079 -0.001589821651577949
v 0.012050001882016662 0.09662086516618733 -0.0031825590413063756
v 0.012649997137486938 0.09661828726530079 -0.001589821651577949
v 0.012050001882016662 0.09662086516618733 -0.0031825590413063756
v 0.012649997137486938 0.09662086516618733 -0.0031825590413063756
v 0.012649997137486938 0.09662086516618733 -0.0031825590413063756
v 0.012050001882016662 0.09662086516618733 -0.0031825590413063756
v 0.012050001882016662 0.09739845991134648 -0.004572584293782709
v 0.012649997137486938 0.09662086516618733 -0.0031825590413063756
v 0.012050001882016662 0.09739845991134648 -0.004572584293782709
v 0.012649997137486938 0.09739845991134648 -0.004572584293782709
v 0.012649997137486938 0.09739845991134648 -0.004572584293782709
v 0.012050001882016662 0.09739845991134648 -0.004572584293782709
v 0.012050001882016662 0.09875436127185826 -0.005408264696598051
v 0.012649997137486938 0.09739845991134648 -0.004572584293782709
v 0.012050001882016662 0.09875436127185826 -0.005408264696598051
v 0.012649997137486938 0.09875436127185826 -0.005408264696598051
v 0.012649997137486938 0.09875436127185826 -0.005408264696598051
v 0.012050001882016662 0.09875436127185826 -0.005408264696598051
v 0.012050001882016662 0.09990166872739796 -0.005540505051612852
v 0.012649997137486938 0.09875436127185826 -0.005408264696598051
v 0.012050001882016662 0.09990166872739796 -0.005540505051612852
v 0.012649997137486938 0.09990166872739796 -0.005540505051612852
v 0.012649997137486938 0.09990166872739796 -0.005540505051612852
v 0.012050001882016662 0.09990166872739796 -0.005540505051612852
v 0.012050001882016662 0.10034555941820149 -0.0054781977087259275
v 0.012649997137486938 0.09990166872739796 -0.005540505051612852
v 0.012050001882016662 0.10034555941820149 -0.0054781977087259275
v 0.01945000141859055 0.09990166872739796 -0.005540505051612852
v 0.01945000141859055 0.09990166872739796 -0.005540505051612852
v 0.012050001882016662 0.10034555941820149 -0.0054781977087259275
v 0.01945000141859055 0.10034555941820149 -0.0054781977087259275
v 0.01945000141859055 0.10034555941820149 -0.0054781977087259275
v 0.012050001882016662 0.10034555941820149 -0.0054781977087259275
v 0.012050001882016662 0.10176952928304676 -0.004764693789184092
v 0.01945000141859055 0.10034555941820149 -0.0054781977087259275
v 0.012050001882016662 0.10176952928304676 -0.004764693789184092
v 0.01945000141859055 0.10176952928304676 -0.004764693789184092
v 0.01945000141859055 0.10176952928304676 -0.004764693789184092
v 0.012050001882016662 0.10176952928304676 -0.004764693789184092
v 0.012050001882016662 0.1026660725474358 -0.003448246512562035
v 0.01945000141859055 0.10176952928304676 -0.004764693789184092
v 0.012050001882016662 0.1026660725474358 -0.003448246512562035
v 0.01945000141859055 0.1026660725474358 -0.003448246512562035
v 0.012050001882016662 0.10333463549613957 -0.0025442177429795257
v 0.012050001882016662 0.1036143079400063 -0.0023355791345238677
v 0.01945000141859055 0.10333463549613957 -0.0025442177429795257
v 0.01945000141859055 0.10333463549613957 -0.0025442177429795257
v 0.012050001882016662 0.1036143079400063 -0.0023355791345238677
v 0.01945000141859055 0.1036143079400063 -0.0023355791345238677
v 0.01945000141859055 0.10145574808120732 0.0008144780294969675
v 0.01945000141859055 0.10177990794181828 0.0009436222608201202
v 0.012050001882016662 0.10145574808120732 0.0008144780294969675
v 0.012050001882016662 0.10145574808120732 0.0008144780294969675
v 0.01945000141859055 0.10177990794181828 0.0009436222608201202
v 0.012050001882016662 0.10177990794181828 0.0009436222608201202
v -0.012100004591047767 0.026926519349217425 0.005403958261013029
v -0.012100004591047767 0.0001331129169557244 0.005998522974550722
v -0.012100004591047767 0.026660289615392695 -0.0065930876880884145
v -0.012100004591047767 0.026660289615392695 -0.0065930876880884145
v -0.012100004591047767 0.0001331129169557244 0.005998522974550722
v -0.012100004591047767 -0.00013311191287357366 -0.00599852344021201
v -0.008900002576410772 0.029859505593776717 -0.0066640810109674905
v 0.008799999020993711 0.029859505593776717 -0.0066640810109674905
v -0.008900002576410772 0.03012572787702085 0.005332966335117815
v -0.008900002576410772 0.03012572787702085 0.005332966335117815
v 0.008799999020993711 0.029859505593776717 -0.0066640810109674905
v 0.008799999020993711 0.03012572787702085 0.005332966335117815
v 0.012000001035630706 0.026660289615392695 -0.0065930876880884145
v 0.012000001035630706 -0.00013311191287357366 -0.00599852344021201
v 0.012000001035630706 0.026926519349217425 0.005403958261013029
v 0.012000001035630706 0.026926519349217425 0.005403958261013029
v 0.012000001035630706 -0.00013311191287357366 -0.00599852344021201
v 0.012000001035630706 0.0001331129169557244 0.005998522974550722
v -0.012100004591047767 0.0001331129169557244 0.005998522974550722
v 0.012000001035630706 0.0001331129169557244 0.005998522974550722
v -0.012100004591047767 -0.00013311191287357366 -0.00599852344021201
v -0.012100004591047767 -0.00013311191287357366 -0.00599852344021201
v 0.012000001035630706 0.0001331129169557244 0.005998522974550722
v 0.012000001035630706 -0.00013311191287357366 -0.00599852344021201
v 0.007449998520314695 0.10003084689378743 0.0002808595309033989
v -0.007550002075731756 0.10003084689378743 0.0002808595309033989
v -0.007550002075731756 0.09894091635942463 5.740677806898018e-05
v 0.007449998520314695 0.10003084689378743 0.0002808595309033989
v -0.007550002075731756 0.09894091635942463 5.740677806898018e-05
v 0.007449998520314695 0.09894091635942463 5.740677806898018e-05
v 0.007449998520314695 0.09894091635942463 5.740677806898018e-05
v -0.007550002075731756 0.09894091635942463 5.740677806898018e-05
v -0.007550002075731756 0.09805587679147725 -0.0006168211693875489
v 0.007449998520314695 0.09894091635942463 5.740677806898018e-05
v -0.007550002075731756 0.09805587679147725 -0.0006168211693875489
v 0.007449998520314695 0.09805587679147725 -0.0006168211693875489
v 0.007449998520314695 0.09805587679147725 -0.0006168211693875489
v -0.007550002075731756 0.09805587679147725 -0.0006168211693875489
v -0.007550002075731756 0.09755101054906849 -0.001608287100680172
v 0.007449998520314695 0.09805587679147725 -0.0006168211693875489
v -0.007550002075731756 0.09755101054906849 -0.001608287100680172
v 0.007449998520314695 0.09755101054906849 -0.001608287100680172
v 0.007449998520314695 0.09755101054906849 -0.001608287100680172
v -0.007550002075731756 0.09755101054906849 -0.001608287100680172
v -0.007550002075731756 0.09752631932497029 -0.002720618620514869
v 0.007449998520314695 0.09755101054906849 -0.001608287100680172
v -0.007550002075731756 0.09752631932497029 -0.002720618620514869
v 0.007449998520314695 0.09752631932497029 -0.002720618620514869
v 0.007449998520314695 0.09752631932497029 -0.002720618620514869
v -0.007550002075731756 0.09752631932497029 -0.002720618620514869
v -0.007550002075731756 0.0979867056012154 -0.003733504097908734
v 0.007449998520314695 0.09752631932497029 -0.002720618620514869
v -0.007550002075731756 0.0979867056012154 -0.003733504097908734
v 0.007449998520314695 0.0979867056012154 -0.003733504097908734
v 0.007449998520314695 0.0979867056012154 -0.003733504097908734
v -0.007550002075731756 0.0979867056012154 -0.003733504097908734
v -0.007550002075731756 0.0988409668207169 -0.004446329083293675
v 0.007449998520314695 0.0979867056012154 -0.003733504097908734
v -0.007550002075731756 0.0988409668207169 -0.004446329083293675
v 0.007449998520314695 0.0988409668207169 -0.004446329083293675
v 0.007449998520314695 0.0988409668207169 -0.004446329083293675
v -0.007550002075731756 0.0988409668207169 -0.004446329083293675
v -0.007550002075731756 0.09991993010044102 -0.004717910196632145
v 0.007449998520314695 0.0988409668207169 -0.004446329083293675
v -0.007550002075731756 0.09991993010044102 -0.004717910196632145
v 0.007449998520314695 0.09991993010044102 -0.004717910196632145
v 0.01945000141859055 0.10177826881408696 0.0023377500474452964
v 0.012050001882016662 0.10177826881408696 0.0023377500474452964
v 0.01945000141859055 0.10206770151853566 0.0021331352181732646
v 0.01945000141859055 0.10206770151853566 0.0021331352181732646
v 0.012050001882016662 0.10177826881408696 0.0023377500474452964
v 0.012050001882016662 0.10206770151853566 0.0021331352181732646
v 0.01945000141859055 0.10206770151853566 0.0021331352181732646
v 0.012050001882016662 0.10206770151853566 0.0021331352181732646
v 0.01945000141859055 0.10223086923360829 0.0018184497021138662
v 0.01945000141859055 0.10223086923360829 0.0018184497021138662
v 0.012050001882016662 0.10206770151853566 0.0021331352181732646
v 0.012050001882016662 0.10223086923360829 0.0018184497021138662
v 0.01945000141859055 0.10223086923360829 0.0018184497021138662
v 0.012050001882016662 0.10223086923360829 0.0018184497021138662
v 0.01945000141859055 0.10223127156496052 0.0014639840228483077
v 0.01945000141859055 0.10223127156496052 0.0014639840228483077
v 0.012050001882016662 0.10223086923360829 0.0018184497021138662
v 0.012050001882016662 0.10223127156496052 0.0014639840228483077
v 0.01945000141859055 0.10223127156496052 0.0014639840228483077
v 0.012050001882016662 0.10223127156496052 0.0014639840228483077
v 0.01945000141859055 0.10206886380910878 0.001148915733210742
v 0.01945000141859055 0.10206886380910878 0.001148915733210742
v 0.012050001882016662 0.10223127156496052 0.0014639840228483077
v 0.012050001882016662 0.10206886380910878 0.001148915733210742
v 0.01945000141859055 0.10206886380910878 0.001148915733210742
v 0.012050001882016662 0.10206886380910878 0.001148915733210742
v 0.01945000141859055 0.10177990794181828 0.0009436222608201202
v 0.01945000141859055 0.10177990794181828 0.0009436222608201202
v 0.012050001882016662 0.10206886380910878 0.001148915733210742
v 0.012050001882016662 0.10177990794181828 0.0009436222608201202
v 0.01945000141859055 0.1036143079400063 -0.0023355791345238677
v 0.012050001882016662 0.1036143079400063 -0.0023355791345238677
v 0.01945000141859055 0.10394045710563664 -0.002196771325543522
v 0.01945000141859055 0.10394045710563664 -0.002196771325543522
v 0.012050001882016662 0.1036143079400063 -0.0023355791345238677
v 0.012050001882016662 0.10394045710563664 -0.002196771325543522
v 0.01945000141859055 0.10394045710563664 -0.002196771325543522
v 0.012050001882016662 0.10394045710563664 -0.002196771325543522
v 0.01945000141859055 0.10429394245147709 -0.0022232476621866218
v 0.01945000141859055 0.10429394245147709 -0.0022232476621866218
v 0.012050001882016662 0.10394045710563664 -0.002196771325543522
v 0.012050001882016662 0.10429394245147709 -0.0022232476621866218
v 0.01945000141859055 0.10429394245147709 -0.0022232476621866218
v 0.012050001882016662 0.10429394245147709 -0.0022232476621866218
v 0.01945000141859055 0.10459577292203907 -0.002409096807241439
v 0.01945000141859055 0.10459577292203907 -0.002409096807241439
v 0.012050001882016662 0.10429394245147709 -0.0022232476621866218
v 0.012050001882016662 0.10459577292203907 -0.002409096807241439
v 0.01945000141859055 0.10459577292203907 -0.002409096807241439
v 0.012050001882016662 0.10459577292203907 -0.002409096807241439
v 0.01945000141859055 0.1047785580158234 -0.0027128024958074084
v 0.01945000141859055 0.1047785580158234 -0.0027128024958074084
v 0.012050001882016662 0.10459577292203907 -0.002409096807241439
v 0.012050001882016662 0.1047785580158234 -0.0027128024958074084
v 0.01945000141859055 0.1047785580158234 -0.0027128024958074084
v 0.012050001882016662 0.1047785580158234 -0.0027128024958074084
v 0.01945000141859055 0.10480144619941716 -0.003066528355702757
v 0.01945000141859055 0.10480144619941716 -0.003066528355702757
v 0.012050001882016662 0.1047785580158234 -0.0027128024958074084
v 0.012050001882016662 0.10480144619941716 -0.003066528355702757
v -0.012749993242323402 0.09877622127532963 0.002097324235364794
v -0.012149997986853126 0.09877622127532963 0.002097324235364794
v -0.012149997986853126 0.09890797734260563 0.002363492501899599
v -0.012749993242323402 0.09877622127532963 0.002097324235364794
v -0.012149997986853126 0.09890797734260563 0.002363492501899599
v -0.012749993242323402 0.09890797734260563 0.002363492501899599
v -0.012749993242323402 0.09890797734260563 0.002363492501899599
v -0.012149997986853126 0.09890797734260563 0.002363492501899599
v -0.012149997986853126 0.09913273155689244 0.002557649975642561
v -0.012749993242323402 0.09890797734260563 0.002363492501899599
v -0.012149997986853126 0.09913273155689244 0.002557649975642561
v -0.012749993242323402 0.09913273155689244 0.002557649975642561
v -0.012749993242323402 0.09913273155689244 0.002557649975642561
v -0.012149997986853126 0.09913273155689244 0.002557649975642561
v -0.012149997986853126 0.09941520541906361 0.0026493482291698447
v -0.012749993242323402 0.09913273155689244 0.002557649975642561
v -0.012149997986853126 0.09941520541906361 0.0026493482291698447
v -0.012749993242323402 0.09941520541906361 0.0026493482291698447
v -0.012749993242323402 0.10176309198141102 0.002343726344406604
v -0.012149997986853126 0.10176309198141102 0.002343726344406604
v -0.012149997986853126 0.10201268643140797 0.0021827660966664544
v -0.012749993242323402 0.10176309198141102 0.002343726344406604
v -0.012149997986853126 0.10201268643140797 0.0021827660966664544
v -0.012749993242323402 0.10201268643140797 0.0021827660966664544
v -0.012749993242323402 0.10201268643140797 0.0021827660966664544
v -0.012149997986853126 0.10201268643140797 0.0021827660966664544
v -0.012149997986853126 0.1021802350878716 0.0019375450210645788
v -0.012749993242323402 0.10201268643140797 0.0021827660966664544
v -0.012149997986853126 0.1021802350878716 0.0019375450210645788
v -0.012749993242323402 0.1021802350878716 0.0019375450210645788
v -0.012749993242323402 0.1021802350878716 0.0019375450210645788
v -0.012149997986853126 0.1021802350878716 0.0019375450210645788
v -0.012149997986853126 0.10223945230245594 0.001646515331231057
v -0.012749993242323402 0.1021802350878716 0.0019375450210645788
v -0.012149997986853126 0.10223945230245594 0.001646515331231057
v -0.012749993242323402 0.10223945230245594 0.001646515331231057
v 0.01945000141859055 0.1026660725474358 -0.003448246512562035
v 0.012050001882016662 0.1026660725474358 -0.003448246512562035
v 0.01945000141859055 0.10293363779783253 -0.0029468906577676526
v 0.01945000141859055 0.10293363779783253 -0.0029468906577676526
v 0.012050001882016662 0.1026660725474358 -0.003448246512562035
v 0.012050001882016662 0.10293363779783253 -0.0029468906577676526
v 0.01945000141859055 0.10293363779783253 -0.0029468906577676526
v 0.012050001882016662 0.10293363779783253 -0.0029468906577676526
v 0.01945000141859055 0.10333463549613957 -0.0025442177429795257
v 0.01945000141859055 0.10333463549613957 -0.0025442177429795257
v 0.012050001882016662 0.10293363779783253 -0.0029468906577676526
v 0.012050001882016662 0.10333463549613957 -0.0025442177429795257
v 0.01945000141859055 0.10145574808120732 0.0008144780294969675
v 0.012050001882016662 0.10145574808120732 0.0008144780294969675
v 0.01945000141859055 0.10090277343988423 0.0006834904779680071
v 0.01945000141859055 0.10090277343988423 0.0006834904779680071
v 0.012050001882016662 0.10145574808120732 0.0008144780294969675
v 0.012050001882016662 0.10090277343988423 0.0006834904779680071
v 0.01945000141859055 0.10090277343988423 0.0006834904779680071
v 0.012050001882016662 0.10090277343988423 0.0006834904779680071
v 0.01945000141859055 0.10033553838729863 0.0007178542437031863
v 0.01945000141859055 0.10033553838729863 0.0007178542437031863
v 0.012050001882016662 0.10090277343988423 0.0006834904779680071
v 0.012050001882016662 0.10033553838729863 0.0007178542437031863
v -0.012749993242323402 0.09783414751291279 -0.00017717684386298055
v -0.012149997986853126 0.09783414751291279 -0.00017717684386298055
v -0.012749993242323402 0.09820023924112324 0.0002574751852080225
v -0.012749993242323402 0.09820023924112324 0.0002574751852080225
v -0.012149997986853126 0.09783414751291279 -0.00017717684386298055
v -0.012149997986853126 0.09820023924112324 0.0002574751852080225
v -0.012749993242323402 0.09820023924112324 0.0002574751852080225
v -0.012149997986853126 0.09820023924112324 0.0002574751852080225
v -0.012749993242323402 0.09842513501644139 0.0007793605909682808
v -0.012749993242323402 0.09842513501644139 0.0007793605909682808
v -0.012149997986853126 0.09820023924112324 0.0002574751852080225
v -0.012149997986853126 0.09842513501644139 0.0007793605909682808
v -0.012749993242323402 0.10224144160747532 0.0002825910341925918
v -0.012149997986853126 0.10224144160747532 0.0002825910341925918
v -0.012749993242323402 0.10232525318861012 -0.0002794768370222299
v -0.012749993242323402 0.10232525318861012 -0.0002794768370222299
v -0.012149997986853126 0.10224144160747532 0.0002825910341925918
v -0.012149997986853126 0.10232525318861012 -0.0002794768370222299
v -0.012749993242323402 0.10232525318861012 -0.0002794768370222299
v -0.012149997986853126 0.10232525318861012 -0.0002794768370222299
v -0.012749993242323402 0.10256786644458775 -0.0007933648885227738
v -0.012749993242323402 0.10256786644458775 -0.0007933648885227738
v -0.012149997986853126 0.10232525318861012 -0.0002794768370222299
v -0.012149997986853126 0.10256786644458775 -0.0007933648885227738
v -0.012100004591047767 0.026926519349217425 0.005403958261013029
v -0.012100004591047767 0.026660289615392695 -0.0065930876880884145
v -0.011671283282339575 0.02852612361311914 0.005368462298065422
v -0.011671283282339575 0.02852612361311914 0.005368462298065422
v -0.012100004591047767 0.026660289615392695 -0.0065930876880884145
v -0.011671283282339575 0.028259901329875006 -0.006628584116697309
v -0.011671283282339575 0.02852612361311914 0.005368462298065422
v -0.011671283282339575 0.028259901329875006 -0.006628584116697309
v -0.01049999985843897 0.029697116464376463 0.005342477932572363
v -0.01049999985843897 0.029697116464376463 0.005342477932572363
v -0.011671283282339575 0.028259901329875006 -0.006628584116697309
v -0.01049999985843897 0.02943089604377748 -0.006654569413512943
v -0.01049999985843897 0.029697116464376463 0.005342477932572363
v -0.01049999985843897 0.02943089604377748 -0.006654569413512943
v -0.008900002576410772 0.03012572787702085 0.005332966335117815
v -0.008900002576410772 0.03012572787702085 0.005332966335117815
v -0.01049999985843897 0.02943089604377748 -0.006654569413512943
v -0.008900002576410772 0.029859505593776717 -0.0066640810109674905
v 0.007449998520314695 0.09381004422903065 0.003919765353202818
v 0.007449998520314695 0.09376568347215657 0.0019202576950192445
v 0.007021284662187101 0.09221044182777409 0.003955261316150425
v 0.007021284662187101 0.09221044182777409 0.003955261316150425
v 0.007449998520314695 0.09376568347215657 0.0019202576950192445
v 0.007021284662187101 0.0921660810709 0.0019557543564587823
v 0.007021284662187101 0.09221044182777409 0.003955261316150425
v 0.007021284662187101 0.0921660810709 0.0019557543564587823
v 0.005850001238286496 0.09103944897651677 0.003981245681643484
v 0.005850001238286496 0.09103944897651677 0.003981245681643484
v 0.007021284662187101 0.0921660810709 0.0019557543564587823
v 0.005850001238286496 0.09099508821964268 0.001981738954782485
v 0.005850001238286496 0.09103944897651677 0.003981245681643484
v 0.005850001238286496 0.09099508821964268 0.001981738954782485
v 0.004249996505677701 0.09061083942651753 0.003990757279098032
v 0.004249996505677701 0.09061083942651753 0.003990757279098032
v 0.005850001238286496 0.09099508821964268 0.001981738954782485
v 0.004249996505677701 0.09056646376848225 0.0019912496209144584
v -0.004350000061094762 0.08706733584403996 0.0020688988734036675
v -0.004350000061094762 0.08684547245502476 -0.00792864058166742
v -0.005949997343122961 0.0874959453940392 0.0020593872759491197
v -0.005949997343122961 0.0874959453940392 0.0020593872759491197
v -0.004350000061094762 0.08684547245502476 -0.00792864058166742
v -0.005949997343122961 0.087274082005024 -0.007938151247799393
v -0.005949997343122961 0.0874959453940392 0.0020593872759491197
v -0.005949997343122961 0.087274082005024 -0.007938151247799393
v -0.007121280767023565 0.08866693824529652 0.002033401979133486
v -0.007121280767023565 0.08866693824529652 0.002033401979133486
v -0.005949997343122961 0.087274082005024 -0.007938151247799393
v -0.007121280767023565 0.08844507485628132 -0.007964137010276314
v -0.007121280767023565 0.08866693824529652 0.002033401979133486
v -0.007121280767023565 0.08844507485628132 -0.007964137010276314
v -0.007550002075731756 0.09026654064655308 0.0019979050848633042
v -0.007550002075731756 0.09026654064655308 0.0019979050848633042
v -0.007121280767023565 0.08844507485628132 -0.007964137010276314
v -0.007550002075731756 0.09004468470811848 -0.007999633438885208
v -0.018025614321231846 0.010686270892620092 -0.00623861327767372
v -0.018025614321231846 0.01095249224454165 0.005758432671427725
v -0.01730398088693619 0.01173707470297814 -0.006261930800974367
v -0.01730398088693619 0.01173707470297814 -0.006261930800974367
v -0.018025614321231846 0.01095249224454165 0.005758432671427725
v -0.01730398088693619 0.012003296054899698 0.00573511468246579
v -0.01730398088693619 0.01173707470297814 -0.006261930800974367
v -0.01730398088693619 0.012003296054899698 0.00573511468246579
v -0.017050005495548252 0.012986159883439546 -0.006289648823440073
v -0.017050005495548252 0.012986159883439546 -0.006289648823440073
v -0.01730398088693619 0.012003296054899698 0.00573511468246579
v -0.017050005495548252 0.01325238030403853 0.005707397591322659
v 0.01195000018924475 0.040056996047496816 -0.006890370044857261
v 0.01195000018924475 0.0403232164680958 0.0051066754385828955
v 0.012190251611173156 0.03884078934788705 -0.006863382179290054
v 0.012190251611173156 0.03884078934788705 -0.006863382179290054
v 0.01195000018924475 0.0403232164680958 0.0051066754385828955
v 0.012190251611173156 0.039107009768486044 0.00513366376981139
v 0.012190251611173156 0.03884078934788705 -0.006863382179290054
v 0.012190251611173156 0.039107009768486044 0.00513366376981139
v 0.012874922715127472 0.0378072038292885 -0.006840446032583711
v 0.012874922715127472 0.0378072038292885 -0.006840446032583711
v 0.012190251611173156 0.039107009768486044 0.00513366376981139
v 0.012874922715127472 0.03807342797517778 0.005156599916517733
v 0.012874922715127472 0.0378072038292885 -0.006840446032583711
v 0.012874922715127472 0.03807342797517778 0.005156599916517733
v 0.013901217840611938 0.03711143881082536 -0.006825007032603023
v 0.013901217840611938 0.03711143881082536 -0.006825007032603023
v 0.012874922715127472 0.03807342797517778 0.005156599916517733
v 0.013901217840611938 0.03737767040729524 0.0051720398478209955
v 0.007449998520314695 0.09026654064655308 0.0019979050848633042
v 0.007449998520314695 0.09004468470811848 -0.007999633438885208
v 0.007021284662187101 0.08866693824529652 0.002033401979133486
v 0.007021284662187101 0.08866693824529652 0.002033401979133486
v 0.007449998520314695 0.09004468470811848 -0.007999633438885208
v 0.007021284662187101 0.08844507485628132 -0.007964137010276314
v 0.007021284662187101 0.08866693824529652 0.002033401979133486
v 0.007021284662187101 0.08844507485628132 -0.007964137010276314
v 0.005850001238286496 0.0874959453940392 0.0020593872759491197
v 0.005850001238286496 0.0874959453940392 0.0020593872759491197
v 0.007021284662187101 0.08844507485628132 -0.007964137010276314
v 0.005850001238286496 0.087274082005024 -0.007938151247799393
v 0.005850001238286496 0.0874959453940392 0.0020593872759491197
v 0.005850001238286496 0.087274082005024 -0.007938151247799393
v 0.004249996505677701 0.08706733584403996 0.0020688988734036675
v 0.004249996505677701 0.08706733584403996 0.0020688988734036675
v 0.005850001238286496 0.087274082005024 -0.007938151247799393
v 0.004249996505677701 0.08684547245502476 -0.00792864058166742
v 0.01695000380277634 0.012986159883439546 -0.006289648823440073
v 0.01695000380277634 0.01325238030403853 0.005707397591322659
v 0.01720397919416428 0.01173707470297814 -0.006261930800974367
v 0.01720397919416428 0.01173707470297814 -0.006261930800974367
v 0.01695000380277634 0.01325238030403853 0.005707397591322659
v 0.01720397919416428 0.012003296054899698 0.00573511468246579
v 0.01720397919416428 0.01173707470297814 -0.006261930800974367
v 0.01720397919416428 0.012003296054899698 0.00573511468246579
v 0.017925612628459934 0.010686270892620092 -0.00623861327767372
v 0.017925612628459934 0.010686270892620092 -0.00623861327767372
v 0.01720397919416428 0.012003296054899698 0.00573511468246579
v 0.017925612628459934 0.01095249224454165 0.005758432671427725
v -0.014001213945448402 0.03711143881082536 -0.006825007032603023
v -0.014001213945448402 0.03737767040729524 0.0051720398478209955
v -0.012974926270544532 0.0378072038292885 -0.006840446032583711
v -0.012974926270544532 0.0378072038292885 -0.006840446032583711
v -0.014001213945448402 0.03737767040729524 0.0051720398478209955
v -0.012974926270544532 0.03807342797517778 0.005156599916517733
v -0.012974926270544532 0.0378072038292885 -0.006840446032583711
v -0.012974926270544532 0.03807342797517778 0.005156599916517733
v -0.01229024771600962 0.03884078934788705 -0.006863382179290054
v -0.01229024771600962 0.03884078934788705 -0.006863382179290054
v -0.012974926270544532 0.03807342797517778 0.005156599916517733
v -0.01229024771600962 0.039107009768486044 0.00513366376981139
v -0.01229024771600962 0.03884078934788705 -0.006863382179290054
v -0.01229024771600962 0.039107009768486044 0.00513366376981139
v -0.012049996294081215 0.040056996047496816 -0.006890370044857261
v -0.012049996294081215 0.040056996047496816 -0.006890370044857261
v -0.01229024771600962 0.039107009768486044 0.00513366376981139
v -0.012049996294081215 0.0403232164680958 0.0051066754385828955
v -0.004350000061094762 0.09061083942651753 0.003990757279098032
v -0.004350000061094762 0.09056646376848225 0.0019912496209144584
v -0.005949997343122961 0.09103944897651677 0.003981245681643484
v -0.005949997343122961 0.09103944897651677 0.003981245681643484
v -0.004350000061094762 0.09056646376848225 0.0019912496209144584
v -0.005949997343122961 0.09099508821964268 0.001981738954782485
v -0.005949997343122961 0.09103944897651677 0.003981245681643484
v -0.005949997343122961 0.09099508821964268 0.001981738954782485
v -0.007121280767023565 0.09221044182777409 0.003955261316150425
v -0.007121280767023565 0.09221044182777409 0.003955261316150425
v -0.005949997343122961 0.09099508821964268 0.001981738954782485
v -0.007121280767023565 0.0921660810709 0.0019557543564587823
v -0.007121280767023565 0.09221044182777409 0.003955261316150425
v -0.007121280767023565 0.0921660810709 0.0019557543564587823
v -0.007550002075731756 0.09381004422903065 0.003919765353202818
v -0.007550002075731756 0.09381004422903065 0.003919765353202818
v -0.007121280767023565 0.0921660810709 0.0019557543564587823
v -0.007550002075731756 0.09376568347215657 0.0019202576950192445
v 0.008799999020993711 0.03012572787702085 0.005332966335117815
v 0.008799999020993711 0.029859505593776717 -0.0066640810109674905
v 0.01039999630302191 0.029697116464376463 0.005342477932572363
v 0.01039999630302191 0.029697116464376463 0.005342477932572363
v 0.008799999020993711 0.029859505593776717 -0.0066640810109674905
v 0.01039999630302191 0.02943089604377748 -0.006654569413512943
v 0.01039999630302191 0.029697116464376463 0.005342477932572363
v 0.01039999630302191 0.02943089604377748 -0.006654569413512943
v 0.011571279726922514 0.02852612361311914 0.005368462298065422
v 0.011571279726922514 0.02852612361311914 0.005368462298065422
v 0.01039999630302191 0.02943089604377748 -0.006654569413512943
v 0.011571279726922514 0.028259901329875006 -0.006628584116697309
v 0.011571279726922514 0.02852612361311914 0.005368462298065422
v 0.011571279726922514 0.028259901329875006 -0.006628584116697309
v 0.012000001035630706 0.026926519349217425 0.005403958261013029
v 0.012000001035630706 0.026926519349217425 0.005403958261013029
v 0.011571279726922514 0.028259901329875006 -0.006628584116697309
v 0.012000001035630706 0.026660289615392695 -0.0065930876880884145
v 0.012649997137486938 0.10264518857002262 -0.000615793280303478
v 0.012649997137486938 0.10350296646356587 -0.00010085502435686064
v 0.012050001882016662 0.10264518857002262 -0.000615793280303478
v 0.012050001882016662 0.10264518857002262 -0.000615793280303478
v 0.012649997137486938 0.10350296646356587 -0.00010085502435686064
v 0.012050001882016662 0.10350296646356587 -0.00010085502435686064
v 0.012649997137486938 0.10350296646356587 -0.00010085502435686064
v 0.012649997137486938 0.10317388921976094 0.00048740537022240444
v 0.012050001882016662 0.10350296646356587 -0.00010085502435686064
v 0.012050001882016662 0.10350296646356587 -0.00010085502435686064
v 0.012649997137486938 0.10317388921976094 0.00048740537022240444
v 0.012050001882016662 0.10317388921976094 0.00048740537022240444
v 0.012649997137486938 0.10230116546154026 -8.036494705265792e-07
v 0.012050001882016662 0.10230116546154026 -8.036494705265792e-07
v 0.012649997137486938 0.10223846882581715 0.0002127010957337915
v 0.012649997137486938 0.10223846882581715 0.0002127010957337915
v 0.012050001882016662 0.10230116546154026 -8.036494705265792e-07
v 0.012050001882016662 0.10223846882581715 0.0002127010957337915
v 0.012649997137486938 0.10223846882581715 0.0002127010957337915
v 0.012050001882016662 0.10223846882581715 0.0002127010957337915
v 0.012649997137486938 0.10227460414171223 0.00043226662091910823
v 0.012649997137486938 0.10227460414171223 0.00043226662091910823
v 0.012050001882016662 0.10223846882581715 0.0002127010957337915
v 0.012050001882016662 0.10227460414171223 0.00043226662091910823
v 0.012649997137486938 0.10227460414171223 0.00043226662091910823
v 0.012050001882016662 0.10227460414171223 0.00043226662091910823
v 0.012649997137486938 0.10240244865417485 0.0006144048529677091
v 0.012649997137486938 0.10240244865417485 0.0006144048529677091
v 0.012050001882016662 0.10227460414171223 0.00043226662091910823
v 0.012050001882016662 0.10240244865417485 0.0006144048529677091
v 0.012649997137486938 0.10240244865417485 0.0006144048529677091
v 0.012050001882016662 0.10240244865417485 0.0006144048529677091
v 0.012649997137486938 0.10259663313627247 0.0007230416522361336
v 0.012649997137486938 0.10259663313627247 0.0007230416522361336
v 0.012050001882016662 0.10240244865417485 0.0006144048529677091
v 0.012050001882016662 0.10259663313627247 0.0007230416522361336
v 0.012649997137486938 0.10259663313627247 0.0007230416522361336
v 0.012050001882016662 0.10259663313627247 0.0007230416522361336
v 0.012649997137486938 0.10281874239444737 0.0007366601494140921
v 0.012649997137486938 0.10281874239444737 0.0007366601494140921
v 0.012050001882016662 0.10259663313627247 0.0007230416522361336
v 0.012050001882016662 0.10281874239444737 0.0007366601494140921
v 0.012649997137486938 0.10281874239444737 0.0007366601494140921
v 0.012050001882016662 0.10281874239444737 0.0007366601494140921
v 0.012649997137486938 0.1030247732996941 0.0006525628268718717
v 0.012649997137486938 0.1030247732996941 0.0006525628268718717
v 0.012050001882016662 0.10281874239444737 0.0007366601494140921
v 0.012050001882016662 0.1030247732996941 0.0006525628268718717
v 0.012649997137486938 0.1030247732996941 0.0006525628268718717
v 0.012050001882016662 0.1030247732996941 0.0006525628268718717
v 0.012649997137486938 0.10317388921976094 0.00048740537022240444
v 0.012649997137486938 0.10317388921976094 0.00048740537022240444
v 0.012050001882016662 0.1030247732996941 0.0006525628268718717
v 0.012050001882016662 0.10317388921976094 0.00048740537022240444
v 0.012649997137486938 0.10230116546154026 -8.036494705265792e-07
v 0.012649997137486938 0.10264518857002262 -0.000615793280303478
v 0.012050001882016662 0.10230116546154026 -8.036494705265792e-07
v 0.012050001882016662 0.10230116546154026 -8.036494705265792e-07
v 0.012649997137486938 0.10264518857002262 -0.000615793280303478
v 0.012050001882016662 0.10264518857002262 -0.000615793280303478
v 0.012649997137486938 0.10350296646356587 -0.00010085502435686064
v 0.012649997137486938 0.10264518857002262 -0.000615793280303478
v 0.012649997137486938 0.10317388921976094 0.00048740537022240444
v 0.012649997137486938 0.10317388921976094 0.00048740537022240444
v 0.012649997137486938 0.10264518857002262 -0.000615793280303478
v 0.012649997137486938 0.10230116546154026 -8.036494705265792e-07
v 0.012649997137486938 0.10317388921976094 0.00048740537022240444
v 0.012649997137486938 0.10230116546154026 -8.036494705265792e-07
v 0.012649997137486938 0.1030247732996941 0.0006525628268718717
v 0.012649997137486938 0.1030247732996941 0.0006525628268718717
v 0.012649997137486938 0.10230116546154026 -8.036494705265792e-07
v 0.012649997137486938 0.10223846882581715 0.0002127010957337915
v 0.012649997137486938 0.10259663313627247 0.0007230416522361336
v 0.012649997137486938 0.10281874239444737 0.0007366601494140921
v 0.012649997137486938 0.10240244865417485 0.0006144048529677091
v 0.012649997137486938 0.10240244865417485 0.0006144048529677091
v 0.012649997137486938 0.10281874239444737 0.0007366601494140921
v 0.012649997137486938 0.1030247732996941 0.0006525628268718717
v 0.012649997137486938 0.10240244865417485 0.0006144048529677091
v 0.012649997137486938 0.1030247732996941 0.0006525628268718717
v 0.012649997137486938 0.10227460414171223 0.00043226662091910823
v 0.012649997137486938 0.10227460414171223 0.00043226662091910823
v 0.012649997137486938 0.1030247732996941 0.0006525628268718717
v 0.012649997137486938 0.10223846882581715 0.0002127010957337915
v 0.012050001882016662 0.10264518857002262 -0.000615793280303478
v 0.012050001882016662 0.10350296646356587 -0.00010085502435686064
v 0.012050001882016662 0.10230116546154026 -8.036494705265792e-07
v 0.012050001882016662 0.10230116546154026 -8.036494705265792e-07
v 0.012050001882016662 0.10350296646356587 -0.00010085502435686064
v 0.012050001882016662 0.10317388921976094 0.00048740537022240444
v 0.012050001882016662 0.10230116546154026 -8.036494705265792e-07
v 0.012050001882016662 0.10317388921976094 0.00048740537022240444
v 0.012050001882016662 0.1030247732996941 0.0006525628268718717
v 0.012050001882016662 0.1030247732996941 0.0006525628268718717
v 0.012050001882016662 0.10281874239444737 0.0007366601494140921
v 0.012050001882016662 0.10259663313627247 0.0007230416522361336
v 0.012050001882016662 0.10223846882581715 0.0002127010957337915
v 0.012050001882016662 0.10230116546154026 -8.036494705265792e-07
v 0.012050001882016662 0.10227460414171223 0.00043226662091910823
v 0.012050001882016662 0.10227460414171223 0.00043226662091910823
v 0.012050001882016662 0.10230116546154026 -8.036494705265792e-07
v 0.012050001882016662 0.1030247732996941 0.0006525628268718717
v 0.012050001882016662 0.10227460414171223 0.00043226662091910823
v 0.012050001882016662 0.1030247732996941 0.0006525628268718717
v 0.012050001882016662 0.10240244865417485 0.0006144048529677091
v 0.012050001882016662 0.10240244865417485 0.0006144048529677091
v 0.012050001882016662 0.1030247732996941 0.0006525628268718717
v 0.012050001882016662 0.10259663313627247 0.0007230416522361336
v 0.012649997137486938 0.10362595319747929 -0.00032069720327854146
v 0.012649997137486938 0.1027382612228394 -0.0007821777835488317
v 0.012050001882016662 0.10362595319747929 -0.00032069720327854146
v 0.012050001882016662 0.10362595319747929 -0.00032069720327854146
v 0.012649997137486938 0.1027382612228394 -0.0007821777835488317
v 0.012050001882016662 0.1027382612228394 -0.0007821777835488317
v 0.012649997137486938 0.1027382612228394 -0.0007821777835488317
v 0.012649997137486938 0.10308229923248295 -0.0013971666339784856
v 0.012050001882016662 0.1027382612228394 -0.0007821777835488317
v 0.012050001882016662 0.1027382612228394 -0.0007821777835488317
v 0.012649997137486938 0.10308229923248295 -0.0013971666339784856
v 0.012050001882016662 0.10308229923248295 -0.0013971666339784856
v 0.012649997137486938 0.10395502299070362 -0.0009089576196856793
v 0.012050001882016662 0.10395502299070362 -0.0009089576196856793
v 0.012649997137486938 0.10401772707700734 -0.0011224623303860422
v 0.012649997137486938 0.10401772707700734 -0.0011224623303860422
v 0.012050001882016662 0.10395502299070362 -0.0009089576196856793
v 0.012050001882016662 0.10401772707700734 -0.0011224623303860422
v 0.012649997137486938 0.10401772707700734 -0.0011224623303860422
v 0.012050001882016662 0.10401772707700734 -0.0011224623303860422
v 0.012649997137486938 0.10398156940937046 -0.0013420287286862727
v 0.012649997137486938 0.10398156940937046 -0.0013420287286862727
v 0.012050001882016662 0.10401772707700734 -0.0011224623303860422
v 0.012050001882016662 0.10398156940937046 -0.0013420287286862727
v 0.012649997137486938 0.10398156940937046 -0.0013420287286862727
v 0.012050001882016662 0.10398156940937046 -0.0013420287286862727
v 0.012649997137486938 0.10385374724864964 -0.0015241660876199599
v 0.012649997137486938 0.10385374724864964 -0.0015241660876199599
v 0.012050001882016662 0.10398156940937046 -0.0013420287286862727
v 0.012050001882016662 0.10385374724864964 -0.0015241660876199599
v 0.012649997137486938 0.10385374724864964 -0.0015241660876199599
v 0.012050001882016662 0.10385374724864964 -0.0015241660876199599
v 0.012649997137486938 0.10365954041481022 -0.001632803701795637
v 0.012649997137486938 0.10365954041481022 -0.001632803701795637
v 0.012050001882016662 0.10385374724864964 -0.0015241660876199599
v 0.012050001882016662 0.10365954041481022 -0.001632803701795637
v 0.012649997137486938 0.10365954041481022 -0.001632803701795637
v 0.012050001882016662 0.10365954041481022 -0.001632803701795637
v 0.012649997137486938 0.10343743860721592 -0.0016464221989735954
v 0.012649997137486938 0.10343743860721592 -0.0016464221989735954
v 0.012050001882016662 0.10365954041481022 -0.001632803701795637
v 0.012050001882016662 0.10343743860721592 -0.0016464221989735954
v 0.012649997137486938 0.10343743860721592 -0.0016464221989735954
v 0.012050001882016662 0.10343743860721592 -0.0016464221989735954
v 0.012649997137486938 0.10323142260313038 -0.0015623241197317834
v 0.012649997137486938 0.10323142260313038 -0.0015623241197317834
v 0.012050001882016662 0.10343743860721592 -0.0016464221989735954
v 0.012050001882016662 0.10323142260313038 -0.0015623241197317834
v 0.012649997137486938 0.10323142260313038 -0.0015623241197317834
v 0.012050001882016662 0.10323142260313038 -0.0015623241197317834
v 0.012649997137486938 0.10308229923248295 -0.0013971666339784856
v 0.012649997137486938 0.10308229923248295 -0.0013971666339784856
v 0.012050001882016662 0.10323142260313038 -0.0015623241197317834
v 0.012050001882016662 0.10308229923248295 -0.0013971666339784856
v 0.012649997137486938 0.10395502299070362 -0.0009089576196856793
v 0.012649997137486938 0.10362595319747929 -0.00032069720327854146
v 0.012050001882016662 0.10395502299070362 -0.0009089576196856793
v 0.012050001882016662 0.10395502299070362 -0.0009089576196856793
v 0.012649997137486938 0.10362595319747929 -0.00032069720327854146
v 0.012050001882016662 0.10362595319747929 -0.00032069720327854146
v 0.012649997137486938 0.1027382612228394 -0.0007821777835488317
v 0.012649997137486938 0.10362595319747929 -0.00032069720327854146
v 0.012649997137486938 0.10308229923248295 -0.0013971666339784856
v 0.012649997137486938 0.10308229923248295 -0.0013971666339784856
v 0.012649997137486938 0.10362595319747929 -0.00032069720327854146
v 0.012649997137486938 0.10395502299070362 -0.0009089576196856793
v 0.012649997137486938 0.10308229923248295 -0.0013971666339784856
v 0.012649997137486938 0.10395502299070362 -0.0009089576196856793
v 0.012649997137486938 0.10323142260313038 -0.0015623241197317834
v 0.012649997137486938 0.10323142260313038 -0.0015623241197317834
v 0.012649997137486938 0.10395502299070362 -0.0009089576196856793
v 0.012649997137486938 0.10401772707700734 -0.0011224623303860422
v 0.012649997137486938 0.10365954041481022 -0.001632803701795637
v 0.012649997137486938 0.10343743860721592 -0.0016464221989735954
v 0.012649997137486938 0.10385374724864964 -0.0015241660876199599
v 0.012649997137486938 0.10385374724864964 -0.0015241660876199599
v 0.012649997137486938 0.10343743860721592 -0.0016464221989735954
v 0.012649997137486938 0.10323142260313038 -0.0015623241197317834
v 0.012649997137486938 0.10385374724864964 -0.0015241660876199599
v 0.012649997137486938 0.10323142260313038 -0.0015623241197317834
v 0.012649997137486938 0.10398156940937046 -0.0013420287286862727
v 0.012649997137486938 0.10398156940937046 -0.0013420287286862727
v 0.012649997137486938 0.10323142260313038 -0.0015623241197317834
v 0.012649997137486938 0.10401772707700734 -0.0011224623303860422
v 0.012050001882016662 0.10385374724864964 -0.0015241660876199599
v 0.012050001882016662 0.10398156940937046 -0.0013420287286862727
v 0.012050001882016662 0.10401772707700734 -0.0011224623303860422
v 0.012050001882016662 0.10323142260313038 -0.0015623241197317834
v 0.012050001882016662 0.10343743860721592 -0.0016464221989735954
v 0.012050001882016662 0.10365954041481022 -0.001632803701795637
v 0.012050001882016662 0.10365954041481022 -0.001632803701795637
v 0.012050001882016662 0.10385374724864964 -0.0015241660876199599
v 0.012050001882016662 0.10323142260313038 -0.0015623241197317834
v 0.012050001882016662 0.10323142260313038 -0.0015623241197317834
v 0.012050001882016662 0.10385374724864964 -0.0015241660876199599
v 0.012050001882016662 0.10401772707700734 -0.0011224623303860422
v 0.012050001882016662 0.10323142260313038 -0.0015623241197317834
v 0.012050001882016662 0.10401772707700734 -0.0011224623303860422
v 0.012050001882016662 0.10308229923248295 -0.0013971666339784856
v 0.012050001882016662 0.10308229923248295 -0.0013971666339784856
v 0.012050001882016662 0.10401772707700734 -0.0011224623303860422
v 0.012050001882016662 0.10395502299070362 -0.0009089576196856793
v 0.012050001882016662 0.10308229923248295 -0.0013971666339784856
v 0.012050001882016662 0.10395502299070362 -0.0009089576196856793
v 0.012050001882016662 0.1027382612228394 -0.0007821777835488317
v 0.012050001882016662 0.1027382612228394 -0.0007821777835488317
v 0.012050001882016662 0.10395502299070362 -0.0009089576196856793
v 0.012050001882016662 0.10362595319747929 -0.00032069720327854146
usemtl material_191919
f 1 2 3
f 4 5 6
f 7 8 9
f 10 11 12
f 13 14 15
f 16 17 18
f 19 20 21
f 22 23 24
f 25 26 27
f 28 29 30
f 31 32 33
f 34 35 36
f 37 38 39
f 40 41 42
f 43 44 45
f 46 47 48
f 49 50 51
f 52 53 54
f 55 56 57
f 58 59 60
f 61 62 63
f 64 65 66
f 67 68 69
f 70 71 72
f 73 74 75
f 76 77 78
f 79 80 81
f 82 83 84
f 85 86 87
f 88 89 90
f 91 92 93
f 94 95 96
f 97 98 99
f 100 101 102
f 103 104 105
f 106 107 108
f 109 110 111
f 112 113 114
f 115 116 117
f 118 119 120
f 121 122 123
f 124 125 126
f 127 128 129
f 130 131 132
f 133 134 135
f 136 137 138
f 139 140 141
f 142 143 144
f 145 146 147
f 148 149 150
f 151 152 153
f 154 155 156
f 157 158 159
f 160 161 162
f 163 164 165
f 166 167 168
f 169 170 171
f 172 173 174
f 175 176 177
f 178 179 180
f 181 182 183
f 184 185 186
f 187 188 189
f 190 191 192
f 193 194 195
f 196 197 198
f 199 200 201
f 202 203 204
f 205 206 207
f 208 209 210
f 211 212 213
f 214 215 216
f 217 218 219
f 220 221 222
f 223 224 225
f 226 227 228
f 229 230 231
f 232 233 234
f 235 236 237
f 238 239 240
f 241 242 243
f 244 245 246
f 247 248 249
f 250 251 252
f 253 254 255
f 256 257 258
f 259 260 261
f 262 263 264
f 265 266 267
f 268 269 270
f 271 272 273
f 274 275 276
f 277 278 279
f 280 281 282
f 283 284 285
f 286 287 288
f 289 290 291
f 292 293 294
f 295 296 297
f 298 299 300
f 301 302 303
f 304 305 306
f 307 308 309
f 310 311 312
f 313 314 315
f 316 317 318
f 319 320 321
f 322 323 324
f 325 326 327
f 328 329 330
f 331 332 333
f 334 335 336
f 337 338 339
f 340 341 342
f 343 344 345
f 346 347 348
f 349 350 351
f 352 353 354
f 355 356 357
f 358 359 360
f 361 362 363
f 364 365 366
f 367 368 369
f 370 371 372
f 373 374 375
f 376 377 378
f 379 380 381
f 382 383 384
f 385 386 387
f 388 389 390
f 391 392 393
f 394 395 396
f 397 398 399
f 400 401 402
f 403 404 405
f 406 407 408
f 409 410 411
f 412 413 414
f 415 416 417
f 418 419 420
f 421 422 423
f 424 425 426
f 427 428 429
f 430 431 432
f 433 434 435
f 436 437 438
f 439 440 441
f 442 443 444
f 445 446 447
f 448 449 450
f 451 452 453
f 454 455 456
f 457 458 459
f 460 461 462
f 463 464 465
f 466 467 468
f 469 470 471
f 472 473 474
f 475 476 477
f 478 479 480
f 481 482 483
f 484 485 486
f 487 488 489
f 490 491 492
f 493 494 495
f 496 497 498
f 499 500 501
f 502 503 504
f 505 506 507
f 508 509 510
f 511 512 513
f 514 515 516
f 517 518 519
f 520 521 522
f 523 524 525
f 526 527 528
f 529 530 531
f 532 533 534
f 535 536 537
f 538 539 540
f 541 542 543
f 544 545 546
f 547 548 549
f 550 551 552
f 553 554 555
f 556 557 558
f 559 560 561
f 562 563 564
f 565 566 567
f 568 569 570
f 571 572 573
f 574 575 576
f 577 578 579
f 580 581 582
f 583 584 585
f 586 587 588
f 589 590 591
f 592 593 594
f 595 596 597
f 598 599 600
f 601 602 603
f 604 605 606
f 607 608 609
f 610 611 612
f 613 614 615
f 616 617 618
f 619 620 621
f 622 623 624
f 625 626 627
f 628 629 630
f 631 632 633
f 634 635 636
f 637 638 639
f 640 641 642
f 643 644 645
f 646 647 648
f 649 650 651
f 652 653 654
f 655 656 657
f 658 659 660
f 661 662 663
f 664 665 666
f 667 668 669
f 670 671 672
f 673 674 675
f 676 677 678
f 679 680 681
f 682 683 684
f 685 686 687
f 688 689 690
f 691 692 693
f 694 695 696
f 697 698 699
f 700 701 702
f 703 704 705
f 706 707 708
f 709 710 711
f 712 713 714
f 715 716 717
f 718 719 720
f 721 722 723
f 724 725 726
f 727 728 729
f 730 731 732
f 733 734 735
f 736 737 738
f 739 740 741
f 742 743 744
f 745 746 747
f 748 749 750
f 751 752 753
f 754 755 756
f 757 758 759
f 760 761 762
f 763 764 765
f 766 767 768
f 769 770 771
f 772 773 774
f 775 776 777
f 778 779 780
f 781 782 783
f 784 785 786
f 787 788 789
f 790 791 792
f 793 794 795
f 796 797 798
f 799 800 801
f 802 803 804
f 805 806 807
f 808 809 810
f 811 812 813
f 814 815 816
f 817 818 819
f 820 821 822
f 823 824 825
f 826 827 828
f 829 830 831
f 832 833 834
f 835 836 837
f 838 839 840
f 841 842 843
f 844 845 846
f 847 848 849
f 850 851 852
f 853 854 855
f 856 857 858
f 859 860 861
f 862 863 864
f 865 866 867
f 868 869 870
f 871 872 873
f 874 875 876
f 877 878 879
f 880 881 882
f 883 884 885
f 886 887 888
f 889 890 891
f 892 893 894
f 895 896 897
f 898 899 900
f 901 902 903
f 904 905 906
f 907 908 909
f 910 911 912
f 913 914 915
f 916 917 918
f 919 920 921
f 922 923 924
f 925 926 927
f 928 929 930
f 931 932 933
f 934 935 936
f 937 938 939
f 940 941 942
f 943 944 945
f 946 947 948
f 949 950 951
f 952 953 954
f 955 956 957
f 958 959 960
f 961 962 963
f 964 965 966
f 967 968 969
f 970 971 972
f 973 974 975
f 976 977 978
f 979 980 981
f 982 983 984
f 985 986 987
f 988 989 990
f 991 992 993
f 994 995 996
f 997 998 999
f 1000 1001 1002
f 1003 1004 1005
f 1006 1007 1008
f 1009 1010 1011
f 1012 1013 1014
f 1015 1016 1017
f 1018 1019 1020
f 1021 1022 1023
f 1024 1025 1026
f 1027 1028 1029
f 1030 1031 1032
f 1033 1034 1035
f 1036 1037 1038
f 1039 1040 1041
f 1042 1043 1044
f 1045 1046 1047
f 1048 1049 1050
f 1051 1052 1053
f 1054 1055 1056
f 1057 1058 1059
f 1060 1061 1062
f 1063 1064 1065
f 1066 1067 1068
f 1069 1070 1071
f 1072 1073 1074
f 1075 1076 1077
f 1078 1079 1080
f 1081 1082 1083
f 1084 1085 1086
f 1087 1088 1089
f 1090 1091 1092
f 1093 1094 1095
f 1096 1097 1098
f 1099 1100 1101
f 1102 1103 1104
f 1105 1106 1107
f 1108 1109 1110
f 1111 1112 1113
f 1114 1115 1116
f 1117 1118 1119
f 1120 1121 1122
f 1123 1124 1125
f 1126 1127 1128
f 1129 1130 1131
f 1132 1133 1134
f 1135 1136 1137
f 1138 1139 1140
f 1141 1142 1143
f 1144 1145 1146
f 1147 1148 1149
f 1150 1151 1152
f 1153 1154 1155
f 1156 1157 1158
f 1159 1160 1161
f 1162 1163 1164
f 1165 1166 1167
f 1168 1169 1170
f 1171 1172 1173
f 1174 1175 1176
f 1177 1178 1179
f 1180 1181 1182
f 1183 1184 1185
f 1186 1187 1188
f 1189 1190 1191
f 1192 1193 1194
f 1195 1196 1197
f 1198 1199 1200
f 1201 1202 1203
f 1204 1205 1206
f 1207 1208 1209
f 1210 1211 1212
f 1213 1214 1215
f 1216 1217 1218
f 1219 1220 1221
f 1222 1223 1224
f 1225 1226 1227
f 1228 1229 1230
f 1231 1232 1233
f 1234 1235 1236
f 1237 1238 1239
f 1240 1241 1242
f 1243 1244 1245
f 1246 1247 1248
f 1249 1250 1251
f 1252 1253 1254
f 1255 1256 1257
f 1258 1259 1260
f 1261 1262 1263
f 1264 1265 1266
f 1267 1268 1269
f 1270 1271 1272
f 1273 1274 1275
f 1276 1277 1278
f 1279 1280 1281
f 1282 1283 1284
f 1285 1286 1287
f 1288 1289 1290
f 1291 1292 1293
f 1294 1295 1296
f 1297 1298 1299
f 1300 1301 1302
f 1303 1304 1305
f 1306 1307 1308
f 1309 1310 1311
f 1312 1313 1314
f 1315 1316 1317
f 1318 1319 1320
f 1321 1322 1323
f 1324 1325 1326
f 1327 1328 1329
f 1330 1331 1332
f 1333 1334 1335
f 1336 1337 1338
f 1339 1340 1341
f 1342 1343 1344
f 1345 1346 1347
f 1348 1349 1350
f 1351 1352 1353
f 1354 1355 1356
f 1357 1358 1359
f 1360 1361 1362
f 1363 1364 1365
f 1366 1367 1368
f 1369 1370 1371
f 1372 1373 1374
f 1375 1376 1377
f 1378 1379 1380
f 1381 1382 1383
f 1384 1385 1386
f 1387 1388 1389
f 1390 1391 1392
f 1393 1394 1395
f 1396 1397 1398
f 1399 1400 1401
f 1402 1403 1404
f 1405 1406 1407
f 1408 1409 1410
f 1411 1412 1413
f 1414 1415 1416
f 1417 1418 1419
f 1420 1421 1422
f 1423 1424 1425
f 1426 1427 1428
f 1429 1430 1431
f 1432 1433 1434
f 1435 1436 1437
f 1438 1439 1440
f 1441 1442 1443
f 1444 1445 1446
f 1447 1448 1449
f 1450 1451 1452
f 1453 1454 1455
f 1456 1457 1458
f 1459 1460 1461
f 1462 1463 1464
f 1465 1466 1467
f 1468 1469 1470
f 1471 1472 1473
f 1474 1475 1476
f 1477 1478 1479
f 1480 1481 1482
f 1483 1484 1485
f 1486 1487 1488
f 1489 1490 1491
f 1492 1493 1494
f 1495 1496 1497
f 1498 1499 1500
f 1501 1502 1503
f 1504 1505 1506
f 1507 1508 1509
f 1510 1511 1512
f 1513 1514 1515
f 1516 1517 1518
f 1519 1520 1521
f 1522 1523 1524
f 1525 1526 1527
f 1528 1529 1530
f 1531 1532 1533
f 1534 1535 1536
f 1537 1538 1539
f 1540 1541 1542
f 1543 1544 1545
f 1546 1547 1548
f 1549 1550 1551
f 1552 1553 1554
f 1555 1556 1557
f 1558 1559 1560
f 1561 1562 1563
f 1564 1565 1566
f 1567 1568 1569
f 1570 1571 1572
f 1573 1574 1575
f 1576 1577 1578
f 1579 1580 1581
f 1582 1583 1584
f 1585 1586 1587
f 1588 1589 1590
f 1591 1592 1593
f 1594 1595 1596
f 1597 1598 1599
f 1600 1601 1602
f 1603 1604 1605
f 1606 1607 1608
f 1609 1610 1611
f 1612 1613 1614
f 1615 1616 1617
f 1618 1619 1620
f 1621 1622 1623
f 1624 1625 1626
f 1627 1628 1629
f 1630 1631 1632
f 1633 1634 1635
f 1636 1637 1638
f 1639 1640 1641
f 1642 1643 1644
f 1645 1646 1647
f 1648 1649 1650
f 1651 1652 1653
f 1654 1655 1656
f 1657 1658 1659
f 1660 1661 1662
f 1663 1664 1665
f 1666 1667 1668
f 1669 1670 1671
f 1672 1673 1674
f 1675 1676 1677
f 1678 1679 1680
f 1681 1682 1683
f 1684 1685 1686
f 1687 1688 1689
f 1690 1691 1692
f 1693 1694 1695
f 1696 1697 1698
f 1699 1700 1701
f 1702 1703 1704
f 1705 1706 1707
f 1708 1709 1710
f 1711 1712 1713
f 1714 1715 1716
f 1717 1718 1719
f 1720 1721 1722
f 1723 1724 1725
f 1726 1727 1728
f 1729 1730 1731
f 1732 1733 1734
f 1735 1736 1737
f 1738 1739 1740
f 1741 1742 1743
f 1744 1745 1746
f 1747 1748 1749
f 1750 1751 1752
f 1753 1754 1755
f 1756 1757 1758
f 1759 1760 1761
f 1762 1763 1764
f 1765 1766 1767
f 1768 1769 1770
f 1771 1772 1773
f 1774 1775 1776
f 1777 1778 1779
f 1780 1781 1782
f 1783 1784 1785
f 1786 1787 1788
f 1789 1790 1791
f 1792 1793 1794
f 1795 1796 1797
f 1798 1799 1800
f 1801 1802 1803
f 1804 1805 1806
f 1807 1808 1809
f 1810 1811 1812
f 1813 1814 1815
f 1816 1817 1818
f 1819 1820 1821
f 1822 1823 1824
f 1825 1826 1827
f 1828 1829 1830
f 1831 1832 1833
f 1834 1835 1836
f 1837 1838 1839
f 1840 1841 1842
f 1843 1844 1845
f 1846 1847 1848
f 1849 1850 1851
f 1852 1853 1854
f 1855 1856 1857
f 1858 1859 1860
f 1861 1862 1863
f 1864 1865 1866
f 1867 1868 1869
f 1870 1871 1872
f 1873 1874 1875
f 1876 1877 1878
f 1879 1880 1881
f 1882 1883 1884
f 1885 1886 1887
f 1888 1889 1890
f 1891 1892 1893
f 1894 1895 1896
f 1897 1898 1899
f 1900 1901 1902
f 1903 1904 1905
f 1906 1907 1908
f 1909 1910 1911
f 1912 1913 1914
f 1915 1916 1917
f 1918 1919 1920
f 1921 1922 1923
f 1924 1925 1926
f 1927 1928 1929
f 1930 1931 1932
f 1933 1934 1935
f 1936 1937 1938
f 1939 1940 1941
f 1942 1943 1944
f 1945 1946 1947
f 1948 1949 1950
f 1951 1952 1953
f 1954 1955 1956
f 1957 1958 1959
f 1960 1961 1962
f 1963 1964 1965
f 1966 1967 1968
f 1969 1970 1971
f 1972 1973 1974
f 1975 1976 1977
f 1978 1979 1980
f 1981 1982 1983
f 1984 1985 1986
f 1987 1988 1989
f 1990 1991 1992
f 1993 1994 1995
f 1996 1997 1998
f 1999 2000 2001
f 2002 2003 2004
f 2005 2006 2007
f 2008 2009 2010
f 2011 2012 2013
f 2014 2015 2016
f 2017 2018 2019
f 2020 2021 2022
f 2023 2024 2025
f 2026 2027 2028
f 2029 2030 2031
f 2032 2033 2034
f 2035 2036 2037
f 2038 2039 2040
f 2041 2042 2043
f 2044 2045 2046
f 2047 2048 2049
f 2050 2051 2052
f 2053 2054 2055
f 2056 2057 2058
f 2059 2060 2061
f 2062 2063 2064
f 2065 2066 2067
f 2068 2069 2070
f 2071 2072 2073
f 2074 2075 2076
f 2077 2078 2079
f 2080 2081 2082
f 2083 2084 2085
f 2086 2087 2088
f 2089 2090 2091
f 2092 2093 2094
f 2095 2096 2097
f 2098 2099 2100
f 2101 2102 2103
f 2104 2105 2106
f 2107 2108 2109
f 2110 2111 2112
f 2113 2114 2115
f 2116 2117 2118
f 2119 2120 2121
f 2122 2123 2124
f 2125 2126 2127
f 2128 2129 2130
f 2131 2132 2133
f 2134 2135 2136
f 2137 2138 2139
f 2140 2141 2142
f 2143 2144 2145
f 2146 2147 2148
f 2149 2150 2151
f 2152 2153 2154
f 2155 2156 2157
f 2158 2159 2160
f 2161 2162 2163
f 2164 2165 2166
f 2167 2168 2169
f 2170 2171 2172
f 2173 2174 2175
f 2176 2177 2178
f 2179 2180 2181
f 2182 2183 2184
f 2185 2186 2187
f 2188 2189 2190
f 2191 2192 2193
f 2194 2195 2196
f 2197 2198 2199
f 2200 2201 2202
f 2203 2204 2205
f 2206 2207 2208
f 2209 2210 2211
f 2212 2213 2214
f 2215 2216 2217
f 2218 2219 2220
f 2221 2222 2223
f 2224 2225 2226
f 2227 2228 2229
f 2230 2231 2232
f 2233 2234 2235
f 2236 2237 2238
f 2239 2240 2241
f 2242 2243 2244
f 2245 2246 2247
f 2248 2249 2250
f 2251 2252 2253
f 2254 2255 2256
f 2257 2258 2259
f 2260 2261 2262
f 2263 2264 2265
f 2266 2267 2268
f 2269 2270 2271
f 2272 2273 2274
f 2275 2276 2277
f 2278 2279 2280
f 2281 2282 2283
f 2284 2285 2286
f 2287 2288 2289
f 2290 2291 2292
f 2293 2294 2295
f 2296 2297 2298
f 2299 2300 2301
f 2302 2303 2304
f 2305 2306 2307
f 2308 2309 2310
f 2311 2312 2313
f 2314 2315 2316
f 2317 2318 2319
f 2320 2321 2322
f 2323 2324 2325
f 2326 2327 2328
f 2329 2330 2331
f 2332 2333 2334
f 2335 2336 2337
f 2338 2339 2340
f 2341 2342 2343
f 2344 2345 2346
f 2347 2348 2349
f 2350 2351 2352
f 2353 2354 2355
f 2356 2357 2358
f 2359 2360 2361
f 2362 2363 2364
f 2365 2366 2367
f 2368 2369 2370
f 2371 2372 2373
f 2374 2375 2376
f 2377 2378 2379
f 2380 2381 2382
f 2383 2384 2385
f 2386 2387 2388
f 2389 2390 2391
f 2392 2393 2394
f 2395 2396 2397
f 2398 2399 2400
f 2401 2402 2403
f 2404 2405 2406
f 2407 2408 2409
f 2410 2411 2412
f 2413 2414 2415
f 2416 2417 2418
f 2419 2420 2421
f 2422 2423 2424
f 2425 2426 2427
f 2428 2429 2430
f 2431 2432 2433
f 2434 2435 2436
f 2437 2438 2439
f 2440 2441 2442
f 2443 2444 2445
f 2446 2447 2448
f 2449 2450 2451
f 2452 2453 2454
f 2455 2456 2457
f 2458 2459 2460
f 2461 2462 2463
f 2464 2465 2466
f 2467 2468 2469
f 2470 2471 2472
f 2473 2474 2475
f 2476 2477 2478
f 2479 2480 2481
f 2482 2483 2484
f 2485 2486 2487
f 2488 2489 2490
f 2491 2492 2493
f 2494 2495 2496
f 2497 2498 2499
f 2500 2501 2502
f 2503 2504 2505
f 2506 2507 2508
f 2509 2510 2511
f 2512 2513 2514
f 2515 2516 2517
f 2518 2519 2520
f 2521 2522 2523
f 2524 2525 2526
f 2527 2528 2529
f 2530 2531 2532
f 2533 2534 2535
f 2536 2537 2538
f 2539 2540 2541
f 2542 2543 2544
f 2545 2546 2547
f 2548 2549 2550
f 2551 2552 2553
f 2554 2555 2556
f 2557 2558 2559
f 2560 2561 2562
f 2563 2564 2565
f 2566 2567 2568
f 2569 2570 2571
f 2572 2573 2574
f 2575 2576 2577
f 2578 2579 2580
f 2581 2582 2583
f 2584 2585 2586
f 2587 2588 2589
f 2590 2591 2592
f 2593 2594 2595
f 2596 2597 2598
f 2599 2600 2601
f 2602 2603 2604
