mtllib left_inner_knuckle_Finger3.mtl
v -0.08141425251960756 0.13411526381969455 0.013300000689923763
v -0.08091831207275392 0.1336910277605057 0.013300000689923763
v -0.08032948523759843 0.1334096044301987 0.013300000689923763
v -0.07968787103891374 0.13329017162323 0.013300000689923763
v -0.07903721183538438 0.13334088027477267 0.013300000689923763
v -0.07842184603214265 0.13355824351310733 0.013300000689923763
v -0.07788370549678804 0.13392747938632968 0.013300000689923763
v -0.0774594694375992 0.13442340493202212 0.013300000689923763
v -0.07717804610729219 0.1350122541189194 0.013300000689923763
v -0.0770586133003235 0.1356538534164429 0.013300000689923763
v -0.07710931450128557 0.13630451261997226 0.013300000689923763
v -0.07732668519020082 0.13691988587379458 0.013300000689923763
v -0.07769591361284257 0.1374580264091492 0.013300000689923763
v -0.07819185405969621 0.13788226246833804 0.013300000689923763
v -0.0787806883454323 0.13816368579864505 0.013300000689923763
v -0.07942229509353639 0.13828311860561374 0.013300000689923763
v -0.08007295429706575 0.13823242485523227 0.013300000689923763
v -0.08068832010030748 0.13801504671573642 0.013300000689923763
v -0.08122646063566209 0.13764581084251407 0.013300000689923763
v -0.08165070414543153 0.13714987039566043 0.013300000689923763
v -0.08193212002515794 0.13656103610992434 0.013300000689923763
v -0.08205155283212663 0.13591943681240085 0.013300000689923763
v -0.08200085908174516 0.1352687776088715 0.013300000689923763
v -0.08178348094224931 0.13465340435504916 0.013300000689923763
v -0.07955509424209596 0.13578663766384128 0.013300000689923763
v -0.07747282087802888 0.1376585811376572 0.01360000018030405
v -0.07802826166152955 0.1381337344646454 0.01360000018030405
v -0.07868776470422746 0.13844892382621768 0.01360000018030405
v -0.07940635830163957 0.13858269155025485 0.01360000018030405
v -0.08013509958982469 0.1385259181261063 0.01360000018030405
v -0.08082430809736253 0.13828244805336 0.01360000018030405
v -0.08142702281475069 0.13786891102790835 0.01360000018030405
v -0.08190216869115831 0.13731347024440768 0.01360000018030405
v -0.08221736550331117 0.13665397465229037 0.01360000018030405
v -0.08235113322734834 0.13593536615371707 0.01360000018030405
v -0.08229435235261919 0.13520662486553195 0.01360000018030405
v -0.0820508897304535 0.1345174163579941 0.01360000018030405
v -0.08163735270500184 0.13391470909118655 0.01360000018030405
v -0.08108190447092058 0.13343955576419833 0.01360000018030405
v -0.08042240887880327 0.13312436640262607 0.01360000018030405
v -0.07970381528139116 0.1329905986785889 0.01360000018030405
v -0.07897507399320604 0.13304737210273745 0.01360000018030405
v -0.0782858580350876 0.13329084217548373 0.01360000018030405
v -0.07768314331769945 0.1337043792009354 0.01360000018030405
v -0.07720800489187242 0.13425981998443606 0.01360000018030405
v -0.07689280062913896 0.13491931557655337 0.01360000018030405
v -0.07675903290510179 0.13563792407512668 0.01360000018030405
v -0.07681581377983095 0.136366680264473 0.01360000018030405
v -0.07705928385257722 0.13705587387084964 0.01360000018030405
v -0.0791018381714821 0.1397608816623688 0.01360000018030405
v -0.08006611466407777 0.1397538632154465 0.01360000018030405
v -0.08100067824125291 0.13951630890369418 0.01360000018030405
v -0.08256835490465166 0.13841728866100314 0.01360000018030405
v -0.04255041107535363 0.08864118903875352 0.01360000018030405
v -0.08185122907161714 0.13906195759773257 0.01360000018030405
v -0.08311033993959428 0.13761971890926364 0.01360000018030405
v -0.08344571292400361 0.13671562075614932 0.01360000018030405
v -0.08343178033828737 0.13480114936828616 0.01360000018030405
v -0.08308329433202745 0.1339020282030106 0.01360000018030405
v -0.0825297459959984 0.13311246037483218 0.01360000018030405
v -0.03660107776522637 0.0939895957708359 0.01360000018030405
v -0.07658042013645174 0.13846084475517276 0.01360000018030405
v -0.0835549756884575 0.1357575356960297 0.01360000018030405
v -0.07730684429407121 0.13909502327442172 0.01360000018030405
v -0.07816391438245775 0.13953693211078647 0.01360000018030405
v -0.08286070823669435 0.13281491398811343 0.013549855910241604
v -0.08291298151016237 0.13276791572570804 0.013525261543691158
v -0.08317508548498155 0.13253229856491092 0.0134019386023283
v -0.07624946534633638 0.1387583762407303 0.013549855910241604
v -0.08326899260282518 0.13244786858558658 0.013322587125003338
v -0.08345708250999452 0.1322787702083588 0.013163662515580654
v -0.07593508809804918 0.13904099166393283 0.0134019386023283
v -0.0835748389363289 0.1321729123592377 0.01300532091408968
v -0.08369259536266328 0.1320670545101166 0.012846979312598705
v -0.07565308362245561 0.13929452002048495 0.013163662515580654
v -0.08381078392267229 0.13196080923080447 0.012594053521752357
v -0.08386979252099992 0.13190776109695437 0.012467767111957073
v -0.07541757076978685 0.13950623571872714 0.012846979312598705
v -0.08396150171756746 0.13182531297206881 0.01211533136665821
v -0.0839797928929329 0.1318088620901108 0.012045042589306831
v -0.07524037361145021 0.13966552913188937 0.012467767111957073
v -0.08401708304882051 0.13177533447742465 0.011599999852478504
v -0.0848473906517029 0.13295972347259524 0.011599999852478504
v -0.08537013083696367 0.134308397769928 0.011599999852478504
v -0.08555493503808977 0.1357429921627045 0.011599999852478504
v -0.08539102971553804 0.13718011975288394 0.011599999852478504
v -0.08488797396421434 0.13853625953197482 0.011599999852478504
v -0.08407497406005861 0.13973259925842288 0.011599999852478504
v -0.08299930393695833 0.14069963991642 0.011599999852478504
v -0.08172347396612169 0.14138111472129825 0.011599999852478504
v -0.08032162487506868 0.1417374759912491 0.011599999852478504
v -0.07887521386146547 0.14174799621105197 0.011599999852478504
v -0.07746832817792894 0.14141207933425906 0.011599999852478504
v -0.07618270814418794 0.14074921607971194 0.011599999852478504
v -0.07513037323951723 0.13976442813873294 0.012045042589306831
v -0.07509308308362962 0.1397979557514191 0.011599999852478504
v -0.0770566910505295 0.13946311175823214 0.013549855910241604
v -0.07681909203529359 0.13981275260448459 0.0134019386023283
v -0.07660595327615739 0.1401263922452927 0.013163662515580654
v -0.07629403471946718 0.14058540761470797 0.012467767111957073
v -0.0762108936905861 0.14070774614810946 0.012045042589306831
v -0.07748576253652574 0.14136506617069247 0.012045042589306831
v -0.07888089865446092 0.14169818162918094 0.012045042589306831
v -0.08031520992517473 0.14168775081634524 0.012045042589306831
v -0.08170535415410997 0.14133435487747195 0.012045042589306831
v -0.08297052234411241 0.14065855741500857 0.012045042589306831
v -0.0840371996164322 0.1396996229887009 0.012045042589306831
v -0.08484340459108354 0.1385132819414139 0.012045042589306831
v -0.08534225076436998 0.13716846704483035 0.012045042589306831
v -0.08550478518009187 0.13574334979057315 0.012045042589306831
v -0.08532154560089113 0.1343207657337189 0.012045042589306831
v -0.08480316400527955 0.13298335671424868 0.012045042589306831
v -0.08467268943786622 0.1330530494451523 0.012467767111957073
v -0.08517817407846452 0.13435719907283786 0.012467767111957073
v -0.08535686880350114 0.1357444375753403 0.012467767111957073
v -0.08519838005304338 0.13713411986827853 0.012467767111957073
v -0.08471192419528963 0.1384454965591431 0.012467767111957073
v -0.08392577618360521 0.13960234820842746 0.012467767111957073
v -0.08288561552762987 0.14053744077682498 0.012467767111957073
v -0.08165189623832704 0.1411964446306229 0.012467767111957073
v -0.08029631525278093 0.14154103398323062 0.012467767111957073
v -0.078897662460804 0.14155121147632602 0.012467767111957073
v -0.0775372087955475 0.14122638106346133 0.012467767111957073
v -0.07642795890569688 0.14038832485675815 0.012846979312598705
v -0.07762008160352708 0.14100298285484317 0.012846979312598705
v -0.07892465591430665 0.14131447672843936 0.012846979312598705
v -0.0802658721804619 0.1413047164678574 0.012846979312598705
v -0.0815657824277878 0.14097426831722262 0.012846979312598705
v -0.08274883031845094 0.14034233987331393 0.012846979312598705
v -0.08374628424644472 0.13944563269615176 0.012846979312598705
v -0.08450014144182207 0.13833630084991458 0.012846979312598705
v -0.08496662229299547 0.13707877695560458 0.012846979312598705
v -0.08511859923601152 0.13574616611003879 0.012846979312598705
v -0.08494724333286287 0.13441590964794162 0.012846979312598705
v -0.0844625234603882 0.13316531479358676 0.012846979312598705
v -0.08418319374322893 0.13331452012062076 0.013163662515580654
v -0.08464032411575319 0.1344939321279526 0.013163662515580654
v -0.08480193465948106 0.13574847579002383 0.013163662515580654
v -0.08465859293937684 0.13700522482395175 0.013163662515580654
v -0.08421867340803148 0.1381911784410477 0.013163662515580654
v -0.08350772410631181 0.13923737406730655 0.013163662515580654
v -0.0825670436024666 0.1400830298662186 0.013163662515580654
v -0.08145133405923845 0.14067898690700534 0.013163662515580654
v -0.0802254155278206 0.14099062979221347 0.013163662515580654
v -0.07896054536104204 0.14099983870983127 0.013163662515580654
v -0.07773022353649141 0.14070606231689456 0.013163662515580654
v -0.07786210626363756 0.14035052061080935 0.0134019386023283
v -0.0790035128593445 0.14062306284904483 0.0134019386023283
v -0.0801769718527794 0.14061452448368075 0.0134019386023283
v -0.08131429553031923 0.14032541215419772 0.0134019386023283
v -0.08234935998916627 0.1397725194692612 0.0134019386023283
v -0.08322205394506456 0.13898797333240512 0.0134019386023283
v -0.08388162404298784 0.13801738619804385 0.0134019386023283
v -0.08428975194692613 0.1369171589612961 0.0134019386023283
v -0.08442272245883943 0.1357512325048447 0.0134019386023283
v -0.08427280187606813 0.13458736240863803 0.0134019386023283
v -0.08384871482849122 0.13349319994449618 0.0134019386023283
v -0.07800912857055665 0.13995420932769778 0.013549855910241604
v -0.07905141264200212 0.14020305871963504 0.013549855910241604
v -0.0801229625940323 0.14019528031349185 0.013549855910241604
v -0.08116151392459871 0.13993124663829806 0.013549855910241604
v -0.08210670202970506 0.1394263803958893 0.013549855910241604
v -0.08290360122919084 0.1387099623680115 0.013549855910241604
v -0.08350589871406557 0.13782367110252383 0.013549855910241604
v -0.08387858420610429 0.13681899011135104 0.013549855910241604
v -0.08400001376867296 0.13575430214405063 0.013549855910241604
v -0.08386310935020448 0.13469150662422183 0.013549855910241604
v -0.08347584307193757 0.13369235396385196 0.013549855910241604
v -0.044037740677595145 0.08730408549308778 0.011599999852478504
v -0.04398706182837487 0.08734964579343797 0.012117638252675533
v -0.043838482350111015 0.08748323470354082 0.012600000016391277
v -0.043602112680673606 0.08769572526216508 0.013014213182032108
v -0.04329407587647439 0.08797263354063035 0.01333205122500658
v -0.04293536022305489 0.0882951244711876 0.013531852513551712
v -0.041074946522712714 0.08622568100690843 0.015086214989423752
v -0.04072879254817963 0.08661489933729173 0.015121951699256897
v -0.04107021540403367 0.08699468523263933 0.014489579014480114
v -0.04150714352726937 0.08748070895671846 0.014006278477609158
v -0.04201138764619828 0.08804160356521608 0.013703234493732452
v -0.04131992533802987 0.08577667921781541 0.01498144119977951
v -0.04144703224301339 0.08529849350452424 0.014814771711826324
v -0.041447602212429054 0.08482372015714647 0.014597561210393906
v -0.04132159799337388 0.08438470214605333 0.014344614930450916
v -0.041077610105276115 0.08401136100292207 0.014073171652853489
v -0.041632425040006645 0.08462851494550706 0.013045565225183964
v -0.0423424355685711 0.08541829884052278 0.012260203249752522
v -0.04316183179616929 0.08632976561784746 0.011767757125198841
v -0.04319834336638451 0.0864723101258278 0.012268695048987865
v -0.04313101246953011 0.08669627457857133 0.012735496275126934
v -0.042964417487382896 0.08698637038469316 0.013136347755789757
v -0.04270992055535317 0.08732284605503084 0.013443930074572563
v -0.04238485917448998 0.08768276870250703 0.013637285679578781
v -0.042460516095161445 0.08565158396959306 0.01271212100982666
v -0.04246919229626656 0.08596009016036989 0.01313324086368084
v -0.0423678681254387 0.08632279932498933 0.013494865037500858
v -0.042163453996181495 0.08671498298645021 0.013772348873317242
v -0.04186987504363061 0.08710992336273195 0.013946783728897572
v -0.04182118549942971 0.08494041860103609 0.013419303111732006
v -0.041895721107721336 0.08532219380140306 0.013767572119832039
v -0.04185095429420472 0.08574780076742174 0.014066637493669987
v -0.0416899360716343 0.08618826419115068 0.01429611723870039
v -0.04142364114522935 0.08661355078220369 0.014440375380218029
v -0.07509308308362962 0.1397979557514191 0.009100000374019146
v -0.07618270814418794 0.14074921607971194 0.009100000374019146
v -0.07746832817792894 0.14141207933425906 0.009100000374019146
v -0.07887521386146547 0.14174799621105197 0.009100000374019146
v -0.08032162487506868 0.1417374759912491 0.009100000374019146
v -0.08172347396612169 0.14138111472129825 0.009100000374019146
v -0.08299930393695833 0.14069963991642 0.009100000374019146
v -0.08407497406005861 0.13973259925842288 0.009100000374019146
v -0.08488797396421434 0.13853625953197482 0.009100000374019146
v -0.08539102971553804 0.13718011975288394 0.009100000374019146
v -0.08555493503808977 0.1357429921627045 0.009100000374019146
v -0.08537013083696367 0.134308397769928 0.009100000374019146
v -0.0848473906517029 0.13295972347259524 0.009100000374019146
v -0.08401708304882051 0.13177533447742465 0.009100000374019146
v -0.035113744437694556 0.09532669931650165 0.011599999852478504
v -0.03516442328691483 0.09528113901615146 0.012117638252675533
v -0.03527063131332398 0.09518565982580188 0.012462424114346504
v -0.035313010215759284 0.0951475650072098 0.012600000016391277
v -0.0354481227695942 0.09502609074115756 0.012836777605116367
v -0.035681329667568214 0.09481643885374072 0.013150366023182869
v -0.035549376159906394 0.09493507444858554 0.013014213182032108
v -0.03595972061157227 0.09456617385149005 0.013389036990702152
v -0.03585741296410561 0.09465814381837848 0.01333205122500658
v -0.03627092763781548 0.09428640455007556 0.013541553169488907
v -0.036216132342815406 0.09433566033840182 0.013531852513551712
v -0.03515721112489701 0.09528762102127078 0.012043949216604233
v -0.03606205433607102 0.09339001029729845 0.013703234493732452
v -0.03555781394243241 0.09282911568880083 0.014006278477609158
v -0.03512088209390641 0.0923430919647217 0.014489579014480114
v -0.03477945551276208 0.0919633060693741 0.015121951699256897
v -0.04075752198696137 0.08365531265735628 0.014666019938886166
v -0.040347900241613395 0.0831996724009514 0.015119113959372044
v -0.039875172078609473 0.08267382532358171 0.015403218567371368
v -0.03932637348771096 0.08215079456567766 0.015943948179483414
v -0.03936984017491341 0.08211171627044679 0.015500000678002834
v -0.03921295329928399 0.08225275576114656 0.016362423077225685
v -0.03931916132569314 0.08215728402137758 0.01601763814687729
v -0.03903546184301377 0.08241232484579088 0.016736775636672974
v -0.039170574396848686 0.08229086548089982 0.016499999910593033
v -0.038802254945039756 0.08262196928262712 0.01705036498606205
v -0.038934212177991874 0.0825033485889435 0.016914213076233864
v -0.0385238640010357 0.08287224173545839 0.017289036884903908
v -0.038626175373792655 0.08278027176856996 0.017232051119208336
v -0.040195312350988395 0.08602148294448854 0.01611003279685974
v -0.039512611925601966 0.08526207506656648 0.016865190118551254
v -0.038724727928638465 0.08438567072153093 0.017338695004582405
v -0.03821265697479249 0.08315201848745347 0.017441552132368088
v -0.03826745599508286 0.08310275524854661 0.017431851476430893
v -0.0378825068473816 0.08344881981611253 0.017500000074505806
v -0.03909819945693017 0.08402683585882188 0.017272746190428734
v -0.03942326083779336 0.08366691321134569 0.017079390585422516
v -0.03967776149511338 0.0833304449915886 0.01677180640399456
v -0.0398443527519703 0.08304033428430559 0.016370955854654312
v -0.039911687374115 0.08281638473272325 0.015904156491160393
v -0.0398753434419632 0.08489128947257997 0.01680569350719452
v -0.04016892239451409 0.08449634909629823 0.01663125865161419
v -0.040373332798480994 0.08410416543483736 0.016353774815797806
v -0.04047465696930886 0.08374145627021791 0.01599215157330036
v -0.04046598076820374 0.08343295007944108 0.015571032650768757
v -0.040548738092184074 0.0856403484940529 0.016060831025242805
v -0.040815036743879325 0.08521506190299989 0.015916572883725166
v -0.040976054966449744 0.08477459847927095 0.015687091276049614
v -0.04102081805467606 0.08434898406267168 0.015388027764856815
v -0.04094628244638444 0.0839672237634659 0.015039758756756783
v -0.03435571491718293 0.09226622432470323 0.015086214989423752
v -0.033883262425661094 0.09246218204498292 0.01498144119977951
v -0.03339429199695588 0.09253785014152528 0.014814771711826324
v -0.03292213380336762 0.09248805046081544 0.014597561210393906
v -0.0342378355562687 0.09435237199068072 0.011767757125198841
v -0.03341843932867051 0.09344091266393663 0.012260203249752522
v -0.032708432525396354 0.09265112876892091 0.013045565225183964
v -0.03249895945191384 0.0923161953687668 0.014344614930450916
v -0.03215361014008523 0.09203397482633592 0.014073171652853489
v -0.03437571227550507 0.09440380334854129 0.012268695048987865
v -0.03460554406046868 0.09436060488224032 0.012735496275126934
v -0.034911680966615684 0.09422573447227481 0.013136347755789757
v -0.0352732539176941 0.09400836378335956 0.013443930074572563
v -0.03299854695796967 0.09287191182374956 0.013419303111732006
v -0.033370252698659904 0.09298652410507204 0.013767572119832039
v -0.03379821777343751 0.09298716485500337 0.014066637493669987
v -0.034253273159265525 0.09287377446889879 0.01429611723870039
v -0.03470440953969956 0.09265409409999849 0.014440375380218029
v -0.03363787755370141 0.09358308464288713 0.01271212100982666
v -0.03394372388720513 0.09362443536520006 0.01313324086368084
v -0.034315131604671485 0.09356214851140977 0.013494865037500858
v -0.03472678735852242 0.09340049326419832 0.013772348873317242
v -0.03515064343810082 0.09315047413110734 0.013946783728897572
v -0.0356656275689602 0.09372331202030183 0.013637285679578781
v -0.03424597904086114 0.0913698896765709 0.01611003279685974
v -0.033563282340765006 0.09061048179864885 0.016865190118551254
v -0.032775402069091804 0.08973408490419389 0.017338695004582405
v -0.03193317726254464 0.0887972339987755 0.017500000074505806
v -0.017161998897790912 0.057408694177865996 0.015500000678002834
v -0.01712470874190331 0.057442218065261855 0.015945041552186012
v -0.017014706507325176 0.057541109621524825 0.01636776700615883
v -0.016837511211633686 0.057700406759977355 0.01674698106944561
v -0.016602002084255222 0.05791212618350984 0.01706366240978241
v -0.016319995746016506 0.058165650814771666 0.01730193756520748
v -0.01600562781095505 0.05844826251268388 0.01744985580444336
v -0.015674665570259098 0.05874579772353174 0.017500000074505806
v -0.0304965227842331 0.09008876979351045 0.01601763814687729
v -0.030445842072367675 0.09013433009386064 0.015500000678002834
v -0.030951175838708885 0.09069643914699556 0.015403218567371368
v -0.031423904001712806 0.09122227877378465 0.015119113959372044
v -0.03183352574706078 0.09167793393135072 0.014666019938886166
v -0.030645107850432403 0.0899551883339882 0.016499999910593033
v -0.030881471931934364 0.08974270522594453 0.016914213076233864
v -0.03118951059877873 0.08946577459573747 0.017232051119208336
v -0.03154822438955308 0.08914329111576082 0.017431851476430893
v -0.03382950648665429 0.0916808918118477 0.016060831025242805
v -0.03337837010622025 0.091900572180748 0.015916572883725166
v -0.032923314720392234 0.09201395511627199 0.015687091276049614
v -0.03249535337090493 0.09201332181692125 0.015388027764856815
v -0.0321236439049244 0.09189870953559877 0.015039758756756783
v -0.03315610811114312 0.09093183279037477 0.01680569350719452
v -0.03273225575685502 0.09118185937404634 0.01663125865161419
v -0.03232059627771378 0.0913435146212578 0.016353774815797806
v -0.03194919228553773 0.09140579402446748 0.01599215157330036
v -0.031643345952034004 0.09136444330215455 0.015571032650768757
v -0.03237896785140038 0.09006737172603609 0.017272746190428734
v -0.03198659792542458 0.0903524234890938 0.017079390585422516
v -0.03162502124905587 0.09056979417800905 0.01677180640399456
v -0.031318884342908866 0.09070467203855516 0.016370955854654312
v -0.03108904883265496 0.09074787050485612 0.015904156491160393
v -0.008293583057820799 0.06538134068250658 0.01601533219218254
v -0.00827529188245535 0.06539778411388399 0.015945041552186012
v -0.008238001726567747 0.06543130427598955 0.015500000678002834
v -0.00844430457800627 0.06524584442377092 0.016494054347276688
v -0.008385293185710909 0.06529889255762102 0.01636776700615883
v -0.008562490344047548 0.06513959169387819 0.01674698106944561
v -0.008680243976414205 0.0650337338447571 0.016905320808291435
v -0.008797998540103437 0.064927875995636 0.01706366240978241
v -0.008986090309917929 0.06475878506898881 0.017222587019205093
v -0.009080004878342153 0.06467435508966447 0.01730193756520748
v -0.009342100471258165 0.06443873047828676 0.017425259575247765
v -0.009394371882081034 0.06439173966646196 0.01744985580444336
v -0.009725334122776987 0.0640942007303238 0.017500000074505806
v -0.009171794168651106 0.06330461055040361 0.017500000074505806
v -0.008823299780488016 0.062405493110418334 0.017500000074505806
v -0.00870010629296303 0.061449103057384505 0.017500000074505806
v -0.008809370920062067 0.060491017997264876 0.017500000074505806
v -0.009144745767116548 0.059586923569440856 0.017500000074505806
v -0.009686738252639772 0.05878936126828195 0.017500000074505806
v -0.010403851047158243 0.05814468488097192 0.017500000074505806
v -0.011254407465457918 0.057690352201461806 0.017500000074505806
v -0.012188977561891082 0.05745278298854829 0.017500000074505806
v -0.013153245672583583 0.05744576081633569 0.017500000074505806
v -0.014091171324253086 0.05766971409320833 0.017500000074505806
v -0.014948249794542793 0.05811162292957307 0.017500000074505806
v -0.007407691329717638 0.06424691528081895 0.015500000678002834
v -0.0068849502131342905 0.06289824098348619 0.015500000678002834
v -0.006700158584862949 0.0614636540412903 0.015500000678002834
v -0.00686405645683408 0.060026526451110854 0.015500000678002834
v -0.0073671182617545145 0.05867038667201997 0.015500000678002834
v -0.00818010699003935 0.057474043220281615 0.015500000678002834
v -0.009255776181817056 0.056507024914026274 0.015500000678002834
v -0.010531610809266569 0.05582553148269655 0.015500000678002834
v -0.011933465488255027 0.05546916648745538 0.015500000678002834
v -0.013379867188632492 0.05545864254236223 0.015500000678002834
v -0.014786757528781894 0.05579457059502603 0.015500000678002834
v -0.016072373837232593 0.05645743012428285 0.015500000678002834
v -0.015198389999568466 0.05774352699518205 0.01744985580444336
v -0.015435988083481792 0.05739389359951021 0.01730193756520748
v -0.01564912870526314 0.0570802502334118 0.01706366240978241
v -0.015961050987243656 0.056621246039867415 0.01636776700615883
v -0.01604418829083443 0.05649890378117563 0.015945041552186012
v -0.01476931851357222 0.05584158375859262 0.015945041552186012
v -0.013374185189604763 0.05550846457481386 0.015945041552186012
v -0.011939871124923233 0.05551890283823015 0.015945041552186012
v -0.010549733415246012 0.055872283875942244 0.015945041552186012
v -0.009284561499953272 0.05654808506369592 0.015945041552186012
v -0.008217881433665754 0.0575070232152939 0.015945041552186012
v -0.0074116871692240256 0.058693367987871184 0.015945041552186012
v -0.0069128302857279795 0.060038175433874144 0.015945041552186012
v -0.006750301457941534 0.061463292688131346 0.015945041552186012
v -0.006933548487722875 0.06288588792085649 0.015945041552186012
v -0.007451920304447414 0.06422328948974611 0.015945041552186012
v -0.0075823920778930205 0.06415360420942308 0.01636776700615883
v -0.007076906971633436 0.06284943968057634 0.01636776700615883
v -0.006898215971887113 0.06146221235394479 0.01636776700615883
v -0.007056703325361015 0.06007252633571626 0.01636776700615883
v -0.0075431587174534815 0.058761153370142 0.01636776700615883
v -0.008329310454428198 0.057604301720857634 0.01636776700615883
v -0.00936947111040354 0.056669205427169814 0.01636776700615883
v -0.010603190399706365 0.0560102052986622 0.01636776700615883
v -0.01195876952260733 0.05566560477018358 0.01636776700615883
v -0.013357424177229408 0.05565543100237848 0.01636776700615883
v -0.01471787225455046 0.05598027259111406 0.01636776700615883
v -0.0158271249383688 0.05681832134723665 0.01674698106944561
v -0.0146350022405386 0.056203667074441924 0.01674698106944561
v -0.013330425135791305 0.055892169475555434 0.01674698106944561
v -0.011989210732281212 0.055901926010847106 0.01674698106944561
v -0.010689302347600462 0.05623237788677217 0.01674698106944561
v -0.009506249800324442 0.05686431005597116 0.01674698106944561
v -0.008508807048201563 0.057761006057262435 0.01674698106944561
v -0.007754940539598467 0.058870345354080214 0.01674698106944561
v -0.007288462948054077 0.06012786552309991 0.01674698106944561
v -0.0071364841423928755 0.06146047636866571 0.01674698106944561
v -0.007307837251573803 0.06279074400663377 0.01674698106944561
v -0.007792562711983921 0.06404133886098863 0.01674698106944561
v -0.008071893826127054 0.06389213353395463 0.01706366240978241
v -0.007614758331328632 0.06271271407604219 0.01706366240978241
v -0.00745315942913294 0.06145817413926126 0.01706366240978241
v -0.007596487179398538 0.06020141392946245 0.01706366240978241
v -0.008036413230001928 0.059015471488237395 0.01706366240978241
v -0.008747369050979616 0.057969275861978545 0.01706366240978241
v -0.009688038378953935 0.057123620063066496 0.01706366240978241
v -0.010803752578794958 0.056527655571699156 0.01706366240978241
v -0.012029667384922508 0.056216016411781325 0.01706366240978241
v -0.01329454127699137 0.056206814944744124 0.01706366240978241
v -0.014524862170219425 0.056500580161809935 0.01706366240978241
v -0.014392975717782978 0.05685612186789514 0.01730193756520748
v -0.013251571916043762 0.056583583354949965 0.01730193756520748
v -0.01207811385393143 0.05659212172031404 0.01730193756520748
v -0.010940798558294775 0.05688123777508737 0.01730193756520748
v -0.00990572012960911 0.057434130460023894 0.01730193756520748
v -0.009033035486936571 0.05821866542100908 0.01730193756520748
v -0.008373462595045568 0.059189252555370345 0.01730193756520748
v -0.007965330965816976 0.060289483517408385 0.01730193756520748
v -0.007832361385226251 0.0614554136991501 0.01730193756520748
v -0.007982281036674978 0.06261929124593736 0.01730193756520748
v -0.008406378328800203 0.0637134611606598 0.01730193756520748
v -0.014245954342186454 0.0572524555027485 0.01744985580444336
v -0.013203673064708713 0.057003587484359755 0.01744985580444336
v -0.012132120318710807 0.05701138079166414 0.01744985580444336
v -0.011093569919466974 0.05727539211511613 0.01744985580444336
v -0.010148379951715471 0.05778026953339578 0.01744985580444336
v -0.009351482614874842 0.05849667638540269 0.01744985580444336
v -0.00874918606132269 0.05938297510147096 0.01744985580444336
v -0.00837649777531624 0.06038765981793405 0.01744985580444336
v -0.008255076594650747 0.06145234033465387 0.01744985580444336
v -0.00839197635650635 0.06251513957977296 0.01744985580444336
v -0.008779244497418405 0.06351429224014284 0.01744985580444336
v -0.017161998897790912 0.057408694177865996 0.01205000001937151
v -0.016072373837232593 0.05645743012428285 0.01205000001937151
v -0.014786757528781894 0.05579457059502603 0.01205000001937151
v -0.013379867188632492 0.05545864254236223 0.01205000001937151
v -0.011933465488255027 0.05546916648745538 0.01205000001937151
v -0.010531610809266569 0.05582553148269655 0.01205000001937151
v -0.009255776181817056 0.056507024914026274 0.01205000001937151
v -0.00818010699003935 0.057474043220281615 0.01205000001937151
v -0.0073671182617545145 0.05867038667201997 0.01205000001937151
v -0.00686405645683408 0.060026526451110854 0.01205000001937151
v -0.006700158584862949 0.0614636540412903 0.01205000001937151
v -0.0068849502131342905 0.06289824098348619 0.01205000001937151
v -0.007407691329717638 0.06424691528081895 0.01205000001937151
v -0.008238001726567747 0.06543130427598955 0.01205000001937151
v -0.012249307706952099 0.06989330053329469 0.01205000001937151
v -0.021173303946852687 0.06187069416046144 0.01205000001937151
v -0.021703951060771946 0.06246096268296243 0.012149999849498272
v -0.012779952026903633 0.07048357278108598 0.012149999849498272
v -0.01470565237104893 0.06365100294351579 0.017500000074505806
v -0.014059886336326603 0.06409408152103425 0.017500000074505806
v -0.02378639020025731 0.07423593103885652 0.017500000074505806
v -0.023645680397748954 0.07453034818172456 0.017500000074505806
v -0.015214737504720691 0.0630558803677559 0.017500000074505806
v -0.02399850822985173 0.0739879608154297 0.017500000074505806
v -0.025669885799288757 0.07584713399410249 0.017500000074505806
v -0.0254008173942566 0.07603174448013307 0.017500000074505806
v -0.029803350567817695 0.08092892915010454 0.017500000074505806
v -0.02358596213161946 0.07485115528106691 0.017500000074505806
v -0.01177072431892157 0.06427244842052461 0.017500000074505806
v -0.024267578497529037 0.07380334287881853 0.017500000074505806
v -0.015695765614509586 0.06157934293150903 0.017500000074505806
v -0.015552445314824585 0.062349274754524245 0.017500000074505806
v -0.015374081209301952 0.060060113668441786 0.017500000074505806
v -0.015634927898645404 0.0607985518872738 0.017500000074505806
v -0.013629276305437091 0.05856755375862123 0.017500000074505806
v -0.012859344482421878 0.0584242343902588 0.017500000074505806
v -0.029662635177373893 0.08122335374355318 0.017500000074505806
v -0.012540656141936782 0.06441576778888704 0.017500000074505806
v -0.013321446254849437 0.06435493379831315 0.017500000074505806
v -0.01493099890649319 0.05941434577107431 0.017500000074505806
v -0.014335879124701027 0.0589052625000477 0.017500000074505806
v -0.010185263119637968 0.05978412181138994 0.017500000074505806
v -0.010694347321987154 0.05918900296092035 0.017500000074505806
v -0.025882003828883178 0.07559916377067567 0.017500000074505806
v -0.030284535139799125 0.08049634099006654 0.017500000074505806
v -0.03059221990406514 0.08038765937089921 0.017500000074505806
v -0.030015468597412116 0.08068095892667772 0.017500000074505806
v -0.02960291877388955 0.08154415339231492 0.017500000074505806
v -0.025093134492635734 0.076140433549881 0.017500000074505806
v -0.0098475543782115 0.0604907236993313 0.017500000074505806
v -0.009704235009849073 0.06126065552234651 0.017500000074505806
v -0.030917551368474967 0.08036230504512788 0.017500000074505806
v -0.026082433760166175 0.07498393952846528 0.017500000074505806
v -0.02602271735668183 0.07530475407838823 0.017500000074505806
v -0.025948397815227515 0.07435092329978944 0.017500000074505806
v -0.02605708502233029 0.0746586099267006 0.017500000074505806
v -0.02490059100091458 0.07366931438446046 0.017500000074505806
v -0.025221396237611778 0.07372902333736421 0.017500000074505806
v -0.012078553438186649 0.058485072106122984 0.017500000074505806
v -0.011340113356709482 0.058745920658111586 0.017500000074505806
v -0.029921574518084533 0.08244623243808748 0.017500000074505806
v -0.029736956581473357 0.08217716217041017 0.017500000074505806
v -0.03153277188539506 0.08056274056434633 0.017500000074505806
v -0.02371999807655812 0.07548416405916215 0.017500000074505806
v -0.023611310869455344 0.07517648488283159 0.017500000074505806
v -0.024152580648660667 0.07596535235643388 0.017500000074505806
v -0.023904614150524146 0.07575323432683946 0.017500000074505806
v -0.024767804890871055 0.07616578042507173 0.017500000074505806
v -0.024446999654173858 0.07610606402158739 0.017500000074505806
v -0.02576377987861634 0.07408186048269273 0.017500000074505806
v -0.02551581338047982 0.07386974245309831 0.017500000074505806
v -0.00976507179439068 0.06204144656658174 0.017500000074505806
v -0.010025919415056707 0.06277988851070405 0.017500000074505806
v -0.010469000786542894 0.06342565268278123 0.017500000074505806
v -0.0245752613991499 0.0736946612596512 0.017500000074505806
v -0.030169541016221053 0.0826583504676819 0.017500000074505806
v -0.031686842441558845 0.08254012465476991 0.017500000074505806
v -0.031417775899171836 0.08272474259138109 0.017500000074505806
v -0.03203967586159707 0.08199774473905565 0.017500000074505806
v -0.031898960471153266 0.08229216188192369 0.017500000074505806
v -0.03207404166460038 0.08135161548852922 0.017500000074505806
v -0.03209939226508141 0.0816769450902939 0.017500000074505806
v -0.031780742108821876 0.08077485859394075 0.017500000074505806
v -0.011064121499657633 0.06393473595380784 0.017500000074505806
v -0.030784763395786292 0.08285877853631975 0.017500000074505806
v -0.030463956296443946 0.0827990621328354 0.017500000074505806
v -0.03196535632014275 0.08104392141103746 0.017500000074505806
v -0.031110091134905822 0.08283343166112901 0.017500000074505806
v -0.029628269374370582 0.0818694829940796 0.017500000074505806
v -0.031238352879881866 0.08042202144861223 0.017500000074505806
v -0.02551581338047982 0.07386974245309831 0.012149999849498272
v -0.02576377987861634 0.07408186048269273 0.012149999849498272
v -0.025221396237611778 0.07372902333736421 0.012149999849498272
v -0.02490059100091458 0.07366931438446046 0.012149999849498272
v -0.0245752613991499 0.0736946612596512 0.012149999849498272
v -0.024267578497529037 0.07380334287881853 0.012149999849498272
v -0.02399850822985173 0.0739879608154297 0.012149999849498272
v -0.02378639020025731 0.07423593103885652 0.012149999849498272
v -0.023645680397748954 0.07453034818172456 0.012149999849498272
v -0.02358596213161946 0.07485115528106691 0.012149999849498272
v -0.023611310869455344 0.07517648488283159 0.012149999849498272
v -0.02371999807655812 0.07548416405916215 0.012149999849498272
v -0.023904614150524146 0.07575323432683946 0.012149999849498272
v -0.024152580648660667 0.07596535235643388 0.012149999849498272
v -0.024446999654173858 0.07610606402158739 0.012149999849498272
v -0.024767804890871055 0.07616578042507173 0.012149999849498272
v -0.025093134492635734 0.076140433549881 0.012149999849498272
v -0.0254008173942566 0.07603174448013307 0.012149999849498272
v -0.025669885799288757 0.07584713399410249 0.012149999849498272
v -0.025882003828883178 0.07559916377067567 0.012149999849498272
v -0.02602271735668183 0.07530475407838823 0.012149999849498272
v -0.026082433760166175 0.07498393952846528 0.012149999849498272
v -0.02605708502233029 0.0746586099267006 0.012149999849498272
v -0.025948397815227515 0.07435092329978944 0.012149999849498272
v -0.030015468597412116 0.08068095892667772 0.012149999849498272
v -0.029803350567817695 0.08092892915010454 0.012149999849498272
v -0.030284535139799125 0.08049634099006654 0.012149999849498272
v -0.030917551368474967 0.08036230504512788 0.012149999849498272
v -0.029662635177373893 0.08122335374355318 0.012149999849498272
v -0.03059221990406514 0.08038765937089921 0.012149999849498272
v -0.026155164465308196 0.0853615626692772 0.012149999849498272
v -0.02960291877388955 0.08154415339231492 0.012149999849498272
v -0.029628269374370582 0.0818694829940796 0.012149999849498272
v -0.029724761843681342 0.08215252310037614 0.012149999849498272
v -0.035079162567853935 0.07733896374702455 0.012149999849498272
v -0.031238352879881866 0.08042202144861223 0.012149999849498272
v -0.03150956332683564 0.08054800331592561 0.012149999849498272
v -0.031531106680631645 0.08056486397981645 0.01214886549860239
v -0.03172463178634644 0.0807163789868355 0.012138673104345798
v -0.031776648014783866 0.08077829331159593 0.012128698639571667
v -0.03188258409500123 0.08090439438819887 0.012108380906283855
v -0.03196535632014275 0.08104392141103746 0.012078316882252693
v -0.03198294714093209 0.08107994496822359 0.012069769203662872
v -0.03207404166460038 0.08135161548852922 0.011997847817838192
v -0.03209939226508141 0.0816769450902939 0.011902546510100365
v -0.0320628546178341 0.08191759884357454 0.011833101511001587
v -0.03197927400469781 0.08214892446994783 0.011774225160479546
v -0.03203456476330758 0.08199590444564821 0.011813171207904816
v -0.031801454722881324 0.08242259919643403 0.011727477423846722
v -0.031898960471153266 0.08229216188192369 0.01174543984234333
v -0.031558670103549964 0.08264104276895524 0.011727400124073029
v -0.031686842441558845 0.08254012465476991 0.011721281334757805
v -0.031266622245311744 0.08278948068618776 0.011774268932640553
v -0.031417775899171836 0.08272474259138109 0.01174543984234333
v -0.031036967411637313 0.08283913135528566 0.011831920593976974
v -0.031110091134905822 0.08283343166112901 0.011811443604528904
v -0.030784763395786292 0.08285877853631975 0.011902546510100365
v -0.030463956296443946 0.0827990621328354 0.011997847817838192
v -0.03020348213613034 0.0826796740293503 0.012069769203662872
v -0.03003939054906369 0.08256109058856965 0.01210842002183199
v -0.030171062797307975 0.08265624195337297 0.012077405117452145
v -0.02982050739228726 0.08231784403324129 0.012144533917307854
v -0.029921574518084533 0.08244623243808748 0.012130802497267723
v -0.029736956581473357 0.08217716217041017 0.012149890884757042
v -0.02782778441905976 0.08722211420536043 0.010945167392492294
v -0.027489034458994872 0.086845301091671 0.011451860889792442
v -0.03641303256154061 0.07882269471883775 0.011451860889792442
v -0.028082663193345077 0.08750563114881517 0.010338428430259228
v -0.03675178065896035 0.07919951528310777 0.010945167392492294
v -0.02824088744819165 0.0876816362142563 0.009662067517638206
v -0.037006661295890815 0.07948302477598192 0.010338428430259228
v -0.028294526040554054 0.08774130046367647 0.008950000628829002
v -0.03716488555073739 0.07965902239084245 0.009662067517638206
v -0.026631217449903495 0.08589110523462297 0.012069769203662872
v -0.02708339877426625 0.0863940939307213 0.011833101511001587
v -0.03600739687681199 0.07837148010730745 0.011833101511001587
v -0.035555213689804084 0.07786849886178972 0.012069769203662872
v -0.03721852228045464 0.07971869409084321 0.008950000628829002
v -0.028294526040554054 0.08774130046367647 -0.008950000628829002
v -0.03721852228045464 0.07971869409084321 -0.008950000628829002
v -0.010469000786542894 0.06342565268278123 0.015300000086426735
v -0.010025919415056707 0.06277988851070405 0.015300000086426735
v -0.00976507179439068 0.06204144656658174 0.015300000086426735
v -0.009704235009849073 0.06126065552234651 0.015300000086426735
v -0.0098475543782115 0.0604907236993313 0.015300000086426735
v -0.010185263119637968 0.05978412181138994 0.015300000086426735
v -0.010694347321987154 0.05918900296092035 0.015300000086426735
v -0.011340113356709482 0.058745920658111586 0.015300000086426735
v -0.012078553438186649 0.058485072106122984 0.015300000086426735
v -0.012859344482421878 0.0584242343902588 0.015300000086426735
v -0.013629276305437091 0.05856755375862123 0.015300000086426735
v -0.014335879124701027 0.0589052625000477 0.015300000086426735
v -0.01493099890649319 0.05941434577107431 0.015300000086426735
v -0.015374081209301952 0.060060113668441786 0.015300000086426735
v -0.015634927898645404 0.0607985518872738 0.015300000086426735
v -0.015695765614509586 0.06157934293150903 0.015300000086426735
v -0.015552445314824585 0.062349274754524245 0.015300000086426735
v -0.015214737504720691 0.0630558803677559 0.015300000086426735
v -0.01470565237104893 0.06365100294351579 0.015300000086426735
v -0.014059886336326603 0.06409408152103425 0.015300000086426735
v -0.013321446254849437 0.06435493379831315 0.015300000086426735
v -0.012540656141936782 0.06441576778888704 0.015300000086426735
v -0.01177072431892157 0.06427244842052461 0.015300000086426735
v -0.011064121499657633 0.06393473595380784 0.015300000086426735
v -0.012699999846518043 0.06142000108957292 0.015300000086426735
v -0.02824088744819165 0.0876816362142563 -0.009662067517638206
v -0.028082663193345077 0.08750563114881517 -0.010338428430259228
v -0.03716488555073739 0.07965902239084245 -0.009662067517638206
v -0.02782778441905976 0.08722211420536043 -0.010945167392492294
v -0.037006661295890815 0.07948302477598192 -0.010338428430259228
v -0.027489034458994872 0.086845301091671 -0.011451860889792442
v -0.03675178065896035 0.07919951528310777 -0.010945167392492294
v -0.035555213689804084 0.07786849886178972 -0.012069769203662872
v -0.03188244998455048 0.08090419322252275 -0.01210842002183199
v -0.031963095068931587 0.08104522526264192 -0.012077405117452145
v -0.035079162567853935 0.07733896374702455 -0.012149999849498272
v -0.031780742108821876 0.08077485859394075 -0.012130802497267723
v -0.03166379034519196 0.08066074550151826 -0.012144533917307854
v -0.03150956332683564 0.08054800331592561 -0.012149999849498272
v -0.03153277188539506 0.08056274056434633 -0.012149890884757042
v -0.03198294714093209 0.08107994496822359 -0.012069769203662872
v -0.03207404166460038 0.08135161548852922 -0.011997847817838192
v -0.03600739687681199 0.07837148010730745 -0.011833101511001587
v -0.03209939226508141 0.0816769450902939 -0.011902546510100365
v -0.02708339877426625 0.0863940939307213 -0.011833101511001587
v -0.031108800321817405 0.08282816410064699 -0.011813171207904816
v -0.03126682713627816 0.08278940618038179 -0.011774225160479546
v -0.031686842441558845 0.08254012465476991 -0.011721281334757805
v -0.031557817012071616 0.0826416239142418 -0.011727477423846722
v -0.031417775899171836 0.08272474259138109 -0.01174543984234333
v -0.03641303256154061 0.07882269471883775 -0.011451860889792442
v -0.0318007841706276 0.08242338150739671 -0.011727400124073029
v -0.03203967586159707 0.08199774473905565 -0.011811443604528904
v -0.03197936341166497 0.08214873075485231 -0.011774268932640553
v -0.031898960471153266 0.08229216188192369 -0.01174543984234333
v -0.032053098082542426 0.08192564547061922 -0.011831920593976974
v -0.026631217449903495 0.08589110523462297 -0.012069769203662872
v -0.030463956296443946 0.0827990621328354 -0.011997847817838192
v -0.03102793730795384 0.0828479826450348 -0.011833101511001587
v -0.030784763395786292 0.08285877853631975 -0.011902546510100365
v -0.026155164465308196 0.0853615626692772 -0.012149999849498272
v -0.02982050739228726 0.08231784403324129 -0.012144533917307854
v -0.029738511890172965 0.08217626065015794 -0.012149215675890446
v -0.03003914654254914 0.08256088197231294 -0.012108472175896168
v -0.03020348213613034 0.0826796740293503 -0.012069769203662872
v -0.030169541016221053 0.0826583504676819 -0.012078316882252693
v -0.029921574518084533 0.08244623243808748 -0.012130802497267723
v -0.029724761843681342 0.08215252310037614 -0.012149999849498272
v -0.029921574518084533 0.08244623243808748 -0.017500000074505806
v -0.029736956581473357 0.08217716217041017 -0.017500000074505806
v -0.030169541016221053 0.0826583504676819 -0.017500000074505806
v -0.030463956296443946 0.0827990621328354 -0.017500000074505806
v -0.031110091134905822 0.08283343166112901 -0.017500000074505806
v -0.030784763395786292 0.08285877853631975 -0.017500000074505806
v -0.031417775899171836 0.08272474259138109 -0.017500000074505806
v -0.031686842441558845 0.08254012465476991 -0.017500000074505806
v -0.031898960471153266 0.08229216188192369 -0.017500000074505806
v -0.03203967586159707 0.08199774473905565 -0.017500000074505806
v -0.03209939226508141 0.0816769450902939 -0.017500000074505806
v -0.03196535632014275 0.08104392141103746 -0.017500000074505806
v -0.03207404166460038 0.08135161548852922 -0.017500000074505806
v -0.031780742108821876 0.08077485859394075 -0.017500000074505806
v -0.03153277188539506 0.08056274056434633 -0.017500000074505806
v -0.031238352879881866 0.08042202144861223 -0.017500000074505806
v -0.030917551368474967 0.08036230504512788 -0.017500000074505806
v -0.031238352879881866 0.08042202144861223 -0.012149999849498272
v -0.03059221990406514 0.08038765937089921 -0.017500000074505806
v -0.030917551368474967 0.08036230504512788 -0.012149999849498272
v -0.030284535139799125 0.08049634099006654 -0.017500000074505806
v -0.03059221990406514 0.08038765937089921 -0.012149999849498272
v -0.030015468597412116 0.08068095892667772 -0.017500000074505806
v -0.030284535139799125 0.08049634099006654 -0.012149999849498272
v -0.029803350567817695 0.08092892915010454 -0.017500000074505806
v -0.030015468597412116 0.08068095892667772 -0.012149999849498272
v -0.029662635177373893 0.08122335374355318 -0.017500000074505806
v -0.029803350567817695 0.08092892915010454 -0.012149999849498272
v -0.02960291877388955 0.08154415339231492 -0.017500000074505806
v -0.029662635177373893 0.08122335374355318 -0.012149999849498272
v -0.029628269374370582 0.0818694829940796 -0.017500000074505806
v -0.02960291877388955 0.08154415339231492 -0.012149999849498272
v -0.029628269374370582 0.0818694829940796 -0.012149999849498272
v -0.025882003828883178 0.07559916377067567 -0.012149999849498272
v -0.025669885799288757 0.07584713399410249 -0.012149999849498272
v -0.0254008173942566 0.07603174448013307 -0.012149999849498272
v -0.025948397815227515 0.07435092329978944 -0.012149999849498272
v -0.02605708502233029 0.0746586099267006 -0.012149999849498272
v -0.021703951060771946 0.06246096268296243 -0.012149999849498272
v -0.02576377987861634 0.07408186048269273 -0.012149999849498272
v -0.025093134492635734 0.076140433549881 -0.012149999849498272
v -0.026082433760166175 0.07498393952846528 -0.012149999849498272
v -0.02602271735668183 0.07530475407838823 -0.012149999849498272
v -0.024767804890871055 0.07616578042507173 -0.012149999849498272
v -0.012779952026903633 0.07048357278108598 -0.012149999849498272
v -0.02371999807655812 0.07548416405916215 -0.012149999849498272
v -0.023611310869455344 0.07517648488283159 -0.012149999849498272
v -0.023904614150524146 0.07575323432683946 -0.012149999849498272
v -0.024446999654173858 0.07610606402158739 -0.012149999849498272
v -0.02490059100091458 0.07366931438446046 -0.012149999849498272
v -0.025221396237611778 0.07372902333736421 -0.012149999849498272
v -0.02378639020025731 0.07423593103885652 -0.012149999849498272
v -0.02399850822985173 0.0739879608154297 -0.012149999849498272
v -0.024152580648660667 0.07596535235643388 -0.012149999849498272
v -0.02551581338047982 0.07386974245309831 -0.012149999849498272
v -0.024267578497529037 0.07380334287881853 -0.012149999849498272
v -0.0245752613991499 0.0736946612596512 -0.012149999849498272
v -0.02358596213161946 0.07485115528106691 -0.012149999849498272
v -0.023645680397748954 0.07453034818172456 -0.012149999849498272
v -0.02551581338047982 0.07386974245309831 -0.017500000074505806
v -0.02576377987861634 0.07408186048269273 -0.017500000074505806
v -0.025221396237611778 0.07372902333736421 -0.017500000074505806
v -0.02490059100091458 0.07366931438446046 -0.017500000074505806
v -0.0245752613991499 0.0736946612596512 -0.017500000074505806
v -0.024267578497529037 0.07380334287881853 -0.017500000074505806
v -0.02399850822985173 0.0739879608154297 -0.017500000074505806
v -0.02378639020025731 0.07423593103885652 -0.017500000074505806
v -0.023645680397748954 0.07453034818172456 -0.017500000074505806
v -0.02358596213161946 0.07485115528106691 -0.017500000074505806
v -0.023611310869455344 0.07517648488283159 -0.017500000074505806
v -0.02371999807655812 0.07548416405916215 -0.017500000074505806
v -0.023904614150524146 0.07575323432683946 -0.017500000074505806
v -0.024152580648660667 0.07596535235643388 -0.017500000074505806
v -0.024446999654173858 0.07610606402158739 -0.017500000074505806
v -0.024767804890871055 0.07616578042507173 -0.017500000074505806
v -0.025093134492635734 0.076140433549881 -0.017500000074505806
v -0.0254008173942566 0.07603174448013307 -0.017500000074505806
v -0.025669885799288757 0.07584713399410249 -0.017500000074505806
v -0.025882003828883178 0.07559916377067567 -0.017500000074505806
v -0.02602271735668183 0.07530475407838823 -0.017500000074505806
v -0.026082433760166175 0.07498393952846528 -0.017500000074505806
v -0.02605708502233029 0.0746586099267006 -0.017500000074505806
v -0.025948397815227515 0.07435092329978944 -0.017500000074505806
v -0.012249307706952099 0.06989330053329469 -0.01205000001937151
v -0.021173303946852687 0.06187069416046144 -0.01205000001937151
v -0.0073671182617545145 0.05867038667201997 -0.01205000001937151
v -0.00686405645683408 0.060026526451110854 -0.01205000001937151
v -0.006700158584862949 0.0614636540412903 -0.01205000001937151
v -0.0068849502131342905 0.06289824098348619 -0.01205000001937151
v -0.00818010699003935 0.057474043220281615 -0.01205000001937151
v -0.007407691329717638 0.06424691528081895 -0.01205000001937151
v -0.011933465488255027 0.05546916648745538 -0.01205000001937151
v -0.010531610809266569 0.05582553148269655 -0.01205000001937151
v -0.017161998897790912 0.057408694177865996 -0.01205000001937151
v -0.016072373837232593 0.05645743012428285 -0.01205000001937151
v -0.009255776181817056 0.056507024914026274 -0.01205000001937151
v -0.014786757528781894 0.05579457059502603 -0.01205000001937151
v -0.013379867188632492 0.05545864254236223 -0.01205000001937151
v -0.008238001726567747 0.06543130427598955 -0.01205000001937151
v -0.017161998897790912 0.057408694177865996 -0.015500000678002834
v -0.016072373837232593 0.05645743012428285 -0.015500000678002834
v -0.014786757528781894 0.05579457059502603 -0.015500000678002834
v -0.013379867188632492 0.05545864254236223 -0.015500000678002834
v -0.011933465488255027 0.05546916648745538 -0.015500000678002834
v -0.010531610809266569 0.05582553148269655 -0.015500000678002834
v -0.009255776181817056 0.056507024914026274 -0.015500000678002834
v -0.00818010699003935 0.057474043220281615 -0.015500000678002834
v -0.0073671182617545145 0.05867038667201997 -0.015500000678002834
v -0.00686405645683408 0.060026526451110854 -0.015500000678002834
v -0.006700158584862949 0.0614636540412903 -0.015500000678002834
v -0.0068849502131342905 0.06289824098348619 -0.015500000678002834
v -0.007407691329717638 0.06424691528081895 -0.015500000678002834
v -0.008238001726567747 0.06543130427598955 -0.015500000678002834
v -0.008281467482447626 0.06539223343133928 -0.015943948179483414
v -0.008288681507110597 0.06538574397563936 -0.01601763814687729
v -0.017118534073233608 0.05744777247309686 -0.015943948179483414
v -0.008394888602197172 0.06529026478528978 -0.016362423077225685
v -0.008437267504632475 0.0652521699666977 -0.016499999910593033
v -0.017005112022161487 0.057549733668565764 -0.016362423077225685
v -0.017111318185925487 0.057454254478216185 -0.01601763814687729
v -0.008572379127144815 0.06513070315122606 -0.016736775636672974
v -0.008673631586134435 0.06503967940807344 -0.016914213076233864
v -0.01682762056589127 0.05770930275321008 -0.016736775636672974
v -0.016962733119726184 0.057587832212448134 -0.016499999910593033
v -0.008805585093796255 0.06492105126380922 -0.01705036498606205
v -0.00898166745901108 0.06476275622844697 -0.017232051119208336
v -0.016594415530562404 0.057918947190046324 -0.01705036498606205
v -0.016726369038224224 0.0578003227710724 -0.016914213076233864
v -0.009083978831768038 0.06467077881097795 -0.017289036884903908
v -0.009340384043753149 0.06444027274847032 -0.017431851476430893
v -0.016316020861268047 0.05816922336816789 -0.017289036884903908
v -0.016418332234025005 0.058077245950698866 -0.017232051119208336
v -0.009395183995366098 0.06439100205898286 -0.017441552132368088
v -0.009171794168651106 0.06330461055040361 -0.017500000074505806
v -0.009725334122776987 0.0640942007303238 -0.017500000074505806
v -0.008823299780488016 0.062405493110418334 -0.017500000074505806
v -0.00870010629296303 0.061449103057384505 -0.017500000074505806
v -0.008809370920062067 0.060491017997264876 -0.017500000074505806
v -0.009144745767116548 0.059586923569440856 -0.017500000074505806
v -0.009686738252639772 0.05878936126828195 -0.017500000074505806
v -0.010403851047158243 0.05814468488097192 -0.017500000074505806
v -0.011254407465457918 0.057690352201461806 -0.017500000074505806
v -0.012188977561891082 0.05745278298854829 -0.017500000074505806
v -0.013153245672583583 0.05744576081633569 -0.017500000074505806
v -0.014091171324253086 0.05766971409320833 -0.017500000074505806
v -0.014948249794542793 0.05811162292957307 -0.017500000074505806
v -0.016004815697669986 0.05844899266958238 -0.017441552132368088
v -0.01605961658060551 0.05839973315596582 -0.017431851476430893
v -0.015674665570259098 0.05874579772353174 -0.017500000074505806
v -0.01523919310420752 0.05768348276615144 -0.017431851476430893
v -0.01427120249718428 0.057184390723705306 -0.017431851476430893
v -0.013211898505687717 0.056931462138891234 -0.017431851476430893
v -0.012122845277190212 0.056939382106065764 -0.017431851476430893
v -0.011067334562540056 0.05720770359039308 -0.017431851476430893
v -0.010106706991791727 0.057720825076103224 -0.017431851476430893
v -0.009296793490648271 0.058448933064937605 -0.017431851476430893
v -0.008684661239385607 0.059349711984395995 -0.017431851476430893
v -0.008305886760354044 0.06037080287933351 -0.017431851476430893
v -0.00818248186260462 0.06145287305116655 -0.017431851476430893
v -0.008321617729961874 0.06253302842378618 -0.017431851476430893
v -0.008715210482478144 0.06354849785566331 -0.017431851476430893
v -0.015510310418903831 0.05728452652692796 -0.017232051119208336
v -0.008289742283523084 0.06377576291561128 -0.017232051119208336
v -0.00785412546247244 0.06265186518430711 -0.017232051119208336
v -0.007700132206082346 0.0614563822746277 -0.017232051119208336
v -0.00783671345561743 0.060258772224187865 -0.017232051119208336
v -0.008255932480096819 0.05912865698337556 -0.017232051119208336
v -0.008933423087000849 0.05813170224428178 -0.017232051119208336
v -0.009829814545810224 0.0573258548974991 -0.017232051119208336
v -0.010893010534346105 0.056757941842079176 -0.017232051119208336
v -0.012061221525073055 0.05646097287535669 -0.017232051119208336
v -0.01326655596494675 0.05645220354199411 -0.017232051119208336
v -0.01443896442651749 0.05673214420676233 -0.017232051119208336
v -0.015743125230073932 0.05694193020462991 -0.016914213076233864
v -0.01458302512764931 0.05634378641843797 -0.016914213076233864
v -0.013313490897417072 0.05604065582156183 -0.016914213076233864
v -0.012008302845060829 0.05605015158653261 -0.016914213076233864
v -0.010743313468992712 0.056371726095676436 -0.016914213076233864
v -0.009592039510607721 0.056986682116985335 -0.016914213076233864
v -0.00862138904631138 0.057859290391206755 -0.016914213076233864
v -0.007887773215770723 0.058938834816217436 -0.016914213076233864
v -0.007433826103806497 0.06016257405281068 -0.016914213076233864
v -0.007285929750651123 0.06145939230918886 -0.016914213076233864
v -0.0074526802636683005 0.06275391578674318 -0.016914213076233864
v -0.007924384437501432 0.0639709234237671 -0.016914213076233864
v -0.015921769663691524 0.05667904764413835 -0.016499999910593033
v -0.007644036319106819 0.06412067264318468 -0.016499999910593033
v -0.007144639734178783 0.06283222138881685 -0.016499999910593033
v -0.006968101020902397 0.0614617019891739 -0.016499999910593033
v -0.007124679163098337 0.06008875742554666 -0.016499999910593033
v -0.00760527513921261 0.058793179690837874 -0.016499999910593033
v -0.00838195811957121 0.05765026435256006 -0.016499999910593033
v -0.009409590624272825 0.05672642961144449 -0.016499999910593033
v -0.010628447867929937 0.056075368076562895 -0.016499999910593033
v -0.011967697180807594 0.05573492124676706 -0.016499999910593033
v -0.013349505141377453 0.05572486668825151 -0.016499999910593033
v -0.01469356752932072 0.056045792996883406 -0.016499999910593033
v -0.01603406853973866 0.05651379376649858 -0.01601763814687729
v -0.01476305536925793 0.05585846677422525 -0.01601763814687729
v -0.013372145593166355 0.05552635341882707 -0.01601763814687729
v -0.011942171491682533 0.055536754429340376 -0.01601763814687729
v -0.01055624056607485 0.05588907375931741 -0.01601763814687729
v -0.00929489638656378 0.056562826037406935 -0.01601763814687729
v -0.00823144428431988 0.05751886218786241 -0.01601763814687729
v -0.007427689153701069 0.05870161578059198 -0.01601763814687729
v -0.006930341478437187 0.06004235520958902 -0.01601763814687729
v -0.006768305320292713 0.0614631548523903 -0.01601763814687729
v -0.006950997747480871 0.06288145482540132 -0.01601763814687729
v -0.007467801216989757 0.06421481072902681 -0.01601763814687729
v -0.03936984017491341 0.08211171627044679 -0.015500000678002834
v -0.03933255001902581 0.08214524388313295 -0.015945041552186012
v -0.03922254592180253 0.08224413543939592 -0.01636776700615883
v -0.03904535248875619 0.08240342885255815 -0.01674698106944561
v -0.03880984336137772 0.08261515200138093 -0.01706366240978241
v -0.03852783516049386 0.08286867290735246 -0.01730193756520748
v -0.03821346908807755 0.08315128833055498 -0.01744985580444336
v -0.0378825068473816 0.08344881981611253 -0.017500000074505806
v -0.030445842072367675 0.09013433009386064 -0.015500000678002834
v -0.0306027289479971 0.08999329060316087 -0.016362423077225685
v -0.0304965227842331 0.09008876979351045 -0.01601763814687729
v -0.03048930689692498 0.09009525179862977 -0.015943948179483414
v -0.030780220404267318 0.08983372151851655 -0.016736775636672974
v -0.030645107850432403 0.0899551883339882 -0.016499999910593033
v -0.031013427302241332 0.08962408453226091 -0.01705036498606205
v -0.030881471931934364 0.08974270522594453 -0.016914213076233864
v -0.03129182010889054 0.08937380462884904 -0.017289036884903908
v -0.03118951059877873 0.08946577459573747 -0.017232051119208336
v -0.03154822438955308 0.08914329111576082 -0.017431851476430893
v -0.03160302713513375 0.08909403532743455 -0.017441552132368088
v -0.03193317726254464 0.0887972339987755 -0.017500000074505806
v -0.011064121499657633 0.06393473595380784 -0.017500000074505806
v -0.010469000786542894 0.06342565268278123 -0.017500000074505806
v -0.010025919415056707 0.06277988851070405 -0.017500000074505806
v -0.00976507179439068 0.06204144656658174 -0.017500000074505806
v -0.009704235009849073 0.06126065552234651 -0.017500000074505806
v -0.0098475543782115 0.0604907236993313 -0.017500000074505806
v -0.010185263119637968 0.05978412181138994 -0.017500000074505806
v -0.010694347321987154 0.05918900296092035 -0.017500000074505806
v -0.011340113356709482 0.058745920658111586 -0.017500000074505806
v -0.012078553438186649 0.058485072106122984 -0.017500000074505806
v -0.012859344482421878 0.0584242343902588 -0.017500000074505806
v -0.014335879124701027 0.0589052625000477 -0.017500000074505806
v -0.01493099890649319 0.05941434577107431 -0.017500000074505806
v -0.013629276305437091 0.05856755375862123 -0.017500000074505806
v -0.01470565237104893 0.06365100294351579 -0.017500000074505806
v -0.015214737504720691 0.0630558803677559 -0.017500000074505806
v -0.015634927898645404 0.0607985518872738 -0.017500000074505806
v -0.015552445314824585 0.062349274754524245 -0.017500000074505806
v -0.015695765614509586 0.06157934293150903 -0.017500000074505806
v -0.015374081209301952 0.060060113668441786 -0.017500000074505806
v -0.015700001269578937 0.06142000108957292 -0.017500000074505806
v -0.012540656141936782 0.06441576778888704 -0.017500000074505806
v -0.013321446254849437 0.06435493379831315 -0.017500000074505806
v -0.01177072431892157 0.06427244842052461 -0.017500000074505806
v -0.014059886336326603 0.06409408152103425 -0.017500000074505806
v -0.038724727928638465 0.08438567072153093 -0.017338695004582405
v -0.032775402069091804 0.08973408490419389 -0.017338695004582405
v -0.039512611925601966 0.08526207506656648 -0.016865190118551254
v -0.033563282340765006 0.09061048179864885 -0.016865190118551254
v -0.040195312350988395 0.08602148294448854 -0.01611003279685974
v -0.03424597904086114 0.0913698896765709 -0.01611003279685974
v -0.04072879254817963 0.08661489933729173 -0.015121951699256897
v -0.03477945551276208 0.0919633060693741 -0.015121951699256897
v -0.039875172078609473 0.08267382532358171 -0.015403218567371368
v -0.040347900241613395 0.0831996724009514 -0.015119113959372044
v -0.04075752198696137 0.08365531265735628 -0.014666019938886166
v -0.041077610105276115 0.08401136100292207 -0.014073171652853489
v -0.04131538420915604 0.08438764512538911 -0.014343406073749065
v -0.04129366204142571 0.08432669937610628 -0.014306546188890934
v -0.041424300521612174 0.08469326049089433 -0.014528220519423485
v -0.04143535345792771 0.08529881387948991 -0.014810108579695225
v -0.04146297276020051 0.08509268611669542 -0.014727075584232807
v -0.04140773788094521 0.08550493419170381 -0.014893141575157642
v -0.04106947779655457 0.08622304350137712 -0.015082759782671928
v -0.041261371225118644 0.08590934425592424 -0.015018090605735779
v -0.04103120788931847 0.08628561347723009 -0.015095656737685204
v -0.040503080934286124 0.08569815009832384 -0.01607382856309414
v -0.04074902459979058 0.08533943444490434 -0.015967030078172684
v -0.04092081636190415 0.08496329933404924 -0.015794994309544563
v -0.041009839624166496 0.08458863943815233 -0.015566347166895866
v -0.04101162776350976 0.08423422276973726 -0.015292554162442684
v -0.04092609137296677 0.08391783386468889 -0.014987342990934849
v -0.03982722386717797 0.08494636416435243 -0.01682141236960888
v -0.040093366056680686 0.08461010456085206 -0.016692273318767548
v -0.040297690778970725 0.08427016437053682 -0.016484251245856285
v -0.04042995348572732 0.08394360542297365 -0.016207773238420486
v -0.0404835194349289 0.0836467817425728 -0.015876706689596176
v -0.040455702692270286 0.08339459449052812 -0.015507652424275875
v -0.039047244936227805 0.08407874405384065 -0.01729017123579979
v -0.039336696267128 0.08376841247081758 -0.017147023230791092
v -0.03957857191562653 0.08347025513648988 -0.016916435211896896
v -0.039760731160640723 0.0831991955637932 -0.01660996861755848
v -0.039874050766229636 0.0829688385128975 -0.016242990270256996
v -0.03991284593939782 0.08279073983430864 -0.0158339012414217
v -0.04201138764619828 0.08804160356521608 -0.013703234493732452
v -0.04288055747747422 0.08834439516067506 -0.013541553169488907
v -0.04293536022305489 0.0882951244711876 -0.013531852513551712
v -0.04150714352726937 0.08748070895671846 -0.014006278477609158
v -0.04107021540403367 0.08699468523263933 -0.014489579014480114
v -0.04319176450371743 0.08806461095809938 -0.013389036990702152
v -0.04329407587647439 0.08797263354063035 -0.01333205122500658
v -0.04347015917301179 0.08781433850526811 -0.013150366023182869
v -0.043602112680673606 0.08769572526216508 -0.013014213182032108
v -0.0437033660709858 0.08760469406843187 -0.012836777605116367
v -0.043838482350111015 0.08748323470354082 -0.012600000016391277
v -0.04388085752725602 0.08744512498378755 -0.012462424114346504
v -0.04398706182837487 0.08734964579343797 -0.012117638252675533
v -0.04399427771568299 0.08734316378831865 -0.012043949216604233
v -0.04316183179616929 0.08632976561784746 -0.011767757125198841
v -0.044037740677595145 0.08730408549308778 -0.011599999852478504
v -0.0423424355685711 0.08541829884052278 -0.012260203249752522
v -0.041632425040006645 0.08462851494550706 -0.013045565225183964
v -0.04255041107535363 0.08864118903875352 -0.01360000018030405
v -0.0416899360716343 0.08618826419115068 -0.01429611723870039
v -0.04142364114522935 0.08661355078220369 -0.014440375380218029
v -0.04319834336638451 0.0864723101258278 -0.012268695048987865
v -0.04182118549942971 0.08494041860103609 -0.013419303111732006
v -0.041895721107721336 0.08532219380140306 -0.013767572119832039
v -0.04313101246953011 0.08669627457857133 -0.012735496275126934
v -0.042964417487382896 0.08698637038469316 -0.013136347755789757
v -0.04185095429420472 0.08574780076742174 -0.014066637493669987
v -0.04270992055535317 0.08732284605503084 -0.013443930074572563
v -0.042460516095161445 0.08565158396959306 -0.01271212100982666
v -0.04246919229626656 0.08596009016036989 -0.01313324086368084
v -0.0423678681254387 0.08632279932498933 -0.013494865037500858
v -0.042163453996181495 0.08671498298645021 -0.013772348873317242
v -0.04186987504363061 0.08710992336273195 -0.013946783728897572
v -0.04238485917448998 0.08768276870250703 -0.013637285679578781
v -0.03249895945191384 0.0923161953687668 -0.014344614930450916
v -0.03215361014008523 0.09203397482633592 -0.014073171652853489
v -0.03183352574706078 0.09167793393135072 -0.014666019938886166
v -0.031423904001712806 0.09122227877378465 -0.015119113959372044
v -0.030951175838708885 0.09069643914699556 -0.015403218567371368
v -0.03292213380336762 0.09248805046081544 -0.014597561210393906
v -0.03339429199695588 0.09253785014152528 -0.014814771711826324
v -0.033883262425661094 0.09246218204498292 -0.01498144119977951
v -0.03435571491718293 0.09226622432470323 -0.015086214989423752
v -0.03237896785140038 0.09006737172603609 -0.017272746190428734
v -0.03198659792542458 0.0903524234890938 -0.017079390585422516
v -0.03162502124905587 0.09056979417800905 -0.01677180640399456
v -0.031318884342908866 0.09070467203855516 -0.016370955854654312
v -0.03108904883265496 0.09074787050485612 -0.015904156491160393
v -0.03315610811114312 0.09093183279037477 -0.01680569350719452
v -0.03273225575685502 0.09118185937404634 -0.01663125865161419
v -0.03232059627771378 0.0913435146212578 -0.016353774815797806
v -0.03194919228553773 0.09140579402446748 -0.01599215157330036
v -0.031643345952034004 0.09136444330215455 -0.015571032650768757
v -0.03382950648665429 0.0916808918118477 -0.016060831025242805
v -0.03337837010622025 0.091900572180748 -0.015916572883725166
v -0.032923314720392234 0.09201395511627199 -0.015687091276049614
v -0.03249535337090493 0.09201332181692125 -0.015388027764856815
v -0.0321236439049244 0.09189870953559877 -0.015039758756756783
v -0.03512088209390641 0.0923430919647217 -0.014489579014480114
v -0.03555781394243241 0.09282911568880083 -0.014006278477609158
v -0.03606205433607102 0.09339001029729845 -0.013703234493732452
v -0.03660107776522637 0.0939895957708359 -0.01360000018030405
v -0.08401708304882051 0.13177533447742465 -0.011599999852478504
v -0.08397362381219865 0.1318144202232361 -0.012043949216604233
v -0.08396640419960023 0.13182090222835544 -0.012117638252675533
v -0.08386019617319108 0.13191637396812442 -0.012462424114346504
v -0.08381782472133638 0.13195447623729709 -0.012600000016391277
v -0.08368270099163057 0.13207593560218814 -0.012836777605116367
v -0.08358145505189897 0.13216696679592135 -0.013014213182032108
v -0.08344950526952745 0.13228560984134677 -0.013150366023182869
v -0.08327341824769975 0.13244388997554782 -0.01333205122500658
v -0.08317111432552339 0.13253585994243625 -0.013389036990702152
v -0.08291470259428026 0.13276638090610507 -0.013531852513551712
v -0.08285989612340929 0.13281564414501193 -0.013541553169488907
v -0.0825297459959984 0.13311246037483218 -0.01360000018030405
v -0.03627092763781548 0.09428640455007556 -0.013541553169488907
v -0.03595972061157227 0.09456617385149005 -0.013389036990702152
v -0.036216132342815406 0.09433566033840182 -0.013531852513551712
v -0.035681329667568214 0.09481643885374072 -0.013150366023182869
v -0.03585741296410561 0.09465814381837848 -0.01333205122500658
v -0.0354481227695942 0.09502609074115756 -0.012836777605116367
v -0.035549376159906394 0.09493507444858554 -0.013014213182032108
v -0.03527063131332398 0.09518565982580188 -0.012462424114346504
v -0.035313010215759284 0.0951475650072098 -0.012600000016391277
v -0.032708432525396354 0.09265112876892091 -0.013045565225183964
v -0.03341843932867051 0.09344091266393663 -0.012260203249752522
v -0.0342378355562687 0.09435237199068072 -0.011767757125198841
v -0.03515721112489701 0.09528762102127078 -0.012043949216604233
v -0.03516442328691483 0.09528113901615146 -0.012117638252675533
v -0.035113744437694556 0.09532669931650165 -0.011599999852478504
v -0.03437571227550507 0.09440380334854129 -0.012268695048987865
v -0.03460554406046868 0.09436060488224032 -0.012735496275126934
v -0.034911680966615684 0.09422573447227481 -0.013136347755789757
v -0.0352732539176941 0.09400836378335956 -0.013443930074572563
v -0.0356656275689602 0.09372331202030183 -0.013637285679578781
v -0.03363787755370141 0.09358308464288713 -0.01271212100982666
v -0.03394372388720513 0.09362443536520006 -0.01313324086368084
v -0.034315131604671485 0.09356214851140977 -0.013494865037500858
v -0.03472678735852242 0.09340049326419832 -0.013772348873317242
v -0.03515064343810082 0.09315047413110734 -0.013946783728897572
v -0.03299854695796967 0.09287191182374956 -0.013419303111732006
v -0.033370252698659904 0.09298652410507204 -0.013767572119832039
v -0.03379821777343751 0.09298716485500337 -0.014066637493669987
v -0.034253273159265525 0.09287377446889879 -0.01429611723870039
v -0.03470440953969956 0.09265409409999849 -0.014440375380218029
v -0.07509308308362962 0.1397979557514191 -0.011599999852478504
v -0.07524996995925905 0.13965691626071933 -0.012462424114346504
v -0.0751437619328499 0.1397523880004883 -0.012117638252675533
v -0.07513654977083208 0.13975887000560763 -0.012043949216604233
v -0.07542746514081956 0.1394973397254944 -0.012836777605116367
v -0.07529234886169435 0.13961881399154666 -0.012600000016391277
v -0.07566066831350328 0.13928771018981936 -0.013150366023182869
v -0.07552871108055116 0.1394063234329224 -0.013014213182032108
v -0.07583675533533098 0.13912940025329593 -0.01333205122500658
v -0.07593905925750734 0.1390374302864075 -0.013389036990702152
v -0.07619547098875047 0.13880690932273868 -0.013531852513551712
v -0.07625027000904085 0.13875764608383181 -0.013541553169488907
v -0.07658042013645174 0.13846084475517276 -0.01360000018030405
v -0.07681581377983095 0.136366680264473 -0.01360000018030405
v -0.07768314331769945 0.1337043792009354 -0.01360000018030405
v -0.07720800489187242 0.13425981998443606 -0.01360000018030405
v -0.0782858580350876 0.13329084217548373 -0.01360000018030405
v -0.08108190447092058 0.13343955576419833 -0.01360000018030405
v -0.0835549756884575 0.1357575356960297 -0.01360000018030405
v -0.08344571292400361 0.13671562075614932 -0.01360000018030405
v -0.08221736550331117 0.13665397465229037 -0.01360000018030405
v -0.08190216869115831 0.13731347024440768 -0.01360000018030405
v -0.08185122907161714 0.13906195759773257 -0.01360000018030405
v -0.08100067824125291 0.13951630890369418 -0.01360000018030405
v -0.08082430809736253 0.13828244805336 -0.01360000018030405
v -0.08013509958982469 0.1385259181261063 -0.01360000018030405
v -0.0791018381714821 0.1397608816623688 -0.01360000018030405
v -0.07816391438245775 0.13953693211078647 -0.01360000018030405
v -0.07868776470422746 0.13844892382621768 -0.01360000018030405
v -0.07802826166152955 0.1381337344646454 -0.01360000018030405
v -0.07730684429407121 0.13909502327442172 -0.01360000018030405
v -0.07747282087802888 0.1376585811376572 -0.01360000018030405
v -0.07675903290510179 0.13563792407512668 -0.01360000018030405
v -0.07689280062913896 0.13491931557655337 -0.01360000018030405
v -0.07897507399320604 0.13304737210273745 -0.01360000018030405
v -0.08042240887880327 0.13312436640262607 -0.01360000018030405
v -0.07970381528139116 0.1329905986785889 -0.01360000018030405
v -0.08163735270500184 0.13391470909118655 -0.01360000018030405
v -0.0820508897304535 0.1345174163579941 -0.01360000018030405
v -0.08308329433202745 0.1339020282030106 -0.01360000018030405
v -0.08343178033828737 0.13480114936828616 -0.01360000018030405
v -0.08229435235261919 0.13520662486553195 -0.01360000018030405
v -0.08235113322734834 0.13593536615371707 -0.01360000018030405
v -0.08311033993959428 0.13761971890926364 -0.01360000018030405
v -0.08256835490465166 0.13841728866100314 -0.01360000018030405
v -0.08142702281475069 0.13786891102790835 -0.01360000018030405
v -0.08006611466407777 0.1397538632154465 -0.01360000018030405
v -0.07940635830163957 0.13858269155025485 -0.01360000018030405
v -0.07705928385257722 0.13705587387084964 -0.01360000018030405
v -0.07618270814418794 0.14074921607971194 -0.011599999852478504
v -0.07746832817792894 0.14141207933425906 -0.011599999852478504
v -0.07887521386146547 0.14174799621105197 -0.011599999852478504
v -0.08032162487506868 0.1417374759912491 -0.011599999852478504
v -0.08172347396612169 0.14138111472129825 -0.011599999852478504
v -0.08299930393695833 0.14069963991642 -0.011599999852478504
v -0.08407497406005861 0.13973259925842288 -0.011599999852478504
v -0.08488797396421434 0.13853625953197482 -0.011599999852478504
v -0.08539102971553804 0.13718011975288394 -0.011599999852478504
v -0.08555493503808977 0.1357429921627045 -0.011599999852478504
v -0.08537013083696367 0.134308397769928 -0.011599999852478504
v -0.0848473906517029 0.13295972347259524 -0.011599999852478504
v -0.08478727936744691 0.13299185037612918 -0.012117638252675533
v -0.08530408889055253 0.13432519137859347 -0.012117638252675533
v -0.0854867845773697 0.1357434839010239 -0.012117638252675533
v -0.08532474189996721 0.13716430962085727 -0.012117638252675533
v -0.08482739329338075 0.13850502669811252 -0.012117638252675533
v -0.0840236395597458 0.13968777656555179 -0.012117638252675533
v -0.08296018838882448 0.14064382016658786 -0.012117638252675533
v -0.08169884234666826 0.14131757616996768 -0.012117638252675533
v -0.08031291514635087 0.14166988432407382 -0.012117638252675533
v -0.07888294011354448 0.14168030023574832 -0.012117638252675533
v -0.07749202847480775 0.14134818315505984 -0.012117638252675533
v -0.07622101157903673 0.14069284498691562 -0.012117638252675533
v -0.08461105078458787 0.13308596611022952 -0.012600000016391277
v -0.07633331418037416 0.14052759110927585 -0.012600000016391277
v -0.07756152004003526 0.1411608457565308 -0.012600000016391277
v -0.07890557497739793 0.1414817720651627 -0.012600000016391277
v -0.08028738945722581 0.14147172868251803 -0.012600000016391277
v -0.08162663877010347 0.1411312818527222 -0.012600000016391277
v -0.08284549415111543 0.1404802203178406 -0.012600000016391277
v -0.08387312293052675 0.13955637812614444 -0.012600000016391277
v -0.08464980870485307 0.13841345906257632 -0.012600000016391277
v -0.08513040095567705 0.13711789250373843 -0.012600000016391277
v -0.085286982357502 0.1357449442148209 -0.012600000016391277
v -0.08511044085025789 0.13437442481517795 -0.012600000016391277
v -0.08433070033788682 0.1332357227802277 -0.013014213182032108
v -0.08480240404605867 0.13445273041725161 -0.013014213182032108
v -0.08496915549039842 0.13574725389480594 -0.013014213182032108
v -0.08482125401496889 0.1370440721511841 -0.013014213182032108
v -0.08436731249094011 0.13826783001422885 -0.013014213182032108
v -0.083633691072464 0.13934735953807834 -0.013014213182032108
v -0.08266304433345796 0.14021995663642886 -0.013014213182032108
v -0.0815117731690407 0.14083492755889895 -0.013014213182032108
v -0.08024678379297258 0.14115650951862338 -0.013014213182032108
v -0.07894159108400346 0.14116598665714267 -0.013014213182032108
v -0.07767206430435182 0.14086285233497622 -0.013014213182032108
v -0.0765119642019272 0.14026471972465518 -0.013014213182032108
v -0.08396533876657487 0.1334308832883835 -0.01333205122500658
v -0.07674477249383928 0.13992211222648623 -0.01333205122500658
v -0.07781612128019334 0.14047449827194217 -0.01333205122500658
v -0.07898852974176408 0.14075444638729098 -0.01333205122500658
v -0.08019386231899263 0.1407456696033478 -0.01333205122500658
v -0.0813620761036873 0.14044870436191562 -0.01333205122500658
v -0.08242527395486833 0.1398807913064957 -0.01333205122500658
v -0.08332166075706483 0.1390749365091324 -0.01333205122500658
v -0.08399914950132371 0.13807798922061923 -0.01333205122500658
v -0.08441837131977083 0.13694787025451663 -0.01333205122500658
v -0.08455495536327363 0.1357502639293671 -0.01333205122500658
v -0.08440095931291582 0.13455477356910708 -0.01333205122500658
v -0.08353987336158754 0.13365814089775088 -0.013531852513551712
v -0.08393346518278123 0.1346736401319504 -0.013531852513551712
v -0.08407260477542879 0.13575378060340884 -0.013531852513551712
v -0.08394919335842134 0.13683584332466128 -0.013531852513551712
v -0.08357042074203493 0.1378569304943085 -0.013531852513551712
v -0.08295828849077226 0.1387577056884766 -0.013531852513551712
v -0.08214837312698366 0.13948582112789157 -0.013531852513551712
v -0.08118775486946107 0.1399989426136017 -0.013531852513551712
v -0.08013223856687547 0.14026726782321933 -0.013531852513551712
v -0.07904319465160371 0.14027518033981326 -0.013531852513551712
v -0.07798387855291368 0.1400222480297089 -0.013531852513551712
v -0.07701589167118074 0.13952316343784335 -0.013531852513551712
v -0.07509308308362962 0.1397979557514191 -0.009100000374019146
v -0.07618270814418794 0.14074921607971194 -0.009100000374019146
v -0.07746832817792894 0.14141207933425906 -0.009100000374019146
v -0.07887521386146547 0.14174799621105197 -0.009100000374019146
v -0.08032162487506868 0.1417374759912491 -0.009100000374019146
v -0.08172347396612169 0.14138111472129825 -0.009100000374019146
v -0.08299930393695833 0.14069963991642 -0.009100000374019146
v -0.08407497406005861 0.13973259925842288 -0.009100000374019146
v -0.08488797396421434 0.13853625953197482 -0.009100000374019146
v -0.08539102971553804 0.13718011975288394 -0.009100000374019146
v -0.08555493503808977 0.1357429921627045 -0.009100000374019146
v -0.08537013083696367 0.134308397769928 -0.009100000374019146
v -0.0848473906517029 0.13295972347259524 -0.009100000374019146
v -0.08401708304882051 0.13177533447742465 -0.009100000374019146
v -0.010025919415056707 0.06277988851070405 -0.015300000086426735
v -0.010469000786542894 0.06342565268278123 -0.015300000086426735
v -0.00976507179439068 0.06204144656658174 -0.015300000086426735
v -0.009704235009849073 0.06126065552234651 -0.015300000086426735
v -0.0098475543782115 0.0604907236993313 -0.015300000086426735
v -0.010185263119637968 0.05978412181138994 -0.015300000086426735
v -0.010694347321987154 0.05918900296092035 -0.015300000086426735
v -0.011340113356709482 0.058745920658111586 -0.015300000086426735
v -0.012078553438186649 0.058485072106122984 -0.015300000086426735
v -0.012699999846518043 0.05842000246047975 -0.015300000086426735
v -0.012859344482421878 0.0584242343902588 -0.015300000086426735
v -0.013629276305437091 0.05856755375862123 -0.015300000086426735
v -0.014335879124701027 0.0589052625000477 -0.015300000086426735
v -0.01493099890649319 0.05941434577107431 -0.015300000086426735
v -0.015374081209301952 0.060060113668441786 -0.015300000086426735
v -0.015634927898645404 0.0607985518872738 -0.015300000086426735
v -0.015695765614509586 0.06157934293150903 -0.015300000086426735
v -0.015552445314824585 0.062349274754524245 -0.015300000086426735
v -0.015214737504720691 0.0630558803677559 -0.015300000086426735
v -0.01470565237104893 0.06365100294351579 -0.015300000086426735
v -0.014059886336326603 0.06409408152103425 -0.015300000086426735
v -0.013321446254849437 0.06435493379831315 -0.015300000086426735
v -0.012540656141936782 0.06441576778888704 -0.015300000086426735
v -0.01177072431892157 0.06427244842052461 -0.015300000086426735
v -0.011064121499657633 0.06393473595380784 -0.015300000086426735
v -0.012699999846518043 0.06142000108957292 -0.015300000086426735
v -0.08178348094224931 0.13465340435504916 -0.013300000689923763
v -0.08200085908174516 0.1352687776088715 -0.013300000689923763
v -0.08205155283212663 0.13591943681240085 -0.013300000689923763
v -0.08193212002515794 0.13656103610992434 -0.013300000689923763
v -0.08165070414543153 0.13714987039566043 -0.013300000689923763
v -0.08122646063566209 0.13764581084251407 -0.013300000689923763
v -0.08068832010030748 0.13801504671573642 -0.013300000689923763
v -0.08007295429706575 0.13823242485523227 -0.013300000689923763
v -0.07942229509353639 0.13828311860561374 -0.013300000689923763
v -0.0787806883454323 0.13816368579864505 -0.013300000689923763
v -0.07819185405969621 0.13788226246833804 -0.013300000689923763
v -0.07769591361284257 0.1374580264091492 -0.013300000689923763
v -0.07732668519020082 0.13691988587379458 -0.013300000689923763
v -0.07710931450128557 0.13630451261997226 -0.013300000689923763
v -0.0770586133003235 0.1356538534164429 -0.013300000689923763
v -0.07717804610729219 0.1350122541189194 -0.013300000689923763
v -0.0774594694375992 0.13442340493202212 -0.013300000689923763
v -0.07788370549678804 0.13392747938632968 -0.013300000689923763
v -0.07842184603214265 0.13355824351310733 -0.013300000689923763
v -0.07903721183538438 0.13334088027477267 -0.013300000689923763
v -0.07968787103891374 0.13329017162323 -0.013300000689923763
v -0.08032948523759843 0.1334096044301987 -0.013300000689923763
v -0.08091831207275392 0.1336910277605057 -0.013300000689923763
v -0.08141425251960756 0.13411526381969455 -0.013300000689923763
v -0.07955509424209596 0.13578663766384128 -0.013300000689923763
v -0.0687418505549431 0.1327331215143204 0.005900000222027302
v -0.0687418505549431 0.1327331215143204 -0.005900000222027302
v -0.068814754486084 0.13281419873237613 -0.006728220731019974
v -0.068814754486084 0.13281419873237613 0.006728220731019974
v -0.06902847439050676 0.13305194675922397 0.007500000298023224
v -0.06936845928430559 0.13343012332916263 0.008162742480635643
v -0.070881225168705 0.13511285185813907 -0.009100000374019146
v -0.07032750546932222 0.13449692726135257 -0.008990962989628315
v -0.07032750546932222 0.13449692726135257 0.008990962989628315
v -0.06981153041124345 0.13392297923564914 0.008671280927956104
v -0.06981153041124345 0.13392297923564914 -0.008671280927956104
v -0.06936845928430559 0.13343012332916263 -0.008162742480635643
v -0.070881225168705 0.13511285185813907 0.009100000374019146
v -0.06902847439050676 0.13305194675922397 -0.007500000298023224
v -0.07022919505834581 0.13139601051807406 -0.005900000222027302
v -0.07022919505834581 0.13139601051807406 0.005900000222027302
v -0.07030208408832551 0.13147710263729098 0.006728220731019974
v -0.07051580399274827 0.13171483576297763 0.007500000298023224
v -0.0708557888865471 0.13209302723407748 0.008162742480635643
v -0.07129887491464616 0.132585883140564 0.008671280927956104
v -0.07181484252214433 0.13315983116626742 0.008990962989628315
v -0.07236855477094652 0.13377575576305392 0.009100000374019146
v -0.07236855477094652 0.13377575576305392 -0.009100000374019146
v -0.07181484252214433 0.13315983116626742 -0.008990962989628315
v -0.07129887491464616 0.132585883140564 -0.008671280927956104
v -0.0708557888865471 0.13209302723407748 -0.008162742480635643
v -0.07051580399274827 0.13171483576297763 -0.007500000298023224
v -0.07030208408832551 0.13147710263729098 -0.006728220731019974
v -0.07256910949945451 0.1339988559484482 -0.009100000374019146
v -0.08000577986240388 0.1273133456707001 -0.009100000374019146
v -0.08000577986240388 0.1273133456707001 0.009100000374019146
v -0.07256910949945451 0.1339988559484482 0.009100000374019146
v -0.0720384642481804 0.13340857625007632 0.009200000204145908
v -0.07947513461112977 0.1267230808734894 0.009200000204145908
v -0.07002861797809602 0.13117291033267978 0.009200000204145908
v -0.0774652808904648 0.12448741495609286 0.009200000204145908
v -0.07947513461112977 0.1267230808734894 -0.009200000204145908
v -0.0720384642481804 0.13340857625007632 -0.009200000204145908
v -0.0774652808904648 0.12448741495609286 -0.009200000204145908
v -0.07002861797809602 0.13117291033267978 -0.009200000204145908
v -0.07532592117786409 0.1221076846122742 -0.006000000052154064
v -0.07532592117786409 0.1221076846122742 0.006000000052154064
v -0.07539882510900499 0.12218876183032992 0.0068282210268080235
v -0.07539882510900499 0.12218876183032992 -0.0068282210268080235
v -0.07691157609224321 0.12387149035930636 -0.009090962819755077
v -0.07639560103416444 0.12329754233360293 0.008771282620728016
v -0.07595252245664598 0.12280469387769702 0.00826274137943983
v -0.07639560103416444 0.12329754233360293 -0.008771282620728016
v -0.07561254501342775 0.12242650240659717 -0.007600000128149986
v -0.07595252245664598 0.12280469387769702 -0.00826274137943983
v -0.07561254501342775 0.12242650240659717 0.007600000128149986
v -0.07691157609224321 0.12387149035930636 0.009090962819755077
v -0.06947491317987443 0.13055700063705447 0.009090962819755077
v -0.06895893812179567 0.12998305261135104 0.008771282620728016
v -0.06796215474605562 0.12887427210807803 -0.0068282210268080235
v -0.06817587465047838 0.12911200523376468 -0.007600000128149986
v -0.06788925826549531 0.1287931799888611 -0.006000000052154064
v -0.06796215474605562 0.12887427210807803 0.0068282210268080235
v -0.0685158595442772 0.12949019670486453 0.00826274137943983
v -0.06947491317987443 0.13055700063705447 -0.009090962819755077
v -0.06788925826549531 0.1287931799888611 0.006000000052154064
v -0.06817587465047838 0.12911200523376468 0.007600000128149986
v -0.0685158595442772 0.12949019670486453 -0.00826274137943983
v -0.06895893812179567 0.12998305261135104 -0.008771282620728016
usemtl Cod_Gray
f 606 509 629
f 509 519 629
f 629 519 628
f 519 464 628
f 628 464 627
f 464 473 627
f 627 473 626
f 473 474 626
f 626 474 625
f 474 455 625
f 625 455 624
f 455 454 624
f 624 454 623
f 454 458 623
f 623 458 622
f 458 467 622
f 622 467 621
f 467 466 621
f 621 466 620
f 466 469 620
f 620 469 619
f 469 468 619
f 619 468 618
f 468 475 618
f 618 475 617
f 475 476 617
f 617 476 616
f 476 470 616
f 616 470 615
f 470 471 615
f 615 471 614
f 471 494 614
f 614 494 613
f 494 495 613
f 613 495 612
f 495 478 612
f 612 478 611
f 478 477 611
f 611 477 610
f 477 485 610
f 610 485 609
f 485 486 609
f 609 486 608
f 486 507 608
f 608 507 607
f 507 508 607
f 607 508 606
f 508 509 606
f 1223 1222 923
f 923 1222 916
f 1222 1221 916
f 916 1221 915
f 1221 1220 915
f 915 1220 917
f 1220 1219 917
f 917 1219 914
f 1219 1218 914
f 1218 1217 914
f 914 1217 913
f 1217 1216 913
f 913 1216 912
f 1216 1215 912
f 912 1215 911
f 1215 1214 911
f 911 1214 910
f 1214 1213 910
f 910 1213 909
f 1213 1212 909
f 909 1212 908
f 1212 1211 908
f 908 1211 907
f 1211 1210 907
f 907 1210 906
f 1210 1208 906
f 906 1208 905
f 1208 1209 905
f 905 1209 904
f 1209 1232 904
f 904 1232 927
f 1232 1231 927
f 927 1231 925
f 1231 1230 925
f 925 1230 926
f 1230 1229 926
f 926 1229 928
f 1229 1228 928
f 928 1228 918
f 1228 1227 918
f 918 1227 919
f 1227 1226 919
f 919 1226 921
f 1226 1225 921
f 921 1225 922
f 1225 1224 922
f 922 1224 924
f 1224 1223 924
f 924 1223 920
f 1223 923 920
f 1234 1111 1235
f 1111 1114 1235
f 1235 1114 1236
f 1114 1115 1236
f 1236 1115 1237
f 1115 1093 1237
f 1237 1093 1238
f 1093 1094 1238
f 1238 1094 1239
f 1094 1118 1239
f 1239 1118 1240
f 1118 1097 1240
f 1240 1097 1241
f 1097 1098 1241
f 1241 1098 1242
f 1098 1120 1242
f 1242 1120 1243
f 1120 1101 1243
f 1243 1101 1244
f 1101 1102 1244
f 1244 1102 1245
f 1102 1104 1245
f 1245 1104 1246
f 1104 1121 1246
f 1246 1121 1247
f 1121 1086 1247
f 1247 1086 1248
f 1086 1105 1248
f 1248 1105 1249
f 1105 1106 1249
f 1249 1106 1250
f 1106 1088 1250
f 1250 1088 1251
f 1088 1087 1251
f 1251 1087 1252
f 1087 1089 1252
f 1252 1089 1253
f 1089 1107 1253
f 1253 1107 1254
f 1107 1109 1254
f 1254 1109 1255
f 1109 1108 1255
f 1255 1108 1256
f 1108 1090 1256
f 1256 1090 1257
f 1090 1110 1257
f 1257 1110 1234
f 1110 1111 1234
f 14 27 15
f 27 28 15
f 15 28 16
f 28 29 16
f 16 29 17
f 29 30 17
f 17 30 18
f 30 31 18
f 18 31 19
f 31 32 19
f 19 32 20
f 32 33 20
f 20 33 21
f 33 34 21
f 21 34 22
f 34 35 22
f 22 35 23
f 35 36 23
f 23 36 24
f 36 37 24
f 24 37 1
f 37 38 1
f 1 38 2
f 38 39 2
f 2 39 3
f 39 40 3
f 3 40 4
f 40 41 4
f 4 41 5
f 41 42 5
f 5 42 6
f 42 43 6
f 6 43 7
f 43 44 7
f 7 44 8
f 44 45 8
f 8 45 9
f 45 46 9
f 9 46 10
f 46 47 10
f 10 47 11
f 47 48 11
f 11 48 12
f 48 49 12
f 12 49 13
f 49 26 13
f 13 26 14
f 26 27 14
f 505 527 490
f 527 549 490
f 490 549 491
f 549 548 491
f 491 548 488
f 548 547 488
f 488 547 489
f 547 546 489
f 489 546 479
f 546 545 479
f 479 545 460
f 545 544 460
f 460 544 461
f 544 543 461
f 461 543 484
f 543 542 484
f 484 542 503
f 542 541 503
f 503 541 504
f 541 540 504
f 504 540 501
f 540 539 501
f 501 539 502
f 539 538 502
f 502 538 499
f 538 537 499
f 499 537 500
f 537 536 500
f 500 536 463
f 536 535 463
f 463 535 457
f 535 534 457
f 457 534 456
f 534 533 456
f 456 533 459
f 533 532 459
f 459 532 465
f 532 531 465
f 465 531 510
f 531 530 510
f 510 530 492
f 530 529 492
f 492 529 493
f 529 528 493
f 493 528 506
f 528 526 506
f 506 526 505
f 526 527 505
f 713 734 710
f 734 756 710
f 710 756 711
f 756 755 711
f 711 755 715
f 755 754 715
f 715 754 716
f 754 753 716
f 716 753 707
f 753 752 707
f 707 752 708
f 752 751 708
f 708 751 709
f 751 750 709
f 709 750 714
f 750 749 714
f 714 749 717
f 749 748 717
f 717 748 722
f 748 747 722
f 722 747 727
f 747 746 727
f 727 746 721
f 746 745 721
f 721 745 719
f 745 744 719
f 719 744 720
f 744 743 720
f 720 743 731
f 743 742 731
f 731 742 732
f 742 741 732
f 732 741 725
f 741 740 725
f 725 740 726
f 740 739 726
f 726 739 729
f 739 738 729
f 729 738 730
f 738 737 730
f 730 737 723
f 737 736 723
f 723 736 724
f 736 735 724
f 724 735 728
f 735 733 728
f 728 733 713
f 733 734 713
f 675 704 706
f 706 704 705
f 704 702 705
f 705 702 703
f 702 700 703
f 703 700 701
f 700 698 701
f 701 698 699
f 698 696 699
f 699 696 697
f 696 694 697
f 697 694 695
f 694 692 695
f 695 692 693
f 692 690 693
f 693 690 691
f 690 689 691
f 691 689 644
f 689 688 644
f 644 688 645
f 645 688 643
f 688 687 643
f 643 687 642
f 642 687 639
f 687 685 639
f 639 685 640
f 640 685 646
f 685 686 646
f 646 686 647
f 686 684 647
f 647 684 649
f 649 684 661
f 684 683 661
f 661 683 658
f 658 683 659
f 683 682 659
f 659 682 660
f 660 682 657
f 682 681 657
f 657 681 653
f 653 681 654
f 681 680 654
f 654 680 655
f 655 680 652
f 680 678 652
f 652 678 651
f 651 678 664
f 678 679 664
f 664 679 665
f 679 677 665
f 665 677 663
f 676 674 672
f 672 669 676
f 669 671 676
f 676 671 677
f 671 670 677
f 677 670 663
f 706 673 675
f 673 668 675
f 675 668 674
f 668 667 674
f 674 667 672
f 496 588 587
f 496 587 497
f 588 496 585
f 496 511 585
f 585 511 586
f 586 511 584
f 511 521 584
f 584 521 583
f 521 520 583
f 583 520 582
f 582 520 580
f 520 523 580
f 580 523 581
f 581 523 578
f 523 513 578
f 578 513 579
f 579 513 576
f 513 512 576
f 576 512 577
f 577 512 574
f 512 515 574
f 574 515 575
f 575 515 572
f 515 514 572
f 572 514 573
f 573 514 571
f 514 517 571
f 571 517 570
f 517 516 570
f 570 516 569
f 522 567 516
f 567 568 516
f 516 568 569
f 518 498 563
f 563 564 518
f 564 565 518
f 518 565 522
f 565 566 522
f 522 566 567
f 587 589 497
f 589 559 497
f 497 559 524
f 559 558 524
f 524 558 483
f 558 557 483
f 483 557 472
f 557 554 472
f 472 554 462
f 554 551 462
f 462 551 482
f 551 550 482
f 482 550 480
f 550 552 480
f 480 552 481
f 552 555 481
f 481 555 487
f 555 553 487
f 487 553 525
f 553 561 525
f 525 561 498
f 561 562 498
f 498 562 563
f 1031 1030 1133
f 1134 1032 1031
f 1031 1133 1134
f 1133 1132 1134
f 1134 1132 1135
f 1132 1131 1135
f 1135 1131 1136
f 1131 1130 1136
f 1136 1130 1137
f 1130 1129 1137
f 1137 1129 1138
f 1129 1128 1138
f 1138 1128 1139
f 1128 1127 1139
f 1139 1127 1140
f 1127 1126 1140
f 1140 1126 1141
f 1126 1125 1141
f 1141 1125 1142
f 1125 1124 1142
f 1142 1124 1143
f 1124 1123 1143
f 1143 1123 1144
f 1123 1122 1144
f 1144 1122 1145
f 1122 1073 1076
f 1035 1034 1146
f 1034 1033 1146
f 1122 1076 1145
f 1076 1075 1145
f 1145 1075 1074
f 1074 1147 1145
f 1147 1148 1145
f 1145 1148 1144
f 1148 1149 1144
f 1144 1149 1143
f 1149 1150 1143
f 1143 1150 1142
f 1150 1151 1142
f 1142 1151 1141
f 1151 1152 1141
f 1141 1152 1140
f 1152 1153 1140
f 1140 1153 1139
f 1153 1154 1139
f 1139 1154 1138
f 1154 1155 1138
f 1138 1155 1137
f 1155 1156 1137
f 1137 1156 1136
f 1156 1157 1136
f 1136 1157 1135
f 1157 1146 1135
f 1135 1146 1134
f 1146 1033 1134
f 1134 1033 1032
f 1158 1036 1035
f 1035 1146 1158
f 1146 1157 1158
f 1158 1157 1159
f 1157 1156 1159
f 1159 1156 1160
f 1156 1155 1160
f 1160 1155 1161
f 1155 1154 1161
f 1161 1154 1162
f 1154 1153 1162
f 1162 1153 1163
f 1153 1152 1163
f 1163 1152 1164
f 1152 1151 1164
f 1164 1151 1165
f 1151 1150 1165
f 1165 1150 1166
f 1150 1149 1166
f 1166 1149 1167
f 1149 1148 1167
f 1167 1148 1168
f 1148 1147 1168
f 1168 1147 1169
f 1039 1038 1170
f 1038 1037 1170
f 1074 1078 1147
f 1078 1077 1147
f 1147 1077 1169
f 1077 1080 1169
f 1169 1080 1079
f 1079 1171 1169
f 1171 1172 1169
f 1169 1172 1168
f 1172 1173 1168
f 1168 1173 1167
f 1173 1174 1167
f 1167 1174 1166
f 1174 1175 1166
f 1166 1175 1165
f 1175 1176 1165
f 1165 1176 1164
f 1176 1177 1164
f 1164 1177 1163
f 1177 1178 1163
f 1163 1178 1162
f 1178 1179 1162
f 1162 1179 1161
f 1179 1180 1161
f 1161 1180 1160
f 1180 1181 1160
f 1160 1181 1159
f 1181 1170 1159
f 1159 1170 1158
f 1170 1037 1158
f 1158 1037 1036
f 1041 1040 1182
f 1040 1039 1182
f 1039 1170 1182
f 1170 1181 1182
f 1182 1181 1183
f 1181 1180 1183
f 1183 1180 1184
f 1180 1179 1184
f 1184 1179 1185
f 1179 1178 1185
f 1185 1178 1186
f 1178 1177 1186
f 1186 1177 1187
f 1177 1176 1187
f 1187 1176 1188
f 1176 1175 1188
f 1188 1175 1189
f 1175 1174 1189
f 1189 1174 1190
f 1174 1173 1190
f 1190 1173 1191
f 1173 1172 1191
f 1191 1172 1192
f 1172 1171 1192
f 1192 1171 1193
f 1112 1042 1041
f 1079 1081 1171
f 1081 1082 1171
f 1171 1082 1193
f 1082 1083 1193
f 1193 1083 1084
f 1041 1182 1112
f 1182 1183 1112
f 1112 1183 1113
f 1183 1184 1113
f 1113 1184 1091
f 1184 1185 1091
f 1091 1185 1092
f 1185 1186 1092
f 1092 1186 1116
f 1186 1187 1116
f 1116 1187 1117
f 1187 1188 1117
f 1117 1188 1095
f 1188 1189 1095
f 1095 1189 1096
f 1189 1190 1096
f 1096 1190 1119
f 1190 1191 1119
f 1119 1191 1099
f 1191 1192 1099
f 1099 1192 1100
f 1192 1193 1100
f 1100 1193 1103
f 1193 1084 1103
f 1103 1084 1085
f 500 463 339
f 523 520 294
f 520 521 294
f 294 521 511
f 522 516 251
f 516 517 251
f 251 517 514
f 514 515 251
f 515 512 251
f 251 512 294
f 512 513 294
f 294 513 523
f 491 488 487
f 504 501 483
f 501 502 483
f 483 502 339
f 502 499 339
f 339 499 500
f 487 525 302
f 525 498 302
f 302 498 251
f 498 518 251
f 251 518 522
f 511 496 294
f 496 497 294
f 294 497 339
f 497 524 339
f 339 524 483
f 465 510 302
f 510 492 302
f 302 492 493
f 493 506 302
f 506 505 302
f 302 505 487
f 505 490 487
f 487 490 491
f 488 489 487
f 489 479 487
f 487 479 481
f 461 484 483
f 484 503 483
f 483 503 504
f 339 509 340
f 509 508 340
f 340 508 341
f 508 507 341
f 341 507 342
f 507 486 342
f 342 486 343
f 486 485 343
f 343 485 344
f 485 477 344
f 344 477 345
f 477 478 345
f 463 455 474
f 475 302 476
f 302 351 476
f 476 351 470
f 351 350 470
f 470 350 471
f 350 349 471
f 471 349 494
f 349 348 494
f 494 348 495
f 348 347 495
f 495 347 478
f 347 346 478
f 478 346 345
f 475 468 302
f 468 469 302
f 302 469 465
f 469 466 465
f 474 473 463
f 473 464 463
f 463 464 339
f 464 519 339
f 339 519 509
f 483 472 461
f 472 462 461
f 461 462 460
f 462 482 460
f 460 482 479
f 482 480 479
f 479 480 481
f 466 467 465
f 467 458 465
f 465 458 459
f 458 454 459
f 459 454 456
f 454 455 456
f 456 455 457
f 455 463 457
f 1300 1319 1299
f 1319 1315 1299
f 1292 1291 1294
f 1291 1293 1294
f 1296 1295 1298
f 1295 1297 1298
f 786 772 764
f 786 764 785
f 764 762 785
f 785 762 784
f 762 761 784
f 784 761 783
f 761 760 783
f 783 760 782
f 760 759 782
f 782 759 781
f 759 763 781
f 781 763 780
f 763 769 780
f 780 769 779
f 769 766 779
f 779 766 778
f 766 765 778
f 778 765 777
f 765 771 777
f 777 771 776
f 771 770 776
f 776 770 775
f 770 768 775
f 775 768 774
f 768 767 774
f 774 767 773
f 1030 1207 1206
f 1030 1206 1133
f 1206 1205 1133
f 1133 1205 1132
f 1205 1204 1132
f 1132 1204 1131
f 1204 1203 1131
f 1131 1203 1130
f 1203 1202 1130
f 1130 1202 1129
f 1202 1201 1129
f 1129 1201 1128
f 1201 1200 1128
f 1128 1200 1127
f 1200 1199 1127
f 1127 1199 1126
f 1199 1198 1126
f 1126 1198 1125
f 1198 1197 1125
f 1125 1197 1124
f 1197 1196 1124
f 1124 1196 1123
f 1196 1195 1123
f 1123 1195 1122
f 1195 1194 1122
f 1122 1194 1073
f 449 329 352
f 449 352 448
f 352 353 448
f 448 353 447
f 353 354 447
f 447 354 446
f 354 355 446
f 446 355 445
f 355 356 445
f 445 356 444
f 356 357 444
f 444 357 443
f 357 358 443
f 443 358 442
f 358 359 442
f 442 359 441
f 359 360 441
f 441 360 440
f 360 361 440
f 440 361 439
f 361 362 439
f 439 362 438
f 362 363 438
f 438 363 437
f 363 295 437
f 437 295 436
f 1288 1207 1030
f 82 216 1289
f 1289 1292 82
f 1292 1294 82
f 82 1294 169
f 1294 1310 169
f 169 1310 1304
f 1306 983 1308
f 983 1307 1308
f 1304 1305 169
f 1305 1309 169
f 169 1309 1301
f 451 436 295
f 184 185 596
f 1306 1303 983
f 1303 1297 983
f 983 1297 1030
f 1297 1295 1030
f 1030 1295 1288
f 185 633 605
f 592 601 237
f 605 603 185
f 603 598 185
f 185 598 596
f 186 982 185
f 982 984 185
f 185 984 633
f 984 985 633
f 633 985 635
f 184 596 233
f 596 594 233
f 233 594 234
f 601 602 237
f 602 560 237
f 237 560 295
f 560 452 295
f 295 452 451
f 767 758 773
f 758 712 773
f 773 712 883
f 712 641 883
f 883 641 638
f 592 237 594
f 237 235 594
f 594 235 234
f 638 648 883
f 648 656 883
f 883 656 937
f 656 637 937
f 186 187 982
f 187 169 982
f 982 169 983
f 985 940 635
f 940 939 635
f 635 939 637
f 939 938 637
f 637 938 937
f 1301 1300 169
f 1300 1299 169
f 169 1299 983
f 1299 1302 983
f 983 1302 1307
f 216 82 83
f 216 83 215
f 83 84 215
f 215 84 214
f 84 85 214
f 214 85 213
f 85 86 213
f 213 86 212
f 86 87 212
f 212 87 211
f 87 88 211
f 211 88 210
f 88 89 210
f 210 89 209
f 89 90 209
f 209 90 208
f 90 91 208
f 208 91 207
f 91 92 207
f 207 92 206
f 92 93 206
f 206 93 205
f 93 94 205
f 205 94 204
f 94 96 204
f 204 96 203
f 1272 1261 1057
f 1272 1057 1270
f 217 1267 96
f 1267 1271 96
f 96 1271 203
f 1194 1265 1073
f 1265 1266 1073
f 1073 1266 1057
f 1266 1269 1057
f 1057 1269 1270
f 1263 1264 217
f 1264 1268 217
f 217 1268 1267
f 757 772 786
f 273 593 595
f 595 597 273
f 597 604 273
f 273 604 272
f 217 271 1057
f 449 450 329
f 450 453 329
f 329 453 304
f 453 556 304
f 304 556 599
f 599 600 304
f 600 591 304
f 304 591 305
f 591 590 305
f 604 631 1052
f 631 632 1052
f 1052 632 1003
f 891 636 650
f 273 275 593
f 275 307 593
f 593 307 590
f 307 306 590
f 590 306 305
f 604 1052 272
f 1052 1053 272
f 272 1053 271
f 1053 1054 271
f 271 1054 1057
f 1003 632 1004
f 632 634 1004
f 1004 634 1005
f 636 891 634
f 891 1006 634
f 634 1006 1005
f 1261 1260 1057
f 1260 1259 1057
f 1057 1259 217
f 1259 1262 217
f 217 1262 1263
f 650 662 891
f 662 666 891
f 891 666 786
f 666 718 786
f 786 718 757
f 747 688 746
f 688 689 746
f 890 684 686
f 747 748 688
f 748 749 688
f 688 749 750
f 681 682 890
f 682 683 890
f 890 683 684
f 754 755 890
f 755 756 890
f 890 756 734
f 689 690 746
f 690 692 746
f 746 692 694
f 681 890 680
f 890 903 680
f 680 903 678
f 927 925 736
f 925 926 736
f 686 685 890
f 685 687 890
f 890 687 688
f 676 677 903
f 677 679 903
f 903 679 678
f 750 751 688
f 751 752 688
f 688 752 890
f 752 753 890
f 890 753 754
f 734 919 890
f 919 921 890
f 890 921 922
f 922 924 890
f 924 920 890
f 890 920 822
f 694 696 746
f 696 698 746
f 746 698 745
f 698 700 745
f 745 700 702
f 926 928 736
f 928 918 736
f 736 918 735
f 918 919 735
f 735 919 733
f 919 734 733
f 927 736 904
f 736 737 904
f 904 737 738
f 808 742 743
f 743 744 808
f 744 745 808
f 808 745 903
f 702 704 745
f 704 675 745
f 745 675 903
f 675 674 903
f 903 674 676
f 920 923 822
f 923 916 822
f 822 916 819
f 916 915 819
f 819 915 818
f 915 917 818
f 818 917 817
f 917 914 817
f 817 914 816
f 914 913 816
f 816 913 815
f 913 912 815
f 815 912 814
f 912 911 814
f 814 911 813
f 911 910 813
f 813 910 812
f 812 910 811
f 910 909 811
f 811 909 810
f 909 908 810
f 810 908 809
f 908 907 809
f 809 907 807
f 907 906 807
f 807 906 808
f 906 905 808
f 808 905 904
f 738 739 904
f 739 740 904
f 904 740 808
f 740 741 808
f 808 741 742
f 1287 1281 1265
f 1265 1194 1287
f 1194 1207 1287
f 1287 1207 1288
f 1202 1203 1194
f 1203 1204 1194
f 1195 1196 1200
f 1196 1197 1200
f 1200 1197 1199
f 1197 1198 1199
f 1195 1200 1194
f 1200 1201 1194
f 1194 1201 1202
f 1204 1205 1194
f 1205 1206 1194
f 1194 1206 1207
f 1271 1280 203
f 1280 1290 203
f 1290 1289 203
f 1289 216 203
f 203 216 215
f 203 212 211
f 215 214 203
f 214 213 203
f 203 213 212
f 205 204 209
f 204 203 209
f 209 203 210
f 203 211 210
f 205 209 206
f 209 208 206
f 206 208 207
f 757 758 772
f 758 767 772
f 772 767 764
f 767 768 764
f 764 768 770
f 770 771 764
f 771 765 764
f 764 765 766
f 766 769 764
f 769 763 764
f 764 763 762
f 763 759 762
f 762 759 761
f 759 760 761
f 605 604 603
f 604 597 603
f 436 451 450
f 441 440 448
f 440 439 448
f 448 439 438
f 447 446 445
f 450 449 436
f 449 448 436
f 436 448 437
f 448 438 437
f 445 444 447
f 444 443 447
f 447 443 448
f 443 442 448
f 448 442 441
f 1042 1112 1111
f 1088 1106 1029
f 1094 1117 1118
f 1117 1095 1118
f 1118 1095 1097
f 1095 1096 1097
f 1097 1096 1098
f 1096 1119 1098
f 1098 1119 1120
f 1119 1099 1120
f 1120 1099 1101
f 1099 1100 1101
f 1101 1100 1102
f 1100 1103 1102
f 1102 1103 1104
f 1103 1085 1104
f 1111 1112 1114
f 1112 1113 1114
f 1114 1113 1115
f 1113 1091 1115
f 1115 1091 1093
f 1091 1092 1093
f 1093 1092 1094
f 1092 1116 1094
f 1094 1116 1117
f 1111 1110 1042
f 1110 1090 1042
f 1042 1090 986
f 1090 1108 986
f 986 1108 1109
f 1109 1107 986
f 1107 1089 986
f 986 1089 1029
f 1089 1087 1029
f 1029 1087 1088
f 1106 1105 1029
f 1105 1086 1029
f 1029 1086 1085
f 1086 1121 1085
f 1085 1121 1104
f 26 49 62
f 62 49 61
f 49 48 61
f 48 47 61
f 61 47 46
f 42 41 54
f 41 40 54
f 54 40 60
f 46 45 61
f 45 44 61
f 61 44 54
f 44 43 54
f 54 43 42
f 40 39 60
f 39 38 60
f 60 38 59
f 38 37 59
f 59 37 58
f 37 36 58
f 58 36 63
f 36 35 63
f 63 35 57
f 35 34 57
f 57 34 56
f 34 33 56
f 56 33 53
f 33 32 53
f 26 62 27
f 62 64 27
f 27 64 28
f 64 65 28
f 28 65 29
f 65 50 29
f 29 50 30
f 50 51 30
f 30 51 31
f 51 52 31
f 31 52 32
f 52 55 32
f 32 55 53
f 553 452 561
f 452 560 561
f 561 560 562
f 534 535 453
f 541 556 540
f 556 539 540
f 541 542 557
f 542 543 557
f 557 543 554
f 541 557 556
f 557 558 556
f 556 558 559
f 547 553 546
f 553 545 546
f 529 452 528
f 452 526 528
f 534 453 533
f 535 536 453
f 536 537 453
f 453 537 556
f 537 538 556
f 556 538 539
f 547 548 553
f 548 549 553
f 553 549 452
f 549 527 452
f 452 527 526
f 529 530 452
f 530 531 452
f 452 531 453
f 531 532 453
f 453 532 533
f 553 555 545
f 555 552 545
f 545 552 544
f 552 550 544
f 544 550 543
f 550 551 543
f 543 551 554
f 720 731 718
f 712 693 641
f 693 691 641
f 641 691 644
f 712 729 730
f 731 732 718
f 732 725 718
f 718 725 712
f 725 726 712
f 712 726 729
f 730 723 712
f 723 724 712
f 712 724 728
f 666 717 722
f 722 727 666
f 727 721 666
f 666 721 718
f 721 719 718
f 718 719 720
f 715 716 693
f 716 707 693
f 693 707 695
f 709 714 705
f 714 717 705
f 705 717 706
f 717 666 706
f 706 666 673
f 728 713 712
f 713 710 712
f 712 710 693
f 710 711 693
f 693 711 715
f 705 703 709
f 703 701 709
f 709 701 708
f 701 699 708
f 708 699 707
f 699 697 707
f 707 697 695
f 1259 1260 1274
f 1260 1273 1274
f 1290 1280 1291
f 1280 1279 1291
f 1291 1279 1293
f 1322 1321 1285
f 1321 1286 1285
f 1284 1298 1285
f 1298 1318 1285
f 1285 1318 1322
f 1276 1275 1317
f 1274 1316 1275
f 1316 1320 1275
f 1275 1320 1317
f 1321 1314 1286
f 1314 1313 1286
f 1286 1313 1273
f 1313 1315 1273
f 1273 1315 1274
f 1315 1319 1274
f 1274 1319 1316
f 1284 1283 1298
f 1283 1282 1298
f 1298 1282 1296
f 1282 1281 1296
f 1296 1281 1287
f 1279 1278 1293
f 1278 1277 1293
f 1293 1277 1311
f 1277 1276 1311
f 1311 1276 1312
f 1276 1317 1312
f 1289 1290 1292
f 1290 1291 1292
f 1085 1084 1029
f 1084 1043 1029
f 1043 1084 1045
f 1084 1083 1045
f 1045 1083 1044
f 1083 1082 1044
f 1044 1082 1047
f 1082 1081 1047
f 1047 1081 1046
f 1081 1079 1046
f 1046 1079 1049
f 1079 1080 1049
f 1049 1080 1048
f 1080 1077 1048
f 1048 1077 1051
f 1077 1078 1051
f 1051 1078 1050
f 1078 1074 1050
f 1050 1074 1056
f 1074 1075 1056
f 1056 1075 1055
f 1075 1076 1055
f 1076 1073 1055
f 1055 1073 1057
f 1057 1054 1055
f 1054 1058 1055
f 1055 1058 1056
f 1056 1058 1050
f 1058 1059 1050
f 1050 1059 1051
f 1051 1059 1048
f 1059 1060 1048
f 1048 1060 1049
f 1049 1060 1046
f 1060 1061 1046
f 1046 1061 1047
f 1047 1061 1044
f 1061 1062 1044
f 1044 1062 1045
f 1045 1062 1043
f 1062 1028 1043
f 1043 1028 1029
f 1054 1053 1058
f 1053 1063 1058
f 1058 1063 1059
f 1063 1064 1059
f 1059 1064 1060
f 1064 1065 1060
f 1060 1065 1061
f 1065 1066 1061
f 1061 1066 1062
f 1066 1067 1062
f 1062 1067 1028
f 1067 1027 1028
f 1053 1052 1063
f 1052 1068 1063
f 1063 1068 1064
f 1068 1069 1064
f 1064 1069 1065
f 1069 1070 1065
f 1065 1070 1066
f 1070 1071 1066
f 1066 1071 1067
f 1071 1072 1067
f 1067 1072 1027
f 1072 1026 1027
f 1052 1003 1068
f 1003 1002 1068
f 1068 1002 1069
f 1002 1007 1069
f 1069 1007 1070
f 1007 1008 1070
f 1070 1008 1071
f 1008 1009 1071
f 1071 1009 1072
f 1009 1010 1072
f 1072 1010 1026
f 1010 936 1026
f 302 301 364
f 301 300 365
f 300 299 366
f 298 297 367
f 296 295 363
f 296 363 368
f 363 362 368
f 368 362 369
f 362 361 369
f 369 361 370
f 361 360 370
f 370 360 371
f 360 359 371
f 371 359 372
f 359 358 372
f 372 358 373
f 358 357 373
f 373 357 374
f 357 356 374
f 374 356 375
f 356 355 375
f 375 355 376
f 355 354 376
f 376 354 377
f 354 353 377
f 377 353 378
f 353 352 378
f 378 352 379
f 352 329 379
f 329 328 379
f 379 328 327
f 327 380 379
f 380 381 379
f 379 381 378
f 381 382 378
f 378 382 377
f 382 383 377
f 377 383 376
f 383 384 376
f 376 384 375
f 384 385 375
f 375 385 374
f 385 386 374
f 374 386 373
f 386 387 373
f 373 387 372
f 387 388 372
f 372 388 371
f 388 389 371
f 371 389 370
f 389 390 370
f 370 390 369
f 390 367 369
f 369 367 368
f 367 297 368
f 368 297 296
f 298 367 391
f 367 390 391
f 391 390 392
f 390 389 392
f 392 389 393
f 389 388 393
f 393 388 394
f 388 387 394
f 394 387 395
f 387 386 395
f 395 386 396
f 386 385 396
f 396 385 397
f 385 384 397
f 397 384 398
f 384 383 398
f 398 383 399
f 383 382 399
f 399 382 400
f 382 381 400
f 400 381 401
f 381 380 401
f 401 380 402
f 327 331 380
f 331 330 380
f 380 330 402
f 330 332 402
f 402 332 333
f 333 403 402
f 403 404 402
f 402 404 401
f 404 405 401
f 401 405 400
f 405 406 400
f 400 406 399
f 406 407 399
f 399 407 398
f 407 408 398
f 398 408 397
f 408 409 397
f 397 409 396
f 409 410 396
f 396 410 395
f 410 411 395
f 395 411 394
f 411 412 394
f 394 412 393
f 412 413 393
f 393 413 392
f 413 366 392
f 392 366 391
f 366 299 391
f 391 299 298
f 300 366 365
f 366 413 365
f 365 413 414
f 413 412 414
f 414 412 415
f 412 411 415
f 415 411 416
f 411 410 416
f 416 410 417
f 410 409 417
f 417 409 418
f 409 408 418
f 418 408 419
f 408 407 419
f 419 407 420
f 407 406 420
f 420 406 421
f 406 405 421
f 421 405 422
f 405 404 422
f 422 404 423
f 404 403 423
f 423 403 424
f 333 334 403
f 334 335 403
f 403 335 424
f 335 336 424
f 424 336 337
f 301 365 364
f 365 414 364
f 364 414 425
f 414 415 425
f 425 415 426
f 415 416 426
f 426 416 427
f 416 417 427
f 427 417 428
f 417 418 428
f 428 418 429
f 418 419 429
f 429 419 430
f 419 420 430
f 430 420 431
f 420 421 431
f 431 421 432
f 421 422 432
f 432 422 433
f 422 423 433
f 433 423 434
f 423 424 434
f 434 424 435
f 424 337 435
f 435 337 338
f 302 364 351
f 364 425 351
f 351 425 350
f 425 426 350
f 350 426 349
f 426 427 349
f 349 427 348
f 427 428 348
f 348 428 347
f 428 429 347
f 347 429 346
f 429 430 346
f 346 430 345
f 430 431 345
f 345 431 344
f 431 432 344
f 344 432 343
f 432 433 343
f 343 433 342
f 433 434 342
f 342 434 341
f 434 435 341
f 341 435 340
f 435 338 340
f 340 338 339
f 300 301 249
f 301 302 249
f 249 302 251
f 249 250 300
f 250 244 300
f 300 244 299
f 244 245 299
f 245 242 299
f 242 243 299
f 299 243 298
f 243 240 298
f 240 241 298
f 298 241 297
f 241 238 297
f 238 239 297
f 297 239 296
f 239 236 296
f 236 237 296
f 296 237 295
f 339 338 294
f 338 311 294
f 338 337 311
f 337 336 311
f 311 336 310
f 336 335 310
f 335 334 310
f 310 334 309
f 334 333 309
f 333 332 309
f 309 332 308
f 332 330 308
f 308 330 303
f 330 331 303
f 331 327 303
f 303 327 304
f 327 328 304
f 304 328 329
f 251 248 249
f 248 252 249
f 249 252 250
f 250 252 244
f 252 253 244
f 244 253 245
f 245 253 242
f 253 254 242
f 242 254 243
f 243 254 240
f 254 255 240
f 240 255 241
f 241 255 238
f 255 256 238
f 238 256 239
f 239 256 236
f 256 235 236
f 236 235 237
f 248 247 252
f 247 257 252
f 252 257 253
f 257 258 253
f 253 258 254
f 258 259 254
f 254 259 255
f 259 260 255
f 255 260 256
f 260 261 256
f 256 261 235
f 261 234 235
f 247 246 257
f 246 262 257
f 257 262 258
f 262 263 258
f 258 263 259
f 263 264 259
f 259 264 260
f 264 265 260
f 260 265 261
f 265 266 261
f 261 266 234
f 266 233 234
f 246 176 262
f 176 175 262
f 262 175 263
f 175 180 263
f 263 180 264
f 180 181 264
f 264 181 265
f 181 182 265
f 265 182 266
f 182 183 266
f 266 183 233
f 183 184 233
f 232 291 267
f 291 312 267
f 267 312 268
f 312 313 268
f 268 313 269
f 313 314 269
f 269 314 270
f 314 315 270
f 270 315 274
f 315 316 274
f 274 316 275
f 316 307 275
f 291 292 312
f 292 317 312
f 312 317 313
f 317 318 313
f 313 318 314
f 318 319 314
f 314 319 315
f 319 320 315
f 315 320 316
f 320 321 316
f 316 321 307
f 321 306 307
f 292 293 317
f 293 322 317
f 317 322 318
f 322 323 318
f 318 323 319
f 323 324 319
f 319 324 320
f 324 325 320
f 320 325 321
f 325 326 321
f 321 326 306
f 326 305 306
f 293 294 322
f 294 311 322
f 322 311 323
f 311 310 323
f 323 310 324
f 310 309 324
f 324 309 325
f 309 308 325
f 325 308 326
f 308 303 326
f 326 303 305
f 303 304 305
f 169 187 170
f 187 188 170
f 170 188 171
f 188 189 171
f 171 189 172
f 189 190 172
f 172 190 173
f 190 191 173
f 173 191 174
f 191 192 174
f 174 192 54
f 192 179 54
f 187 186 188
f 186 193 188
f 188 193 189
f 193 194 189
f 189 194 190
f 194 195 190
f 190 195 191
f 195 196 191
f 191 196 192
f 196 197 192
f 192 197 179
f 197 178 179
f 186 185 193
f 185 198 193
f 193 198 194
f 198 199 194
f 194 199 195
f 199 200 195
f 195 200 196
f 200 201 196
f 196 201 197
f 201 202 197
f 197 202 178
f 202 177 178
f 185 184 198
f 184 183 198
f 198 183 199
f 183 182 199
f 199 182 200
f 182 181 200
f 200 181 201
f 181 180 201
f 201 180 202
f 180 175 202
f 202 175 177
f 175 176 177
f 217 228 271
f 228 276 271
f 228 218 276
f 218 219 276
f 276 219 277
f 219 220 277
f 220 221 277
f 277 221 278
f 221 223 278
f 223 222 278
f 278 222 279
f 275 273 274
f 273 280 274
f 274 280 270
f 280 281 270
f 270 281 269
f 281 282 269
f 269 282 268
f 282 283 268
f 268 283 267
f 283 284 267
f 267 284 232
f 273 272 280
f 272 285 280
f 280 285 281
f 285 286 281
f 281 286 282
f 286 287 282
f 282 287 283
f 287 288 283
f 283 288 284
f 288 289 284
f 272 271 285
f 271 276 285
f 285 276 286
f 276 277 286
f 286 277 287
f 277 278 287
f 287 278 288
f 278 279 288
f 288 279 289
f 279 290 289
f 222 225 279
f 225 224 279
f 279 224 290
f 224 227 290
f 290 227 226
f 232 284 231
f 284 289 231
f 231 289 230
f 289 290 230
f 230 290 229
f 290 226 229
f 229 226 61
f 60 66 54
f 66 174 54
f 66 67 174
f 67 68 174
f 174 68 173
f 68 70 173
f 70 71 173
f 173 71 172
f 71 73 172
f 172 73 171
f 73 74 171
f 74 76 171
f 171 76 170
f 76 77 170
f 77 79 170
f 170 79 169
f 79 80 169
f 169 80 82
f 1216 1217 1233
f 1213 1214 1233
f 1214 1215 1233
f 1233 1215 1216
f 1210 1211 1233
f 1211 1212 1233
f 1233 1212 1213
f 1232 1209 1233
f 1209 1208 1233
f 1233 1208 1210
f 1229 1230 1233
f 1230 1231 1233
f 1233 1231 1232
f 1226 1227 1233
f 1227 1228 1233
f 1233 1228 1229
f 1223 1224 1233
f 1224 1225 1233
f 1233 1225 1226
f 1220 1221 1233
f 1221 1222 1233
f 1233 1222 1223
f 1217 1218 1233
f 1218 1219 1233
f 1233 1219 1220
f 609 608 630
f 608 607 630
f 630 607 606
f 612 611 630
f 611 610 630
f 630 610 609
f 615 614 630
f 614 613 630
f 630 613 612
f 618 617 630
f 617 616 630
f 630 616 615
f 621 620 630
f 620 619 630
f 630 619 618
f 624 623 630
f 623 622 630
f 630 622 621
f 627 626 630
f 626 625 630
f 630 625 624
f 606 629 630
f 629 628 630
f 630 628 627
f 1254 1255 1258
f 1255 1256 1258
f 1258 1256 1257
f 1251 1252 1258
f 1252 1253 1258
f 1258 1253 1254
f 1248 1249 1258
f 1249 1250 1258
f 1258 1250 1251
f 1245 1246 1258
f 1246 1247 1258
f 1258 1247 1248
f 1242 1243 1258
f 1243 1244 1258
f 1258 1244 1245
f 1239 1240 1258
f 1240 1241 1258
f 1258 1241 1242
f 1236 1237 1258
f 1237 1238 1258
f 1258 1238 1239
f 1257 1234 1258
f 1234 1235 1258
f 1258 1235 1236
f 22 23 25
f 23 24 25
f 25 24 1
f 19 20 25
f 20 21 25
f 25 21 22
f 16 17 25
f 17 18 25
f 25 18 19
f 13 14 25
f 14 15 25
f 25 15 16
f 10 11 25
f 11 12 25
f 25 12 13
f 7 8 25
f 8 9 25
f 25 9 10
f 4 5 25
f 5 6 25
f 25 6 7
f 1 2 25
f 2 3 25
f 25 3 4
f 62 69 97
f 69 72 98
f 72 75 99
f 78 81 100
f 95 96 94
f 95 94 101
f 94 93 101
f 101 93 102
f 93 92 102
f 102 92 103
f 92 91 103
f 103 91 104
f 91 90 104
f 104 90 105
f 90 89 105
f 105 89 106
f 89 88 106
f 106 88 107
f 88 87 107
f 107 87 108
f 87 86 108
f 108 86 109
f 86 85 109
f 109 85 110
f 85 84 110
f 110 84 111
f 84 83 111
f 111 83 112
f 83 82 112
f 82 80 112
f 112 80 79
f 79 113 112
f 113 114 112
f 112 114 111
f 114 115 111
f 111 115 110
f 115 116 110
f 110 116 109
f 116 117 109
f 109 117 108
f 117 118 108
f 108 118 107
f 118 119 107
f 107 119 106
f 119 120 106
f 106 120 105
f 120 121 105
f 105 121 104
f 121 122 104
f 104 122 103
f 122 123 103
f 103 123 102
f 123 100 102
f 102 100 101
f 100 81 101
f 101 81 95
f 78 100 124
f 100 123 124
f 124 123 125
f 123 122 125
f 125 122 126
f 122 121 126
f 126 121 127
f 121 120 127
f 127 120 128
f 120 119 128
f 128 119 129
f 119 118 129
f 129 118 130
f 118 117 130
f 130 117 131
f 117 116 131
f 131 116 132
f 116 115 132
f 132 115 133
f 115 114 133
f 133 114 134
f 114 113 134
f 134 113 135
f 79 77 113
f 77 76 113
f 113 76 135
f 76 74 135
f 135 74 73
f 73 136 135
f 136 137 135
f 135 137 134
f 137 138 134
f 134 138 133
f 138 139 133
f 133 139 132
f 139 140 132
f 132 140 131
f 140 141 131
f 131 141 130
f 141 142 130
f 130 142 129
f 142 143 129
f 129 143 128
f 143 144 128
f 128 144 127
f 144 145 127
f 127 145 126
f 145 146 126
f 126 146 125
f 146 99 125
f 125 99 124
f 99 75 124
f 124 75 78
f 72 99 98
f 99 146 98
f 98 146 147
f 146 145 147
f 147 145 148
f 145 144 148
f 148 144 149
f 144 143 149
f 149 143 150
f 143 142 150
f 150 142 151
f 142 141 151
f 151 141 152
f 141 140 152
f 152 140 153
f 140 139 153
f 153 139 154
f 139 138 154
f 154 138 155
f 138 137 155
f 155 137 156
f 137 136 156
f 156 136 157
f 73 71 136
f 71 70 136
f 136 70 157
f 70 68 157
f 157 68 67
f 69 98 97
f 98 147 97
f 97 147 158
f 147 148 158
f 158 148 159
f 148 149 159
f 159 149 160
f 149 150 160
f 160 150 161
f 150 151 161
f 161 151 162
f 151 152 162
f 162 152 163
f 152 153 163
f 163 153 164
f 153 154 164
f 164 154 165
f 154 155 165
f 165 155 166
f 155 156 166
f 166 156 167
f 156 157 167
f 167 157 168
f 157 67 168
f 168 67 66
f 62 97 64
f 97 158 64
f 64 158 65
f 158 159 65
f 65 159 50
f 159 160 50
f 50 160 51
f 160 161 51
f 51 161 52
f 161 162 52
f 52 162 55
f 162 163 55
f 55 163 53
f 163 164 53
f 53 164 56
f 164 165 56
f 56 165 57
f 165 166 57
f 57 166 63
f 166 167 63
f 63 167 58
f 167 168 58
f 58 168 59
f 168 66 59
f 59 66 60
f 72 69 226
f 69 62 226
f 226 62 61
f 226 227 72
f 227 224 72
f 72 224 75
f 224 225 75
f 225 222 75
f 75 222 78
f 222 223 78
f 223 221 78
f 221 220 78
f 78 220 81
f 220 219 81
f 219 218 81
f 81 218 95
f 218 228 95
f 228 217 95
f 95 217 96
f 903 930 902
f 930 1011 902
f 902 1011 901
f 901 1011 899
f 1011 1012 899
f 899 1012 900
f 900 1012 897
f 1012 1013 897
f 897 1013 898
f 898 1013 895
f 1013 1014 895
f 895 1014 896
f 896 1014 892
f 1014 1015 892
f 892 1015 893
f 893 1015 894
f 1015 1006 894
f 894 1006 891
f 930 932 1011
f 932 1016 1011
f 1011 1016 1012
f 1016 1017 1012
f 1012 1017 1013
f 1017 1018 1013
f 1013 1018 1014
f 1018 1019 1014
f 1014 1019 1015
f 1019 1020 1015
f 1015 1020 1006
f 1020 1005 1006
f 932 934 1016
f 934 1021 1016
f 1016 1021 1017
f 1021 1022 1017
f 1017 1022 1018
f 1022 1023 1018
f 1018 1023 1019
f 1023 1024 1019
f 1019 1024 1020
f 1024 1025 1020
f 1020 1025 1005
f 1025 1004 1005
f 934 936 1021
f 936 1010 1021
f 1021 1010 1022
f 1010 1009 1022
f 1022 1009 1023
f 1009 1008 1023
f 1023 1008 1024
f 1008 1007 1024
f 1024 1007 1025
f 1007 1002 1025
f 1025 1002 1004
f 1002 1003 1004
f 903 902 808
f 902 806 808
f 806 902 803
f 902 901 803
f 803 901 802
f 901 899 802
f 802 899 799
f 899 900 799
f 799 900 798
f 900 897 798
f 798 897 795
f 897 898 795
f 795 898 794
f 898 895 794
f 794 895 791
f 895 896 791
f 791 896 790
f 896 892 790
f 790 892 788
f 892 893 788
f 788 893 787
f 893 894 787
f 894 891 787
f 787 891 786
f 986 969 1042
f 969 1041 1042
f 1041 969 1040
f 969 970 1040
f 1040 970 1039
f 970 973 1039
f 1039 973 1038
f 973 974 1038
f 1038 974 1037
f 974 975 1037
f 1037 975 1036
f 975 976 1036
f 1036 976 1035
f 976 977 1035
f 1035 977 1034
f 977 978 1034
f 1034 978 1033
f 978 979 1033
f 1033 979 1032
f 979 980 1032
f 1032 980 1031
f 980 981 1031
f 981 983 1031
f 1031 983 1030
f 820 822 819
f 823 821 820
f 820 819 823
f 819 818 823
f 823 818 824
f 818 817 824
f 824 817 825
f 817 816 825
f 825 816 826
f 816 815 826
f 826 815 827
f 815 814 827
f 827 814 828
f 814 813 828
f 828 813 829
f 813 812 829
f 829 812 830
f 812 811 830
f 830 811 831
f 811 810 831
f 831 810 832
f 810 809 832
f 832 809 833
f 809 807 833
f 833 807 834
f 807 808 806
f 800 805 835
f 805 804 835
f 807 806 834
f 806 803 834
f 834 803 802
f 802 836 834
f 836 837 834
f 834 837 833
f 837 838 833
f 833 838 832
f 838 839 832
f 832 839 831
f 839 840 831
f 831 840 830
f 840 841 830
f 830 841 829
f 841 842 829
f 829 842 828
f 842 843 828
f 828 843 827
f 843 844 827
f 827 844 826
f 844 845 826
f 826 845 825
f 845 846 825
f 825 846 824
f 846 835 824
f 824 835 823
f 835 804 823
f 823 804 821
f 847 801 800
f 800 835 847
f 835 846 847
f 847 846 848
f 846 845 848
f 848 845 849
f 845 844 849
f 849 844 850
f 844 843 850
f 850 843 851
f 843 842 851
f 851 842 852
f 842 841 852
f 852 841 853
f 841 840 853
f 853 840 854
f 840 839 854
f 854 839 855
f 839 838 855
f 855 838 856
f 838 837 856
f 856 837 857
f 837 836 857
f 857 836 858
f 792 797 859
f 797 796 859
f 802 799 836
f 799 798 836
f 836 798 858
f 798 795 858
f 858 795 794
f 794 860 858
f 860 861 858
f 858 861 857
f 861 862 857
f 857 862 856
f 862 863 856
f 856 863 855
f 863 864 855
f 855 864 854
f 864 865 854
f 854 865 853
f 865 866 853
f 853 866 852
f 866 867 852
f 852 867 851
f 867 868 851
f 851 868 850
f 868 869 850
f 850 869 849
f 869 870 849
f 849 870 848
f 870 859 848
f 848 859 847
f 859 796 847
f 847 796 801
f 789 793 871
f 793 792 871
f 792 859 871
f 859 870 871
f 871 870 872
f 870 869 872
f 872 869 873
f 869 868 873
f 873 868 874
f 868 867 874
f 874 867 875
f 867 866 875
f 875 866 876
f 866 865 876
f 876 865 877
f 865 864 877
f 877 864 878
f 864 863 878
f 878 863 879
f 863 862 879
f 879 862 880
f 862 861 880
f 880 861 881
f 861 860 881
f 881 860 882
f 774 773 789
f 794 791 860
f 791 790 860
f 860 790 882
f 790 788 882
f 882 788 787
f 789 871 774
f 871 872 774
f 774 872 775
f 872 873 775
f 775 873 776
f 873 874 776
f 776 874 777
f 874 875 777
f 777 875 778
f 875 876 778
f 778 876 779
f 876 877 779
f 779 877 780
f 877 878 780
f 780 878 781
f 878 879 781
f 781 879 782
f 879 880 782
f 782 880 783
f 880 881 783
f 783 881 784
f 881 882 784
f 784 882 785
f 882 787 785
f 785 787 786
f 948 987 988
f 983 981 982
f 981 989 982
f 940 985 942
f 985 990 942
f 942 990 941
f 990 991 941
f 941 991 943
f 981 980 989
f 980 979 989
f 989 979 992
f 979 978 992
f 978 977 992
f 992 977 993
f 987 948 994
f 948 946 994
f 946 944 994
f 994 944 991
f 944 945 991
f 991 945 943
f 977 976 993
f 976 975 993
f 993 975 995
f 985 984 990
f 984 996 990
f 990 996 991
f 996 997 991
f 991 997 994
f 997 998 994
f 994 998 987
f 998 999 987
f 987 999 988
f 999 1000 988
f 984 982 996
f 982 989 996
f 996 989 997
f 989 992 997
f 997 992 998
f 992 993 998
f 998 993 999
f 993 995 999
f 999 995 1000
f 995 1001 1000
f 935 949 988
f 949 947 988
f 988 947 948
f 975 974 995
f 974 973 995
f 995 973 1001
f 973 970 1001
f 1001 970 969
f 935 988 972
f 988 1000 972
f 972 1000 971
f 1000 1001 971
f 971 1001 968
f 1001 969 968
f 968 969 986
f 888 889 820
f 889 890 820
f 820 890 822
f 820 821 888
f 821 804 888
f 888 804 887
f 804 805 887
f 805 800 887
f 800 801 887
f 887 801 886
f 801 796 886
f 796 797 886
f 886 797 885
f 797 792 885
f 792 793 885
f 885 793 884
f 793 789 884
f 789 773 884
f 884 773 883
f 935 933 949
f 933 950 949
f 949 950 947
f 950 951 947
f 953 944 952
f 944 946 952
f 952 946 951
f 946 948 951
f 951 948 947
f 955 941 954
f 941 943 954
f 954 943 953
f 943 945 953
f 953 945 944
f 939 940 955
f 940 942 955
f 955 942 941
f 933 931 950
f 931 956 950
f 950 956 951
f 956 957 951
f 951 957 952
f 957 958 952
f 952 958 953
f 958 959 953
f 953 959 954
f 959 960 954
f 954 960 955
f 960 961 955
f 955 961 939
f 961 938 939
f 931 929 956
f 929 962 956
f 956 962 957
f 962 963 957
f 957 963 958
f 963 964 958
f 958 964 959
f 964 965 959
f 959 965 960
f 965 966 960
f 960 966 961
f 966 967 961
f 961 967 938
f 967 937 938
f 929 890 962
f 890 889 962
f 962 889 963
f 889 888 963
f 963 888 964
f 888 887 964
f 964 887 965
f 887 886 965
f 965 886 966
f 886 885 966
f 966 885 967
f 885 884 967
f 967 884 937
f 884 883 937
f 251 294 293
f 251 293 248
f 293 292 248
f 248 292 247
f 292 291 247
f 247 291 246
f 291 232 246
f 246 232 176
f 935 936 934
f 935 934 933
f 934 932 933
f 933 932 931
f 932 930 931
f 931 930 929
f 930 903 929
f 929 903 890
f 986 1029 968
f 1029 1028 968
f 968 1028 971
f 1028 1027 971
f 971 1027 972
f 1027 1026 972
f 972 1026 935
f 1026 936 935
f 176 232 177
f 232 231 177
f 177 231 178
f 231 230 178
f 178 230 179
f 230 229 179
f 179 229 54
f 229 61 54
f 1299 1315 1302
f 1315 1313 1302
f 1302 1313 1307
f 1313 1314 1307
f 1307 1314 1308
f 1314 1321 1308
f 1308 1321 1306
f 1321 1322 1306
f 1306 1322 1303
f 1322 1318 1303
f 1303 1318 1297
f 1318 1298 1297
f 1273 1260 1286
f 1260 1261 1286
f 1286 1261 1285
f 1261 1272 1285
f 1285 1272 1284
f 1272 1270 1284
f 1284 1270 1283
f 1270 1269 1283
f 1283 1269 1282
f 1269 1266 1282
f 1282 1266 1281
f 1266 1265 1281
f 1294 1293 1310
f 1293 1311 1310
f 1310 1311 1304
f 1311 1312 1304
f 1304 1312 1305
f 1312 1317 1305
f 1305 1317 1309
f 1317 1320 1309
f 1309 1320 1301
f 1320 1316 1301
f 1301 1316 1300
f 1316 1319 1300
f 1280 1271 1279
f 1271 1267 1279
f 1279 1267 1278
f 1267 1268 1278
f 1278 1268 1277
f 1268 1264 1277
f 1277 1264 1276
f 1264 1263 1276
f 1276 1263 1275
f 1263 1262 1275
f 1275 1262 1274
f 1262 1259 1274
f 582 580 600
f 563 562 560
f 602 568 567
f 567 566 602
f 566 565 602
f 602 565 560
f 565 564 560
f 560 564 563
f 568 602 569
f 602 601 569
f 569 601 570
f 579 576 591
f 579 591 578
f 600 580 591
f 580 581 591
f 591 581 578
f 575 592 574
f 592 577 574
f 575 572 592
f 572 573 592
f 592 573 601
f 573 571 601
f 601 571 570
f 556 559 589
f 585 599 588
f 599 556 588
f 588 556 587
f 556 589 587
f 585 586 599
f 586 584 599
f 599 584 600
f 584 583 600
f 600 583 582
f 603 597 598
f 597 595 598
f 598 595 596
f 595 593 596
f 596 593 594
f 593 590 594
f 594 590 592
f 590 591 592
f 592 591 577
f 591 576 577
f 649 661 648
f 672 666 669
f 666 662 669
f 669 662 671
f 662 670 671
f 672 667 666
f 667 668 666
f 666 668 673
f 670 662 663
f 662 650 663
f 663 650 665
f 660 657 656
f 660 656 659
f 648 661 656
f 661 658 656
f 656 658 659
f 655 636 654
f 636 653 654
f 655 652 636
f 652 651 636
f 636 651 650
f 651 664 650
f 650 664 665
f 641 644 645
f 639 638 642
f 638 641 642
f 642 641 643
f 641 645 643
f 639 640 638
f 640 646 638
f 638 646 648
f 646 647 648
f 648 647 649
f 657 653 656
f 653 636 656
f 656 636 637
f 636 634 637
f 637 634 635
f 634 632 635
f 635 632 633
f 632 631 633
f 633 631 605
f 631 604 605
f 758 757 712
f 757 718 712
f 450 451 453
f 451 452 453
f 1287 1288 1296
f 1288 1295 1296
