mtllib left_outer_knuckle_visuals_robotiq_arg2f_140_outer_knuckle_node_STL_BINARY__mesh.mtl
v 0.004300002474337817 0.022870445623993884 0.024165190756320946
v 0.004300002474337817 0.021892942488193522 0.022609274834394448
v 0.004300002474337817 0.021247293800115596 0.017164649441838258
v 0.004300002474337817 0.021247293800115596 0.017164649441838258
v 0.004300002474337817 0.021892942488193522 0.022609274834394448
v 0.004300002474337817 0.020419392734766017 0.021511539816856377
v 0.004300002474337817 0.021247293800115596 0.017164649441838258
v 0.004300002474337817 0.020419392734766017 0.021511539816856377
v 0.004300002474337817 0.02026512660086156 0.016847921535372727
v 0.004300002474337817 0.02026512660086156 0.016847921535372727
v 0.004300002474337817 0.020419392734766017 0.021511539816856377
v 0.004300002474337817 0.018648790195584304 0.021020239219069474
v 0.004300002474337817 0.02026512660086156 0.016847921535372727
v 0.004300002474337817 0.018648790195584304 0.021020239219069474
v 0.004300002474337817 0.01959088444709779 0.016411039978265755
v 0.004300002474337817 0.02673240378499032 0.010268454439938065
v 0.004300002474337817 0.03132326900959016 0.016820093616843217
v 0.004300002474337817 0.025296922773122798 0.013322043232619757
v 0.004300002474337817 -0.0076324134133756195 0.0006632249569520352
v 0.004300002474337817 -0.004200791474431755 -0.0009183454676531252
v 0.004300002474337817 -0.004299928899854423 -2.488387690391391e-05
v 0.004300002474337817 0.025296922773122798 0.013322043232619757
v 0.004300002474337817 0.025116462260484706 0.012539165094494816
v 0.004300002474337817 0.02673240378499032 0.010268454439938065
v 0.004300002474337817 0.02673240378499032 0.010268454439938065
v 0.004300002474337817 0.025116462260484706 0.012539165094494816
v 0.004300002474337817 0.02476223185658456 0.011818063445389267
v 0.004300002474337817 0.02673240378499032 0.010268454439938065
v 0.004300002474337817 0.02476223185658456 0.011818063445389267
v 0.004300002474337817 0.025551224127411853 0.009013938717544075
v 0.004300002474337817 -0.012019436806440359 -0.018024401739239686
v 0.004300002474337817 -0.019589871168136607 -0.016401812434196465
v 0.004300002474337817 -0.01950818672776223 -0.01777782663702964
v 0.004300002474337817 -0.003464088076725604 -0.0025475658476352683
v 0.004300002474337817 -0.003918059635907413 -0.0017716708825901144
v 0.004300002474337817 -0.016468118876218803 -0.009313625283539292
v 0.004300002474337817 0.018746269866824157 0.012035200372338292
v 0.004300002474337817 0.018444942310452468 0.012779963202774521
v 0.004300002474337817 0.017320249229669578 0.008996536955237385
v 0.004300002474337817 0.015180807560682304 0.022031504660844796
v 0.004300002474337817 0.013951797038316734 0.023397486656904214
v 0.004300002474337817 -0.0028957054018974317 0.003178818617016076
v 0.004300002474337817 -0.0028957054018974317 0.003178818617016076
v 0.004300002474337817 0.013951797038316734 0.023397486656904214
v 0.004300002474337817 -0.0034933420829474943 0.0025073026772588483
v 0.004300002474337817 -0.0076324134133756195 0.0006632249569520352
v 0.004300002474337817 -0.004299928899854423 -2.488387690391391e-05
v 0.004300002474337817 -0.007354219444096092 0.0014715584693476553
v 0.004300002474337817 -0.007354219444096092 0.0014715584693476553
v 0.004300002474337817 -0.004299928899854423 -2.488387690391391e-05
v 0.004300002474337817 -0.00421113893389702 0.0008696651784703132
v 0.004300002474337817 -0.007354219444096092 0.0014715584693476553
v 0.004300002474337817 -0.00421113893389702 0.0008696651784703132
v 0.004300002474337817 -0.006607580929994586 0.003548223292455076
v 0.004300002474337817 -0.006607580929994586 0.003548223292455076
v 0.004300002474337817 -0.00421113893389702 0.0008696651784703132
v 0.004300002474337817 -0.003938301466405393 0.0017262056935578578
v 0.004300002474337817 -0.006607580929994586 0.003548223292455076
v 0.004300002474337817 -0.003938301466405393 0.0017262056935578578
v 0.004300002474337817 -0.0034933420829474943 0.0025073026772588483
v 0.004300002474337817 0.02476223185658456 0.011818063445389267
v 0.004300002474337817 0.0242529008537531 0.01119673531502485
v 0.004300002474337817 0.025551224127411853 0.009013938717544075
v 0.004300002474337817 0.025551224127411853 0.009013938717544075
v 0.004300002474337817 0.0242529008537531 0.01119673531502485
v 0.004300002474337817 0.02361530624330045 0.010707918554544445
v 0.004300002474337817 0.025551224127411853 0.009013938717544075
v 0.004300002474337817 0.02361530624330045 0.010707918554544445
v 0.004300002474337817 0.02406221814453603 0.008146846666932103
v 0.004300002474337817 0.02406221814453603 0.008146846666932103
v 0.004300002474337817 0.02361530624330045 0.010707918554544445
v 0.004300002474337817 0.02288305014371873 0.010377368889749047
v 0.004300002474337817 0.02406221814453603 0.008146846666932103
v 0.004300002474337817 0.02288305014371873 0.010377368889749047
v 0.004300002474337817 0.022388186305761348 0.0077386908233165715
v 0.004300002474337817 0.022388186305761348 0.0077386908233165715
v 0.004300002474337817 0.02288305014371873 0.010377368889749047
v 0.004300002474337817 0.022094707936048518 0.010222502984106537
v 0.004300002474337817 0.022388186305761348 0.0077386908233165715
v 0.004300002474337817 0.022094707936048518 0.010222502984106537
v 0.004300002474337817 0.020667176693677913 0.007823132909834381
v 0.004300002474337817 0.020667176693677913 0.007823132909834381
v 0.004300002474337817 0.022094707936048518 0.010222502984106537
v 0.004300002474337817 0.021291820332407962 0.010251482017338272
v 0.004300002474337817 0.020667176693677913 0.007823132909834381
v 0.004300002474337817 0.021291820332407962 0.010251482017338272
v 0.004300002474337817 0.01904114149510861 0.008393207564949986
v 0.004300002474337817 0.0021715147886425265 -0.003711404977366327
v 0.004300002474337817 0.0013524153036996729 -0.004081784747540949
v 0.004300002474337817 -0.007099405396729711 -0.010758182965219017
v 0.004300002474337817 0.0021284122485667476 0.003736288985237478
v 0.004300002474337817 0.0028587216511368765 0.003212119918316602
v 0.004300002474337817 0.015180807560682304 0.022031504660844796
v 0.004300002474337817 -0.0028957054018974317 0.003178818617016076
v 0.004300002474337817 -0.0021715147886425265 0.003711404977366327
v 0.004300002474337817 0.015180807560682304 0.022031504660844796
v 0.004300002474337817 0.015180807560682304 0.022031504660844796
v 0.004300002474337817 -0.0021715147886425265 0.003711404977366327
v 0.004300002474337817 -0.0013524155365303165 0.004081784747540949
v 0.004300002474337817 0.015180807560682304 0.022031504660844796
v 0.004300002474337817 -0.0013524155365303165 0.004081784747540949
v 0.004300002474337817 -0.0004742117307614537 0.004273771308362482
v 0.004300002474337817 -0.01950818672776223 -0.01777782663702964
v 0.004300002474337817 -0.01900902763009072 -0.01906271278858184
v 0.004300002474337817 -0.012019436806440359 -0.018024401739239686
v 0.004300002474337817 -0.012019436806440359 -0.018024401739239686
v 0.004300002474337817 -0.01900902763009072 -0.01906271278858184
v 0.004300002474337817 -0.018140356987714774 -0.020132994279265397
v 0.004300002474337817 -0.012019436806440359 -0.018024401739239686
v 0.004300002474337817 -0.018140356987714774 -0.020132994279265397
v 0.004300002474337817 -0.012609795667231088 -0.01947325281798839
v 0.004300002474337817 -0.004200791474431755 -0.0009183454676531252
v 0.004300002474337817 -0.0076324134133756195 0.0006632249569520352
v 0.004300002474337817 -0.003918059635907413 -0.0017716708825901144
v 0.004300002474337817 -0.003918059635907413 -0.0017716708825901144
v 0.004300002474337817 -0.0076324134133756195 0.0006632249569520352
v 0.004300002474337817 -0.00811469089239836 -4.2611452954588444e-05
v 0.004300002474337817 -0.003918059635907413 -0.0017716708825901144
v 0.004300002474337817 -0.00811469089239836 -4.2611452954588444e-05
v 0.004300002474337817 -0.016468118876218803 -0.009313625283539292
v 0.004300002474337817 0.016820283606648452 0.02120173163712024
v 0.004300002474337817 0.01549885421991349 0.009085903875529763
v 0.004300002474337817 0.017320249229669578 0.008996536955237385
v 0.004300002474337817 0.0028587216511368765 0.003212119918316602
v 0.004300002474337817 0.0034640878438949602 0.002547566080465912
v 0.004300002474337817 0.007612529210746292 0.0014139808481559153
v 0.004300002474337817 -0.0004742117307614537 0.004273771308362482
v 0.004300002474337817 0.0004247189790476115 0.004278973676264284
v 0.004300002474337817 0.015180807560682304 0.022031504660844796
v 0.004300002474337817 0.015180807560682304 0.022031504660844796
v 0.004300002474337817 0.0004247189790476115 0.004278973676264284
v 0.004300002474337817 0.0013050837442278869 0.004097164142876862
v 0.004300002474337817 0.015180807560682304 0.022031504660844796
v 0.004300002474337817 0.0013050837442278869 0.004097164142876862
v 0.004300002474337817 0.0021284122485667476 0.003736288985237478
v 0.004300002474337817 0.012223079800605779 0.02619444951415061
v 0.004300002474337817 0.012060607783496385 0.025285532698035233
v 0.004300002474337817 0.013299224898219114 0.02511519938707351
v 0.004300002474337817 0.013299224898219114 0.02511519938707351
v 0.004300002474337817 0.012060607783496385 0.025285532698035233
v 0.004300002474337817 0.011645385064184671 0.02446084097027778
v 0.004300002474337817 0.013299224898219114 0.02511519938707351
v 0.004300002474337817 0.011645385064184671 0.02446084097027778
v 0.004300002474337817 0.013951797038316734 0.023397486656904214
v 0.004300002474337817 0.013951797038316734 0.023397486656904214
v 0.004300002474337817 0.011645385064184671 0.02446084097027778
v 0.004300002474337817 0.0005782778607681396 0.008666925132274624
v 0.004300002474337817 0.013951797038316734 0.023397486656904214
v 0.004300002474337817 0.0005782778607681396 0.008666925132274624
v 0.004300002474337817 -0.0034933420829474943 0.0025073026772588483
v 0.004300002474337817 -0.0034933420829474943 0.0025073026772588483
v 0.004300002474337817 0.0005782778607681396 0.008666925132274624
v 0.004300002474337817 -0.00029990283655934047 0.00781928468495607
v 0.004300002474337817 -0.0034933420829474943 0.0025073026772588483
v 0.004300002474337817 -0.00029990283655934047 0.00781928468495607
v 0.004300002474337817 -0.0014315752778202302 0.007362105417996642
v 0.004300002474337817 -0.0014315752778202302 0.007362105417996642
v 0.004300002474337817 -0.0035122646950185316 0.0066267633810639355
v 0.004300002474337817 -0.0034933420829474943 0.0025073026772588483
v 0.004300002474337817 -0.0034933420829474943 0.0025073026772588483
v 0.004300002474337817 -0.0035122646950185316 0.0066267633810639355
v 0.004300002474337817 -0.005288871936500075 0.005317690316587685
v 0.004300002474337817 -0.0034933420829474943 0.0025073026772588483
v 0.004300002474337817 -0.005288871936500075 0.005317690316587685
v 0.004300002474337817 -0.006607580929994586 0.003548223292455076
v 0.004300002474337817 -0.0021284124813973912 -0.003736288985237478
v 0.004300002474337817 -0.0028587216511368765 -0.003212119918316602
v 0.004300002474337817 -0.00888206530362368 -0.012140644714236256
v 0.004300002474337817 -0.00888206530362368 -0.012140644714236256
v 0.004300002474337817 -0.0028587216511368765 -0.003212119918316602
v 0.004300002474337817 -0.010336253792047506 -0.013865291140973563
v 0.004300002474337817 0.018444942310452468 0.012779963202774521
v 0.004300002474337817 0.01832138746976853 0.013573814183473582
v 0.004300002474337817 0.017320249229669578 0.008996536955237385
v 0.004300002474337817 0.017320249229669578 0.008996536955237385
v 0.004300002474337817 0.01832138746976853 0.013573814183473582
v 0.004300002474337817 0.018382104113698013 0.014374926686286921
v 0.004300002474337817 0.017320249229669578 0.008996536955237385
v 0.004300002474337817 0.018382104113698013 0.014374926686286921
v 0.004300002474337817 0.016820283606648452 0.02120173163712024
v 0.004300002474337817 0.016820283606648452 0.02120173163712024
v 0.004300002474337817 0.018382104113698013 0.014374926686286921
v 0.004300002474337817 0.01862390153110028 0.015141084790229792
v 0.004300002474337817 0.016820283606648452 0.02120173163712024
v 0.004300002474337817 0.01862390153110028 0.015141084790229792
v 0.004300002474337817 0.018648790195584304 0.021020239219069474
v 0.004300002474337817 0.018648790195584304 0.021020239219069474
v 0.004300002474337817 0.01862390153110028 0.015141084790229792
v 0.004300002474337817 0.019034029915928848 0.01583192497491836
v 0.004300002474337817 0.018648790195584304 0.021020239219069474
v 0.004300002474337817 0.019034029915928848 0.01583192497491836
v 0.004300002474337817 0.01959088444709779 0.016411039978265755
v 0.004300002474337817 0.0013524153036996729 -0.004081784747540949
v 0.004300002474337817 0.00047421152703464053 -0.004273771308362482
v 0.004300002474337817 -0.007099405396729711 -0.010758182965219017
v 0.004300002474337817 -0.007099405396729711 -0.010758182965219017
v 0.004300002474337817 0.00047421152703464053 -0.004273771308362482
v 0.004300002474337817 -0.00042471545748412625 -0.004278974141925572
v 0.004300002474337817 -0.007099405396729711 -0.010758182965219017
v 0.004300002474337817 -0.00042471545748412625 -0.004278974141925572
v 0.004300002474337817 -0.00888206530362368 -0.012140644714236256
v 0.004300002474337817 -0.00888206530362368 -0.012140644714236256
v 0.004300002474337817 -0.00042471545748412625 -0.004278974141925572
v 0.004300002474337817 -0.0013050839770585305 -0.004097164142876862
v 0.004300002474337817 -0.00888206530362368 -0.012140644714236256
v 0.004300002474337817 -0.0013050839770585305 -0.004097164142876862
v 0.004300002474337817 -0.0021284124813973912 -0.003736288985237478
v 0.004300002474337817 0.012223079800605779 0.02619444951415061
v 0.004300002474337817 0.013299224898219114 0.02511519938707351
v 0.004300002474337817 0.012561935931444173 0.027998434379696836
v 0.004300002474337817 0.012561935931444173 0.027998434379696836
v 0.004300002474337817 0.013299224898219114 0.02511519938707351
v 0.004300002474337817 0.013311225920915609 0.026952655985951413
v 0.004300002474337817 0.012561935931444173 0.027998434379696836
v 0.004300002474337817 0.013311225920915609 0.026952655985951413
v 0.004300002474337817 0.013430319726467138 0.029615556821227063
v 0.004300002474337817 0.013430319726467138 0.029615556821227063
v 0.004300002474337817 0.013311225920915609 0.026952655985951413
v 0.004300002474337817 0.01398618612438441 0.02866169624030589
v 0.004300002474337817 0.013430319726467138 0.029615556821227063
v 0.004300002474337817 0.01398618612438441 0.02866169624030589
v 0.004300002474337817 0.014746961183846004 0.030894478783011426
v 0.004300002474337817 0.014746961183846004 0.030894478783011426
v 0.004300002474337817 0.01398618612438441 0.02866169624030589
v 0.004300002474337817 0.015232943929731853 0.030011504888534535
v 0.004300002474337817 0.014746961183846004 0.030894478783011426
v 0.004300002474337817 0.015232943929731853 0.030011504888534535
v 0.004300002474337817 0.01638863794505597 0.03171550109982489
v 0.004300002474337817 0.01638863794505597 0.03171550109982489
v 0.004300002474337817 0.015232943929731853 0.030011504888534535
v 0.004300002474337817 0.01688311807811261 0.030819784849882115
v 0.004300002474337817 0.01638863794505597 0.03171550109982489
v 0.004300002474337817 0.01688311807811261 0.030819784849882115
v 0.004300002474337817 0.018201708793640144 0.03200179338455199
v 0.004300002474337817 0.018201708793640144 0.03200179338455199
v 0.004300002474337817 0.01688311807811261 0.030819784849882115
v 0.004300002474337817 0.018713843077421195 0.030977370217442502
v 0.004300002474337817 0.018201708793640144 0.03200179338455199
v 0.004300002474337817 0.018713843077421195 0.030977370217442502
v 0.004300002474337817 0.020016485825181018 0.03172655403614043
v 0.004300002474337817 0.020016485825181018 0.03172655403614043
v 0.004300002474337817 0.018713843077421195 0.030977370217442502
v 0.004300002474337817 0.020477868616580974 0.030462980270385732
v 0.004300002474337817 0.020016485825181018 0.03172655403614043
v 0.004300002474337817 0.020477868616580974 0.030462980270385732
v 0.004300002474337817 0.021663133054971705 0.030915549024939527
v 0.004300002474337817 0.021663133054971705 0.030915549024939527
v 0.004300002474337817 0.020477868616580974 0.030462980270385732
v 0.004300002474337817 0.02193696051836015 0.02934608608484267
v 0.004300002474337817 0.021663133054971705 0.030915549024939527
v 0.004300002474337817 0.02193696051836015 0.02934608608484267
v 0.004300002474337817 0.029852678999304785 0.025176970288157456
v 0.004300002474337817 0.02193696051836015 0.02934608608484267
v 0.004300002474337817 0.02289404720067979 0.027777530252933492
v 0.004300002474337817 0.029852678999304785 0.025176970288157456
v 0.004300002474337817 0.029852678999304785 0.025176970288157456
v 0.004300002474337817 0.02289404720067979 0.027777530252933492
v 0.004300002474337817 0.02321987971663476 0.02596915513277053
v 0.004300002474337817 0.029852678999304785 0.025176970288157456
v 0.004300002474337817 0.02321987971663476 0.02596915513277053
v 0.004300002474337817 0.03120258636772634 0.023872485384345048
v 0.004300002474337817 0.03120258636772634 0.023872485384345048
v 0.004300002474337817 0.02321987971663476 0.02596915513277053
v 0.004300002474337817 0.022870445623993884 0.024165190756320946
v 0.004300002474337817 0.03120258636772634 0.023872485384345048
v 0.004300002474337817 0.022870445623993884 0.024165190756320946
v 0.004300002474337817 0.032083321362733855 0.022214701399207108
v 0.004300002474337817 0.032083321362733855 0.022214701399207108
v 0.004300002474337817 0.022870445623993884 0.024165190756320946
v 0.004300002474337817 0.03240865841507913 0.020365893840789788
v 0.004300002474337817 0.03240865841507913 0.020365893840789788
v 0.004300002474337817 0.022870445623993884 0.024165190756320946
v 0.004300002474337817 0.021247293800115596 0.017164649441838258
v 0.004300002474337817 0.03240865841507913 0.020365893840789788
v 0.004300002474337817 0.021247293800115596 0.017164649441838258
v 0.004300002474337817 0.03214675933122636 0.018507039174437516
v 0.004300002474337817 0.03214675933122636 0.018507039174437516
v 0.004300002474337817 0.021247293800115596 0.017164649441838258
v 0.004300002474337817 0.025259342044591914 0.014353330247104163
v 0.004300002474337817 0.03214675933122636 0.018507039174437516
v 0.004300002474337817 0.025259342044591914 0.014353330247104163
v 0.004300002474337817 0.03132326900959016 0.016820093616843217
v 0.004300002474337817 0.03132326900959016 0.016820093616843217
v 0.004300002474337817 0.025259342044591914 0.014353330247104163
v 0.004300002474337817 0.025294119492173205 0.014125447720289225
v 0.004300002474337817 0.03132326900959016 0.016820093616843217
v 0.004300002474337817 0.025294119492173205 0.014125447720289225
v 0.004300002474337817 0.025296922773122798 0.013322043232619757
v 0.004300002474337817 -0.019589871168136607 -0.016401812434196465
v 0.004300002474337817 -0.012019436806440359 -0.018024401739239686
v 0.004300002474337817 -0.019062733277678497 -0.013834397308528418
v 0.004300002474337817 -0.019062733277678497 -0.013834397308528418
v 0.004300002474337817 -0.012019436806440359 -0.018024401739239686
v 0.004300002474337817 -0.01139768678694964 -0.01585587672889232
v 0.004300002474337817 -0.019062733277678497 -0.013834397308528418
v 0.004300002474337817 -0.01139768678694964 -0.01585587672889232
v 0.004300002474337817 -0.018006326630711562 -0.011435749940574166
v 0.004300002474337817 -0.018006326630711562 -0.011435749940574166
v 0.004300002474337817 -0.01139768678694964 -0.01585587672889232
v 0.004300002474337817 -0.010336253792047506 -0.013865291140973563
v 0.004300002474337817 -0.018006326630711562 -0.011435749940574166
v 0.004300002474337817 -0.010336253792047506 -0.013865291140973563
v 0.004300002474337817 -0.016468118876218803 -0.009313625283539292
v 0.004300002474337817 -0.016468118876218803 -0.009313625283539292
v 0.004300002474337817 -0.010336253792047506 -0.013865291140973563
v 0.004300002474337817 -0.0028587216511368765 -0.003212119918316602
v 0.004300002474337817 -0.016468118876218803 -0.009313625283539292
v 0.004300002474337817 -0.0028587216511368765 -0.003212119918316602
v 0.004300002474337817 -0.003464088076725604 -0.0025475658476352683
v 0.004300002474337817 0.007612529210746292 0.0014139808481559153
v 0.004300002474337817 0.008066375739872459 0.0023629541974514714
v 0.004300002474337817 0.0028587216511368765 0.003212119918316602
v 0.004300002474337817 0.0028587216511368765 0.003212119918316602
v 0.004300002474337817 0.008066375739872459 0.0023629541974514714
v 0.004300002474337817 0.01090121921151877 0.006408571265637873
v 0.004300002474337817 0.0028587216511368765 0.003212119918316602
v 0.004300002474337817 0.01090121921151877 0.006408571265637873
v 0.004300002474337817 0.015180807560682304 0.022031504660844796
v 0.004300002474337817 0.015180807560682304 0.022031504660844796
v 0.004300002474337817 0.01090121921151877 0.006408571265637873
v 0.004300002474337817 0.012151300907135015 0.007736268453299997
v 0.004300002474337817 0.015180807560682304 0.022031504660844796
v 0.004300002474337817 0.012151300907135015 0.007736268453299997
v 0.004300002474337817 0.016820283606648452 0.02120173163712024
v 0.004300002474337817 0.016820283606648452 0.02120173163712024
v 0.004300002474337817 0.012151300907135015 0.007736268453299997
v 0.004300002474337817 0.013727162964642055 0.00865393970161676
v 0.004300002474337817 0.016820283606648452 0.02120173163712024
v 0.004300002474337817 0.013727162964642055 0.00865393970161676
v 0.004300002474337817 0.01549885421991349 0.009085903875529763
v 0.004300002474337817 -0.01678292080760003 -0.02091084793210029
v 0.004300002474337817 -0.015225363895297057 -0.021058158949017518
v 0.004300002474337817 -0.018140356987714774 -0.020132994279265397
v 0.004300002474337817 -0.018140356987714774 -0.020132994279265397
v 0.004300002474337817 -0.015225363895297057 -0.021058158949017518
v 0.004300002474337817 -0.01374616194516421 -0.020548593252897256
v 0.004300002474337817 -0.018140356987714774 -0.020132994279265397
v 0.004300002474337817 -0.01374616194516421 -0.020548593252897256
v 0.004300002474337817 -0.012609795667231088 -0.01947325281798839
v 0.004300002474337817 0.021291820332407962 0.010251482017338272
v 0.004300002474337817 0.020516695454716693 0.010462778620421883
v 0.004300002474337817 0.01904114149510861 0.008393207564949986
v 0.004300002474337817 0.01904114149510861 0.008393207564949986
v 0.004300002474337817 0.020516695454716693 0.010462778620421883
v 0.004300002474337817 0.01981016993522645 0.010845259763300415
v 0.004300002474337817 0.01904114149510861 0.008393207564949986
v 0.004300002474337817 0.01981016993522645 0.010845259763300415
v 0.004300002474337817 0.017320249229669578 0.008996536955237385
v 0.004300002474337817 0.017320249229669578 0.008996536955237385
v 0.004300002474337817 0.01981016993522645 0.010845259763300415
v 0.004300002474337817 0.01920947805047036 0.011378769762814041
v 0.004300002474337817 0.017320249229669578 0.008996536955237385
v 0.004300002474337817 0.01920947805047036 0.011378769762814041
v 0.004300002474337817 0.018746269866824157 0.012035200372338292
v 0.004300002474337817 0.0034640878438949602 0.002547566080465912
v 0.004300002474337817 0.003918059170246126 0.0017716707661747926
v 0.004300002474337817 0.007612529210746292 0.0014139808481559153
v 0.004300002474337817 0.007612529210746292 0.0014139808481559153
v 0.004300002474337817 0.003918059170246126 0.0017716707661747926
v 0.004300002474337817 0.004200791008770468 0.0009183454676531252
v 0.004300002474337817 0.007612529210746292 0.0014139808481559153
v 0.004300002474337817 0.004200791008770468 0.0009183454676531252
v 0.004300002474337817 0.007490910124033693 0.0003691186720971017
v 0.004300002474337817 0.007490910124033693 0.0003691186720971017
v 0.004300002474337817 0.004200791008770468 0.0009183454676531252
v 0.004300002474337817 0.004299928899854423 2.4883885998860926e-05
v 0.004300002474337817 0.007490910124033693 0.0003691186720971017
v 0.004300002474337817 0.004299928899854423 2.4883885998860926e-05
v 0.004300002474337817 0.007341363932937387 -0.001534390496090054
v 0.004300002474337817 0.007341363932937387 -0.001534390496090054
v 0.004300002474337817 0.004299928899854423 2.4883885998860926e-05
v 0.004300002474337817 0.00421113893389702 -0.0008696651784703132
v 0.004300002474337817 0.007341363932937387 -0.001534390496090054
v 0.004300002474337817 0.00421113893389702 -0.0008696651784703132
v 0.004300002474337817 0.006716005969792607 -0.003338451730087398
v 0.004300002474337817 0.006716005969792607 -0.003338451730087398
v 0.004300002474337817 0.00421113893389702 -0.0008696651784703132
v 0.004300002474337817 0.003938301466405393 -0.0017262056935578578
v 0.004300002474337817 0.006716005969792607 -0.003338451730087398
v 0.004300002474337817 0.003938301466405393 -0.0017262056935578578
v 0.004300002474337817 0.005655364133417609 -0.004926139023154972
v 0.004300002474337817 0.0021715147886425265 -0.003711404977366327
v 0.004300002474337817 -0.007099405396729711 -0.010758182965219017
v 0.004300002474337817 0.0028957054018974317 -0.0031788183841854325
v 0.004300002474337817 0.0028957054018974317 -0.0031788183841854325
v 0.004300002474337817 -0.007099405396729711 -0.010758182965219017
v 0.004300002474337817 -0.005067088641226294 -0.009779023006558415
v 0.004300002474337817 0.0028957054018974317 -0.0031788183841854325
v 0.004300002474337817 -0.005067088641226294 -0.009779023006558415
v 0.004300002474337817 0.0025269654579460634 -0.0070614768192172024
v 0.004300002474337817 0.003938301466405393 -0.0017262056935578578
v 0.004300002474337817 0.0034933420829474943 -0.002507302910089492
v 0.004300002474337817 0.005655364133417609 -0.004926139023154972
v 0.004300002474337817 0.005655364133417609 -0.004926139023154972
v 0.004300002474337817 0.0034933420829474943 -0.002507302910089492
v 0.004300002474337817 0.0028957054018974317 -0.0031788183841854325
v 0.004300002474337817 0.005655364133417609 -0.004926139023154972
v 0.004300002474337817 0.0028957054018974317 -0.0031788183841854325
v 0.004300002474337817 0.00422818446531892 -0.006194550544023512
v 0.004300002474337817 0.00422818446531892 -0.006194550544023512
v 0.004300002474337817 0.0028957054018974317 -0.0031788183841854325
v 0.004300002474337817 0.0025269654579460634 -0.0070614768192172024
v -0.004700000863522292 0.03240865841507913 0.020365893840789788
v -0.004700000863522292 0.03214675933122636 0.018507039174437516
v -0.004700000863522292 0.022453784942626964 0.023341942578554147
v -0.004700000863522292 0.012060607783496385 0.025285532698035233
v -0.004700000863522292 0.012223079800605779 0.02619444951415061
v -0.004700000863522292 0.013220091350376611 0.02603448368608951
v -0.004700000863522292 0.023140747100114833 0.026888439431786527
v -0.004700000863522292 0.022488174960017215 0.028606152161955823
v -0.004700000863522292 0.029852678999304785 0.025176970288157456
v -0.004700000863522292 0.015962103381752975 0.021540658548474305
v -0.004700000863522292 0.01772612892091275 0.021026268601417535
v -0.004700000863522292 0.021247293800115596 0.017164649441838258
v -0.004700000863522292 0.021247293800115596 0.017164649441838258
v -0.004700000863522292 0.01772612892091275 0.021026268601417535
v -0.004700000863522292 0.01955685205757619 0.02118385583162307
v -0.004700000863522292 0.021247293800115596 0.017164649441838258
v -0.004700000863522292 0.01955685205757619 0.02118385583162307
v -0.004700000863522292 0.025259342044591914 0.014353330247104163
v -0.004700000863522292 0.029852678999304785 0.025176970288157456
v -0.004700000863522292 0.022488174960017215 0.028606152161955823
v -0.004700000863522292 0.021663133054971705 0.030915549024939527
v -0.004700000863522292 0.021663133054971705 0.030915549024939527
v -0.004700000863522292 0.022488174960017215 0.028606152161955823
v -0.004700000863522292 0.021259164437651645 0.02997213602066039
v -0.004700000863522292 0.021663133054971705 0.030915549024939527
v -0.004700000863522292 0.021259164437651645 0.02997213602066039
v -0.004700000863522292 0.020016485825181018 0.03172655403614043
v -0.004700000863522292 0.020016485825181018 0.03172655403614043
v -0.004700000863522292 0.021259164437651645 0.02997213602066039
v -0.004700000863522292 0.019619686529040347 0.030801905319094647
v -0.004700000863522292 0.020016485825181018 0.03172655403614043
v -0.004700000863522292 0.019619686529040347 0.030801905319094647
v -0.004700000863522292 0.018201708793640144 0.03200179338455199
v -0.004700000863522292 0.01602057926356793 0.03049210086464881
v -0.004700000863522292 0.01638863794505597 0.03171550109982489
v -0.004700000863522292 0.01779117994010449 0.030983397737145413
v -0.004700000863522292 0.01779117994010449 0.030983397737145413
v -0.004700000863522292 0.01638863794505597 0.03171550109982489
v -0.004700000863522292 0.018201708793640144 0.03200179338455199
v -0.004700000863522292 0.01779117994010449 0.030983397737145413
v -0.004700000863522292 0.018201708793640144 0.03200179338455199
v -0.004700000863522292 0.018713843077421195 0.030977370217442502
v -0.004700000863522292 0.018713843077421195 0.030977370217442502
v -0.004700000863522292 0.018201708793640144 0.03200179338455199
v -0.004700000863522292 0.019619686529040347 0.030801905319094647
v -0.004700000863522292 0.022453784942626964 0.023341942578554147
v -0.004700000863522292 0.03214675933122636 0.018507039174437516
v -0.004700000863522292 0.02120703086256982 0.0219921339303255
v -0.004700000863522292 0.013220091350376611 0.02603448368608951
v -0.004700000863522292 0.012223079800605779 0.02619444951415061
v -0.004700000863522292 0.013569525443017488 0.02783844806253909
v -0.004700000863522292 0.013569525443017488 0.02783844806253909
v -0.004700000863522292 0.012223079800605779 0.02619444951415061
v -0.004700000863522292 0.012561935931444173 0.027998434379696836
v -0.004700000863522292 0.013569525443017488 0.02783844806253909
v -0.004700000863522292 0.012561935931444173 0.027998434379696836
v -0.004700000863522292 0.014547027647495277 0.029394365847110738
v -0.004700000863522292 0.014547027647495277 0.029394365847110738
v -0.004700000863522292 0.012561935931444173 0.027998434379696836
v -0.004700000863522292 0.013430319726467138 0.029615556821227063
v -0.004700000863522292 0.014547027647495277 0.029394365847110738
v -0.004700000863522292 0.013430319726467138 0.029615556821227063
v -0.004700000863522292 0.01602057926356793 0.03049210086464881
v -0.004700000863522292 0.01602057926356793 0.03049210086464881
v -0.004700000863522292 0.013430319726467138 0.029615556821227063
v -0.004700000863522292 0.014746961183846004 0.030894478783011426
v -0.004700000863522292 0.01602057926356793 0.03049210086464881
v -0.004700000863522292 0.014746961183846004 0.030894478783011426
v -0.004700000863522292 0.01638863794505597 0.03171550109982489
v -0.004700000863522292 0.01549885421991349 0.009085903875529763
v -0.004700000863522292 0.013727162964642055 0.00865393970161676
v -0.004700000863522292 0.013545923866331583 0.024226108565926545
v -0.004700000863522292 0.013545923866331583 0.024226108565926545
v -0.004700000863522292 0.013727162964642055 0.00865393970161676
v -0.004700000863522292 0.012151300907135015 0.007736268453299997
v -0.004700000863522292 -0.016468118876218803 -0.009313625283539292
v -0.004700000863522292 -0.00811469089239836 -4.2611452954588444e-05
v -0.004700000863522292 -0.007099405396729711 -0.010758182965219017
v -0.004700000863522292 0.013545923866331583 0.024226108565926545
v -0.004700000863522292 0.003938301466405393 -0.0017262056935578578
v -0.004700000863522292 0.00421113893389702 -0.0008696651784703132
v -0.004700000863522292 0.015962103381752975 0.021540658548474305
v -0.004700000863522292 0.021247293800115596 0.017164649441838258
v -0.004700000863522292 0.014503014273941524 0.022657552734017365
v -0.004700000863522292 0.014503014273941524 0.022657552734017365
v -0.004700000863522292 0.021247293800115596 0.017164649441838258
v -0.004700000863522292 0.02026512660086156 0.016847921535372727
v -0.004700000863522292 0.014503014273941524 0.022657552734017365
v -0.004700000863522292 0.02026512660086156 0.016847921535372727
v -0.004700000863522292 0.01959088444709779 0.016411039978265755
v -0.004700000863522292 0.023140747100114833 0.026888439431786527
v -0.004700000863522292 0.029852678999304785 0.025176970288157456
v -0.004700000863522292 0.02312874421477319 0.025050982832908623
v -0.004700000863522292 0.02312874421477319 0.025050982832908623
v -0.004700000863522292 0.029852678999304785 0.025176970288157456
v -0.004700000863522292 0.03120258636772634 0.023872485384345048
v -0.004700000863522292 0.02312874421477319 0.025050982832908623
v -0.004700000863522292 0.03120258636772634 0.023872485384345048
v -0.004700000863522292 0.022453784942626964 0.023341942578554147
v -0.004700000863522292 0.022453784942626964 0.023341942578554147
v -0.004700000863522292 0.03120258636772634 0.023872485384345048
v -0.004700000863522292 0.032083321362733855 0.022214701399207108
v -0.004700000863522292 0.022453784942626964 0.023341942578554147
v -0.004700000863522292 0.032083321362733855 0.022214701399207108
v -0.004700000863522292 0.03240865841507913 0.020365893840789788
v -0.004700000863522292 0.03132326900959016 0.016820093616843217
v -0.004700000863522292 0.02673240378499032 0.010268454439938065
v -0.004700000863522292 0.025116462260484706 0.012539165094494816
v -0.004700000863522292 0.01959088444709779 0.016411039978265755
v -0.004700000863522292 0.019034029915928848 0.01583192497491836
v -0.004700000863522292 0.014503014273941524 0.022657552734017365
v -0.004700000863522292 0.014503014273941524 0.022657552734017365
v -0.004700000863522292 0.019034029915928848 0.01583192497491836
v -0.004700000863522292 0.01862390153110028 0.015141084790229792
v -0.004700000863522292 0.014503014273941524 0.022657552734017365
v -0.004700000863522292 0.01862390153110028 0.015141084790229792
v -0.004700000863522292 0.018382104113698013 0.014374926686286921
v -0.004700000863522292 0.013220091350376611 0.02603448368608951
v -0.004700000863522292 0.013545923866331583 0.024226108565926545
v -0.004700000863522292 0.012060607783496385 0.025285532698035233
v -0.004700000863522292 0.012060607783496385 0.025285532698035233
v -0.004700000863522292 0.013545923866331583 0.024226108565926545
v -0.004700000863522292 0.00421113893389702 -0.0008696651784703132
v -0.004700000863522292 0.012060607783496385 0.025285532698035233
v -0.004700000863522292 0.00421113893389702 -0.0008696651784703132
v -0.004700000863522292 0.011645385064184671 0.02446084097027778
v -0.004700000863522292 0.011645385064184671 0.02446084097027778
v -0.004700000863522292 0.00421113893389702 -0.0008696651784703132
v -0.004700000863522292 0.004299928899854423 2.4883885998860926e-05
v -0.004700000863522292 0.011645385064184671 0.02446084097027778
v -0.004700000863522292 0.004299928899854423 2.4883885998860926e-05
v -0.004700000863522292 0.004200791008770468 0.0009183454676531252
v -0.004700000863522292 0.004200791008770468 0.0009183454676531252
v -0.004700000863522292 0.003918059170246126 0.0017716707661747926
v -0.004700000863522292 0.011645385064184671 0.02446084097027778
v -0.004700000863522292 0.011645385064184671 0.02446084097027778
v -0.004700000863522292 0.003918059170246126 0.0017716707661747926
v -0.004700000863522292 0.0034640878438949602 0.002547566080465912
v -0.004700000863522292 0.011645385064184671 0.02446084097027778
v -0.004700000863522292 0.0034640878438949602 0.002547566080465912
v -0.004700000863522292 0.0028587216511368765 0.003212119918316602
v -0.004700000863522292 0.013545923866331583 0.024226108565926545
v -0.004700000863522292 0.014503014273941524 0.022657552734017365
v -0.004700000863522292 0.01549885421991349 0.009085903875529763
v -0.004700000863522292 0.01549885421991349 0.009085903875529763
v -0.004700000863522292 0.014503014273941524 0.022657552734017365
v -0.004700000863522292 0.018382104113698013 0.014374926686286921
v -0.004700000863522292 0.01549885421991349 0.009085903875529763
v -0.004700000863522292 0.018382104113698013 0.014374926686286921
v -0.004700000863522292 0.017320249229669578 0.008996536955237385
v -0.004700000863522292 0.017320249229669578 0.008996536955237385
v -0.004700000863522292 0.018382104113698013 0.014374926686286921
v -0.004700000863522292 0.01832138746976853 0.013573814183473582
v -0.004700000863522292 0.017320249229669578 0.008996536955237385
v -0.004700000863522292 0.01832138746976853 0.013573814183473582
v -0.004700000863522292 0.018444942310452468 0.012779963202774521
v -0.004700000863522292 -0.0076324134133756195 0.0006632249569520352
v -0.004700000863522292 -0.004200791474431755 -0.0009183454676531252
v -0.004700000863522292 -0.00811469089239836 -4.2611452954588444e-05
v -0.004700000863522292 -0.00811469089239836 -4.2611452954588444e-05
v -0.004700000863522292 -0.004200791474431755 -0.0009183454676531252
v -0.004700000863522292 -0.003918059635907413 -0.0017716708825901144
v -0.004700000863522292 -0.00811469089239836 -4.2611452954588444e-05
v -0.004700000863522292 -0.003918059635907413 -0.0017716708825901144
v -0.004700000863522292 -0.007099405396729711 -0.010758182965219017
v -0.004700000863522292 -0.0021284124813973912 -0.003736288985237478
v -0.004700000863522292 -0.005067088641226294 -0.009779023006558415
v -0.004700000863522292 -0.0028587216511368765 -0.003212119918316602
v -0.004700000863522292 -0.0028587216511368765 -0.003212119918316602
v -0.004700000863522292 -0.005067088641226294 -0.009779023006558415
v -0.004700000863522292 -0.007099405396729711 -0.010758182965219017
v -0.004700000863522292 -0.0028587216511368765 -0.003212119918316602
v -0.004700000863522292 -0.007099405396729711 -0.010758182965219017
v -0.004700000863522292 -0.003464088076725604 -0.0025475658476352683
v -0.004700000863522292 -0.003464088076725604 -0.0025475658476352683
v -0.004700000863522292 -0.007099405396729711 -0.010758182965219017
v -0.004700000863522292 -0.003918059635907413 -0.0017716708825901144
v -0.004700000863522292 0.01955685205757619 0.02118385583162307
v -0.004700000863522292 0.02120703086256982 0.0219921339303255
v -0.004700000863522292 0.025259342044591914 0.014353330247104163
v -0.004700000863522292 0.025259342044591914 0.014353330247104163
v -0.004700000863522292 0.02120703086256982 0.0219921339303255
v -0.004700000863522292 0.03214675933122636 0.018507039174437516
v -0.004700000863522292 0.025259342044591914 0.014353330247104163
v -0.004700000863522292 0.03214675933122636 0.018507039174437516
v -0.004700000863522292 0.025294119492173205 0.014125447720289225
v -0.004700000863522292 0.025294119492173205 0.014125447720289225
v -0.004700000863522292 0.03214675933122636 0.018507039174437516
v -0.004700000863522292 0.03132326900959016 0.016820093616843217
v -0.004700000863522292 0.025294119492173205 0.014125447720289225
v -0.004700000863522292 0.03132326900959016 0.016820093616843217
v -0.004700000863522292 0.025296922773122798 0.013322043232619757
v -0.004700000863522292 0.025296922773122798 0.013322043232619757
v -0.004700000863522292 0.03132326900959016 0.016820093616843217
v -0.004700000863522292 0.025116462260484706 0.012539165094494816
v -0.004700000863522292 0.012151300907135015 0.007736268453299997
v -0.004700000863522292 0.01090121921151877 0.006408571265637873
v -0.004700000863522292 0.013545923866331583 0.024226108565926545
v -0.004700000863522292 0.013545923866331583 0.024226108565926545
v -0.004700000863522292 0.01090121921151877 0.006408571265637873
v -0.004700000863522292 0.008066375739872459 0.0023629541974514714
v -0.004700000863522292 0.013545923866331583 0.024226108565926545
v -0.004700000863522292 0.008066375739872459 0.0023629541974514714
v -0.004700000863522292 0.003938301466405393 -0.0017262056935578578
v -0.004700000863522292 0.003938301466405393 -0.0017262056935578578
v -0.004700000863522292 0.008066375739872459 0.0023629541974514714
v -0.004700000863522292 0.007612529210746292 0.0014139808481559153
v -0.004700000863522292 0.003938301466405393 -0.0017262056935578578
v -0.004700000863522292 0.007612529210746292 0.0014139808481559153
v -0.004700000863522292 0.0034933420829474943 -0.002507302910089492
v -0.004700000863522292 0.0025269654579460634 -0.0070614768192172024
v -0.004700000863522292 0.0013524153036996729 -0.004081784747540949
v -0.004700000863522292 0.00422818446531892 -0.006194550544023512
v -0.004700000863522292 0.00422818446531892 -0.006194550544023512
v -0.004700000863522292 0.0013524153036996729 -0.004081784747540949
v -0.004700000863522292 0.0021715147886425265 -0.003711404977366327
v -0.004700000863522292 0.00422818446531892 -0.006194550544023512
v -0.004700000863522292 0.0021715147886425265 -0.003711404977366327
v -0.004700000863522292 0.0028957054018974317 -0.0031788183841854325
v -0.004700000863522292 -0.007099405396729711 -0.010758182965219017
v -0.004700000863522292 -0.00888206530362368 -0.012140644714236256
v -0.004700000863522292 -0.016468118876218803 -0.009313625283539292
v -0.004700000863522292 -0.016468118876218803 -0.009313625283539292
v -0.004700000863522292 -0.00888206530362368 -0.012140644714236256
v -0.004700000863522292 -0.010336253792047506 -0.013865291140973563
v -0.004700000863522292 -0.016468118876218803 -0.009313625283539292
v -0.004700000863522292 -0.010336253792047506 -0.013865291140973563
v -0.004700000863522292 -0.018006326630711562 -0.011435749940574166
v -0.004700000863522292 -0.018006326630711562 -0.011435749940574166
v -0.004700000863522292 -0.010336253792047506 -0.013865291140973563
v -0.004700000863522292 -0.01139768678694964 -0.01585587672889232
v -0.004700000863522292 -0.012019436806440359 -0.018024401739239686
v -0.004700000863522292 -0.019589871168136607 -0.016401812434196465
v -0.004700000863522292 -0.01139768678694964 -0.01585587672889232
v -0.004700000863522292 -0.01139768678694964 -0.01585587672889232
v -0.004700000863522292 -0.019589871168136607 -0.016401812434196465
v -0.004700000863522292 -0.019062733277678497 -0.013834397308528418
v -0.004700000863522292 -0.01139768678694964 -0.01585587672889232
v -0.004700000863522292 -0.019062733277678497 -0.013834397308528418
v -0.004700000863522292 -0.018006326630711562 -0.011435749940574166
v -0.004700000863522292 0.0028587216511368765 0.003212119918316602
v -0.004700000863522292 0.0021284122485667476 0.003736288985237478
v -0.004700000863522292 0.011645385064184671 0.02446084097027778
v -0.004700000863522292 0.011645385064184671 0.02446084097027778
v -0.004700000863522292 0.0021284122485667476 0.003736288985237478
v -0.004700000863522292 0.0013050837442278869 0.004097164142876862
v -0.004700000863522292 0.011645385064184671 0.02446084097027778
v -0.004700000863522292 0.0013050837442278869 0.004097164142876862
v -0.004700000863522292 0.0005782778607681396 0.008666925132274624
v -0.004700000863522292 0.0005782778607681396 0.008666925132274624
v -0.004700000863522292 0.0013050837442278869 0.004097164142876862
v -0.004700000863522292 0.0004247189790476115 0.004278973676264284
v -0.004700000863522292 0.0005782778607681396 0.008666925132274624
v -0.004700000863522292 0.0004247189790476115 0.004278973676264284
v -0.004700000863522292 -0.00029990283655934047 0.00781928468495607
v -0.004700000863522292 -0.00029990283655934047 0.00781928468495607
v -0.004700000863522292 0.0004247189790476115 0.004278973676264284
v -0.004700000863522292 -0.0004742117307614537 0.004273771308362482
v -0.004700000863522292 -0.00029990283655934047 0.00781928468495607
v -0.004700000863522292 -0.0004742117307614537 0.004273771308362482
v -0.004700000863522292 -0.0014315752778202302 0.007362105417996642
v -0.004700000863522292 -0.0014315752778202302 0.007362105417996642
v -0.004700000863522292 -0.0004742117307614537 0.004273771308362482
v -0.004700000863522292 -0.0013524155365303165 0.004081784747540949
v -0.004700000863522292 -0.0014315752778202302 0.007362105417996642
v -0.004700000863522292 -0.0013524155365303165 0.004081784747540949
v -0.004700000863522292 -0.0035122646950185316 0.0066267633810639355
v -0.004700000863522292 -0.0035122646950185316 0.0066267633810639355
v -0.004700000863522292 -0.0013524155365303165 0.004081784747540949
v -0.004700000863522292 -0.0021715147886425265 0.003711404977366327
v -0.004700000863522292 -0.0035122646950185316 0.0066267633810639355
v -0.004700000863522292 -0.0021715147886425265 0.003711404977366327
v -0.004700000863522292 -0.005288871936500075 0.005317690316587685
v -0.004700000863522292 -0.005288871936500075 0.005317690316587685
v -0.004700000863522292 -0.0021715147886425265 0.003711404977366327
v -0.004700000863522292 -0.0028957054018974317 0.003178818617016076
v -0.004700000863522292 -0.005288871936500075 0.005317690316587685
v -0.004700000863522292 -0.0028957054018974317 0.003178818617016076
v -0.004700000863522292 -0.006607580929994586 0.003548223292455076
v -0.004700000863522292 -0.0028957054018974317 0.003178818617016076
v -0.004700000863522292 -0.0034933420829474943 0.0025073026772588483
v -0.004700000863522292 -0.006607580929994586 0.003548223292455076
v -0.004700000863522292 -0.006607580929994586 0.003548223292455076
v -0.004700000863522292 -0.0034933420829474943 0.0025073026772588483
v -0.004700000863522292 -0.003938301466405393 0.0017262056935578578
v -0.004700000863522292 -0.006607580929994586 0.003548223292455076
v -0.004700000863522292 -0.003938301466405393 0.0017262056935578578
v -0.004700000863522292 -0.007354219444096092 0.0014715584693476553
v -0.004700000863522292 -0.007354219444096092 0.0014715584693476553
v -0.004700000863522292 -0.003938301466405393 0.0017262056935578578
v -0.004700000863522292 -0.00421113893389702 0.0008696651784703132
v -0.004700000863522292 -0.007354219444096092 0.0014715584693476553
v -0.004700000863522292 -0.00421113893389702 0.0008696651784703132
v -0.004700000863522292 -0.0076324134133756195 0.0006632249569520352
v -0.004700000863522292 -0.0076324134133756195 0.0006632249569520352
v -0.004700000863522292 -0.00421113893389702 0.0008696651784703132
v -0.004700000863522292 -0.004299928899854423 -2.488387690391391e-05
v -0.004700000863522292 -0.0076324134133756195 0.0006632249569520352
v -0.004700000863522292 -0.004299928899854423 -2.488387690391391e-05
v -0.004700000863522292 -0.004200791474431755 -0.0009183454676531252
v -0.004700000863522292 0.025551224127411853 0.009013938717544075
v -0.004700000863522292 0.0242529008537531 0.01119673531502485
v -0.004700000863522292 0.02673240378499032 0.010268454439938065
v -0.004700000863522292 0.02673240378499032 0.010268454439938065
v -0.004700000863522292 0.0242529008537531 0.01119673531502485
v -0.004700000863522292 0.02476223185658456 0.011818063445389267
v -0.004700000863522292 0.02673240378499032 0.010268454439938065
v -0.004700000863522292 0.02476223185658456 0.011818063445389267
v -0.004700000863522292 0.025116462260484706 0.012539165094494816
v -0.004700000863522292 -0.018140356987714774 -0.020132994279265397
v -0.004700000863522292 -0.01900902763009072 -0.01906271278858184
v -0.004700000863522292 -0.012019436806440359 -0.018024401739239686
v -0.004700000863522292 -0.012019436806440359 -0.018024401739239686
v -0.004700000863522292 -0.01900902763009072 -0.01906271278858184
v -0.004700000863522292 -0.01950818672776223 -0.01777782663702964
v -0.004700000863522292 -0.012019436806440359 -0.018024401739239686
v -0.004700000863522292 -0.01950818672776223 -0.01777782663702964
v -0.004700000863522292 -0.019589871168136607 -0.016401812434196465
v -0.004700000863522292 0.018444942310452468 0.012779963202774521
v -0.004700000863522292 0.018746269866824157 0.012035200372338292
v -0.004700000863522292 0.017320249229669578 0.008996536955237385
v -0.004700000863522292 0.017320249229669578 0.008996536955237385
v -0.004700000863522292 0.018746269866824157 0.012035200372338292
v -0.004700000863522292 0.01920947805047036 0.011378769762814041
v -0.004700000863522292 0.017320249229669578 0.008996536955237385
v -0.004700000863522292 0.01920947805047036 0.011378769762814041
v -0.004700000863522292 0.01904114149510861 0.008393207564949986
v -0.004700000863522292 -0.0021284124813973912 -0.003736288985237478
v -0.004700000863522292 -0.0013050839770585305 -0.004097164142876862
v -0.004700000863522292 -0.005067088641226294 -0.009779023006558415
v -0.004700000863522292 -0.005067088641226294 -0.009779023006558415
v -0.004700000863522292 -0.0013050839770585305 -0.004097164142876862
v -0.004700000863522292 -0.00042471545748412625 -0.004278974141925572
v -0.004700000863522292 -0.005067088641226294 -0.009779023006558415
v -0.004700000863522292 -0.00042471545748412625 -0.004278974141925572
v -0.004700000863522292 0.0025269654579460634 -0.0070614768192172024
v -0.004700000863522292 0.0025269654579460634 -0.0070614768192172024
v -0.004700000863522292 -0.00042471545748412625 -0.004278974141925572
v -0.004700000863522292 0.00047421152703464053 -0.004273771308362482
v -0.004700000863522292 0.0025269654579460634 -0.0070614768192172024
v -0.004700000863522292 0.00047421152703464053 -0.004273771308362482
v -0.004700000863522292 0.0013524153036996729 -0.004081784747540949
v -0.004700000863522292 0.0034933420829474943 -0.002507302910089492
v -0.004700000863522292 0.007612529210746292 0.0014139808481559153
v -0.004700000863522292 0.0028957054018974317 -0.0031788183841854325
v -0.004700000863522292 0.0028957054018974317 -0.0031788183841854325
v -0.004700000863522292 0.007612529210746292 0.0014139808481559153
v -0.004700000863522292 0.007490910124033693 0.0003691186720971017
v -0.004700000863522292 0.0028957054018974317 -0.0031788183841854325
v -0.004700000863522292 0.007490910124033693 0.0003691186720971017
v -0.004700000863522292 0.007341363932937387 -0.001534390496090054
v -0.004700000863522292 0.01920947805047036 0.011378769762814041
v -0.004700000863522292 0.01981016993522645 0.010845259763300415
v -0.004700000863522292 0.01904114149510861 0.008393207564949986
v -0.004700000863522292 0.01904114149510861 0.008393207564949986
v -0.004700000863522292 0.01981016993522645 0.010845259763300415
v -0.004700000863522292 0.020516695454716693 0.010462778620421883
v -0.004700000863522292 0.01904114149510861 0.008393207564949986
v -0.004700000863522292 0.020516695454716693 0.010462778620421883
v -0.004700000863522292 0.020667176693677913 0.007823132909834381
v -0.004700000863522292 0.020667176693677913 0.007823132909834381
v -0.004700000863522292 0.020516695454716693 0.010462778620421883
v -0.004700000863522292 0.021291820332407962 0.010251482017338272
v -0.004700000863522292 0.020667176693677913 0.007823132909834381
v -0.004700000863522292 0.021291820332407962 0.010251482017338272
v -0.004700000863522292 0.022388186305761348 0.0077386908233165715
v -0.004700000863522292 0.022388186305761348 0.0077386908233165715
v -0.004700000863522292 0.021291820332407962 0.010251482017338272
v -0.004700000863522292 0.022094707936048518 0.010222502984106537
v -0.004700000863522292 0.022388186305761348 0.0077386908233165715
v -0.004700000863522292 0.022094707936048518 0.010222502984106537
v -0.004700000863522292 0.02406221814453603 0.008146846666932103
v -0.004700000863522292 0.02406221814453603 0.008146846666932103
v -0.004700000863522292 0.022094707936048518 0.010222502984106537
v -0.004700000863522292 0.02288305014371873 0.010377368889749047
v -0.004700000863522292 0.02406221814453603 0.008146846666932103
v -0.004700000863522292 0.02288305014371873 0.010377368889749047
v -0.004700000863522292 0.025551224127411853 0.009013938717544075
v -0.004700000863522292 0.025551224127411853 0.009013938717544075
v -0.004700000863522292 0.02288305014371873 0.010377368889749047
v -0.004700000863522292 0.02361530624330045 0.010707918554544445
v -0.004700000863522292 0.025551224127411853 0.009013938717544075
v -0.004700000863522292 0.02361530624330045 0.010707918554544445
v -0.004700000863522292 0.0242529008537531 0.01119673531502485
v -0.004700000863522292 0.007341363932937387 -0.001534390496090054
v -0.004700000863522292 0.006716005969792607 -0.003338451730087398
v -0.004700000863522292 0.0028957054018974317 -0.0031788183841854325
v -0.004700000863522292 0.0028957054018974317 -0.0031788183841854325
v -0.004700000863522292 0.006716005969792607 -0.003338451730087398
v -0.004700000863522292 0.005655364133417609 -0.004926139023154972
v -0.004700000863522292 0.0028957054018974317 -0.0031788183841854325
v -0.004700000863522292 0.005655364133417609 -0.004926139023154972
v -0.004700000863522292 0.00422818446531892 -0.006194550544023512
v -0.004700000863522292 -0.012019436806440359 -0.018024401739239686
v -0.004700000863522292 -0.012609795667231088 -0.01947325281798839
v -0.004700000863522292 -0.01374616194516421 -0.020548593252897256
v -0.004700000863522292 -0.018140356987714774 -0.020132994279265397
v -0.004700000863522292 -0.012019436806440359 -0.018024401739239686
v -0.004700000863522292 -0.01678292080760003 -0.02091084793210029
v -0.004700000863522292 -0.01678292080760003 -0.02091084793210029
v -0.004700000863522292 -0.012019436806440359 -0.018024401739239686
v -0.004700000863522292 -0.01374616194516421 -0.020548593252897256
v -0.004700000863522292 -0.01678292080760003 -0.02091084793210029
v -0.004700000863522292 -0.01374616194516421 -0.020548593252897256
v -0.004700000863522292 -0.015225363895297057 -0.021058158949017518
v 0.004300002474337817 -0.016468118876218803 -0.009313625283539292
v -0.004700000863522292 -0.016468118876218803 -0.009313625283539292
v -0.004700000863522292 -0.018006326630711562 -0.011435749940574166
v 0.004300002474337817 -0.016468118876218803 -0.009313625283539292
v -0.004700000863522292 -0.018006326630711562 -0.011435749940574166
v 0.004300002474337817 -0.018006326630711562 -0.011435749940574166
v 0.004300002474337817 -0.018006326630711562 -0.011435749940574166
v -0.004700000863522292 -0.018006326630711562 -0.011435749940574166
v -0.004700000863522292 -0.019062733277678497 -0.013834397308528418
v 0.004300002474337817 -0.018006326630711562 -0.011435749940574166
v -0.004700000863522292 -0.019062733277678497 -0.013834397308528418
v 0.004300002474337817 -0.019062733277678497 -0.013834397308528418
v 0.004300002474337817 -0.019062733277678497 -0.013834397308528418
v -0.004700000863522292 -0.019062733277678497 -0.013834397308528418
v -0.004700000863522292 -0.019589871168136607 -0.016401812434196465
v 0.004300002474337817 -0.019062733277678497 -0.013834397308528418
v -0.004700000863522292 -0.019589871168136607 -0.016401812434196465
v 0.004300002474337817 -0.019589871168136607 -0.016401812434196465
v 0.004300002474337817 -0.019589871168136607 -0.016401812434196465
v -0.004700000863522292 -0.019589871168136607 -0.016401812434196465
v -0.004700000863522292 -0.01950818672776223 -0.01777782663702964
v 0.004300002474337817 -0.019589871168136607 -0.016401812434196465
v -0.004700000863522292 -0.01950818672776223 -0.01777782663702964
v 0.004300002474337817 -0.01950818672776223 -0.01777782663702964
v 0.004300002474337817 -0.01950818672776223 -0.01777782663702964
v -0.004700000863522292 -0.01950818672776223 -0.01777782663702964
v -0.004700000863522292 -0.01900902763009072 -0.01906271278858184
v 0.004300002474337817 -0.01950818672776223 -0.01777782663702964
v -0.004700000863522292 -0.01900902763009072 -0.01906271278858184
v 0.004300002474337817 -0.01900902763009072 -0.01906271278858184
v 0.004300002474337817 -0.01900902763009072 -0.01906271278858184
v -0.004700000863522292 -0.01900902763009072 -0.01906271278858184
v -0.004700000863522292 -0.018140356987714774 -0.020132994279265397
v 0.004300002474337817 -0.01900902763009072 -0.01906271278858184
v -0.004700000863522292 -0.018140356987714774 -0.020132994279265397
v 0.004300002474337817 -0.018140356987714774 -0.020132994279265397
v 0.004300002474337817 -0.018140356987714774 -0.020132994279265397
v -0.004700000863522292 -0.018140356987714774 -0.020132994279265397
v -0.004700000863522292 -0.01678292080760003 -0.02091084793210029
v 0.004300002474337817 -0.018140356987714774 -0.020132994279265397
v -0.004700000863522292 -0.01678292080760003 -0.02091084793210029
v 0.004300002474337817 -0.01678292080760003 -0.02091084793210029
v 0.004300002474337817 -0.01678292080760003 -0.02091084793210029
v -0.004700000863522292 -0.01678292080760003 -0.02091084793210029
v -0.004700000863522292 -0.015225363895297057 -0.021058158949017518
v 0.004300002474337817 -0.01678292080760003 -0.02091084793210029
v -0.004700000863522292 -0.015225363895297057 -0.021058158949017518
v 0.004300002474337817 -0.015225363895297057 -0.021058158949017518
v 0.004300002474337817 -0.015225363895297057 -0.021058158949017518
v -0.004700000863522292 -0.015225363895297057 -0.021058158949017518
v -0.004700000863522292 -0.01374616194516421 -0.020548593252897256
v 0.004300002474337817 -0.015225363895297057 -0.021058158949017518
v -0.004700000863522292 -0.01374616194516421 -0.020548593252897256
v 0.004300002474337817 -0.01374616194516421 -0.020548593252897256
v 0.004300002474337817 -0.01374616194516421 -0.020548593252897256
v -0.004700000863522292 -0.01374616194516421 -0.020548593252897256
v -0.004700000863522292 -0.012609795667231088 -0.01947325281798839
v 0.004300002474337817 -0.01374616194516421 -0.020548593252897256
v -0.004700000863522292 -0.012609795667231088 -0.01947325281798839
v 0.004300002474337817 -0.012609795667231088 -0.01947325281798839
v 0.004300002474337817 -0.012609795667231088 -0.01947325281798839
v -0.004700000863522292 -0.012609795667231088 -0.01947325281798839
v -0.004700000863522292 -0.012019436806440359 -0.018024401739239686
v 0.004300002474337817 -0.012609795667231088 -0.01947325281798839
v -0.004700000863522292 -0.012019436806440359 -0.018024401739239686
v 0.004300002474337817 -0.012019436806440359 -0.018024401739239686
v 0.004300002474337817 -0.012019436806440359 -0.018024401739239686
v -0.004700000863522292 -0.012019436806440359 -0.018024401739239686
v 0.004300002474337817 -0.01139768678694964 -0.01585587672889232
v 0.004300002474337817 -0.01139768678694964 -0.01585587672889232
v -0.004700000863522292 -0.012019436806440359 -0.018024401739239686
v -0.004700000863522292 -0.01139768678694964 -0.01585587672889232
v 0.004300002474337817 -0.01139768678694964 -0.01585587672889232
v -0.004700000863522292 -0.01139768678694964 -0.01585587672889232
v 0.004300002474337817 -0.010336253792047506 -0.013865291140973563
v 0.004300002474337817 -0.010336253792047506 -0.013865291140973563
v -0.004700000863522292 -0.01139768678694964 -0.01585587672889232
v -0.004700000863522292 -0.010336253792047506 -0.013865291140973563
v 0.004300002474337817 -0.010336253792047506 -0.013865291140973563
v -0.004700000863522292 -0.010336253792047506 -0.013865291140973563
v 0.004300002474337817 -0.00888206530362368 -0.012140644714236256
v 0.004300002474337817 -0.00888206530362368 -0.012140644714236256
v -0.004700000863522292 -0.010336253792047506 -0.013865291140973563
v -0.004700000863522292 -0.00888206530362368 -0.012140644714236256
v 0.004300002474337817 -0.00888206530362368 -0.012140644714236256
v -0.004700000863522292 -0.00888206530362368 -0.012140644714236256
v 0.004300002474337817 -0.007099405396729711 -0.010758182965219017
v 0.004300002474337817 -0.007099405396729711 -0.010758182965219017
v -0.004700000863522292 -0.00888206530362368 -0.012140644714236256
v -0.004700000863522292 -0.007099405396729711 -0.010758182965219017
v 0.004300002474337817 -0.007099405396729711 -0.010758182965219017
v -0.004700000863522292 -0.007099405396729711 -0.010758182965219017
v 0.004300002474337817 -0.005067088641226294 -0.009779023006558415
v 0.004300002474337817 -0.005067088641226294 -0.009779023006558415
v -0.004700000863522292 -0.007099405396729711 -0.010758182965219017
v -0.004700000863522292 -0.005067088641226294 -0.009779023006558415
v 0.004300002474337817 0.0025269654579460634 -0.0070614768192172024
v 0.004300002474337817 -0.005067088641226294 -0.009779023006558415
v -0.004700000863522292 0.0025269654579460634 -0.0070614768192172024
v -0.004700000863522292 0.0025269654579460634 -0.0070614768192172024
v 0.004300002474337817 -0.005067088641226294 -0.009779023006558415
v -0.004700000863522292 -0.005067088641226294 -0.009779023006558415
v 0.004300002474337817 0.0025269654579460634 -0.0070614768192172024
v -0.004700000863522292 0.0025269654579460634 -0.0070614768192172024
v -0.004700000863522292 0.00422818446531892 -0.006194550544023512
v 0.004300002474337817 0.0025269654579460634 -0.0070614768192172024
v -0.004700000863522292 0.00422818446531892 -0.006194550544023512
v 0.004300002474337817 0.00422818446531892 -0.006194550544023512
v 0.004300002474337817 0.00422818446531892 -0.006194550544023512
v -0.004700000863522292 0.00422818446531892 -0.006194550544023512
v -0.004700000863522292 0.005655364133417609 -0.004926139023154972
v 0.004300002474337817 0.00422818446531892 -0.006194550544023512
v -0.004700000863522292 0.005655364133417609 -0.004926139023154972
v 0.004300002474337817 0.005655364133417609 -0.004926139023154972
v 0.004300002474337817 0.005655364133417609 -0.004926139023154972
v -0.004700000863522292 0.005655364133417609 -0.004926139023154972
v -0.004700000863522292 0.006716005969792607 -0.003338451730087398
v 0.004300002474337817 0.005655364133417609 -0.004926139023154972
v -0.004700000863522292 0.006716005969792607 -0.003338451730087398
v 0.004300002474337817 0.006716005969792607 -0.003338451730087398
v 0.004300002474337817 0.006716005969792607 -0.003338451730087398
v -0.004700000863522292 0.006716005969792607 -0.003338451730087398
v -0.004700000863522292 0.007341363932937387 -0.001534390496090054
v 0.004300002474337817 0.006716005969792607 -0.003338451730087398
v -0.004700000863522292 0.007341363932937387 -0.001534390496090054
v 0.004300002474337817 0.007341363932937387 -0.001534390496090054
v 0.004300002474337817 0.007341363932937387 -0.001534390496090054
v -0.004700000863522292 0.007341363932937387 -0.001534390496090054
v -0.004700000863522292 0.007490910124033693 0.0003691186720971017
v 0.004300002474337817 0.007341363932937387 -0.001534390496090054
v -0.004700000863522292 0.007490910124033693 0.0003691186720971017
v 0.004300002474337817 0.007490910124033693 0.0003691186720971017
v -0.004700000863522292 0.008066375739872459 0.0023629541974514714
v -0.004700000863522292 0.01090121921151877 0.006408571265637873
v 0.004300002474337817 0.008066375739872459 0.0023629541974514714
v 0.004300002474337817 0.008066375739872459 0.0023629541974514714
v -0.004700000863522292 0.01090121921151877 0.006408571265637873
v 0.004300002474337817 0.01090121921151877 0.006408571265637873
v 0.004300002474337817 0.01090121921151877 0.006408571265637873
v -0.004700000863522292 0.01090121921151877 0.006408571265637873
v 0.004300002474337817 0.012151300907135015 0.007736268453299997
v 0.004300002474337817 0.012151300907135015 0.007736268453299997
v -0.004700000863522292 0.01090121921151877 0.006408571265637873
v -0.004700000863522292 0.012151300907135015 0.007736268453299997
v 0.004300002474337817 0.012151300907135015 0.007736268453299997
v -0.004700000863522292 0.012151300907135015 0.007736268453299997
v 0.004300002474337817 0.013727162964642055 0.00865393970161676
v 0.004300002474337817 0.013727162964642055 0.00865393970161676
v -0.004700000863522292 0.012151300907135015 0.007736268453299997
v -0.004700000863522292 0.013727162964642055 0.00865393970161676
v 0.004300002474337817 0.013727162964642055 0.00865393970161676
v -0.004700000863522292 0.013727162964642055 0.00865393970161676
v 0.004300002474337817 0.01549885421991349 0.009085903875529763
v 0.004300002474337817 0.01549885421991349 0.009085903875529763
v -0.004700000863522292 0.013727162964642055 0.00865393970161676
v -0.004700000863522292 0.01549885421991349 0.009085903875529763
v 0.004300002474337817 0.01549885421991349 0.009085903875529763
v -0.004700000863522292 0.01549885421991349 0.009085903875529763
v 0.004300002474337817 0.017320249229669578 0.008996536955237385
v 0.004300002474337817 0.017320249229669578 0.008996536955237385
v -0.004700000863522292 0.01549885421991349 0.009085903875529763
v -0.004700000863522292 0.017320249229669578 0.008996536955237385
v 0.004300002474337817 0.017320249229669578 0.008996536955237385
v -0.004700000863522292 0.017320249229669578 0.008996536955237385
v 0.004300002474337817 0.01904114149510861 0.008393207564949986
v 0.004300002474337817 0.01904114149510861 0.008393207564949986
v -0.004700000863522292 0.017320249229669578 0.008996536955237385
v -0.004700000863522292 0.01904114149510861 0.008393207564949986
v -0.004700000863522292 0.02673240378499032 0.010268454439938065
v -0.004700000863522292 0.03132326900959016 0.016820093616843217
v 0.004300002474337817 0.02673240378499032 0.010268454439938065
v 0.004300002474337817 0.02673240378499032 0.010268454439938065
v -0.004700000863522292 0.03132326900959016 0.016820093616843217
v 0.004300002474337817 0.03132326900959016 0.016820093616843217
v -0.004700000863522292 0.029852678999304785 0.025176970288157456
v -0.004700000863522292 0.021663133054971705 0.030915549024939527
v 0.004300002474337817 0.029852678999304785 0.025176970288157456
v 0.004300002474337817 0.029852678999304785 0.025176970288157456
v -0.004700000863522292 0.021663133054971705 0.030915549024939527
v 0.004300002474337817 0.021663133054971705 0.030915549024939527
v 0.004300002474337817 0.021663133054971705 0.030915549024939527
v -0.004700000863522292 0.021663133054971705 0.030915549024939527
v -0.004700000863522292 0.020016485825181018 0.03172655403614043
v 0.004300002474337817 0.021663133054971705 0.030915549024939527
v -0.004700000863522292 0.020016485825181018 0.03172655403614043
v 0.004300002474337817 0.020016485825181018 0.03172655403614043
v 0.004300002474337817 0.020016485825181018 0.03172655403614043
v -0.004700000863522292 0.020016485825181018 0.03172655403614043
v -0.004700000863522292 0.018201708793640144 0.03200179338455199
v 0.004300002474337817 0.020016485825181018 0.03172655403614043
v -0.004700000863522292 0.018201708793640144 0.03200179338455199
v 0.004300002474337817 0.018201708793640144 0.03200179338455199
v 0.004300002474337817 0.018201708793640144 0.03200179338455199
v -0.004700000863522292 0.018201708793640144 0.03200179338455199
v -0.004700000863522292 0.01638863794505597 0.03171550109982489
v 0.004300002474337817 0.018201708793640144 0.03200179338455199
v -0.004700000863522292 0.01638863794505597 0.03171550109982489
v 0.004300002474337817 0.01638863794505597 0.03171550109982489
v 0.004300002474337817 0.01638863794505597 0.03171550109982489
v -0.004700000863522292 0.01638863794505597 0.03171550109982489
v -0.004700000863522292 0.014746961183846004 0.030894478783011426
v 0.004300002474337817 0.01638863794505597 0.03171550109982489
v -0.004700000863522292 0.014746961183846004 0.030894478783011426
v 0.004300002474337817 0.014746961183846004 0.030894478783011426
v 0.004300002474337817 0.014746961183846004 0.030894478783011426
v -0.004700000863522292 0.014746961183846004 0.030894478783011426
v -0.004700000863522292 0.013430319726467138 0.029615556821227063
v 0.004300002474337817 0.014746961183846004 0.030894478783011426
v -0.004700000863522292 0.013430319726467138 0.029615556821227063
v 0.004300002474337817 0.013430319726467138 0.029615556821227063
v 0.004300002474337817 0.013430319726467138 0.029615556821227063
v -0.004700000863522292 0.013430319726467138 0.029615556821227063
v -0.004700000863522292 0.012561935931444173 0.027998434379696836
v 0.004300002474337817 0.013430319726467138 0.029615556821227063
v -0.004700000863522292 0.012561935931444173 0.027998434379696836
v 0.004300002474337817 0.012561935931444173 0.027998434379696836
v 0.004300002474337817 0.012561935931444173 0.027998434379696836
v -0.004700000863522292 0.012561935931444173 0.027998434379696836
v -0.004700000863522292 0.012223079800605779 0.02619444951415061
v 0.004300002474337817 0.012561935931444173 0.027998434379696836
v -0.004700000863522292 0.012223079800605779 0.02619444951415061
v 0.004300002474337817 0.012223079800605779 0.02619444951415061
v 0.004300002474337817 0.0005782778607681396 0.008666925132274624
v 0.004300002474337817 0.011645385064184671 0.02446084097027778
v -0.004700000863522292 0.0005782778607681396 0.008666925132274624
v -0.004700000863522292 0.0005782778607681396 0.008666925132274624
v 0.004300002474337817 0.011645385064184671 0.02446084097027778
v -0.004700000863522292 0.011645385064184671 0.02446084097027778
v 0.004300002474337817 -0.0014315752778202302 0.007362105417996642
v -0.004700000863522292 -0.0014315752778202302 0.007362105417996642
v -0.004700000863522292 -0.0035122646950185316 0.0066267633810639355
v 0.004300002474337817 -0.0014315752778202302 0.007362105417996642
v -0.004700000863522292 -0.0035122646950185316 0.0066267633810639355
v 0.004300002474337817 -0.0035122646950185316 0.0066267633810639355
v 0.004300002474337817 -0.0035122646950185316 0.0066267633810639355
v -0.004700000863522292 -0.0035122646950185316 0.0066267633810639355
v -0.004700000863522292 -0.005288871936500075 0.005317690316587685
v 0.004300002474337817 -0.0035122646950185316 0.0066267633810639355
v -0.004700000863522292 -0.005288871936500075 0.005317690316587685
v 0.004300002474337817 -0.005288871936500075 0.005317690316587685
v 0.004300002474337817 -0.005288871936500075 0.005317690316587685
v -0.004700000863522292 -0.005288871936500075 0.005317690316587685
v -0.004700000863522292 -0.006607580929994586 0.003548223292455076
v 0.004300002474337817 -0.005288871936500075 0.005317690316587685
v -0.004700000863522292 -0.006607580929994586 0.003548223292455076
v 0.004300002474337817 -0.006607580929994586 0.003548223292455076
v 0.004300002474337817 -0.006607580929994586 0.003548223292455076
v -0.004700000863522292 -0.006607580929994586 0.003548223292455076
v -0.004700000863522292 -0.007354219444096092 0.0014715584693476553
v 0.004300002474337817 -0.006607580929994586 0.003548223292455076
v -0.004700000863522292 -0.007354219444096092 0.0014715584693476553
v 0.004300002474337817 -0.007354219444096092 0.0014715584693476553
v -0.004700000863522292 -0.00811469089239836 -4.2611452954588444e-05
v -0.004700000863522292 -0.016468118876218803 -0.009313625283539292
v 0.004300002474337817 -0.00811469089239836 -4.2611452954588444e-05
v 0.004300002474337817 -0.00811469089239836 -4.2611452954588444e-05
v -0.004700000863522292 -0.016468118876218803 -0.009313625283539292
v 0.004300002474337817 -0.016468118876218803 -0.009313625283539292
v -0.011700000613927843 0.024797631427645694 0.014066325500607485
v -0.005200001876801253 0.024797631427645694 0.014066325500607485
v -0.011700000613927843 0.024799343198537837 0.01337157748639583
v -0.011700000613927843 0.024799343198537837 0.01337157748639583
v -0.005200001876801253 0.024797631427645694 0.014066325500607485
v -0.005200001876801253 0.024800032377243052 0.013377694413065905
v -0.011700000613927843 0.024799343198537837 0.01337157748639583
v -0.005200001876801253 0.024800032377243052 0.013377694413065905
v -0.011700000613927843 0.024571076035499583 0.012733213603496548
v -0.011700000613927843 0.024571076035499583 0.012733213603496548
v -0.005200001876801253 0.024800032377243052 0.013377694413065905
v -0.005200001876801253 0.024645349010825168 0.012706656008958813
v -0.011700000613927843 0.024571076035499583 0.012733213603496548
v -0.005200001876801253 0.024645349010825168 0.012706656008958813
v -0.011700000613927843 0.02433912828564645 0.012084545567631718
v -0.011700000613927843 0.02433912828564645 0.012084545567631718
v -0.005200001876801253 0.024645349010825168 0.012706656008958813
v -0.005200001876801253 0.02434172108769418 0.012088569812476632
v -0.011700000613927843 0.02433912828564645 0.012084545567631718
v -0.005200001876801253 0.02434172108769418 0.012088569812476632
v -0.011700000613927843 0.023850368335843097 0.01161275431513786
v -0.011700000613927843 0.023850368335843097 0.01161275431513786
v -0.005200001876801253 0.02434172108769418 0.012088569812476632
v -0.005200001876801253 0.02390514872968198 0.011556002311408516
v -0.011700000613927843 0.023850368335843097 0.01161275431513786
v -0.005200001876801253 0.02390514872968198 0.011556002311408516
v -0.011700000613927843 0.02335571125149728 0.01113526243716478
v -0.011700000613927843 0.02335571125149728 0.01113526243716478
v -0.005200001876801253 0.02390514872968198 0.011556002311408516
v -0.005200001876801253 0.02335864119231702 0.011137016117572781
v -0.011700000613927843 0.02335571125149728 0.01113526243716478
v -0.005200001876801253 0.02335864119231702 0.011137016117572781
v -0.011700000613927843 0.022707071155309688 0.010928853414952752
v -0.011700000613927843 0.022707071155309688 0.010928853414952752
v -0.005200001876801253 0.02335864119231702 0.011137016117572781
v -0.005200001876801253 0.02273099683225156 0.010853688232600685
v -0.011700000613927843 0.022707071155309688 0.010928853414952752
v -0.005200001876801253 0.02273099683225156 0.010853688232600685
v -0.011700000613927843 0.022053226828575145 0.010720784775912758
v -0.011700000613927843 0.022053226828575145 0.010720784775912758
v -0.005200001876801253 0.02273099683225156 0.010853688232600685
v -0.005200001876801253 0.022055272012949 0.010720945894718167
v -0.011700000613927843 0.022053226828575145 0.010720784775912758
v -0.005200001876801253 0.022055272012949 0.010720945894718167
v -0.011700000613927843 0.02137899212539197 0.010823761112987992
v -0.011700000613927843 0.02137899212539197 0.010823761112987992
v -0.005200001876801253 0.022055272012949 0.010720945894718167
v -0.005200001876801253 0.021367082372307788 0.010745785199105736
v -0.011700000613927843 0.02137899212539197 0.010823761112987992
v -0.005200001876801253 0.021367082372307788 0.010745785199105736
v -0.011700000613927843 0.02070205658674241 0.010927150957286354
v -0.011700000613927843 0.02070205658674241 0.010927150957286354
v -0.005200001876801253 0.021367082372307788 0.010745785199105736
v -0.005200001876801253 0.02070268988609315 0.01092689577490091
v -0.011700000613927843 0.02070205658674241 0.010927150957286354
v -0.005200001876801253 0.02070268988609315 0.01092689577490091
v -0.011700000613927843 0.020142367109656344 0.01131933648139238
v -0.011700000613927843 0.020142367109656344 0.01131933648139238
v -0.005200001876801253 0.02070268988609315 0.01092689577490091
v -0.005200001876801253 0.020097097381949435 0.011254737153649327
v -0.011700000613927843 0.020142367109656344 0.01131933648139238
v -0.005200001876801253 0.020097097381949435 0.011254737153649327
v -0.011700000613927843 0.019582679495215426 0.011711522005498406
v -0.011700000613927843 0.019582679495215426 0.011711522005498406
v -0.005200001876801253 0.020097097381949435 0.011254737153649327
v -0.005200001876801253 0.019582221284508716 0.011712032370269295
v -0.011700000613927843 0.019582679495215426 0.011711522005498406
v -0.005200001876801253 0.019582221284508716 0.011712032370269295
v -0.011700000613927843 0.019254410639405257 0.012312498874962326
v -0.011700000613927843 0.019254410639405257 0.012312498874962326
v -0.005200001876801253 0.019582221284508716 0.011712032370269295
v -0.005200001876801253 0.01918518170714379 0.012274687178432938
v -0.011700000613927843 0.019254410639405257 0.012312498874962326
v -0.005200001876801253 0.01918518170714379 0.012274687178432938
v -0.011700000613927843 0.0189274549484253 0.012911076657474038
v -0.011700000613927843 0.0189274549484253 0.012911076657474038
v -0.005200001876801253 0.01918518170714379 0.012274687178432938
v -0.005200001876801253 0.01892690174281598 0.01291305478662252
v -0.011700000613927843 0.0189274549484253 0.012911076657474038
v -0.005200001876801253 0.01892690174281598 0.01291305478662252
v -0.011700000613927843 0.018899811431765563 0.013596675358712668
v -0.011700000613927843 0.018899811431765563 0.013596675358712668
v -0.005200001876801253 0.01892690174281598 0.01291305478662252
v -0.005200001876801253 0.018821001052856452 0.013593498617410655
v -0.011700000613927843 0.018899811431765563 0.013596675358712668
v -0.005200001876801253 0.018821001052856452 0.013593498617410655
v -0.011700000613927843 0.018872397020459182 0.014276806265115733
v -0.011700000613927843 0.018872397020459182 0.014276806265115733
v -0.005200001876801253 0.018821001052856452 0.013593498617410655
v -0.005200001876801253 0.018873043358325965 0.014280163682997222
v -0.011700000613927843 0.018872397020459182 0.014276806265115733
v -0.005200001876801253 0.018873043358325965 0.014280163682997222
v -0.011700000613927843 0.01915233954787255 0.014904756098985667
v -0.011700000613927843 0.01915233954787255 0.014904756098985667
v -0.005200001876801253 0.018873043358325965 0.014280163682997222
v -0.005200001876801253 0.019080296158790595 0.014936872757971282
v -0.011700000613927843 0.01915233954787255 0.014904756098985667
v -0.005200001876801253 0.019080296158790595 0.014936872757971282
v -0.011700000613927843 0.019428940489888198 0.015525209717452521
v -0.011700000613927843 0.019428940489888198 0.015525209717452521
v -0.005200001876801253 0.019080296158790595 0.014936872757971282
v -0.005200001876801253 0.019431835040450103 0.015529021620750422
v -0.011700000613927843 0.019428940489888198 0.015525209717452521
v -0.005200001876801253 0.019431835040450103 0.015529021620750422
v -0.011700000613927843 0.019959459081292163 0.015964664518833153
v -0.011700000613927843 0.019959459081292163 0.015964664518833153
v -0.005200001876801253 0.019431835040450103 0.015529021620750422
v -0.005200001876801253 0.01990913972258569 0.016025407239794724
v -0.011700000613927843 0.019959459081292163 0.015964664518833153
v -0.005200001876801253 0.01990913972258569 0.016025407239794724
v -0.011700000613927843 0.020481551066041003 0.016397137194871896
v -0.011700000613927843 0.020481551066041003 0.016397137194871896
v -0.005200001876801253 0.01990913972258569 0.016025407239794724
v -0.005200001876801253 0.020487064495682727 0.016399875283241265
v -0.011700000613927843 0.020481551066041003 0.016397137194871896
v -0.005200001876801253 0.020487064495682727 0.016399875283241265
v -0.011700000613927843 0.021135151386260997 0.01663269661366939
v -0.011700000613927843 0.021135151386260997 0.01663269661366939
v -0.005200001876801253 0.020487064495682727 0.016399875283241265
v -0.005200001876801253 0.021135151386260997 0.01663269661366939
v -0.011700000613927843 0.021135151386260997 0.01663269661366939
v -0.005200001876801253 0.021135151386260997 0.01663269661366939
v -0.012200001627206806 0.021737955510616313 0.016210298985242837
v -0.012200001627206806 0.021737955510616313 0.016210298985242837
v -0.005200001876801253 0.021135151386260997 0.01663269661366939
v -0.005200001876801253 0.024797631427645694 0.014066325500607485
v -0.012200001627206806 0.021737955510616313 0.016210298985242837
v -0.005200001876801253 0.024797631427645694 0.014066325500607485
v -0.012200001627206806 0.02419481985270978 0.014488724060356612
v -0.012200001627206806 0.02419481985270978 0.014488724060356612
v -0.005200001876801253 0.024797631427645694 0.014066325500607485
v -0.011700000613927843 0.024797631427645694 0.014066325500607485
v -0.012200001627206806 0.0230995323508978 0.011564652435481545
v -0.012200001627206806 0.022014137357473384 0.011219254694879052
v -0.012200001627206806 0.01936344616115094 0.014182606711983676
v -0.012200001627206806 0.021737955510616313 0.016210298985242837
v -0.012200001627206806 0.02419481985270978 0.014488724060356612
v -0.012200001627206806 0.020704403519630443 0.015949549153447144
v -0.012200001627206806 0.020704403519630443 0.015949549153447144
v -0.012200001627206806 0.02419481985270978 0.014488724060356612
v -0.012200001627206806 0.024302562698721896 0.013428248465061183
v -0.012200001627206806 0.020704403519630443 0.015949549153447144
v -0.012200001627206806 0.024302562698721896 0.013428248465061183
v -0.012200001627206806 0.019827229902148257 0.01522294152528047
v -0.012200001627206806 0.019827229902148257 0.01522294152528047
v -0.012200001627206806 0.024302562698721896 0.013428248465061183
v -0.012200001627206806 0.01936344616115094 0.014182606711983676
v -0.012200001627206806 0.01936344616115094 0.014182606711983676
v -0.012200001627206806 0.024302562698721896 0.013428248465061183
v -0.012200001627206806 0.02391905151307584 0.01235572155565023
v -0.012200001627206806 0.01936344616115094 0.014182606711983676
v -0.012200001627206806 0.02391905151307584 0.01235572155565023
v -0.012200001627206806 0.0230995323508978 0.011564652435481545
v -0.012200001627206806 0.022014137357473384 0.011219254694879052
v -0.012200001627206806 0.020888159051537524 0.011391225270926949
v -0.012200001627206806 0.01936344616115094 0.014182606711983676
v -0.012200001627206806 0.01936344616115094 0.014182606711983676
v -0.012200001627206806 0.020888159051537524 0.011391225270926949
v -0.012200001627206806 0.019955340772867213 0.012044868431985375
v -0.012200001627206806 0.01936344616115094 0.014182606711983676
v -0.012200001627206806 0.019955340772867213 0.012044868431985375
v -0.012200001627206806 0.01940932124853135 0.01304449792951345
v 0.011299993842840196 0.021135151386260997 0.01663269661366939
v 0.004800003487616778 0.021135151386260997 0.01663269661366939
v 0.011299993842840196 0.020481551066041003 0.016397137194871896
v 0.011299993842840196 0.020481551066041003 0.016397137194871896
v 0.004800003487616778 0.021135151386260997 0.01663269661366939
v 0.004800003487616778 0.020487064495682727 0.016399875283241265
v 0.011299993842840196 0.020481551066041003 0.016397137194871896
v 0.004800003487616778 0.020487064495682727 0.016399875283241265
v 0.011299993842840196 0.019959459081292163 0.015964664518833153
v 0.011299993842840196 0.019959459081292163 0.015964664518833153
v 0.004800003487616778 0.020487064495682727 0.016399875283241265
v 0.004800003487616778 0.01990913972258569 0.016025407239794724
v 0.011299993842840196 0.019959459081292163 0.015964664518833153
v 0.004800003487616778 0.01990913972258569 0.016025407239794724
v 0.011299993842840196 0.019428940489888198 0.015525209717452521
v 0.011299993842840196 0.019428940489888198 0.015525209717452521
v 0.004800003487616778 0.01990913972258569 0.016025407239794724
v 0.004800003487616778 0.019431835040450103 0.015529021620750422
v 0.011299993842840196 0.019428940489888198 0.015525209717452521
v 0.004800003487616778 0.019431835040450103 0.015529021620750422
v 0.011299993842840196 0.01915233954787255 0.014904756098985667
v 0.011299993842840196 0.01915233954787255 0.014904756098985667
v 0.004800003487616778 0.019431835040450103 0.015529021620750422
v 0.004800003487616778 0.019080296158790595 0.014936872757971282
v 0.011299993842840196 0.01915233954787255 0.014904756098985667
v 0.004800003487616778 0.019080296158790595 0.014936872757971282
v 0.011299993842840196 0.018872397020459182 0.014276806265115733
v 0.011299993842840196 0.018872397020459182 0.014276806265115733
v 0.004800003487616778 0.019080296158790595 0.014936872757971282
v 0.004800003487616778 0.018873043358325965 0.014280163682997222
v 0.011299993842840196 0.018872397020459182 0.014276806265115733
v 0.004800003487616778 0.018873043358325965 0.014280163682997222
v 0.011299993842840196 0.018899811431765563 0.013596675358712668
v 0.011299993842840196 0.018899811431765563 0.013596675358712668
v 0.004800003487616778 0.018873043358325965 0.014280163682997222
v 0.004800003487616778 0.018821001052856452 0.013593498617410655
v 0.011299993842840196 0.018899811431765563 0.013596675358712668
v 0.004800003487616778 0.018821001052856452 0.013593498617410655
v 0.011299993842840196 0.0189274549484253 0.012911076657474038
v 0.011299993842840196 0.0189274549484253 0.012911076657474038
v 0.004800003487616778 0.018821001052856452 0.013593498617410655
v 0.004800003487616778 0.01892690174281598 0.01291305478662252
v 0.011299993842840196 0.0189274549484253 0.012911076657474038
v 0.004800003487616778 0.01892690174281598 0.01291305478662252
v 0.011299993842840196 0.019254410639405257 0.012312498874962326
v 0.011299993842840196 0.019254410639405257 0.012312498874962326
v 0.004800003487616778 0.01892690174281598 0.01291305478662252
v 0.004800003487616778 0.01918518170714379 0.012274687178432938
v 0.011299993842840196 0.019254410639405257 0.012312498874962326
v 0.004800003487616778 0.01918518170714379 0.012274687178432938
v 0.011299993842840196 0.019582679495215426 0.011711522005498406
v 0.011299993842840196 0.019582679495215426 0.011711522005498406
v 0.004800003487616778 0.01918518170714379 0.012274687178432938
v 0.004800003487616778 0.019582221284508716 0.011712032370269295
v 0.011299993842840196 0.019582679495215426 0.011711522005498406
v 0.004800003487616778 0.019582221284508716 0.011712032370269295
v 0.011299993842840196 0.020142367109656344 0.01131933648139238
v 0.011299993842840196 0.020142367109656344 0.01131933648139238
v 0.004800003487616778 0.019582221284508716 0.011712032370269295
v 0.004800003487616778 0.020097097381949435 0.011254737153649327
v 0.011299993842840196 0.020142367109656344 0.01131933648139238
v 0.004800003487616778 0.020097097381949435 0.011254737153649327
v 0.011299993842840196 0.02070205658674241 0.010927150957286354
v 0.011299993842840196 0.02070205658674241 0.010927150957286354
v 0.004800003487616778 0.020097097381949435 0.011254737153649327
v 0.004800003487616778 0.02070268988609315 0.01092689577490091
v 0.011299993842840196 0.02070205658674241 0.010927150957286354
v 0.004800003487616778 0.02070268988609315 0.01092689577490091
v 0.011299993842840196 0.02137899212539197 0.010823761112987992
v 0.011299993842840196 0.02137899212539197 0.010823761112987992
v 0.004800003487616778 0.02070268988609315 0.01092689577490091
v 0.004800003487616778 0.021367082372307788 0.010745785199105736
v 0.011299993842840196 0.02137899212539197 0.010823761112987992
v 0.004800003487616778 0.021367082372307788 0.010745785199105736
v 0.011299993842840196 0.022053226828575145 0.010720784775912758
v 0.011299993842840196 0.022053226828575145 0.010720784775912758
v 0.004800003487616778 0.021367082372307788 0.010745785199105736
v 0.004800003487616778 0.022055272012949 0.010720945894718167
v 0.011299993842840196 0.022053226828575145 0.010720784775912758
v 0.004800003487616778 0.022055272012949 0.010720945894718167
v 0.011299993842840196 0.022707071155309688 0.010928853414952752
v 0.011299993842840196 0.022707071155309688 0.010928853414952752
v 0.004800003487616778 0.022055272012949 0.010720945894718167
v 0.004800003487616778 0.02273099683225156 0.010853688232600685
v 0.011299993842840196 0.022707071155309688 0.010928853414952752
v 0.004800003487616778 0.02273099683225156 0.010853688232600685
v 0.011299993842840196 0.02335571125149728 0.01113526243716478
v 0.011299993842840196 0.02335571125149728 0.01113526243716478
v 0.004800003487616778 0.02273099683225156 0.010853688232600685
v 0.004800003487616778 0.02335864119231702 0.011137016117572781
v 0.011299993842840196 0.02335571125149728 0.01113526243716478
v 0.004800003487616778 0.02335864119231702 0.011137016117572781
v 0.011299993842840196 0.023850368335843097 0.01161275431513786
v 0.011299993842840196 0.023850368335843097 0.01161275431513786
v 0.004800003487616778 0.02335864119231702 0.011137016117572781
v 0.004800003487616778 0.02390514872968198 0.011556002311408516
v 0.011299993842840196 0.023850368335843097 0.01161275431513786
v 0.004800003487616778 0.02390514872968198 0.011556002311408516
v 0.011299993842840196 0.02433912828564645 0.012084545567631718
v 0.011299993842840196 0.02433912828564645 0.012084545567631718
v 0.004800003487616778 0.02390514872968198 0.011556002311408516
v 0.004800003487616778 0.02434172108769418 0.012088569812476632
v 0.011299993842840196 0.02433912828564645 0.012084545567631718
v 0.004800003487616778 0.02434172108769418 0.012088569812476632
v 0.011299993842840196 0.024571076035499583 0.012733213603496548
v 0.011299993842840196 0.024571076035499583 0.012733213603496548
v 0.004800003487616778 0.02434172108769418 0.012088569812476632
v 0.004800003487616778 0.024645349010825168 0.012706656008958813
v 0.011299993842840196 0.024571076035499583 0.012733213603496548
v 0.004800003487616778 0.024645349010825168 0.012706656008958813
v 0.011299993842840196 0.024799343198537837 0.01337157748639583
v 0.011299993842840196 0.024799343198537837 0.01337157748639583
v 0.004800003487616778 0.024645349010825168 0.012706656008958813
v 0.004800003487616778 0.024800032377243052 0.013377694413065905
v 0.011299993842840196 0.024799343198537837 0.01337157748639583
v 0.004800003487616778 0.024800032377243052 0.013377694413065905
v 0.011299993842840196 0.024797631427645694 0.014066325500607485
v 0.011299993842840196 0.024797631427645694 0.014066325500607485
v 0.004800003487616778 0.024800032377243052 0.013377694413065905
v 0.004800003487616778 0.024797631427645694 0.014066325500607485
v 0.011800002306699756 0.02419481985270978 0.014488724060356612
v 0.011299993842840196 0.024797631427645694 0.014066325500607485
v 0.011800002306699756 0.021737955510616313 0.016210298985242837
v 0.011800002306699756 0.021737955510616313 0.016210298985242837
v 0.011299993842840196 0.024797631427645694 0.014066325500607485
v 0.004800003487616778 0.024797631427645694 0.014066325500607485
v 0.011800002306699756 0.021737955510616313 0.016210298985242837
v 0.004800003487616778 0.024797631427645694 0.014066325500607485
v 0.011299993842840196 0.021135151386260997 0.01663269661366939
v 0.011299993842840196 0.021135151386260997 0.01663269661366939
v 0.004800003487616778 0.024797631427645694 0.014066325500607485
v 0.004800003487616778 0.021135151386260997 0.01663269661366939
v 0.011800002306699756 0.020888159051537524 0.011391225270926949
v 0.011800002306699756 0.022014137357473384 0.011219254694879052
v 0.011800002306699756 0.0230995323508978 0.011564652435481545
v 0.011800002306699756 0.0230995323508978 0.011564652435481545
v 0.011800002306699756 0.020704403519630443 0.015949549153447144
v 0.011800002306699756 0.019827229902148257 0.01522294152528047
v 0.011800002306699756 0.02419481985270978 0.014488724060356612
v 0.011800002306699756 0.021737955510616313 0.016210298985242837
v 0.011800002306699756 0.024302562698721896 0.013428248465061183
v 0.011800002306699756 0.024302562698721896 0.013428248465061183
v 0.011800002306699756 0.021737955510616313 0.016210298985242837
v 0.011800002306699756 0.020704403519630443 0.015949549153447144
v 0.011800002306699756 0.024302562698721896 0.013428248465061183
v 0.011800002306699756 0.020704403519630443 0.015949549153447144
v 0.011800002306699756 0.02391905151307584 0.01235572155565023
v 0.011800002306699756 0.02391905151307584 0.01235572155565023
v 0.011800002306699756 0.020704403519630443 0.015949549153447144
v 0.011800002306699756 0.0230995323508978 0.011564652435481545
v 0.011800002306699756 0.019955340772867213 0.012044868431985375
v 0.011800002306699756 0.020888159051537524 0.011391225270926949
v 0.011800002306699756 0.01940932124853135 0.01304449792951345
v 0.011800002306699756 0.01940932124853135 0.01304449792951345
v 0.011800002306699756 0.020888159051537524 0.011391225270926949
v 0.011800002306699756 0.0230995323508978 0.011564652435481545
v 0.011800002306699756 0.01940932124853135 0.01304449792951345
v 0.011800002306699756 0.0230995323508978 0.011564652435481545
v 0.011800002306699756 0.01936344616115094 0.014182606711983676
v 0.011800002306699756 0.01936344616115094 0.014182606711983676
v 0.011800002306699756 0.0230995323508978 0.011564652435481545
v 0.011800002306699756 0.019827229902148257 0.01522294152528047
v 0.004300002474337817 0.018713843077421195 0.030977370217442502
v 0.004800003487616778 0.020477868616580974 0.030462980270385732
v 0.004300002474337817 0.020477868616580974 0.030462980270385732
v 0.004300002474337817 0.020477868616580974 0.030462980270385732
v 0.004800003487616778 0.020477868616580974 0.030462980270385732
v 0.004800003487616778 0.02193696051836015 0.02934608608484267
v 0.004300002474337817 0.020477868616580974 0.030462980270385732
v 0.004800003487616778 0.02193696051836015 0.02934608608484267
v 0.004300002474337817 0.02193696051836015 0.02934608608484267
v 0.004300002474337817 0.02193696051836015 0.02934608608484267
v 0.004800003487616778 0.02193696051836015 0.02934608608484267
v 0.004800003487616778 0.02289404720067979 0.027777530252933492
v 0.004300002474337817 0.02193696051836015 0.02934608608484267
v 0.004800003487616778 0.02289404720067979 0.027777530252933492
v 0.004300002474337817 0.02289404720067979 0.027777530252933492
v 0.004300002474337817 0.02289404720067979 0.027777530252933492
v 0.004800003487616778 0.02289404720067979 0.027777530252933492
v 0.004800003487616778 0.02321987971663476 0.02596915513277053
v 0.004300002474337817 0.02289404720067979 0.027777530252933492
v 0.004800003487616778 0.02321987971663476 0.02596915513277053
v 0.004300002474337817 0.02321987971663476 0.02596915513277053
v 0.004300002474337817 0.02321987971663476 0.02596915513277053
v 0.004800003487616778 0.02321987971663476 0.02596915513277053
v 0.004800003487616778 0.022870445623993884 0.024165190756320946
v 0.004300002474337817 0.02321987971663476 0.02596915513277053
v 0.004800003487616778 0.022870445623993884 0.024165190756320946
v 0.004300002474337817 0.022870445623993884 0.024165190756320946
v 0.004300002474337817 0.022870445623993884 0.024165190756320946
v 0.004800003487616778 0.022870445623993884 0.024165190756320946
v 0.004800003487616778 0.021892942488193522 0.022609274834394448
v 0.004300002474337817 0.022870445623993884 0.024165190756320946
v 0.004800003487616778 0.021892942488193522 0.022609274834394448
v 0.004300002474337817 0.021892942488193522 0.022609274834394448
v 0.004300002474337817 0.021892942488193522 0.022609274834394448
v 0.004800003487616778 0.021892942488193522 0.022609274834394448
v 0.004800003487616778 0.020419392734766017 0.021511539816856377
v 0.004300002474337817 0.021892942488193522 0.022609274834394448
v 0.004800003487616778 0.020419392734766017 0.021511539816856377
v 0.004300002474337817 0.020419392734766017 0.021511539816856377
v 0.004300002474337817 0.020419392734766017 0.021511539816856377
v 0.004800003487616778 0.020419392734766017 0.021511539816856377
v 0.004800003487616778 0.018648790195584304 0.021020239219069474
v 0.004300002474337817 0.020419392734766017 0.021511539816856377
v 0.004800003487616778 0.018648790195584304 0.021020239219069474
v 0.004300002474337817 0.018648790195584304 0.021020239219069474
v 0.004300002474337817 0.018648790195584304 0.021020239219069474
v 0.004800003487616778 0.018648790195584304 0.021020239219069474
v 0.004800003487616778 0.016820283606648452 0.02120173163712024
v 0.004300002474337817 0.018648790195584304 0.021020239219069474
v 0.004800003487616778 0.016820283606648452 0.02120173163712024
v 0.004300002474337817 0.016820283606648452 0.02120173163712024
v 0.004300002474337817 0.016820283606648452 0.02120173163712024
v 0.004800003487616778 0.016820283606648452 0.02120173163712024
v 0.004800003487616778 0.015180807560682304 0.022031504660844796
v 0.004300002474337817 0.016820283606648452 0.02120173163712024
v 0.004800003487616778 0.015180807560682304 0.022031504660844796
v 0.004300002474337817 0.015180807560682304 0.022031504660844796
v 0.004300002474337817 0.015180807560682304 0.022031504660844796
v 0.004800003487616778 0.015180807560682304 0.022031504660844796
v 0.004800003487616778 0.013951797038316734 0.023397486656904214
v 0.004300002474337817 0.015180807560682304 0.022031504660844796
v 0.004800003487616778 0.013951797038316734 0.023397486656904214
v 0.004300002474337817 0.013951797038316734 0.023397486656904214
v 0.004300002474337817 0.013951797038316734 0.023397486656904214
v 0.004800003487616778 0.013951797038316734 0.023397486656904214
v 0.004800003487616778 0.013299224898219114 0.02511519938707351
v 0.004300002474337817 0.013951797038316734 0.023397486656904214
v 0.004800003487616778 0.013299224898219114 0.02511519938707351
v 0.004300002474337817 0.013299224898219114 0.02511519938707351
v 0.004300002474337817 0.013299224898219114 0.02511519938707351
v 0.004800003487616778 0.013299224898219114 0.02511519938707351
v 0.004800003487616778 0.013311225920915609 0.026952655985951413
v 0.004300002474337817 0.013299224898219114 0.02511519938707351
v 0.004800003487616778 0.013311225920915609 0.026952655985951413
v 0.004300002474337817 0.013311225920915609 0.026952655985951413
v 0.004300002474337817 0.013311225920915609 0.026952655985951413
v 0.004800003487616778 0.013311225920915609 0.026952655985951413
v 0.004800003487616778 0.01398618612438441 0.02866169624030589
v 0.004300002474337817 0.013311225920915609 0.026952655985951413
v 0.004800003487616778 0.01398618612438441 0.02866169624030589
v 0.004300002474337817 0.01398618612438441 0.02866169624030589
v 0.004300002474337817 0.01398618612438441 0.02866169624030589
v 0.004800003487616778 0.01398618612438441 0.02866169624030589
v 0.004800003487616778 0.015232943929731853 0.030011504888534535
v 0.004300002474337817 0.01398618612438441 0.02866169624030589
v 0.004800003487616778 0.015232943929731853 0.030011504888534535
v 0.004300002474337817 0.015232943929731853 0.030011504888534535
v 0.004300002474337817 0.015232943929731853 0.030011504888534535
v 0.004800003487616778 0.015232943929731853 0.030011504888534535
v 0.004800003487616778 0.01688311807811261 0.030819784849882115
v 0.004300002474337817 0.015232943929731853 0.030011504888534535
v 0.004800003487616778 0.01688311807811261 0.030819784849882115
v 0.004300002474337817 0.01688311807811261 0.030819784849882115
v 0.004300002474337817 0.01688311807811261 0.030819784849882115
v 0.004800003487616778 0.01688311807811261 0.030819784849882115
v 0.004800003487616778 0.018713843077421195 0.030977370217442502
v 0.004300002474337817 0.01688311807811261 0.030819784849882115
v 0.004800003487616778 0.018713843077421195 0.030977370217442502
v 0.004300002474337817 0.018713843077421195 0.030977370217442502
v 0.004300002474337817 0.018713843077421195 0.030977370217442502
v 0.004800003487616778 0.018713843077421195 0.030977370217442502
v 0.004800003487616778 0.020477868616580974 0.030462980270385732
v 0.004800003487616778 0.018713843077421195 0.030977370217442502
v 0.004800003487616778 0.01688311807811261 0.030819784849882115
v 0.004800003487616778 0.018219985067844398 0.026001820340752595
v 0.004800003487616778 0.018713843077421195 0.030977370217442502
v 0.004800003487616778 0.018219985067844398 0.026001820340752595
v 0.004800003487616778 0.020477868616580974 0.030462980270385732
v 0.004800003487616778 0.02321987971663476 0.02596915513277053
v 0.004800003487616778 0.02289404720067979 0.027777530252933492
v 0.004800003487616778 0.018219985067844398 0.026001820340752595
v 0.004800003487616778 0.018219985067844398 0.026001820340752595
v 0.004800003487616778 0.02289404720067979 0.027777530252933492
v 0.004800003487616778 0.02193696051836015 0.02934608608484267
v 0.004800003487616778 0.018219985067844398 0.026001820340752595
v 0.004800003487616778 0.02193696051836015 0.02934608608484267
v 0.004800003487616778 0.020477868616580974 0.030462980270385732
v 0.004800003487616778 0.020419392734766017 0.021511539816856377
v 0.004800003487616778 0.021892942488193522 0.022609274834394448
v 0.004800003487616778 0.018219985067844398 0.026001820340752595
v 0.004800003487616778 0.018219985067844398 0.026001820340752595
v 0.004800003487616778 0.021892942488193522 0.022609274834394448
v 0.004800003487616778 0.022870445623993884 0.024165190756320946
v 0.004800003487616778 0.018219985067844398 0.026001820340752595
v 0.004800003487616778 0.022870445623993884 0.024165190756320946
v 0.004800003487616778 0.02321987971663476 0.02596915513277053
v 0.004800003487616778 0.015180807560682304 0.022031504660844796
v 0.004800003487616778 0.016820283606648452 0.02120173163712024
v 0.004800003487616778 0.018219985067844398 0.026001820340752595
v 0.004800003487616778 0.018219985067844398 0.026001820340752595
v 0.004800003487616778 0.016820283606648452 0.02120173163712024
v 0.004800003487616778 0.018648790195584304 0.021020239219069474
v 0.004800003487616778 0.018219985067844398 0.026001820340752595
v 0.004800003487616778 0.018648790195584304 0.021020239219069474
v 0.004800003487616778 0.020419392734766017 0.021511539816856377
v 0.004800003487616778 0.013311225920915609 0.026952655985951413
v 0.004800003487616778 0.013299224898219114 0.02511519938707351
v 0.004800003487616778 0.018219985067844398 0.026001820340752595
v 0.004800003487616778 0.018219985067844398 0.026001820340752595
v 0.004800003487616778 0.013299224898219114 0.02511519938707351
v 0.004800003487616778 0.013951797038316734 0.023397486656904214
v 0.004800003487616778 0.018219985067844398 0.026001820340752595
v 0.004800003487616778 0.013951797038316734 0.023397486656904214
v 0.004800003487616778 0.015180807560682304 0.022031504660844796
v 0.004800003487616778 0.01688311807811261 0.030819784849882115
v 0.004800003487616778 0.015232943929731853 0.030011504888534535
v 0.004800003487616778 0.018219985067844398 0.026001820340752595
v 0.004800003487616778 0.018219985067844398 0.026001820340752595
v 0.004800003487616778 0.015232943929731853 0.030011504888534535
v 0.004800003487616778 0.01398618612438441 0.02866169624030589
v 0.004800003487616778 0.018219985067844398 0.026001820340752595
v 0.004800003487616778 0.01398618612438441 0.02866169624030589
v 0.004800003487616778 0.013311225920915609 0.026952655985951413
v 0.004600000102072955 0.00044112792238593123 -0.003975601401180027
v 0.007800002116709949 0.00044112792238593123 -0.003975601401180027
v 0.004600000102072955 -0.0003950840327888729 -0.0039804410189390165
v 0.004600000102072955 -0.0003950840327888729 -0.0039804410189390165
v 0.007800002116709949 0.00044112792238593123 -0.003975601401180027
v 0.007800002116709949 -0.0003950840327888729 -0.0039804410189390165
v 0.004600000102072955 -0.0003950840327888729 -0.0039804410189390165
v 0.007800002116709949 -0.0003950840327888729 -0.0039804410189390165
v 0.004600000102072955 -0.001214032527059317 -0.0038113154005259262
v 0.004600000102072955 -0.001214032527059317 -0.0038113154005259262
v 0.007800002116709949 -0.0003950840327888729 -0.0039804410189390165
v 0.007800002116709949 -0.001214032527059317 -0.0038113154005259262
v 0.004600000102072955 -0.001214032527059317 -0.0038113154005259262
v 0.007800002116709949 -0.001214032527059317 -0.0038113154005259262
v 0.004600000102072955 -0.001979921245947481 -0.003475617617368697
v 0.004600000102072955 -0.001979921245947481 -0.003475617617368697
v 0.007800002116709949 -0.001214032527059317 -0.0038113154005259262
v 0.007800002116709949 -0.0019366537453606733 -0.0033996668644249426
v 0.004600000102072955 -0.001979921245947481 -0.003475617617368697
v 0.007800002116709949 -0.0019366537453606733 -0.0033996668644249426
v 0.004600000102072955 -0.0026592749636620296 -0.002988018561154603
v 0.004600000102072955 -0.0026592749636620296 -0.002988018561154603
v 0.007800002116709949 -0.0019366537453606733 -0.0033996668644249426
v 0.007800002116709949 -0.0026592749636620296 -0.002988018561154603
v 0.004600000102072955 -0.0026592749636620296 -0.002988018561154603
v 0.007800002116709949 -0.0026592749636620296 -0.002988018561154603
v 0.004600000102072955 -0.0032224073074758066 -0.0023698287550359956
v 0.004600000102072955 -0.0032224073074758066 -0.0023698287550359956
v 0.007800002116709949 -0.0026592749636620296 -0.002988018561154603
v 0.007800002116709949 -0.0031519900076091303 -0.0023180420976132146
v 0.004600000102072955 -0.0032224073074758066 -0.0023698287550359956
v 0.007800002116709949 -0.0031519900076091303 -0.0023180420976132146
v 0.004600000102072955 -0.0036447048187255877 -0.0016480660997331136
v 0.004600000102072955 -0.0036447048187255877 -0.0016480660997331136
v 0.007800002116709949 -0.0031519900076091303 -0.0023180420976132146
v 0.007800002116709949 -0.0036447048187255877 -0.0016480660997331136
v 0.004600000102072955 -0.0036447048187255877 -0.0016480660997331136
v 0.007800002116709949 -0.0036447048187255877 -0.0016480660997331136
v 0.004600000102072955 -0.00390771357342601 -0.000854274723678827
v 0.004600000102072955 -0.00390771357342601 -0.000854274723678827
v 0.007800002116709949 -0.0036447048187255877 -0.0016480660997331136
v 0.007800002116709949 -0.003822318511083724 -0.0008356070029549297
v 0.004600000102072955 -0.00390771357342601 -0.000854274723678827
v 0.007800002116709949 -0.003822318511083724 -0.0008356070029549297
v 0.004600000102072955 -0.00399993220344186 -2.3147953470470377e-05
v 0.004600000102072955 -0.00399993220344186 -2.3147953470470377e-05
v 0.007800002116709949 -0.003822318511083724 -0.0008356070029549297
v 0.007800002116709949 -0.00399993220344186 -2.3147953470470377e-05
v 0.004600000102072955 -0.00399993220344186 -2.3147953470470377e-05
v 0.007800002116709949 -0.00399993220344186 -2.3147953470470377e-05
v 0.004600000102072955 -0.003917336929589512 0.0008089906768873332
v 0.004600000102072955 -0.003917336929589512 0.0008089906768873332
v 0.007800002116709949 -0.00399993220344186 -2.3147953470470377e-05
v 0.007800002116709949 -0.0038317346479743736 0.000791312428191304
v 0.004600000102072955 -0.003917336929589512 0.0008089906768873332
v 0.007800002116709949 -0.0038317346479743736 0.000791312428191304
v 0.004600000102072955 -0.0036635370925068873 0.0016057727625593539
v 0.004600000102072955 -0.0036635370925068873 0.0016057727625593539
v 0.007800002116709949 -0.0038317346479743736 0.000791312428191304
v 0.007800002116709949 -0.0036635370925068873 0.0016057727625593539
v 0.004600000102072955 -0.0036635370925068873 0.0016057727625593539
v 0.007800002116709949 -0.0036635370925068873 0.0016057727625593539
v 0.004600000102072955 -0.003249619156122209 0.002332374453544616
v 0.004600000102072955 -0.003249619156122209 0.002332374453544616
v 0.007800002116709949 -0.0036635370925068873 0.0016057727625593539
v 0.007800002116709949 -0.0031786081381142152 0.0022814066614955655
v 0.004600000102072955 -0.003249619156122209 0.002332374453544616
v 0.007800002116709949 -0.0031786081381142152 0.0022814066614955655
v 0.004600000102072955 -0.0026936791837215437 0.0029570404440164557
v 0.004600000102072955 -0.0026936791837215437 0.0029570404440164557
v 0.007800002116709949 -0.0031786081381142152 0.0022814066614955655
v 0.007800002116709949 -0.0026936791837215437 0.0029570404440164557
v 0.004600000102072955 -0.0026936791837215437 0.0029570404440164557
v 0.007800002116709949 -0.0026936791837215437 0.0029570404440164557
v 0.004600000102072955 -0.002020012820139528 0.003452469594776629
v 0.004600000102072955 -0.002020012820139528 0.003452469594776629
v 0.007800002116709949 -0.0026936791837215437 0.0029570404440164557
v 0.007800002116709949 -0.0019758695270866164 0.0033770247828215348
v 0.004600000102072955 -0.002020012820139528 0.003452469594776629
v 0.007800002116709949 -0.0019758695270866164 0.0033770247828215348
v 0.004600000102072955 -0.0012580635957419879 0.003797009354457258
v 0.004600000102072955 -0.0012580635957419879 0.003797009354457258
v 0.007800002116709949 -0.0019758695270866164 0.0033770247828215348
v 0.007800002116709949 -0.0012580635957419879 0.003797009354457258
v 0.004600000102072955 -0.0012580635957419879 0.003797009354457258
v 0.007800002116709949 -0.0012580635957419879 0.003797009354457258
v 0.004600000102072955 -0.00044112809700891397 0.003975601401180027
v 0.004600000102072955 -0.00044112809700891397 0.003975601401180027
v 0.007800002116709949 -0.0012580635957419879 0.003797009354457258
v 0.007800002116709949 -0.00043148992699570976 0.0038887250702828156
v 0.004600000102072955 -0.00044112809700891397 0.003975601401180027
v 0.007800002116709949 -0.00043148992699570976 0.0038887250702828156
v 0.004600000102072955 0.0003950875252485277 0.003980440553277729
v 0.004600000102072955 0.0003950875252485277 0.003980440553277729
v 0.007800002116709949 -0.00043148992699570976 0.0038887250702828156
v 0.007800002116709949 0.0003950875252485277 0.003980440553277729
v 0.004600000102072955 0.0003950875252485277 0.003980440553277729
v 0.007800002116709949 0.0003950875252485277 0.003980440553277729
v 0.004600000102072955 0.0012140322942286734 0.0038113154005259262
v 0.004600000102072955 0.0012140322942286734 0.0038113154005259262
v 0.007800002116709949 0.0003950875252485277 0.003980440553277729
v 0.007800002116709949 0.0011875042691826825 0.0037280288524925696
v 0.004600000102072955 0.0012140322942286734 0.0038113154005259262
v 0.007800002116709949 0.0011875042691826825 0.0037280288524925696
v 0.004600000102072955 0.0019799210131168374 0.003475617384538053
v 0.004600000102072955 0.0019799210131168374 0.003475617384538053
v 0.007800002116709949 0.0011875042691826825 0.0037280288524925696
v 0.007800002116709949 0.0019799210131168374 0.003475617384538053
v 0.004600000102072955 0.0019799210131168374 0.003475617384538053
v 0.007800002116709949 0.0019799210131168374 0.003475617384538053
v 0.004600000102072955 0.0026592749636620296 0.002988018561154603
v 0.004600000102072955 0.0026592749636620296 0.002988018561154603
v 0.007800002116709949 0.0019799210131168374 0.003475617384538053
v 0.007800002116709949 0.002601162297651173 0.0029227233026176682
v 0.004600000102072955 0.0026592749636620296 0.002988018561154603
v 0.007800002116709949 0.002601162297651173 0.0029227233026176682
v 0.004600000102072955 0.003222407074645163 0.0023698287550359956
v 0.004600000102072955 0.003222407074645163 0.0023698287550359956
v 0.007800002116709949 0.002601162297651173 0.0029227233026176682
v 0.007800002116709949 0.003222407074645163 0.0023698287550359956
v 0.004600000102072955 0.003222407074645163 0.0023698287550359956
v 0.007800002116709949 0.003222407074645163 0.0023698287550359956
v 0.004600000102072955 0.0036447048187255877 0.0016480659833177918
v 0.004600000102072955 0.0036447048187255877 0.0016480659833177918
v 0.007800002116709949 0.003222407074645163 0.0023698287550359956
v 0.007800002116709949 0.003565060207620265 0.0016120517393574114
v 0.004600000102072955 0.0036447048187255877 0.0016480659833177918
v 0.007800002116709949 0.003565060207620265 0.0016120517393574114
v 0.004600000102072955 0.00390771357342601 0.0008542747818864879
v 0.004600000102072955 0.00390771357342601 0.0008542747818864879
v 0.007800002116709949 0.003565060207620265 0.0016120517393574114
v 0.007800002116709949 0.00390771357342601 0.0008542747818864879
v 0.004600000102072955 0.00390771357342601 0.0008542747818864879
v 0.007800002116709949 0.00390771357342601 0.0008542747818864879
v 0.004600000102072955 0.00399993220344186 2.3147988031269044e-05
v 0.004600000102072955 0.00399993220344186 2.3147988031269044e-05
v 0.007800002116709949 0.00390771357342601 0.0008542747818864879
v 0.007800002116709949 0.0039125247858464735 2.264203976665157e-05
v 0.004600000102072955 0.00399993220344186 2.3147988031269044e-05
v 0.007800002116709949 0.0039125247858464735 2.264203976665157e-05
v 0.004600000102072955 0.003917336463928224 -0.0008089906768873332
v 0.004600000102072955 0.003917336463928224 -0.0008089906768873332
v 0.007800002116709949 0.0039125247858464735 2.264203976665157e-05
v 0.007800002116709949 0.003917336463928224 -0.0008089906768873332
v 0.004600000102072955 0.003917336463928224 -0.0008089906768873332
v 0.007800002116709949 0.003917336463928224 -0.0008089906768873332
v 0.004600000102072955 0.0036635368596762436 -0.0016057727625593539
v 0.004600000102072955 0.0036635368596762436 -0.0016057727625593539
v 0.007800002116709949 0.003917336463928224 -0.0008089906768873332
v 0.007800002116709949 0.003583477810025217 -0.0015706826234236355
v 0.004600000102072955 0.0036635368596762436 -0.0016057727625593539
v 0.007800002116709949 0.003583477810025217 -0.0015706826234236355
v 0.004600000102072955 0.0032496189232915653 -0.0023323746863752595
v 0.004600000102072955 0.0032496189232915653 -0.0023323746863752595
v 0.007800002116709949 0.003583477810025217 -0.0015706826234236355
v 0.007800002116709949 0.0032496189232915653 -0.0023323746863752595
v 0.004600000102072955 0.0032496189232915653 -0.0023323746863752595
v 0.007800002116709949 0.0032496189232915653 -0.0023323746863752595
v 0.004600000102072955 0.0026936791837215437 -0.0029570404440164557
v 0.004600000102072955 0.0026936791837215437 -0.0029570404440164557
v 0.007800002116709949 0.0032496189232915653 -0.0023323746863752595
v 0.007800002116709949 0.002634815871715547 -0.0028924220241606227
v 0.004600000102072955 0.0026936791837215437 -0.0029570404440164557
v 0.007800002116709949 0.002634815871715547 -0.0028924220241606227
v 0.004600000102072955 0.0020200125873088845 -0.003452469594776629
v 0.004600000102072955 0.0020200125873088845 -0.003452469594776629
v 0.007800002116709949 0.002634815871715547 -0.0028924220241606227
v 0.007800002116709949 0.0020200125873088845 -0.003452469594776629
v 0.004600000102072955 0.0020200125873088845 -0.003452469594776629
v 0.007800002116709949 0.0020200125873088845 -0.003452469594776629
v 0.004600000102072955 0.001258063479326666 -0.0037970095872879015
v 0.004600000102072955 0.001258063479326666 -0.0037970095872879015
v 0.007800002116709949 0.0020200125873088845 -0.003452469594776629
v 0.007800002116709949 0.0012305703712627298 -0.0037140352651476847
v 0.004600000102072955 0.001258063479326666 -0.0037970095872879015
v 0.007800002116709949 0.0012305703712627298 -0.0037140352651476847
v 0.004600000102072955 0.00044112792238593123 -0.003975601401180027
v 0.004600000102072955 0.00044112792238593123 -0.003975601401180027
v 0.007800002116709949 0.0012305703712627298 -0.0037140352651476847
v 0.007800002116709949 0.00044112792238593123 -0.003975601401180027
v 0.008049998432397844 -0.00037039117887616174 -0.0037316633388400065
v 0.008049998432397844 0.00041355637949891405 -0.0037271261680871235
v 0.008049998432397844 1.7582395539506032e-09 -1.760318557586515e-10
v 0.008049998432397844 -0.003416910767555238 -0.0015450619393959637
v 0.008049998432397844 -0.0024930688086897148 -0.0028012676630169145
v 0.008049998432397844 1.7582395539506032e-09 -1.760318557586515e-10
v 0.008049998432397844 1.7582395539506032e-09 -1.760318557586515e-10
v 0.008049998432397844 -0.0024930688086897148 -0.0028012676630169145
v 0.008049998432397844 -0.0011381544172763829 -0.003573108464479445
v 0.008049998432397844 1.7582395539506032e-09 -1.760318557586515e-10
v 0.008049998432397844 -0.0011381544172763829 -0.003573108464479445
v 0.008049998432397844 -0.00037039117887616174 -0.0037316633388400065
v 0.008049998432397844 -0.002525326563045384 0.0027722257655113927
v 0.008049998432397844 -0.0034345635212957876 0.0015054118121042843
v 0.008049998432397844 1.7582395539506032e-09 -1.760318557586515e-10
v 0.008049998432397844 1.7582395539506032e-09 -1.760318557586515e-10
v 0.008049998432397844 -0.0034345635212957876 0.0015054118121042843
v 0.008049998432397844 -0.003749937284737827 -2.170114385080523e-05
v 0.008049998432397844 1.7582395539506032e-09 -1.760318557586515e-10
v 0.008049998432397844 -0.003749937284737827 -2.170114385080523e-05
v 0.008049998432397844 -0.003416910767555238 -0.0015450619393959637
v 0.008049998432397844 0.001856174669228495 0.0032583912834525095
v 0.008049998432397844 0.00037039467133581655 0.003731662873178719
v 0.008049998432397844 1.7582395539506032e-09 -1.760318557586515e-10
v 0.008049998432397844 1.7582395539506032e-09 -1.760318557586515e-10
v 0.008049998432397844 0.00037039467133581655 0.003731662873178719
v 0.008049998432397844 -0.0011794334277510647 0.0035596960224211203
v 0.008049998432397844 1.7582395539506032e-09 -1.760318557586515e-10
v 0.008049998432397844 -0.0011794334277510647 0.0035596960224211203
v 0.008049998432397844 -0.002525326563045384 0.0027722257655113927
v 0.008049998432397844 0.003672503866255285 -0.0007584288250654934
v 0.008049998432397844 0.003663478884845974 0.0008008828153833745
v 0.008049998432397844 1.7582395539506032e-09 -1.760318557586515e-10
v 0.008049998432397844 1.7582395539506032e-09 -1.760318557586515e-10
v 0.008049998432397844 0.003663478884845974 0.0008008828153833745
v 0.008049998432397844 0.0030210088007152094 0.0022217142395675174
v 0.008049998432397844 1.7582395539506032e-09 -1.760318557586515e-10
v 0.008049998432397844 0.0030210088007152094 0.0022217142395675174
v 0.008049998432397844 0.001856174669228495 0.0032583912834525095
v 0.008049998432397844 0.00041355637949891405 -0.0037271261680871235
v 0.008049998432397844 0.001893764012493194 -0.0032366905361413947
v 0.008049998432397844 1.7582395539506032e-09 -1.760318557586515e-10
v 0.008049998432397844 1.7582395539506032e-09 -1.760318557586515e-10
v 0.008049998432397844 0.001893764012493194 -0.0032366905361413947
v 0.008049998432397844 0.0030465177260339273 -0.002186601283028721
v 0.008049998432397844 1.7582395539506032e-09 -1.760318557586515e-10
v 0.008049998432397844 0.0030465177260339273 -0.002186601283028721
v 0.008049998432397844 0.003672503866255285 -0.0007584288250654934
v -0.004700000863522292 0.01779117994010449 0.030983397737145413
v -0.004700000863522292 0.018713843077421195 0.030977370217442502
v -0.005200001876801253 0.019619686529040347 0.030801905319094647
v -0.005200001876801253 0.019619686529040347 0.030801905319094647
v -0.005200001876801253 0.01779117994010449 0.030983397737145413
v -0.004700000863522292 0.01779117994010449 0.030983397737145413
v -0.004700000863522292 0.01779117994010449 0.030983397737145413
v -0.005200001876801253 0.01779117994010449 0.030983397737145413
v -0.005200001876801253 0.01602057926356793 0.03049210086464881
v -0.004700000863522292 0.01779117994010449 0.030983397737145413
v -0.005200001876801253 0.01602057926356793 0.03049210086464881
v -0.004700000863522292 0.01602057926356793 0.03049210086464881
v -0.004700000863522292 0.01602057926356793 0.03049210086464881
v -0.005200001876801253 0.01602057926356793 0.03049210086464881
v -0.005200001876801253 0.014547027647495277 0.029394365847110738
v -0.004700000863522292 0.01602057926356793 0.03049210086464881
v -0.005200001876801253 0.014547027647495277 0.029394365847110738
v -0.004700000863522292 0.014547027647495277 0.029394365847110738
v -0.004700000863522292 0.014547027647495277 0.029394365847110738
v -0.005200001876801253 0.014547027647495277 0.029394365847110738
v -0.005200001876801253 0.013569525443017488 0.02783844806253909
v -0.004700000863522292 0.014547027647495277 0.029394365847110738
v -0.005200001876801253 0.013569525443017488 0.02783844806253909
v -0.004700000863522292 0.013569525443017488 0.02783844806253909
v -0.004700000863522292 0.013569525443017488 0.02783844806253909
v -0.005200001876801253 0.013569525443017488 0.02783844806253909
v -0.005200001876801253 0.013220091350376611 0.02603448368608951
v -0.004700000863522292 0.013569525443017488 0.02783844806253909
v -0.005200001876801253 0.013220091350376611 0.02603448368608951
v -0.004700000863522292 0.013220091350376611 0.02603448368608951
v -0.004700000863522292 0.013220091350376611 0.02603448368608951
v -0.005200001876801253 0.013220091350376611 0.02603448368608951
v -0.005200001876801253 0.013545923866331583 0.024226108565926545
v -0.004700000863522292 0.013220091350376611 0.02603448368608951
v -0.005200001876801253 0.013545923866331583 0.024226108565926545
v -0.004700000863522292 0.013545923866331583 0.024226108565926545
v -0.004700000863522292 0.013545923866331583 0.024226108565926545
v -0.005200001876801253 0.013545923866331583 0.024226108565926545
v -0.005200001876801253 0.014503014273941524 0.022657552734017365
v -0.004700000863522292 0.013545923866331583 0.024226108565926545
v -0.005200001876801253 0.014503014273941524 0.022657552734017365
v -0.004700000863522292 0.014503014273941524 0.022657552734017365
v -0.004700000863522292 0.014503014273941524 0.022657552734017365
v -0.005200001876801253 0.014503014273941524 0.022657552734017365
v -0.005200001876801253 0.015962103381752975 0.021540658548474305
v -0.004700000863522292 0.014503014273941524 0.022657552734017365
v -0.005200001876801253 0.015962103381752975 0.021540658548474305
v -0.004700000863522292 0.015962103381752975 0.021540658548474305
v -0.004700000863522292 0.015962103381752975 0.021540658548474305
v -0.005200001876801253 0.015962103381752975 0.021540658548474305
v -0.005200001876801253 0.01772612892091275 0.021026268601417535
v -0.004700000863522292 0.015962103381752975 0.021540658548474305
v -0.005200001876801253 0.01772612892091275 0.021026268601417535
v -0.004700000863522292 0.01772612892091275 0.021026268601417535
v -0.004700000863522292 0.01772612892091275 0.021026268601417535
v -0.005200001876801253 0.01772612892091275 0.021026268601417535
v -0.005200001876801253 0.01955685205757619 0.02118385583162307
v -0.004700000863522292 0.01772612892091275 0.021026268601417535
v -0.005200001876801253 0.01955685205757619 0.02118385583162307
v -0.004700000863522292 0.01955685205757619 0.02118385583162307
v -0.004700000863522292 0.01955685205757619 0.02118385583162307
v -0.005200001876801253 0.01955685205757619 0.02118385583162307
v -0.005200001876801253 0.02120703086256982 0.0219921339303255
v -0.004700000863522292 0.01955685205757619 0.02118385583162307
v -0.005200001876801253 0.02120703086256982 0.0219921339303255
v -0.004700000863522292 0.02120703086256982 0.0219921339303255
v -0.004700000863522292 0.02120703086256982 0.0219921339303255
v -0.005200001876801253 0.02120703086256982 0.0219921339303255
v -0.005200001876801253 0.022453784942626964 0.023341942578554147
v -0.004700000863522292 0.02120703086256982 0.0219921339303255
v -0.005200001876801253 0.022453784942626964 0.023341942578554147
v -0.004700000863522292 0.022453784942626964 0.023341942578554147
v -0.004700000863522292 0.022453784942626964 0.023341942578554147
v -0.005200001876801253 0.022453784942626964 0.023341942578554147
v -0.005200001876801253 0.02312874421477319 0.025050982832908623
v -0.004700000863522292 0.022453784942626964 0.023341942578554147
v -0.005200001876801253 0.02312874421477319 0.025050982832908623
v -0.004700000863522292 0.02312874421477319 0.025050982832908623
v -0.004700000863522292 0.02312874421477319 0.025050982832908623
v -0.005200001876801253 0.02312874421477319 0.025050982832908623
v -0.005200001876801253 0.023140747100114833 0.026888439431786527
v -0.004700000863522292 0.02312874421477319 0.025050982832908623
v -0.005200001876801253 0.023140747100114833 0.026888439431786527
v -0.004700000863522292 0.023140747100114833 0.026888439431786527
v -0.004700000863522292 0.023140747100114833 0.026888439431786527
v -0.005200001876801253 0.023140747100114833 0.026888439431786527
v -0.005200001876801253 0.022488174960017215 0.028606152161955823
v -0.004700000863522292 0.023140747100114833 0.026888439431786527
v -0.005200001876801253 0.022488174960017215 0.028606152161955823
v -0.004700000863522292 0.022488174960017215 0.028606152161955823
v -0.004700000863522292 0.022488174960017215 0.028606152161955823
v -0.005200001876801253 0.022488174960017215 0.028606152161955823
v -0.005200001876801253 0.021259164437651645 0.02997213602066039
v -0.004700000863522292 0.022488174960017215 0.028606152161955823
v -0.005200001876801253 0.021259164437651645 0.02997213602066039
v -0.004700000863522292 0.021259164437651645 0.02997213602066039
v -0.004700000863522292 0.021259164437651645 0.02997213602066039
v -0.005200001876801253 0.021259164437651645 0.02997213602066039
v -0.005200001876801253 0.019619686529040347 0.030801905319094647
v -0.004700000863522292 0.021259164437651645 0.02997213602066039
v -0.005200001876801253 0.019619686529040347 0.030801905319094647
v -0.004700000863522292 0.019619686529040347 0.030801905319094647
v -0.004700000863522292 0.019619686529040347 0.030801905319094647
v -0.005200001876801253 0.019619686529040347 0.030801905319094647
v -0.004700000863522292 0.018713843077421195 0.030977370217442502
v -0.005200001876801253 0.01772612892091275 0.021026268601417535
v -0.005200001876801253 0.015962103381752975 0.021540658548474305
v -0.005200001876801253 0.018219985067844398 0.026001820340752595
v -0.005200001876801253 0.01772612892091275 0.021026268601417535
v -0.005200001876801253 0.018219985067844398 0.026001820340752595
v -0.005200001876801253 0.01955685205757619 0.02118385583162307
v -0.005200001876801253 0.02312874421477319 0.025050982832908623
v -0.005200001876801253 0.022453784942626964 0.023341942578554147
v -0.005200001876801253 0.018219985067844398 0.026001820340752595
v -0.005200001876801253 0.018219985067844398 0.026001820340752595
v -0.005200001876801253 0.022453784942626964 0.023341942578554147
v -0.005200001876801253 0.02120703086256982 0.0219921339303255
v -0.005200001876801253 0.018219985067844398 0.026001820340752595
v -0.005200001876801253 0.02120703086256982 0.0219921339303255
v -0.005200001876801253 0.01955685205757619 0.02118385583162307
v -0.005200001876801253 0.021259164437651645 0.02997213602066039
v -0.005200001876801253 0.022488174960017215 0.028606152161955823
v -0.005200001876801253 0.018219985067844398 0.026001820340752595
v -0.005200001876801253 0.018219985067844398 0.026001820340752595
v -0.005200001876801253 0.022488174960017215 0.028606152161955823
v -0.005200001876801253 0.023140747100114833 0.026888439431786527
v -0.005200001876801253 0.018219985067844398 0.026001820340752595
v -0.005200001876801253 0.023140747100114833 0.026888439431786527
v -0.005200001876801253 0.02312874421477319 0.025050982832908623
v -0.005200001876801253 0.01602057926356793 0.03049210086464881
v -0.005200001876801253 0.01779117994010449 0.030983397737145413
v -0.005200001876801253 0.018219985067844398 0.026001820340752595
v -0.005200001876801253 0.018219985067844398 0.026001820340752595
v -0.005200001876801253 0.01779117994010449 0.030983397737145413
v -0.005200001876801253 0.019619686529040347 0.030801905319094647
v -0.005200001876801253 0.018219985067844398 0.026001820340752595
v -0.005200001876801253 0.019619686529040347 0.030801905319094647
v -0.005200001876801253 0.021259164437651645 0.02997213602066039
v -0.005200001876801253 0.013220091350376611 0.02603448368608951
v -0.005200001876801253 0.013569525443017488 0.02783844806253909
v -0.005200001876801253 0.018219985067844398 0.026001820340752595
v -0.005200001876801253 0.018219985067844398 0.026001820340752595
v -0.005200001876801253 0.013569525443017488 0.02783844806253909
v -0.005200001876801253 0.014547027647495277 0.029394365847110738
v -0.005200001876801253 0.018219985067844398 0.026001820340752595
v -0.005200001876801253 0.014547027647495277 0.029394365847110738
v -0.005200001876801253 0.01602057926356793 0.03049210086464881
v -0.005200001876801253 0.015962103381752975 0.021540658548474305
v -0.005200001876801253 0.014503014273941524 0.022657552734017365
v -0.005200001876801253 0.018219985067844398 0.026001820340752595
v -0.005200001876801253 0.018219985067844398 0.026001820340752595
v -0.005200001876801253 0.014503014273941524 0.022657552734017365
v -0.005200001876801253 0.013545923866331583 0.024226108565926545
v -0.005200001876801253 0.018219985067844398 0.026001820340752595
v -0.005200001876801253 0.013545923866331583 0.024226108565926545
v -0.005200001876801253 0.013220091350376611 0.02603448368608951
v -0.008200000971555712 -0.001979921245947481 -0.003475617617368697
v -0.008200000971555712 -0.0003950840327888729 -0.0039804410189390165
v -0.00499999849125743 -0.001214032527059317 -0.0038113154005259262
v -0.00499999849125743 -0.001214032527059317 -0.0038113154005259262
v -0.00499999849125743 -0.001979921245947481 -0.003475617617368697
v -0.008200000971555712 -0.001979921245947481 -0.003475617617368697
v -0.008200000971555712 -0.001979921245947481 -0.003475617617368697
v -0.00499999849125743 -0.001979921245947481 -0.003475617617368697
v -0.00499999849125743 -0.0026592749636620296 -0.002988018561154603
v -0.008200000971555712 -0.001979921245947481 -0.003475617617368697
v -0.00499999849125743 -0.0026592749636620296 -0.002988018561154603
v -0.008200000971555712 -0.0032224073074758066 -0.0023698287550359956
v -0.00499999849125743 -0.0026592749636620296 -0.002988018561154603
v -0.00499999849125743 -0.0032224073074758066 -0.0023698287550359956
v -0.008200000971555712 -0.0032224073074758066 -0.0023698287550359956
v -0.008200000971555712 -0.0032224073074758066 -0.0023698287550359956
v -0.00499999849125743 -0.0032224073074758066 -0.0023698287550359956
v -0.00499999849125743 -0.0036447048187255877 -0.0016480660997331136
v -0.008200000971555712 -0.0032224073074758066 -0.0023698287550359956
v -0.00499999849125743 -0.0036447048187255877 -0.0016480660997331136
v -0.008200000971555712 -0.00390771357342601 -0.000854274723678827
v -0.00499999849125743 -0.0036447048187255877 -0.0016480660997331136
v -0.00499999849125743 -0.00390771357342601 -0.000854274723678827
v -0.008200000971555712 -0.00390771357342601 -0.000854274723678827
v -0.008200000971555712 -0.00390771357342601 -0.000854274723678827
v -0.00499999849125743 -0.00390771357342601 -0.000854274723678827
v -0.00499999849125743 -0.00399993220344186 -2.3147953470470377e-05
v -0.008200000971555712 -0.00390771357342601 -0.000854274723678827
v -0.00499999849125743 -0.00399993220344186 -2.3147953470470377e-05
v -0.008200000971555712 -0.003917336929589512 0.0008089906768873332
v -0.00499999849125743 -0.00399993220344186 -2.3147953470470377e-05
v -0.00499999849125743 -0.003917336929589512 0.0008089906768873332
v -0.008200000971555712 -0.003917336929589512 0.0008089906768873332
v -0.008200000971555712 -0.003917336929589512 0.0008089906768873332
v -0.00499999849125743 -0.003917336929589512 0.0008089906768873332
v -0.00499999849125743 -0.0036635370925068873 0.0016057727625593539
v -0.008200000971555712 -0.003917336929589512 0.0008089906768873332
v -0.00499999849125743 -0.0036635370925068873 0.0016057727625593539
v -0.008200000971555712 -0.003249619156122209 0.002332374453544616
v -0.00499999849125743 -0.0036635370925068873 0.0016057727625593539
v -0.00499999849125743 -0.003249619156122209 0.002332374453544616
v -0.008200000971555712 -0.003249619156122209 0.002332374453544616
v -0.008200000971555712 -0.003249619156122209 0.002332374453544616
v -0.00499999849125743 -0.003249619156122209 0.002332374453544616
v -0.00499999849125743 -0.0026936791837215437 0.0029570404440164557
v -0.008200000971555712 -0.003249619156122209 0.002332374453544616
v -0.00499999849125743 -0.0026936791837215437 0.0029570404440164557
v -0.008200000971555712 -0.002020012820139528 0.003452469594776629
v -0.00499999849125743 -0.0026936791837215437 0.0029570404440164557
v -0.00499999849125743 -0.002020012820139528 0.003452469594776629
v -0.008200000971555712 -0.002020012820139528 0.003452469594776629
v -0.008200000971555712 -0.002020012820139528 0.003452469594776629
v -0.00499999849125743 -0.002020012820139528 0.003452469594776629
v -0.00499999849125743 -0.0012580635957419879 0.003797009354457258
v -0.008200000971555712 -0.002020012820139528 0.003452469594776629
v -0.00499999849125743 -0.0012580635957419879 0.003797009354457258
v -0.008200000971555712 -0.00044112809700891397 0.003975601401180027
v -0.008200000971555712 -0.00044112809700891397 0.003975601401180027
v -0.00499999849125743 -0.0012580635957419879 0.003797009354457258
v -0.00499999849125743 -0.00044112809700891397 0.003975601401180027
v -0.008200000971555712 -0.00044112809700891397 0.003975601401180027
v -0.00499999849125743 -0.00044112809700891397 0.003975601401180027
v -0.008200000971555712 0.0003950875252485277 0.003980440553277729
v -0.008200000971555712 0.0003950875252485277 0.003980440553277729
v -0.00499999849125743 -0.00044112809700891397 0.003975601401180027
v -0.00499999849125743 0.0003950875252485277 0.003980440553277729
v -0.008200000971555712 0.0003950875252485277 0.003980440553277729
v -0.00499999849125743 0.0003950875252485277 0.003980440553277729
v -0.008200000971555712 0.0012140322942286734 0.0038113154005259262
v -0.00499999849125743 0.0003950875252485277 0.003980440553277729
v -0.00499999849125743 0.0012140322942286734 0.0038113154005259262
v -0.008200000971555712 0.0012140322942286734 0.0038113154005259262
v -0.008200000971555712 0.0012140322942286734 0.0038113154005259262
v -0.00499999849125743 0.0012140322942286734 0.0038113154005259262
v -0.00499999849125743 0.0019799210131168374 0.003475617384538053
v -0.008200000971555712 0.0012140322942286734 0.0038113154005259262
v -0.00499999849125743 0.0019799210131168374 0.003475617384538053
v -0.008200000971555712 0.0026592749636620296 0.002988018561154603
v -0.00499999849125743 0.0019799210131168374 0.003475617384538053
v -0.00499999849125743 0.0026592749636620296 0.002988018561154603
v -0.008200000971555712 0.0026592749636620296 0.002988018561154603
v -0.008200000971555712 0.0026592749636620296 0.002988018561154603
v -0.00499999849125743 0.0026592749636620296 0.002988018561154603
v -0.00499999849125743 0.003222407074645163 0.0023698287550359956
v -0.008200000971555712 0.0026592749636620296 0.002988018561154603
v -0.00499999849125743 0.003222407074645163 0.0023698287550359956
v -0.008200000971555712 0.0036447048187255877 0.0016480659833177918
v -0.00499999849125743 0.003222407074645163 0.0023698287550359956
v -0.00499999849125743 0.0036447048187255877 0.0016480659833177918
v -0.008200000971555712 0.0036447048187255877 0.0016480659833177918
v -0.008200000971555712 0.0036447048187255877 0.0016480659833177918
v -0.00499999849125743 0.0036447048187255877 0.0016480659833177918
v -0.00499999849125743 0.00390771357342601 0.0008542747818864879
v -0.008200000971555712 0.0036447048187255877 0.0016480659833177918
v -0.00499999849125743 0.00390771357342601 0.0008542747818864879
v -0.008200000971555712 0.00399993220344186 2.3147988031269044e-05
v -0.00499999849125743 0.00390771357342601 0.0008542747818864879
v -0.00499999849125743 0.00399993220344186 2.3147988031269044e-05
v -0.008200000971555712 0.00399993220344186 2.3147988031269044e-05
v -0.008200000971555712 0.00399993220344186 2.3147988031269044e-05
v -0.00499999849125743 0.00399993220344186 2.3147988031269044e-05
v -0.00499999849125743 0.003917336463928224 -0.0008089906768873332
v -0.008200000971555712 0.00399993220344186 2.3147988031269044e-05
v -0.00499999849125743 0.003917336463928224 -0.0008089906768873332
v -0.008200000971555712 0.0036635368596762436 -0.0016057727625593539
v -0.00499999849125743 0.003917336463928224 -0.0008089906768873332
v -0.00499999849125743 0.0036635368596762436 -0.0016057727625593539
v -0.008200000971555712 0.0036635368596762436 -0.0016057727625593539
v -0.008200000971555712 0.0036635368596762436 -0.0016057727625593539
v -0.00499999849125743 0.0036635368596762436 -0.0016057727625593539
v -0.00499999849125743 0.0032496189232915653 -0.0023323746863752595
v -0.008200000971555712 0.0036635368596762436 -0.0016057727625593539
v -0.00499999849125743 0.0032496189232915653 -0.0023323746863752595
v -0.008200000971555712 0.0026936791837215437 -0.0029570404440164557
v -0.00499999849125743 0.0032496189232915653 -0.0023323746863752595
v -0.00499999849125743 0.0026936791837215437 -0.0029570404440164557
v -0.008200000971555712 0.0026936791837215437 -0.0029570404440164557
v -0.008200000971555712 0.0026936791837215437 -0.0029570404440164557
v -0.00499999849125743 0.0026936791837215437 -0.0029570404440164557
v -0.00499999849125743 0.0020200125873088845 -0.003452469594776629
v -0.008200000971555712 0.0026936791837215437 -0.0029570404440164557
v -0.00499999849125743 0.0020200125873088845 -0.003452469594776629
v -0.008200000971555712 0.001258063479326666 -0.0037970095872879015
v -0.00499999849125743 0.0020200125873088845 -0.003452469594776629
v -0.00499999849125743 0.001258063479326666 -0.0037970095872879015
v -0.008200000971555712 0.001258063479326666 -0.0037970095872879015
v -0.008200000971555712 0.001258063479326666 -0.0037970095872879015
v -0.00499999849125743 0.001258063479326666 -0.0037970095872879015
v -0.00499999849125743 0.00044112792238593123 -0.003975601401180027
v -0.008200000971555712 0.001258063479326666 -0.0037970095872879015
v -0.00499999849125743 0.00044112792238593123 -0.003975601401180027
v -0.008200000971555712 -0.0003950840327888729 -0.0039804410189390165
v -0.008200000971555712 -0.0003950840327888729 -0.0039804410189390165
v -0.00499999849125743 0.00044112792238593123 -0.003975601401180027
v -0.00499999849125743 -0.0003950840327888729 -0.0039804410189390165
v -0.008200000971555712 -0.0003950840327888729 -0.0039804410189390165
v -0.00499999849125743 -0.0003950840327888729 -0.0039804410189390165
v -0.00499999849125743 -0.001214032527059317 -0.0038113154005259262
v -0.008449997752904894 0.00037039467133581655 0.003731662873178719
v -0.008449997752904894 0.001138154300861061 0.003573108464479445
v -0.008449997752904894 1.7582395539506032e-09 -1.7603182800307588e-10
v -0.008449997752904894 -0.0030465177260339273 0.0021866010501980773
v -0.008449997752904894 -0.0018937605200335392 0.003236690303310751
v -0.008449997752904894 1.7582395539506032e-09 -1.7603182800307588e-10
v -0.008449997752904894 1.7582395539506032e-09 -1.7603182800307588e-10
v -0.008449997752904894 -0.0018937605200335392 0.003236690303310751
v -0.008449997752904894 -0.0004135565541218968 0.0037271261680871235
v -0.008449997752904894 1.7582395539506032e-09 -1.7603182800307588e-10
v -0.008449997752904894 -0.0004135565541218968 0.0037271261680871235
v -0.008449997752904894 0.00037039467133581655 0.003731662873178719
v -0.008449997752904894 -0.003021009033545853 -0.0022217142395675174
v -0.008449997752904894 -0.0036634791176766174 -0.0008008828153833745
v -0.008449997752904894 1.7582395539506032e-09 -1.7603182800307588e-10
v -0.008449997752904894 1.7582395539506032e-09 -1.7603182800307588e-10
v -0.008449997752904894 -0.0036634791176766174 -0.0008008828153833745
v -0.008449997752904894 -0.0036725040990859287 0.0007584288832731543
v -0.008449997752904894 1.7582395539506032e-09 -1.7603182800307588e-10
v -0.008449997752904894 -0.0036725040990859287 0.0007584288832731543
v -0.008449997752904894 -0.0030465177260339273 0.0021866010501980773
v -0.008449997752904894 0.001179433194920421 -0.0035596960224211203
v -0.008449997752904894 -0.00037039117887616174 -0.0037316633388400065
v -0.008449997752904894 1.7582395539506032e-09 -1.7603182800307588e-10
v -0.008449997752904894 1.7582395539506032e-09 -1.7603182800307588e-10
v -0.008449997752904894 -0.00037039117887616174 -0.0037316633388400065
v -0.008449997752904894 -0.0018561749020591387 -0.0032583912834525095
v -0.008449997752904894 1.7582395539506032e-09 -1.7603182800307588e-10
v -0.008449997752904894 -0.0018561749020591387 -0.0032583912834525095
v -0.008449997752904894 -0.003021009033545853 -0.0022217142395675174
v -0.008449997752904894 0.0037499370519071835 2.170115840272046e-05
v -0.008449997752904894 0.0034345635212957876 -0.0015054116956889625
v -0.008449997752904894 1.7582395539506032e-09 -1.7603182800307588e-10
v -0.008449997752904894 1.7582395539506032e-09 -1.7603182800307588e-10
v -0.008449997752904894 0.0034345635212957876 -0.0015054116956889625
v -0.008449997752904894 0.00252532633021474 -0.0027722257655113927
v -0.008449997752904894 1.7582395539506032e-09 -1.7603182800307588e-10
v -0.008449997752904894 0.00252532633021474 -0.0027722257655113927
v -0.008449997752904894 0.001179433194920421 -0.0035596960224211203
v -0.008449997752904894 0.001138154300861061 0.003573108464479445
v -0.008449997752904894 0.0024930723011493696 0.002801267197355627
v -0.008449997752904894 1.7582395539506032e-09 -1.7603182800307588e-10
v -0.008449997752904894 1.7582395539506032e-09 -1.7603182800307588e-10
v -0.008449997752904894 0.0024930723011493696 0.002801267197355627
v -0.008449997752904894 0.0034169105347245945 0.0015450619393959637
v -0.008449997752904894 1.7582395539506032e-09 -1.7603182800307588e-10
v -0.008449997752904894 0.0034169105347245945 0.0015450619393959637
v -0.008449997752904894 0.0037499370519071835 2.170115840272046e-05
v -0.012200001627206806 0.020704403519630443 0.015949549153447144
v -0.011700000613927843 0.020481551066041003 0.016397137194871896
v -0.012200001627206806 0.021737955510616313 0.016210298985242837
v -0.012200001627206806 0.021737955510616313 0.016210298985242837
v -0.011700000613927843 0.020481551066041003 0.016397137194871896
v -0.011700000613927843 0.021135151386260997 0.01663269661366939
v -0.012200001627206806 0.024302562698721896 0.013428248465061183
v -0.012200001627206806 0.02419481985270978 0.014488724060356612
v -0.011700000613927843 0.024797631427645694 0.014066325500607485
v -0.011700000613927843 0.024797631427645694 0.014066325500607485
v -0.011700000613927843 0.024799343198537837 0.01337157748639583
v -0.012200001627206806 0.024302562698721896 0.013428248465061183
v -0.012200001627206806 0.024302562698721896 0.013428248465061183
v -0.011700000613927843 0.024799343198537837 0.01337157748639583
v -0.011700000613927843 0.024571076035499583 0.012733213603496548
v -0.012200001627206806 0.024302562698721896 0.013428248465061183
v -0.011700000613927843 0.024571076035499583 0.012733213603496548
v -0.012200001627206806 0.02391905151307584 0.01235572155565023
v -0.011700000613927843 0.024571076035499583 0.012733213603496548
v -0.011700000613927843 0.02433912828564645 0.012084545567631718
v -0.012200001627206806 0.02391905151307584 0.01235572155565023
v -0.012200001627206806 0.02391905151307584 0.01235572155565023
v -0.011700000613927843 0.02433912828564645 0.012084545567631718
v -0.011700000613927843 0.023850368335843097 0.01161275431513786
v -0.012200001627206806 0.02391905151307584 0.01235572155565023
v -0.011700000613927843 0.023850368335843097 0.01161275431513786
v -0.012200001627206806 0.0230995323508978 0.011564652435481545
v -0.011700000613927843 0.023850368335843097 0.01161275431513786
v -0.011700000613927843 0.02335571125149728 0.01113526243716478
v -0.012200001627206806 0.0230995323508978 0.011564652435481545
v -0.012200001627206806 0.0230995323508978 0.011564652435481545
v -0.011700000613927843 0.02335571125149728 0.01113526243716478
v -0.011700000613927843 0.022707071155309688 0.010928853414952752
v -0.012200001627206806 0.0230995323508978 0.011564652435481545
v -0.011700000613927843 0.022707071155309688 0.010928853414952752
v -0.012200001627206806 0.022014137357473384 0.011219254694879052
v -0.011700000613927843 0.022707071155309688 0.010928853414952752
v -0.011700000613927843 0.022053226828575145 0.010720784775912758
v -0.012200001627206806 0.022014137357473384 0.011219254694879052
v -0.012200001627206806 0.022014137357473384 0.011219254694879052
v -0.011700000613927843 0.022053226828575145 0.010720784775912758
v -0.011700000613927843 0.02137899212539197 0.010823761112987992
v -0.012200001627206806 0.022014137357473384 0.011219254694879052
v -0.011700000613927843 0.02137899212539197 0.010823761112987992
v -0.012200001627206806 0.020888159051537524 0.011391225270926949
v -0.012200001627206806 0.020888159051537524 0.011391225270926949
v -0.011700000613927843 0.02137899212539197 0.010823761112987992
v -0.011700000613927843 0.02070205658674241 0.010927150957286354
v -0.012200001627206806 0.020888159051537524 0.011391225270926949
v -0.011700000613927843 0.02070205658674241 0.010927150957286354
v -0.012200001627206806 0.019955340772867213 0.012044868431985375
v -0.011700000613927843 0.02070205658674241 0.010927150957286354
v -0.011700000613927843 0.020142367109656344 0.01131933648139238
v -0.012200001627206806 0.019955340772867213 0.012044868431985375
v -0.012200001627206806 0.019955340772867213 0.012044868431985375
v -0.011700000613927843 0.020142367109656344 0.01131933648139238
v -0.011700000613927843 0.019582679495215426 0.011711522005498406
v -0.012200001627206806 0.019955340772867213 0.012044868431985375
v -0.011700000613927843 0.019582679495215426 0.011711522005498406
v -0.012200001627206806 0.01940932124853135 0.01304449792951345
v -0.011700000613927843 0.019582679495215426 0.011711522005498406
v -0.011700000613927843 0.019254410639405257 0.012312498874962326
v -0.012200001627206806 0.01940932124853135 0.01304449792951345
v -0.012200001627206806 0.01940932124853135 0.01304449792951345
v -0.011700000613927843 0.019254410639405257 0.012312498874962326
v -0.011700000613927843 0.0189274549484253 0.012911076657474038
v -0.012200001627206806 0.01940932124853135 0.01304449792951345
v -0.011700000613927843 0.0189274549484253 0.012911076657474038
v -0.012200001627206806 0.01936344616115094 0.014182606711983676
v -0.011700000613927843 0.0189274549484253 0.012911076657474038
v -0.011700000613927843 0.018899811431765563 0.013596675358712668
v -0.012200001627206806 0.01936344616115094 0.014182606711983676
v -0.012200001627206806 0.01936344616115094 0.014182606711983676
v -0.011700000613927843 0.018899811431765563 0.013596675358712668
v -0.011700000613927843 0.018872397020459182 0.014276806265115733
v -0.012200001627206806 0.01936344616115094 0.014182606711983676
v -0.011700000613927843 0.018872397020459182 0.014276806265115733
v -0.012200001627206806 0.019827229902148257 0.01522294152528047
v -0.011700000613927843 0.018872397020459182 0.014276806265115733
v -0.011700000613927843 0.01915233954787255 0.014904756098985667
v -0.012200001627206806 0.019827229902148257 0.01522294152528047
v -0.012200001627206806 0.019827229902148257 0.01522294152528047
v -0.011700000613927843 0.01915233954787255 0.014904756098985667
v -0.011700000613927843 0.019428940489888198 0.015525209717452521
v -0.012200001627206806 0.019827229902148257 0.01522294152528047
v -0.011700000613927843 0.019428940489888198 0.015525209717452521
v -0.012200001627206806 0.020704403519630443 0.015949549153447144
v -0.012200001627206806 0.020704403519630443 0.015949549153447144
v -0.011700000613927843 0.019428940489888198 0.015525209717452521
v -0.011700000613927843 0.019959459081292163 0.015964664518833153
v -0.012200001627206806 0.020704403519630443 0.015949549153447144
v -0.011700000613927843 0.019959459081292163 0.015964664518833153
v -0.011700000613927843 0.020481551066041003 0.016397137194871896
v 0.011800002306699756 0.024302562698721896 0.013428248465061183
v 0.011299993842840196 0.024799343198537837 0.01337157748639583
v 0.011800002306699756 0.02419481985270978 0.014488724060356612
v 0.011800002306699756 0.02419481985270978 0.014488724060356612
v 0.011299993842840196 0.024799343198537837 0.01337157748639583
v 0.011299993842840196 0.024797631427645694 0.014066325500607485
v 0.011800002306699756 0.020704403519630443 0.015949549153447144
v 0.011800002306699756 0.021737955510616313 0.016210298985242837
v 0.011299993842840196 0.021135151386260997 0.01663269661366939
v 0.011299993842840196 0.021135151386260997 0.01663269661366939
v 0.011299993842840196 0.020481551066041003 0.016397137194871896
v 0.011800002306699756 0.020704403519630443 0.015949549153447144
v 0.011800002306699756 0.020704403519630443 0.015949549153447144
v 0.011299993842840196 0.020481551066041003 0.016397137194871896
v 0.011299993842840196 0.019959459081292163 0.015964664518833153
v 0.011800002306699756 0.020704403519630443 0.015949549153447144
v 0.011299993842840196 0.019959459081292163 0.015964664518833153
v 0.011800002306699756 0.019827229902148257 0.01522294152528047
v 0.011299993842840196 0.019959459081292163 0.015964664518833153
v 0.011299993842840196 0.019428940489888198 0.015525209717452521
v 0.011800002306699756 0.019827229902148257 0.01522294152528047
v 0.011800002306699756 0.019827229902148257 0.01522294152528047
v 0.011299993842840196 0.019428940489888198 0.015525209717452521
v 0.011299993842840196 0.01915233954787255 0.014904756098985667
v 0.011800002306699756 0.019827229902148257 0.01522294152528047
v 0.011299993842840196 0.01915233954787255 0.014904756098985667
v 0.011800002306699756 0.01936344616115094 0.014182606711983676
v 0.011299993842840196 0.01915233954787255 0.014904756098985667
v 0.011299993842840196 0.018872397020459182 0.014276806265115733
v 0.011800002306699756 0.01936344616115094 0.014182606711983676
v 0.011800002306699756 0.01936344616115094 0.014182606711983676
v 0.011299993842840196 0.018872397020459182 0.014276806265115733
v 0.011299993842840196 0.018899811431765563 0.013596675358712668
v 0.011800002306699756 0.01936344616115094 0.014182606711983676
v 0.011299993842840196 0.018899811431765563 0.013596675358712668
v 0.011800002306699756 0.01940932124853135 0.01304449792951345
v 0.011299993842840196 0.018899811431765563 0.013596675358712668
v 0.011299993842840196 0.0189274549484253 0.012911076657474038
v 0.011800002306699756 0.01940932124853135 0.01304449792951345
v 0.011800002306699756 0.01940932124853135 0.01304449792951345
v 0.011299993842840196 0.0189274549484253 0.012911076657474038
v 0.011299993842840196 0.019254410639405257 0.012312498874962326
v 0.011800002306699756 0.01940932124853135 0.01304449792951345
v 0.011299993842840196 0.019254410639405257 0.012312498874962326
v 0.011800002306699756 0.019955340772867213 0.012044868431985375
v 0.011299993842840196 0.019254410639405257 0.012312498874962326
v 0.011299993842840196 0.019582679495215426 0.011711522005498406
v 0.011800002306699756 0.019955340772867213 0.012044868431985375
v 0.011800002306699756 0.019955340772867213 0.012044868431985375
v 0.011299993842840196 0.019582679495215426 0.011711522005498406
v 0.011299993842840196 0.020142367109656344 0.01131933648139238
v 0.011800002306699756 0.019955340772867213 0.012044868431985375
v 0.011299993842840196 0.020142367109656344 0.01131933648139238
v 0.011800002306699756 0.020888159051537524 0.011391225270926949
v 0.011800002306699756 0.020888159051537524 0.011391225270926949
v 0.011299993842840196 0.020142367109656344 0.01131933648139238
v 0.011299993842840196 0.02070205658674241 0.010927150957286354
v 0.011800002306699756 0.020888159051537524 0.011391225270926949
v 0.011299993842840196 0.02070205658674241 0.010927150957286354
v 0.011800002306699756 0.022014137357473384 0.011219254694879052
v 0.011299993842840196 0.02070205658674241 0.010927150957286354
v 0.011299993842840196 0.02137899212539197 0.010823761112987992
v 0.011800002306699756 0.022014137357473384 0.011219254694879052
v 0.011800002306699756 0.022014137357473384 0.011219254694879052
v 0.011299993842840196 0.02137899212539197 0.010823761112987992
v 0.011299993842840196 0.022053226828575145 0.010720784775912758
v 0.011800002306699756 0.022014137357473384 0.011219254694879052
v 0.011299993842840196 0.022053226828575145 0.010720784775912758
v 0.011800002306699756 0.0230995323508978 0.011564652435481545
v 0.011299993842840196 0.022053226828575145 0.010720784775912758
v 0.011299993842840196 0.022707071155309688 0.010928853414952752
v 0.011800002306699756 0.0230995323508978 0.011564652435481545
v 0.011800002306699756 0.0230995323508978 0.011564652435481545
v 0.011299993842840196 0.022707071155309688 0.010928853414952752
v 0.011299993842840196 0.02335571125149728 0.01113526243716478
v 0.011800002306699756 0.0230995323508978 0.011564652435481545
v 0.011299993842840196 0.02335571125149728 0.01113526243716478
v 0.011800002306699756 0.02391905151307584 0.01235572155565023
v 0.011299993842840196 0.02335571125149728 0.01113526243716478
v 0.011299993842840196 0.023850368335843097 0.01161275431513786
v 0.011800002306699756 0.02391905151307584 0.01235572155565023
v 0.011800002306699756 0.02391905151307584 0.01235572155565023
v 0.011299993842840196 0.023850368335843097 0.01161275431513786
v 0.011299993842840196 0.02433912828564645 0.012084545567631718
v 0.011800002306699756 0.02391905151307584 0.01235572155565023
v 0.011299993842840196 0.02433912828564645 0.012084545567631718
v 0.011800002306699756 0.024302562698721896 0.013428248465061183
v 0.011800002306699756 0.024302562698721896 0.013428248465061183
v 0.011299993842840196 0.02433912828564645 0.012084545567631718
v 0.011299993842840196 0.024571076035499583 0.012733213603496548
v 0.011800002306699756 0.024302562698721896 0.013428248465061183
v 0.011299993842840196 0.024571076035499583 0.012733213603496548
v 0.011299993842840196 0.024799343198537837 0.01337157748639583
v -0.008449997752904894 0.001138154300861061 0.003573108464479445
v -0.008449997752904894 0.00037039467133581655 0.003731662873178719
v -0.008200000971555712 0.0003950875252485277 0.003980440553277729
v -0.008200000971555712 0.0003950875252485277 0.003980440553277729
v -0.008449997752904894 0.00037039467133581655 0.003731662873178719
v -0.008200000971555712 -0.00044112809700891397 0.003975601401180027
v -0.008449997752904894 0.00037039467133581655 0.003731662873178719
v -0.008449997752904894 -0.0004135565541218968 0.0037271261680871235
v -0.008200000971555712 -0.00044112809700891397 0.003975601401180027
v -0.008200000971555712 -0.00044112809700891397 0.003975601401180027
v -0.008449997752904894 -0.0004135565541218968 0.0037271261680871235
v -0.008449997752904894 -0.0018937605200335392 0.003236690303310751
v -0.008200000971555712 -0.00044112809700891397 0.003975601401180027
v -0.008449997752904894 -0.0018937605200335392 0.003236690303310751
v -0.008200000971555712 -0.002020012820139528 0.003452469594776629
v -0.008200000971555712 -0.002020012820139528 0.003452469594776629
v -0.008449997752904894 -0.0018937605200335392 0.003236690303310751
v -0.008449997752904894 -0.0030465177260339273 0.0021866010501980773
v -0.008200000971555712 -0.002020012820139528 0.003452469594776629
v -0.008449997752904894 -0.0030465177260339273 0.0021866010501980773
v -0.008200000971555712 -0.003249619156122209 0.002332374453544616
v -0.008200000971555712 -0.003249619156122209 0.002332374453544616
v -0.008449997752904894 -0.0030465177260339273 0.0021866010501980773
v -0.008449997752904894 -0.0036725040990859287 0.0007584288832731543
v -0.008200000971555712 -0.003249619156122209 0.002332374453544616
v -0.008449997752904894 -0.0036725040990859287 0.0007584288832731543
v -0.008200000971555712 -0.003917336929589512 0.0008089906768873332
v -0.008200000971555712 -0.003917336929589512 0.0008089906768873332
v -0.008449997752904894 -0.0036725040990859287 0.0007584288832731543
v -0.008449997752904894 -0.0036634791176766174 -0.0008008828153833745
v -0.008200000971555712 -0.003917336929589512 0.0008089906768873332
v -0.008449997752904894 -0.0036634791176766174 -0.0008008828153833745
v -0.008200000971555712 -0.00390771357342601 -0.000854274723678827
v -0.008200000971555712 -0.00390771357342601 -0.000854274723678827
v -0.008449997752904894 -0.0036634791176766174 -0.0008008828153833745
v -0.008449997752904894 -0.003021009033545853 -0.0022217142395675174
v -0.008200000971555712 -0.00390771357342601 -0.000854274723678827
v -0.008449997752904894 -0.003021009033545853 -0.0022217142395675174
v -0.008200000971555712 -0.0032224073074758066 -0.0023698287550359956
v -0.008200000971555712 -0.0032224073074758066 -0.0023698287550359956
v -0.008449997752904894 -0.003021009033545853 -0.0022217142395675174
v -0.008449997752904894 -0.0018561749020591387 -0.0032583912834525095
v -0.008200000971555712 -0.0032224073074758066 -0.0023698287550359956
v -0.008449997752904894 -0.0018561749020591387 -0.0032583912834525095
v -0.008200000971555712 -0.001979921245947481 -0.003475617617368697
v -0.008200000971555712 -0.001979921245947481 -0.003475617617368697
v -0.008449997752904894 -0.0018561749020591387 -0.0032583912834525095
v -0.008449997752904894 -0.00037039117887616174 -0.0037316633388400065
v -0.008200000971555712 -0.001979921245947481 -0.003475617617368697
v -0.008449997752904894 -0.00037039117887616174 -0.0037316633388400065
v -0.008200000971555712 -0.0003950840327888729 -0.0039804410189390165
v -0.008200000971555712 -0.0003950840327888729 -0.0039804410189390165
v -0.008449997752904894 -0.00037039117887616174 -0.0037316633388400065
v -0.008449997752904894 0.001179433194920421 -0.0035596960224211203
v -0.008200000971555712 -0.0003950840327888729 -0.0039804410189390165
v -0.008449997752904894 0.001179433194920421 -0.0035596960224211203
v -0.008200000971555712 0.001258063479326666 -0.0037970095872879015
v -0.008200000971555712 0.001258063479326666 -0.0037970095872879015
v -0.008449997752904894 0.001179433194920421 -0.0035596960224211203
v -0.008449997752904894 0.00252532633021474 -0.0027722257655113927
v -0.008200000971555712 0.001258063479326666 -0.0037970095872879015
v -0.008449997752904894 0.00252532633021474 -0.0027722257655113927
v -0.008200000971555712 0.0026936791837215437 -0.0029570404440164557
v -0.008200000971555712 0.0026936791837215437 -0.0029570404440164557
v -0.008449997752904894 0.00252532633021474 -0.0027722257655113927
v -0.008449997752904894 0.0034345635212957876 -0.0015054116956889625
v -0.008200000971555712 0.0026936791837215437 -0.0029570404440164557
v -0.008449997752904894 0.0034345635212957876 -0.0015054116956889625
v -0.008200000971555712 0.0036635368596762436 -0.0016057727625593539
v -0.008200000971555712 0.0036635368596762436 -0.0016057727625593539
v -0.008449997752904894 0.0034345635212957876 -0.0015054116956889625
v -0.008449997752904894 0.0037499370519071835 2.170115840272046e-05
v -0.008200000971555712 0.0036635368596762436 -0.0016057727625593539
v -0.008449997752904894 0.0037499370519071835 2.170115840272046e-05
v -0.008200000971555712 0.00399993220344186 2.3147988031269044e-05
v -0.008200000971555712 0.00399993220344186 2.3147988031269044e-05
v -0.008449997752904894 0.0037499370519071835 2.170115840272046e-05
v -0.008449997752904894 0.0034169105347245945 0.0015450619393959637
v -0.008200000971555712 0.00399993220344186 2.3147988031269044e-05
v -0.008449997752904894 0.0034169105347245945 0.0015450619393959637
v -0.008200000971555712 0.0036447048187255877 0.0016480659833177918
v -0.008200000971555712 0.0036447048187255877 0.0016480659833177918
v -0.008449997752904894 0.0034169105347245945 0.0015450619393959637
v -0.008449997752904894 0.0024930723011493696 0.002801267197355627
v -0.008200000971555712 0.0036447048187255877 0.0016480659833177918
v -0.008449997752904894 0.0024930723011493696 0.002801267197355627
v -0.008200000971555712 0.0026592749636620296 0.002988018561154603
v -0.008200000971555712 0.0026592749636620296 0.002988018561154603
v -0.008449997752904894 0.0024930723011493696 0.002801267197355627
v -0.008449997752904894 0.001138154300861061 0.003573108464479445
v -0.008200000971555712 0.0026592749636620296 0.002988018561154603
v -0.008449997752904894 0.001138154300861061 0.003573108464479445
v -0.008200000971555712 0.0012140322942286734 0.0038113154005259262
v -0.008200000971555712 0.0012140322942286734 0.0038113154005259262
v -0.008449997752904894 0.001138154300861061 0.003573108464479445
v -0.008200000971555712 0.0003950875252485277 0.003980440553277729
v 0.008049998432397844 -0.0011794334277510647 0.0035596960224211203
v 0.008049998432397844 0.00037039467133581655 0.003731662873178719
v 0.007800002116709949 -0.00043148992699570976 0.0038887250702828156
v 0.007800002116709949 -0.00043148992699570976 0.0038887250702828156
v 0.007800002116709949 -0.0012580635957419879 0.003797009354457258
v 0.008049998432397844 -0.0011794334277510647 0.0035596960224211203
v 0.008049998432397844 -0.0011794334277510647 0.0035596960224211203
v 0.007800002116709949 -0.0012580635957419879 0.003797009354457258
v 0.007800002116709949 -0.0019758695270866164 0.0033770247828215348
v 0.008049998432397844 -0.0011794334277510647 0.0035596960224211203
v 0.007800002116709949 -0.0019758695270866164 0.0033770247828215348
v 0.008049998432397844 -0.002525326563045384 0.0027722257655113927
v 0.007800002116709949 -0.0019758695270866164 0.0033770247828215348
v 0.007800002116709949 -0.0026936791837215437 0.0029570404440164557
v 0.008049998432397844 -0.002525326563045384 0.0027722257655113927
v 0.008049998432397844 -0.002525326563045384 0.0027722257655113927
v 0.007800002116709949 -0.0026936791837215437 0.0029570404440164557
v 0.007800002116709949 -0.0031786081381142152 0.0022814066614955655
v 0.008049998432397844 -0.002525326563045384 0.0027722257655113927
v 0.007800002116709949 -0.0031786081381142152 0.0022814066614955655
v 0.008049998432397844 -0.0034345635212957876 0.0015054118121042843
v 0.007800002116709949 -0.0031786081381142152 0.0022814066614955655
v 0.007800002116709949 -0.0036635370925068873 0.0016057727625593539
v 0.008049998432397844 -0.0034345635212957876 0.0015054118121042843
v 0.008049998432397844 -0.0034345635212957876 0.0015054118121042843
v 0.007800002116709949 -0.0036635370925068873 0.0016057727625593539
v 0.007800002116709949 -0.0038317346479743736 0.000791312428191304
v 0.008049998432397844 -0.0034345635212957876 0.0015054118121042843
v 0.007800002116709949 -0.0038317346479743736 0.000791312428191304
v 0.008049998432397844 -0.003749937284737827 -2.170114385080523e-05
v 0.007800002116709949 -0.0038317346479743736 0.000791312428191304
v 0.007800002116709949 -0.00399993220344186 -2.3147953470470377e-05
v 0.008049998432397844 -0.003749937284737827 -2.170114385080523e-05
v 0.008049998432397844 -0.003749937284737827 -2.170114385080523e-05
v 0.007800002116709949 -0.00399993220344186 -2.3147953470470377e-05
v 0.007800002116709949 -0.003822318511083724 -0.0008356070029549297
v 0.008049998432397844 -0.003749937284737827 -2.170114385080523e-05
v 0.007800002116709949 -0.003822318511083724 -0.0008356070029549297
v 0.008049998432397844 -0.003416910767555238 -0.0015450619393959637
v 0.008049998432397844 -0.003416910767555238 -0.0015450619393959637
v 0.007800002116709949 -0.003822318511083724 -0.0008356070029549297
v 0.007800002116709949 -0.0036447048187255877 -0.0016480660997331136
v 0.008049998432397844 -0.003416910767555238 -0.0015450619393959637
v 0.007800002116709949 -0.0036447048187255877 -0.0016480660997331136
v 0.008049998432397844 -0.0024930688086897148 -0.0028012676630169145
v 0.008049998432397844 -0.0024930688086897148 -0.0028012676630169145
v 0.007800002116709949 -0.0036447048187255877 -0.0016480660997331136
v 0.007800002116709949 -0.0031519900076091303 -0.0023180420976132146
v 0.007800002116709949 -0.0031519900076091303 -0.0023180420976132146
v 0.007800002116709949 -0.0026592749636620296 -0.002988018561154603
v 0.008049998432397844 -0.0024930688086897148 -0.0028012676630169145
v 0.008049998432397844 -0.0024930688086897148 -0.0028012676630169145
v 0.007800002116709949 -0.0026592749636620296 -0.002988018561154603
v 0.007800002116709949 -0.0019366537453606733 -0.0033996668644249426
v 0.008049998432397844 -0.0024930688086897148 -0.0028012676630169145
v 0.007800002116709949 -0.0019366537453606733 -0.0033996668644249426
v 0.008049998432397844 -0.0011381544172763829 -0.003573108464479445
v 0.008049998432397844 -0.0011381544172763829 -0.003573108464479445
v 0.007800002116709949 -0.0019366537453606733 -0.0033996668644249426
v 0.007800002116709949 -0.001214032527059317 -0.0038113154005259262
v 0.008049998432397844 -0.0011381544172763829 -0.003573108464479445
v 0.007800002116709949 -0.001214032527059317 -0.0038113154005259262
v 0.008049998432397844 -0.00037039117887616174 -0.0037316633388400065
v 0.008049998432397844 -0.00037039117887616174 -0.0037316633388400065
v 0.007800002116709949 -0.001214032527059317 -0.0038113154005259262
v 0.007800002116709949 -0.0003950840327888729 -0.0039804410189390165
v 0.008049998432397844 -0.00037039117887616174 -0.0037316633388400065
v 0.007800002116709949 -0.0003950840327888729 -0.0039804410189390165
v 0.008049998432397844 0.00041355637949891405 -0.0037271261680871235
v 0.008049998432397844 0.00041355637949891405 -0.0037271261680871235
v 0.007800002116709949 -0.0003950840327888729 -0.0039804410189390165
v 0.007800002116709949 0.00044112792238593123 -0.003975601401180027
v 0.008049998432397844 0.00041355637949891405 -0.0037271261680871235
v 0.007800002116709949 0.00044112792238593123 -0.003975601401180027
v 0.008049998432397844 0.001893764012493194 -0.0032366905361413947
v 0.008049998432397844 0.001893764012493194 -0.0032366905361413947
v 0.007800002116709949 0.00044112792238593123 -0.003975601401180027
v 0.007800002116709949 0.0012305703712627298 -0.0037140352651476847
v 0.007800002116709949 0.0012305703712627298 -0.0037140352651476847
v 0.007800002116709949 0.0020200125873088845 -0.003452469594776629
v 0.008049998432397844 0.001893764012493194 -0.0032366905361413947
v 0.008049998432397844 0.001893764012493194 -0.0032366905361413947
v 0.007800002116709949 0.0020200125873088845 -0.003452469594776629
v 0.007800002116709949 0.002634815871715547 -0.0028924220241606227
v 0.008049998432397844 0.001893764012493194 -0.0032366905361413947
v 0.007800002116709949 0.002634815871715547 -0.0028924220241606227
v 0.008049998432397844 0.0030465177260339273 -0.002186601283028721
v 0.007800002116709949 0.002634815871715547 -0.0028924220241606227
v 0.007800002116709949 0.0032496189232915653 -0.0023323746863752595
v 0.008049998432397844 0.0030465177260339273 -0.002186601283028721
v 0.008049998432397844 0.0030465177260339273 -0.002186601283028721
v 0.007800002116709949 0.0032496189232915653 -0.0023323746863752595
v 0.007800002116709949 0.003583477810025217 -0.0015706826234236355
v 0.008049998432397844 0.0030465177260339273 -0.002186601283028721
v 0.007800002116709949 0.003583477810025217 -0.0015706826234236355
v 0.008049998432397844 0.003672503866255285 -0.0007584288250654934
v 0.008049998432397844 0.003672503866255285 -0.0007584288250654934
v 0.007800002116709949 0.003583477810025217 -0.0015706826234236355
v 0.007800002116709949 0.003917336463928224 -0.0008089906768873332
v 0.008049998432397844 0.003672503866255285 -0.0007584288250654934
v 0.007800002116709949 0.003917336463928224 -0.0008089906768873332
v 0.008049998432397844 0.003663478884845974 0.0008008828153833745
v 0.008049998432397844 0.003663478884845974 0.0008008828153833745
v 0.007800002116709949 0.003917336463928224 -0.0008089906768873332
v 0.007800002116709949 0.0039125247858464735 2.264203976665157e-05
v 0.007800002116709949 0.0039125247858464735 2.264203976665157e-05
v 0.007800002116709949 0.00390771357342601 0.0008542747818864879
v 0.008049998432397844 0.003663478884845974 0.0008008828153833745
v 0.008049998432397844 0.003663478884845974 0.0008008828153833745
v 0.007800002116709949 0.00390771357342601 0.0008542747818864879
v 0.007800002116709949 0.003565060207620265 0.0016120517393574114
v 0.008049998432397844 0.003663478884845974 0.0008008828153833745
v 0.007800002116709949 0.003565060207620265 0.0016120517393574114
v 0.008049998432397844 0.0030210088007152094 0.0022217142395675174
v 0.007800002116709949 0.003565060207620265 0.0016120517393574114
v 0.007800002116709949 0.003222407074645163 0.0023698287550359956
v 0.008049998432397844 0.0030210088007152094 0.0022217142395675174
v 0.008049998432397844 0.0030210088007152094 0.0022217142395675174
v 0.007800002116709949 0.003222407074645163 0.0023698287550359956
v 0.007800002116709949 0.002601162297651173 0.0029227233026176682
v 0.008049998432397844 0.0030210088007152094 0.0022217142395675174
v 0.007800002116709949 0.002601162297651173 0.0029227233026176682
v 0.008049998432397844 0.001856174669228495 0.0032583912834525095
v 0.007800002116709949 0.002601162297651173 0.0029227233026176682
v 0.007800002116709949 0.0019799210131168374 0.003475617384538053
v 0.008049998432397844 0.001856174669228495 0.0032583912834525095
v 0.008049998432397844 0.001856174669228495 0.0032583912834525095
v 0.007800002116709949 0.0019799210131168374 0.003475617384538053
v 0.007800002116709949 0.0011875042691826825 0.0037280288524925696
v 0.008049998432397844 0.001856174669228495 0.0032583912834525095
v 0.007800002116709949 0.0011875042691826825 0.0037280288524925696
v 0.008049998432397844 0.00037039467133581655 0.003731662873178719
v 0.008049998432397844 0.00037039467133581655 0.003731662873178719
v 0.007800002116709949 0.0011875042691826825 0.0037280288524925696
v 0.007800002116709949 0.0003950875252485277 0.003980440553277729
v 0.008049998432397844 0.00037039467133581655 0.003731662873178719
v 0.007800002116709949 0.0003950875252485277 0.003980440553277729
v 0.007800002116709949 -0.00043148992699570976 0.0038887250702828156
v -0.004740189295262099 0.0004099032375961544 0.004129706881940363
v -0.004700000863522292 0.0004247189790476115 0.004278973676264284
v -0.004740189295262099 0.0012595598818734295 0.003954239655286072
v -0.004740189295262099 0.0012595598818734295 0.003954239655286072
v -0.004700000863522292 0.0004247189790476115 0.004278973676264284
v -0.004700000863522292 0.0013050837442278869 0.004097164142876862
v -0.004740189295262099 0.0012595598818734295 0.003954239655286072
v -0.004700000863522292 0.0013050837442278869 0.004097164142876862
v -0.004740189295262099 0.0020541667472571143 0.003605953417718409
v -0.004740189295262099 0.0020541667472571143 0.003605953417718409
v -0.004700000863522292 0.0013050837442278869 0.004097164142876862
v -0.004700000863522292 0.0021284122485667476 0.003736288985237478
v -0.004740189295262099 0.0020541667472571143 0.003605953417718409
v -0.004700000863522292 0.0021284122485667476 0.003736288985237478
v -0.004740189295262099 0.002758996328338982 0.0031000692397356025
v -0.004740189295262099 0.002758996328338982 0.0031000692397356025
v -0.004700000863522292 0.0021284122485667476 0.003736288985237478
v -0.004700000863522292 0.0028587216511368765 0.003212119918316602
v -0.004740189295262099 0.002758996328338982 0.0031000692397356025
v -0.004700000863522292 0.0028587216511368765 0.003212119918316602
v -0.004740189295262099 0.003343247575685383 0.00245869718492031
v -0.004740189295262099 0.003343247575685383 0.00245869718492031
v -0.004700000863522292 0.0028587216511368765 0.003212119918316602
v -0.004700000863522292 0.0034640878438949602 0.002547566080465912
v -0.004740189295262099 0.003343247575685383 0.00245869718492031
v -0.004700000863522292 0.0034640878438949602 0.002547566080465912
v -0.004740189295262099 0.003781381994485857 0.001709868432953953
v -0.004740189295262099 0.003781381994485857 0.001709868432953953
v -0.004700000863522292 0.0034640878438949602 0.002547566080465912
v -0.004700000863522292 0.003918059170246126 0.0017716707661747926
v -0.004740189295262099 0.003781381994485857 0.001709868432953953
v -0.004700000863522292 0.003918059170246126 0.0017716707661747926
v -0.004740189295262099 0.004054250195622446 0.0008863102993927893
v -0.004740189295262099 0.004054250195622446 0.0008863102993927893
v -0.004700000863522292 0.003918059170246126 0.0017716707661747926
v -0.004700000863522292 0.004200791008770468 0.0009183454676531252
v -0.004740189295262099 0.004054250195622446 0.0008863102993927893
v -0.004700000863522292 0.004200791008770468 0.0009183454676531252
v -0.004740189295262099 0.004149930551648142 2.401593883405439e-05
v -0.004740189295262099 0.004149930551648142 2.401593883405439e-05
v -0.004700000863522292 0.004200791008770468 0.0009183454676531252
v -0.004700000863522292 0.004299928899854423 2.4883885998860926e-05
v -0.004740189295262099 0.004149930551648142 2.401593883405439e-05
v -0.004700000863522292 0.004299928899854423 2.4883885998860926e-05
v -0.004740189295262099 0.004064237698912622 -0.0008393279276788231
v -0.004740189295262099 0.004064237698912622 -0.0008393279276788231
v -0.004700000863522292 0.004299928899854423 2.4883885998860926e-05
v -0.004700000863522292 0.00421113893389702 -0.0008696651784703132
v -0.004740189295262099 0.004064237698912622 -0.0008393279276788231
v -0.004700000863522292 0.00421113893389702 -0.0008696651784703132
v -0.004740189295262099 0.003800917416810991 -0.001665989053435623
v -0.004740189295262099 0.003800917416810991 -0.001665989053435623
v -0.004700000863522292 0.00421113893389702 -0.0008696651784703132
v -0.004700000863522292 0.003938301466405393 -0.0017262056935578578
v -0.004740189295262099 0.003800917416810991 -0.001665989053435623
v -0.004700000863522292 0.003938301466405393 -0.0017262056935578578
v -0.004740189295262099 0.0033714803867042078 -0.002419838681817054
v -0.004740189295262099 0.0033714803867042078 -0.002419838681817054
v -0.004700000863522292 0.003938301466405393 -0.0017262056935578578
v -0.004700000863522292 0.0034933420829474943 -0.002507302910089492
v -0.004740189295262099 0.0033714803867042078 -0.002419838681817054
v -0.004700000863522292 0.0034933420829474943 -0.002507302910089492
v -0.004740189295262099 0.0027946922928094877 -0.003067929530516266
v -0.004740189295262099 0.0027946922928094877 -0.003067929530516266
v -0.004700000863522292 0.0034933420829474943 -0.002507302910089492
v -0.004700000863522292 0.0028957054018974317 -0.0031788183841854325
v -0.004740189295262099 0.0027946922928094877 -0.003067929530516266
v -0.004700000863522292 0.0028957054018974317 -0.0031788183841854325
v -0.004740189295262099 0.002095761941745878 -0.0035819369368255125
v -0.004740189295262099 0.002095761941745878 -0.0035819369368255125
v -0.004700000863522292 0.0028957054018974317 -0.0031788183841854325
v -0.004700000863522292 0.0021715147886425265 -0.003711404977366327
v -0.004740189295262099 0.002095761941745878 -0.0035819369368255125
v -0.004700000863522292 0.0021715147886425265 -0.003711404977366327
v -0.004740189295262099 0.0013052393915131695 -0.003939397167414425
v -0.004740189295262099 0.0013052393915131695 -0.003939397167414425
v -0.004700000863522292 0.0021715147886425265 -0.003711404977366327
v -0.004700000863522292 0.0013524153036996729 -0.004081784747540949
v -0.004740189295262099 0.0013052393915131695 -0.003939397167414425
v -0.004700000863522292 0.0013524153036996729 -0.004081784747540949
v -0.004740189295262099 0.0004576715873554351 -0.004124686587601898
v -0.004740189295262099 0.0004576715873554351 -0.004124686587601898
v -0.004700000863522292 0.0013524153036996729 -0.004081784747540949
v -0.004700000863522292 0.00047421152703464053 -0.004273771308362482
v -0.004740189295262099 0.0004576715873554351 -0.004124686587601898
v -0.004700000863522292 0.00047421152703464053 -0.004273771308362482
v -0.004740189295262099 -0.0004098997160326691 -0.00412970734760165
v -0.004740189295262099 -0.0004098997160326691 -0.00412970734760165
v -0.004700000863522292 0.00047421152703464053 -0.004273771308362482
v -0.004700000863522292 -0.00042471545748412625 -0.004278974141925572
v -0.004740189295262099 -0.0004098997160326691 -0.00412970734760165
v -0.004700000863522292 -0.00042471545748412625 -0.004278974141925572
v -0.004740189295262099 -0.0012595601147040731 -0.003954239655286072
v -0.004740189295262099 -0.0012595601147040731 -0.003954239655286072
v -0.004700000863522292 -0.00042471545748412625 -0.004278974141925572
v -0.004700000863522292 -0.0013050839770585305 -0.004097164142876862
v -0.004740189295262099 -0.0012595601147040731 -0.003954239655286072
v -0.004700000863522292 -0.0013050839770585305 -0.004097164142876862
v -0.004740189295262099 -0.0020541667472571143 -0.003605952952057122
v -0.004740189295262099 -0.0020541667472571143 -0.003605952952057122
v -0.004700000863522292 -0.0013050839770585305 -0.004097164142876862
v -0.004700000863522292 -0.0021284124813973912 -0.003736288985237478
v -0.004740189295262099 -0.0020541667472571143 -0.003605952952057122
v -0.004700000863522292 -0.0021284124813973912 -0.003736288985237478
v -0.004740189295262099 -0.0027589965611696256 -0.0031000692397356025
v -0.004740189295262099 -0.0027589965611696256 -0.0031000692397356025
v -0.004700000863522292 -0.0021284124813973912 -0.003736288985237478
v -0.004700000863522292 -0.0028587216511368765 -0.003212119918316602
v -0.004740189295262099 -0.0027589965611696256 -0.0031000692397356025
v -0.004700000863522292 -0.0028587216511368765 -0.003212119918316602
v -0.004740189295262099 -0.003343247575685383 -0.00245869718492031
v -0.004740189295262099 -0.003343247575685383 -0.00245869718492031
v -0.004700000863522292 -0.0028587216511368765 -0.003212119918316602
v -0.004700000863522292 -0.003464088076725604 -0.0025475658476352683
v -0.004740189295262099 -0.003343247575685383 -0.00245869718492031
v -0.004700000863522292 -0.003464088076725604 -0.0025475658476352683
v -0.004740189295262099 -0.0037813822273165005 -0.001709868432953953
v -0.004740189295262099 -0.0037813822273165005 -0.001709868432953953
v -0.004700000863522292 -0.003464088076725604 -0.0025475658476352683
v -0.004700000863522292 -0.003918059635907413 -0.0017716708825901144
v -0.004740189295262099 -0.0037813822273165005 -0.001709868432953953
v -0.004700000863522292 -0.003918059635907413 -0.0017716708825901144
v -0.004740189295262099 -0.004054250661283733 -0.0008863102411851284
v -0.004740189295262099 -0.004054250661283733 -0.0008863102411851284
v -0.004700000863522292 -0.003918059635907413 -0.0017716708825901144
v -0.004700000863522292 -0.004200791474431755 -0.0009183454676531252
v -0.004740189295262099 -0.004054250661283733 -0.0008863102411851284
v -0.004700000863522292 -0.004200791474431755 -0.0009183454676531252
v -0.004740189295262099 -0.004149930551648142 -2.4015915187192143e-05
v -0.004740189295262099 -0.004149930551648142 -2.4015915187192143e-05
v -0.004700000863522292 -0.004200791474431755 -0.0009183454676531252
v -0.004700000863522292 -0.004299928899854423 -2.488387690391391e-05
v -0.004740189295262099 -0.004149930551648142 -2.4015915187192143e-05
v -0.004700000863522292 -0.004299928899854423 -2.488387690391391e-05
v -0.004740189295262099 -0.004064237698912622 0.0008393279276788231
v -0.004740189295262099 -0.004064237698912622 0.0008393279276788231
v -0.004700000863522292 -0.004299928899854423 -2.488387690391391e-05
v -0.004700000863522292 -0.00421113893389702 0.0008696651784703132
v -0.004740189295262099 -0.004064237698912622 0.0008393279276788231
v -0.004700000863522292 -0.00421113893389702 0.0008696651784703132
v -0.004740189295262099 -0.003800917416810991 0.001665989053435623
v -0.004740189295262099 -0.003800917416810991 0.001665989053435623
v -0.004700000863522292 -0.00421113893389702 0.0008696651784703132
v -0.004700000863522292 -0.003938301466405393 0.0017262056935578578
v -0.004740189295262099 -0.003800917416810991 0.001665989053435623
v -0.004700000863522292 -0.003938301466405393 0.0017262056935578578
v -0.004740189295262099 -0.0033714806195348514 0.002419838681817054
v -0.004740189295262099 -0.0033714806195348514 0.002419838681817054
v -0.004700000863522292 -0.003938301466405393 0.0017262056935578578
v -0.004700000863522292 -0.0034933420829474943 0.0025073026772588483
v -0.004740189295262099 -0.0033714806195348514 0.002419838681817054
v -0.004700000863522292 -0.0034933420829474943 0.0025073026772588483
v -0.004740189295262099 -0.0027946922928094877 0.003067929530516266
v -0.004740189295262099 -0.0027946922928094877 0.003067929530516266
v -0.004700000863522292 -0.0034933420829474943 0.0025073026772588483
v -0.004700000863522292 -0.0028957054018974317 0.003178818617016076
v -0.004740189295262099 -0.0027946922928094877 0.003067929530516266
v -0.004700000863522292 -0.0028957054018974317 0.003178818617016076
v -0.004740189295262099 -0.002095761941745878 0.0035819369368255125
v -0.004740189295262099 -0.002095761941745878 0.0035819369368255125
v -0.004700000863522292 -0.0028957054018974317 0.003178818617016076
v -0.004700000863522292 -0.0021715147886425265 0.003711404977366327
v -0.004740189295262099 -0.002095761941745878 0.0035819369368255125
v -0.004700000863522292 -0.0021715147886425265 0.003711404977366327
v -0.004740189295262099 -0.0013052395079284913 0.003939397167414425
v -0.004740189295262099 -0.0013052395079284913 0.003939397167414425
v -0.004700000863522292 -0.0021715147886425265 0.003711404977366327
v -0.004700000863522292 -0.0013524155365303165 0.004081784747540949
v -0.004740189295262099 -0.0013052395079284913 0.003939397167414425
v -0.004700000863522292 -0.0013524155365303165 0.004081784747540949
v -0.004740189295262099 -0.00045767176197841785 0.004124686587601898
v -0.004740189295262099 -0.00045767176197841785 0.004124686587601898
v -0.004700000863522292 -0.0013524155365303165 0.004081784747540949
v -0.004700000863522292 -0.0004742117307614537 0.004273771308362482
v -0.004740189295262099 -0.00045767176197841785 0.004124686587601898
v -0.004700000863522292 -0.0004742117307614537 0.004273771308362482
v -0.004740189295262099 0.0004099032375961544 0.004129706881940363
v -0.004740189295262099 0.0004099032375961544 0.004129706881940363
v -0.004700000863522292 -0.0004742117307614537 0.004273771308362482
v -0.004700000863522292 0.0004247189790476115 0.004278973676264284
v -0.0048500034026801595 0.00039905737503431754 0.004020436201244591
v -0.004740189295262099 0.0004099032375961544 0.004129706881940363
v -0.0048500034026801595 0.0012262304080650217 0.0038496120832860457
v -0.0048500034026801595 0.0012262304080650217 0.0038496120832860457
v -0.004740189295262099 0.0004099032375961544 0.004129706881940363
v -0.004740189295262099 0.0012595598818734295 0.003954239655286072
v -0.0048500034026801595 0.0012262304080650217 0.0038496120832860457
v -0.004740189295262099 0.0012595598818734295 0.003954239655286072
v -0.0048500034026801595 0.0019998142961412677 0.0035105408169329153
v -0.0048500034026801595 0.0019998142961412677 0.0035105408169329153
v -0.004740189295262099 0.0012595598818734295 0.003954239655286072
v -0.004740189295262099 0.0020541667472571143 0.003605953417718409
v -0.0048500034026801595 0.0019998142961412677 0.0035105408169329153
v -0.004740189295262099 0.0020541667472571143 0.003605953417718409
v -0.0048500034026801595 0.0026859969366341842 0.0030180423054844132
v -0.0048500034026801595 0.0026859969366341842 0.0030180423054844132
v -0.004740189295262099 0.0020541667472571143 0.003605953417718409
v -0.004740189295262099 0.002758996328338982 0.0031000692397356025
v -0.0048500034026801595 0.0026859969366341842 0.0030180423054844132
v -0.004740189295262099 0.002758996328338982 0.0031000692397356025
v -0.0048500034026801595 0.0032547868322581066 0.0023936410434544078
v -0.0048500034026801595 0.0032547868322581066 0.0023936410434544078
v -0.004740189295262099 0.002758996328338982 0.0031000692397356025
v -0.004740189295262099 0.003343247575685383 0.00245869718492031
v -0.0048500034026801595 0.0032547868322581066 0.0023936410434544078
v -0.004740189295262099 0.003343247575685383 0.00245869718492031
v -0.0048500034026801595 0.003681328613311054 0.0016646258300170296
v -0.0048500034026801595 0.003681328613311054 0.0016646258300170296
v -0.004740189295262099 0.003343247575685383 0.00245869718492031
v -0.004740189295262099 0.003781381994485857 0.001709868432953953
v -0.0048500034026801595 0.003681328613311054 0.0016646258300170296
v -0.004740189295262099 0.003781381994485857 0.001709868432953953
v -0.0048500034026801595 0.003946978598833086 0.000862858607433736
v -0.0048500034026801595 0.003946978598833086 0.000862858607433736
v -0.004740189295262099 0.003781381994485857 0.001709868432953953
v -0.004740189295262099 0.004054250195622446 0.0008863102993927893
v -0.0048500034026801595 0.003946978598833086 0.000862858607433736
v -0.004740189295262099 0.004054250195622446 0.0008863102993927893
v -0.0048500034026801595 0.004040123894810678 2.3380562197417014e-05
v -0.0048500034026801595 0.004040123894810678 2.3380562197417014e-05
v -0.004740189295262099 0.004054250195622446 0.0008863102993927893
v -0.004740189295262099 0.004149930551648142 2.401593883405439e-05
v -0.0048500034026801595 0.004040123894810678 2.3380562197417014e-05
v -0.004740189295262099 0.004149930551648142 2.401593883405439e-05
v -0.0048500034026801595 0.00395669834688306 -0.0008171194931492206
v -0.0048500034026801595 0.00395669834688306 -0.0008171194931492206
v -0.004740189295262099 0.004149930551648142 2.401593883405439e-05
v -0.004740189295262099 0.004064237698912622 -0.0008393279276788231
v -0.0048500034026801595 0.00395669834688306 -0.0008171194931492206
v -0.004740189295262099 0.004064237698912622 -0.0008393279276788231
v -0.0048500034026801595 0.0037003485485911387 -0.0016219076933339234
v -0.0048500034026801595 0.0037003485485911387 -0.0016219076933339234
v -0.004740189295262099 0.004064237698912622 -0.0008393279276788231
v -0.004740189295262099 0.003800917416810991 -0.001665989053435623
v -0.0048500034026801595 0.0037003485485911387 -0.0016219076933339234
v -0.004740189295262099 0.003800917416810991 -0.001665989053435623
v -0.0048500034026801595 0.003282272955402733 -0.0023558104876428834
v -0.0048500034026801595 0.003282272955402733 -0.0023558104876428834
v -0.004740189295262099 0.003800917416810991 -0.001665989053435623
v -0.004740189295262099 0.0033714803867042078 -0.002419838681817054
v -0.0048500034026801595 0.003282272955402733 -0.0023558104876428834
v -0.004740189295262099 0.0033714803867042078 -0.002419838681817054
v -0.0048500034026801595 0.0027207459788769497 -0.0029867531266063443
v -0.0048500034026801595 0.0027207459788769497 -0.0029867531266063443
v -0.004740189295262099 0.0033714803867042078 -0.002419838681817054
v -0.004740189295262099 0.0027946922928094877 -0.003067929530516266
v -0.0048500034026801595 0.0027207459788769497 -0.0029867531266063443
v -0.004740189295262099 0.0027946922928094877 -0.003067929530516266
v -0.0048500034026801595 0.002040311228483916 -0.0034871606621891247
v -0.0048500034026801595 0.002040311228483916 -0.0034871606621891247
v -0.004740189295262099 0.0027946922928094877 -0.003067929530516266
v -0.004740189295262099 0.002095761941745878 -0.0035819369368255125
v -0.0048500034026801595 0.002040311228483916 -0.0034871606621891247
v -0.004740189295262099 0.002095761941745878 -0.0035819369368255125
v -0.0048500034026801595 0.0012707033893093473 -0.0038351619150489556
v -0.0048500034026801595 0.0012707033893093473 -0.0038351619150489556
v -0.004740189295262099 0.002095761941745878 -0.0035819369368255125
v -0.004740189295262099 0.0013052393915131695 -0.003939397167414425
v -0.0048500034026801595 0.0012707033893093473 -0.0038351619150489556
v -0.004740189295262099 0.0013052393915131695 -0.003939397167414425
v -0.0048500034026801595 0.0004455597954802217 -0.004015548620373009
v -0.0048500034026801595 0.0004455597954802217 -0.004015548620373009
v -0.004740189295262099 0.0013052393915131695 -0.003939397167414425
v -0.004740189295262099 0.0004576715873554351 -0.004124686587601898
v -0.0048500034026801595 0.0004455597954802217 -0.004015548620373009
v -0.004740189295262099 0.0004576715873554351 -0.004124686587601898
v -0.0048500034026801595 -0.00039905388257466273 -0.004020436666905878
v -0.0048500034026801595 -0.00039905388257466273 -0.004020436666905878
v -0.004740189295262099 0.0004576715873554351 -0.004124686587601898
v -0.004740189295262099 -0.0004098997160326691 -0.00412970734760165
v -0.0048500034026801595 -0.00039905388257466273 -0.004020436666905878
v -0.004740189295262099 -0.0004098997160326691 -0.00412970734760165
v -0.0048500034026801595 -0.0012262305244803435 -0.003849611850455402
v -0.0048500034026801595 -0.0012262305244803435 -0.003849611850455402
v -0.004740189295262099 -0.0004098997160326691 -0.00412970734760165
v -0.004740189295262099 -0.0012595601147040731 -0.003954239655286072
v -0.0048500034026801595 -0.0012262305244803435 -0.003849611850455402
v -0.004740189295262099 -0.0012595601147040731 -0.003954239655286072
v -0.0048500034026801595 -0.0019998145289719113 -0.0035105408169329153
v -0.0048500034026801595 -0.0019998145289719113 -0.0035105408169329153
v -0.004740189295262099 -0.0012595601147040731 -0.003954239655286072
v -0.004740189295262099 -0.0020541667472571143 -0.003605952952057122
v -0.0048500034026801595 -0.0019998145289719113 -0.0035105408169329153
v -0.004740189295262099 -0.0020541667472571143 -0.003605952952057122
v -0.0048500034026801595 -0.0026859969366341842 -0.0030180423054844132
v -0.0048500034026801595 -0.0026859969366341842 -0.0030180423054844132
v -0.004740189295262099 -0.0020541667472571143 -0.003605952952057122
v -0.004740189295262099 -0.0027589965611696256 -0.0031000692397356025
v -0.0048500034026801595 -0.0026859969366341842 -0.0030180423054844132
v -0.004740189295262099 -0.0027589965611696256 -0.0031000692397356025
v -0.0048500034026801595 -0.0032547868322581066 -0.0023936410434544078
v -0.0048500034026801595 -0.0032547868322581066 -0.0023936410434544078
v -0.004740189295262099 -0.0027589965611696256 -0.0031000692397356025
v -0.004740189295262099 -0.003343247575685383 -0.00245869718492031
v -0.0048500034026801595 -0.0032547868322581066 -0.0023936410434544078
v -0.004740189295262099 -0.003343247575685383 -0.00245869718492031
v -0.0048500034026801595 -0.0036813288461416977 -0.0016646258300170296
v -0.0048500034026801595 -0.0036813288461416977 -0.0016646258300170296
v -0.004740189295262099 -0.003343247575685383 -0.00245869718492031
v -0.004740189295262099 -0.0037813822273165005 -0.001709868432953953
v -0.0048500034026801595 -0.0036813288461416977 -0.0016646258300170296
v -0.004740189295262099 -0.0037813822273165005 -0.001709868432953953
v -0.0048500034026801595 -0.003946978598833086 -0.0008628585492260751
v -0.0048500034026801595 -0.003946978598833086 -0.0008628585492260751
v -0.004740189295262099 -0.0037813822273165005 -0.001709868432953953
v -0.004740189295262099 -0.004054250661283733 -0.0008863102411851284
v -0.0048500034026801595 -0.003946978598833086 -0.0008628585492260751
v -0.004740189295262099 -0.004054250661283733 -0.0008863102411851284
v -0.0048500034026801595 -0.004040123894810678 -2.338053491257596e-05
v -0.0048500034026801595 -0.004040123894810678 -2.338053491257596e-05
v -0.004740189295262099 -0.004054250661283733 -0.0008863102411851284
v -0.004740189295262099 -0.004149930551648142 -2.4015915187192143e-05
v -0.0048500034026801595 -0.004040123894810678 -2.338053491257596e-05
v -0.004740189295262099 -0.004149930551648142 -2.4015915187192143e-05
v -0.0048500034026801595 -0.003956698812544348 0.0008171195513568815
v -0.0048500034026801595 -0.003956698812544348 0.0008171195513568815
v -0.004740189295262099 -0.004149930551648142 -2.4015915187192143e-05
v -0.004740189295262099 -0.004064237698912622 0.0008393279276788231
v -0.0048500034026801595 -0.003956698812544348 0.0008171195513568815
v -0.004740189295262099 -0.004064237698912622 0.0008393279276788231
v -0.0048500034026801595 -0.0037003485485911387 0.0016219078097492452
v -0.0048500034026801595 -0.0037003485485911387 0.0016219078097492452
v -0.004740189295262099 -0.004064237698912622 0.0008393279276788231
v -0.004740189295262099 -0.003800917416810991 0.001665989053435623
v -0.0048500034026801595 -0.0037003485485911387 0.0016219078097492452
v -0.004740189295262099 -0.003800917416810991 0.001665989053435623
v -0.0048500034026801595 -0.003282273188233377 0.0023558104876428834
v -0.0048500034026801595 -0.003282273188233377 0.0023558104876428834
v -0.004740189295262099 -0.003800917416810991 0.001665989053435623
v -0.004740189295262099 -0.0033714806195348514 0.002419838681817054
v -0.0048500034026801595 -0.003282273188233377 0.0023558104876428834
v -0.004740189295262099 -0.0033714806195348514 0.002419838681817054
v -0.0048500034026801595 -0.0027207462117075933 0.0029867531266063443
v -0.0048500034026801595 -0.0027207462117075933 0.0029867531266063443
v -0.004740189295262099 -0.0033714806195348514 0.002419838681817054
v -0.004740189295262099 -0.0027946922928094877 0.003067929530516266
v -0.0048500034026801595 -0.0027207462117075933 0.0029867531266063443
v -0.004740189295262099 -0.0027946922928094877 0.003067929530516266
v -0.0048500034026801595 -0.00204031146131456 0.0034871606621891247
v -0.0048500034026801595 -0.00204031146131456 0.0034871606621891247
v -0.004740189295262099 -0.0027946922928094877 0.003067929530516266
v -0.004740189295262099 -0.002095761941745878 0.0035819369368255125
v -0.0048500034026801595 -0.00204031146131456 0.0034871606621891247
v -0.004740189295262099 -0.002095761941745878 0.0035819369368255125
v -0.0048500034026801595 -0.001270703622139991 0.0038351619150489556
v -0.0048500034026801595 -0.001270703622139991 0.0038351619150489556
v -0.004740189295262099 -0.002095761941745878 0.0035819369368255125
v -0.004740189295262099 -0.0013052395079284913 0.003939397167414425
v -0.0048500034026801595 -0.001270703622139991 0.0038351619150489556
v -0.004740189295262099 -0.0013052395079284913 0.003939397167414425
v -0.0048500034026801595 -0.000445559940999374 0.004015548620373009
v -0.0048500034026801595 -0.000445559940999374 0.004015548620373009
v -0.004740189295262099 -0.0013052395079284913 0.003939397167414425
v -0.004740189295262099 -0.00045767176197841785 0.004124686587601898
v -0.0048500034026801595 -0.000445559940999374 0.004015548620373009
v -0.004740189295262099 -0.00045767176197841785 0.004124686587601898
v -0.0048500034026801595 0.00039905737503431754 0.004020436201244591
v -0.0048500034026801595 0.00039905737503431754 0.004020436201244591
v -0.004740189295262099 -0.00045767176197841785 0.004124686587601898
v -0.004740189295262099 0.0004099032375961544 0.004129706881940363
v -0.00499999849125743 0.0003950875252485277 0.003980440553277729
v -0.0048500034026801595 0.00039905737503431754 0.004020436201244591
v -0.00499999849125743 0.0012140322942286734 0.0038113154005259262
v -0.00499999849125743 0.0012140322942286734 0.0038113154005259262
v -0.0048500034026801595 0.00039905737503431754 0.004020436201244591
v -0.0048500034026801595 0.0012262304080650217 0.0038496120832860457
v -0.00499999849125743 0.0012140322942286734 0.0038113154005259262
v -0.0048500034026801595 0.0012262304080650217 0.0038496120832860457
v -0.00499999849125743 0.0019799210131168374 0.003475617384538053
v -0.00499999849125743 0.0019799210131168374 0.003475617384538053
v -0.0048500034026801595 0.0012262304080650217 0.0038496120832860457
v -0.0048500034026801595 0.0019998142961412677 0.0035105408169329153
v -0.00499999849125743 0.0019799210131168374 0.003475617384538053
v -0.0048500034026801595 0.0019998142961412677 0.0035105408169329153
v -0.00499999849125743 0.0026592749636620296 0.002988018561154603
v -0.00499999849125743 0.0026592749636620296 0.002988018561154603
v -0.0048500034026801595 0.0019998142961412677 0.0035105408169329153
v -0.0048500034026801595 0.0026859969366341842 0.0030180423054844132
v -0.00499999849125743 0.0026592749636620296 0.002988018561154603
v -0.0048500034026801595 0.0026859969366341842 0.0030180423054844132
v -0.00499999849125743 0.003222407074645163 0.0023698287550359956
v -0.00499999849125743 0.003222407074645163 0.0023698287550359956
v -0.0048500034026801595 0.0026859969366341842 0.0030180423054844132
v -0.0048500034026801595 0.0032547868322581066 0.0023936410434544078
v -0.00499999849125743 0.003222407074645163 0.0023698287550359956
v -0.0048500034026801595 0.0032547868322581066 0.0023936410434544078
v -0.00499999849125743 0.0036447048187255877 0.0016480659833177918
v -0.00499999849125743 0.0036447048187255877 0.0016480659833177918
v -0.0048500034026801595 0.0032547868322581066 0.0023936410434544078
v -0.0048500034026801595 0.003681328613311054 0.0016646258300170296
v -0.00499999849125743 0.0036447048187255877 0.0016480659833177918
v -0.0048500034026801595 0.003681328613311054 0.0016646258300170296
v -0.00499999849125743 0.00390771357342601 0.0008542747818864879
v -0.00499999849125743 0.00390771357342601 0.0008542747818864879
v -0.0048500034026801595 0.003681328613311054 0.0016646258300170296
v -0.0048500034026801595 0.003946978598833086 0.000862858607433736
v -0.00499999849125743 0.00390771357342601 0.0008542747818864879
v -0.0048500034026801595 0.003946978598833086 0.000862858607433736
v -0.00499999849125743 0.00399993220344186 2.3147988031269044e-05
v -0.00499999849125743 0.00399993220344186 2.3147988031269044e-05
v -0.0048500034026801595 0.003946978598833086 0.000862858607433736
v -0.0048500034026801595 0.004040123894810678 2.3380562197417014e-05
v -0.00499999849125743 0.00399993220344186 2.3147988031269044e-05
v -0.0048500034026801595 0.004040123894810678 2.3380562197417014e-05
v -0.00499999849125743 0.003917336463928224 -0.0008089906768873332
v -0.00499999849125743 0.003917336463928224 -0.0008089906768873332
v -0.0048500034026801595 0.004040123894810678 2.3380562197417014e-05
v -0.0048500034026801595 0.00395669834688306 -0.0008171194931492206
v -0.00499999849125743 0.003917336463928224 -0.0008089906768873332
v -0.0048500034026801595 0.00395669834688306 -0.0008171194931492206
v -0.00499999849125743 0.0036635368596762436 -0.0016057727625593539
v -0.00499999849125743 0.0036635368596762436 -0.0016057727625593539
v -0.0048500034026801595 0.00395669834688306 -0.0008171194931492206
v -0.0048500034026801595 0.0037003485485911387 -0.0016219076933339234
v -0.00499999849125743 0.0036635368596762436 -0.0016057727625593539
v -0.0048500034026801595 0.0037003485485911387 -0.0016219076933339234
v -0.00499999849125743 0.0032496189232915653 -0.0023323746863752595
v -0.00499999849125743 0.0032496189232915653 -0.0023323746863752595
v -0.0048500034026801595 0.0037003485485911387 -0.0016219076933339234
v -0.0048500034026801595 0.003282272955402733 -0.0023558104876428834
v -0.00499999849125743 0.0032496189232915653 -0.0023323746863752595
v -0.0048500034026801595 0.003282272955402733 -0.0023558104876428834
v -0.00499999849125743 0.0026936791837215437 -0.0029570404440164557
v -0.00499999849125743 0.0026936791837215437 -0.0029570404440164557
v -0.0048500034026801595 0.003282272955402733 -0.0023558104876428834
v -0.0048500034026801595 0.0027207459788769497 -0.0029867531266063443
v -0.00499999849125743 0.0026936791837215437 -0.0029570404440164557
v -0.0048500034026801595 0.0027207459788769497 -0.0029867531266063443
v -0.00499999849125743 0.0020200125873088845 -0.003452469594776629
v -0.00499999849125743 0.0020200125873088845 -0.003452469594776629
v -0.0048500034026801595 0.0027207459788769497 -0.0029867531266063443
v -0.0048500034026801595 0.002040311228483916 -0.0034871606621891247
v -0.00499999849125743 0.0020200125873088845 -0.003452469594776629
v -0.0048500034026801595 0.002040311228483916 -0.0034871606621891247
v -0.00499999849125743 0.001258063479326666 -0.0037970095872879015
v -0.00499999849125743 0.001258063479326666 -0.0037970095872879015
v -0.0048500034026801595 0.002040311228483916 -0.0034871606621891247
v -0.0048500034026801595 0.0012707033893093473 -0.0038351619150489556
v -0.00499999849125743 0.001258063479326666 -0.0037970095872879015
v -0.0048500034026801595 0.0012707033893093473 -0.0038351619150489556
v -0.00499999849125743 0.00044112792238593123 -0.003975601401180027
v -0.00499999849125743 0.00044112792238593123 -0.003975601401180027
v -0.0048500034026801595 0.0012707033893093473 -0.0038351619150489556
v -0.0048500034026801595 0.0004455597954802217 -0.004015548620373009
v -0.00499999849125743 0.00044112792238593123 -0.003975601401180027
v -0.0048500034026801595 0.0004455597954802217 -0.004015548620373009
v -0.00499999849125743 -0.0003950840327888729 -0.0039804410189390165
v -0.00499999849125743 -0.0003950840327888729 -0.0039804410189390165
v -0.0048500034026801595 0.0004455597954802217 -0.004015548620373009
v -0.0048500034026801595 -0.00039905388257466273 -0.004020436666905878
v -0.00499999849125743 -0.0003950840327888729 -0.0039804410189390165
v -0.0048500034026801595 -0.00039905388257466273 -0.004020436666905878
v -0.00499999849125743 -0.001214032527059317 -0.0038113154005259262
v -0.00499999849125743 -0.001214032527059317 -0.0038113154005259262
v -0.0048500034026801595 -0.00039905388257466273 -0.004020436666905878
v -0.0048500034026801595 -0.0012262305244803435 -0.003849611850455402
v -0.00499999849125743 -0.001214032527059317 -0.0038113154005259262
v -0.0048500034026801595 -0.0012262305244803435 -0.003849611850455402
v -0.00499999849125743 -0.001979921245947481 -0.003475617617368697
v -0.00499999849125743 -0.001979921245947481 -0.003475617617368697
v -0.0048500034026801595 -0.0012262305244803435 -0.003849611850455402
v -0.0048500034026801595 -0.0019998145289719113 -0.0035105408169329153
v -0.00499999849125743 -0.001979921245947481 -0.003475617617368697
v -0.0048500034026801595 -0.0019998145289719113 -0.0035105408169329153
v -0.00499999849125743 -0.0026592749636620296 -0.002988018561154603
v -0.00499999849125743 -0.0026592749636620296 -0.002988018561154603
v -0.0048500034026801595 -0.0019998145289719113 -0.0035105408169329153
v -0.0048500034026801595 -0.0026859969366341842 -0.0030180423054844132
v -0.00499999849125743 -0.0026592749636620296 -0.002988018561154603
v -0.0048500034026801595 -0.0026859969366341842 -0.0030180423054844132
v -0.00499999849125743 -0.0032224073074758066 -0.0023698287550359956
v -0.00499999849125743 -0.0032224073074758066 -0.0023698287550359956
v -0.0048500034026801595 -0.0026859969366341842 -0.0030180423054844132
v -0.0048500034026801595 -0.0032547868322581066 -0.0023936410434544078
v -0.00499999849125743 -0.0032224073074758066 -0.0023698287550359956
v -0.0048500034026801595 -0.0032547868322581066 -0.0023936410434544078
v -0.00499999849125743 -0.0036447048187255877 -0.0016480660997331136
v -0.00499999849125743 -0.0036447048187255877 -0.0016480660997331136
v -0.0048500034026801595 -0.0032547868322581066 -0.0023936410434544078
v -0.0048500034026801595 -0.0036813288461416977 -0.0016646258300170296
v -0.00499999849125743 -0.0036447048187255877 -0.0016480660997331136
v -0.0048500034026801595 -0.0036813288461416977 -0.0016646258300170296
v -0.00499999849125743 -0.00390771357342601 -0.000854274723678827
v -0.00499999849125743 -0.00390771357342601 -0.000854274723678827
v -0.0048500034026801595 -0.0036813288461416977 -0.0016646258300170296
v -0.0048500034026801595 -0.003946978598833086 -0.0008628585492260751
v -0.00499999849125743 -0.00390771357342601 -0.000854274723678827
v -0.0048500034026801595 -0.003946978598833086 -0.0008628585492260751
v -0.00499999849125743 -0.00399993220344186 -2.3147953470470377e-05
v -0.00499999849125743 -0.00399993220344186 -2.3147953470470377e-05
v -0.0048500034026801595 -0.003946978598833086 -0.0008628585492260751
v -0.0048500034026801595 -0.004040123894810678 -2.338053491257596e-05
v -0.00499999849125743 -0.00399993220344186 -2.3147953470470377e-05
v -0.0048500034026801595 -0.004040123894810678 -2.338053491257596e-05
v -0.00499999849125743 -0.003917336929589512 0.0008089906768873332
v -0.00499999849125743 -0.003917336929589512 0.0008089906768873332
v -0.0048500034026801595 -0.004040123894810678 -2.338053491257596e-05
v -0.0048500034026801595 -0.003956698812544348 0.0008171195513568815
v -0.00499999849125743 -0.003917336929589512 0.0008089906768873332
v -0.0048500034026801595 -0.003956698812544348 0.0008171195513568815
v -0.00499999849125743 -0.0036635370925068873 0.0016057727625593539
v -0.00499999849125743 -0.0036635370925068873 0.0016057727625593539
v -0.0048500034026801595 -0.003956698812544348 0.0008171195513568815
v -0.0048500034026801595 -0.0037003485485911387 0.0016219078097492452
v -0.00499999849125743 -0.0036635370925068873 0.0016057727625593539
v -0.0048500034026801595 -0.0037003485485911387 0.0016219078097492452
v -0.00499999849125743 -0.003249619156122209 0.002332374453544616
v -0.00499999849125743 -0.003249619156122209 0.002332374453544616
v -0.0048500034026801595 -0.0037003485485911387 0.0016219078097492452
v -0.0048500034026801595 -0.003282273188233377 0.0023558104876428834
v -0.00499999849125743 -0.003249619156122209 0.002332374453544616
v -0.0048500034026801595 -0.003282273188233377 0.0023558104876428834
v -0.00499999849125743 -0.0026936791837215437 0.0029570404440164557
v -0.00499999849125743 -0.0026936791837215437 0.0029570404440164557
v -0.0048500034026801595 -0.003282273188233377 0.0023558104876428834
v -0.0048500034026801595 -0.0027207462117075933 0.0029867531266063443
v -0.00499999849125743 -0.0026936791837215437 0.0029570404440164557
v -0.0048500034026801595 -0.0027207462117075933 0.0029867531266063443
v -0.00499999849125743 -0.002020012820139528 0.003452469594776629
v -0.00499999849125743 -0.002020012820139528 0.003452469594776629
v -0.0048500034026801595 -0.0027207462117075933 0.0029867531266063443
v -0.0048500034026801595 -0.00204031146131456 0.0034871606621891247
v -0.00499999849125743 -0.002020012820139528 0.003452469594776629
v -0.0048500034026801595 -0.00204031146131456 0.0034871606621891247
v -0.00499999849125743 -0.0012580635957419879 0.003797009354457258
v -0.00499999849125743 -0.0012580635957419879 0.003797009354457258
v -0.0048500034026801595 -0.00204031146131456 0.0034871606621891247
v -0.0048500034026801595 -0.001270703622139991 0.0038351619150489556
v -0.00499999849125743 -0.0012580635957419879 0.003797009354457258
v -0.0048500034026801595 -0.001270703622139991 0.0038351619150489556
v -0.00499999849125743 -0.00044112809700891397 0.003975601401180027
v -0.00499999849125743 -0.00044112809700891397 0.003975601401180027
v -0.0048500034026801595 -0.001270703622139991 0.0038351619150489556
v -0.0048500034026801595 -0.000445559940999374 0.004015548620373009
v -0.00499999849125743 -0.00044112809700891397 0.003975601401180027
v -0.0048500034026801595 -0.000445559940999374 0.004015548620373009
v -0.00499999849125743 0.0003950875252485277 0.003980440553277729
v -0.00499999849125743 0.0003950875252485277 0.003980440553277729
v -0.0048500034026801595 -0.000445559940999374 0.004015548620373009
v -0.0048500034026801595 0.00039905737503431754 0.004020436201244591
v 0.004449997562915088 0.00039905737503431754 0.004020436201244591
v 0.004600000102072955 0.0003950875252485277 0.003980440553277729
v 0.004449997562915088 0.0012262304080650217 0.0038496120832860457
v 0.004449997562915088 0.0012262304080650217 0.0038496120832860457
v 0.004600000102072955 0.0003950875252485277 0.003980440553277729
v 0.004600000102072955 0.0012140322942286734 0.0038113154005259262
v 0.004449997562915088 0.0012262304080650217 0.0038496120832860457
v 0.004600000102072955 0.0012140322942286734 0.0038113154005259262
v 0.004449997562915088 0.0019998142961412677 0.0035105408169329153
v 0.004449997562915088 0.0019998142961412677 0.0035105408169329153
v 0.004600000102072955 0.0012140322942286734 0.0038113154005259262
v 0.004600000102072955 0.0019799210131168374 0.003475617384538053
v 0.004449997562915088 0.0019998142961412677 0.0035105408169329153
v 0.004600000102072955 0.0019799210131168374 0.003475617384538053
v 0.004449997562915088 0.0026859969366341842 0.0030180423054844132
v 0.004449997562915088 0.0026859969366341842 0.0030180423054844132
v 0.004600000102072955 0.0019799210131168374 0.003475617384538053
v 0.004600000102072955 0.0026592749636620296 0.002988018561154603
v 0.004449997562915088 0.0026859969366341842 0.0030180423054844132
v 0.004600000102072955 0.0026592749636620296 0.002988018561154603
v 0.004449997562915088 0.0032547868322581066 0.0023936410434544078
v 0.004449997562915088 0.0032547868322581066 0.0023936410434544078
v 0.004600000102072955 0.0026592749636620296 0.002988018561154603
v 0.004600000102072955 0.003222407074645163 0.0023698287550359956
v 0.004449997562915088 0.0032547868322581066 0.0023936410434544078
v 0.004600000102072955 0.003222407074645163 0.0023698287550359956
v 0.004449997562915088 0.003681328613311054 0.0016646258300170296
v 0.004449997562915088 0.003681328613311054 0.0016646258300170296
v 0.004600000102072955 0.003222407074645163 0.0023698287550359956
v 0.004600000102072955 0.0036447048187255877 0.0016480659833177918
v 0.004449997562915088 0.003681328613311054 0.0016646258300170296
v 0.004600000102072955 0.0036447048187255877 0.0016480659833177918
v 0.004449997562915088 0.003946978598833086 0.000862858607433736
v 0.004449997562915088 0.003946978598833086 0.000862858607433736
v 0.004600000102072955 0.0036447048187255877 0.0016480659833177918
v 0.004600000102072955 0.00390771357342601 0.0008542747818864879
v 0.004449997562915088 0.003946978598833086 0.000862858607433736
v 0.004600000102072955 0.00390771357342601 0.0008542747818864879
v 0.004449997562915088 0.004040123894810678 2.3380562197417014e-05
v 0.004449997562915088 0.004040123894810678 2.3380562197417014e-05
v 0.004600000102072955 0.00390771357342601 0.0008542747818864879
v 0.004600000102072955 0.00399993220344186 2.3147988031269044e-05
v 0.004449997562915088 0.004040123894810678 2.3380562197417014e-05
v 0.004600000102072955 0.00399993220344186 2.3147988031269044e-05
v 0.004449997562915088 0.00395669834688306 -0.0008171194931492206
v 0.004449997562915088 0.00395669834688306 -0.0008171194931492206
v 0.004600000102072955 0.00399993220344186 2.3147988031269044e-05
v 0.004600000102072955 0.003917336463928224 -0.0008089906768873332
v 0.004449997562915088 0.00395669834688306 -0.0008171194931492206
v 0.004600000102072955 0.003917336463928224 -0.0008089906768873332
v 0.004449997562915088 0.0037003485485911387 -0.0016219076933339234
v 0.004449997562915088 0.0037003485485911387 -0.0016219076933339234
v 0.004600000102072955 0.003917336463928224 -0.0008089906768873332
v 0.004600000102072955 0.0036635368596762436 -0.0016057727625593539
v 0.004449997562915088 0.0037003485485911387 -0.0016219076933339234
v 0.004600000102072955 0.0036635368596762436 -0.0016057727625593539
v 0.004449997562915088 0.003282272955402733 -0.0023558104876428834
v 0.004449997562915088 0.003282272955402733 -0.0023558104876428834
v 0.004600000102072955 0.0036635368596762436 -0.0016057727625593539
v 0.004600000102072955 0.0032496189232915653 -0.0023323746863752595
v 0.004449997562915088 0.003282272955402733 -0.0023558104876428834
v 0.004600000102072955 0.0032496189232915653 -0.0023323746863752595
v 0.004449997562915088 0.0027207459788769497 -0.0029867531266063443
v 0.004449997562915088 0.0027207459788769497 -0.0029867531266063443
v 0.004600000102072955 0.0032496189232915653 -0.0023323746863752595
v 0.004600000102072955 0.0026936791837215437 -0.0029570404440164557
v 0.004449997562915088 0.0027207459788769497 -0.0029867531266063443
v 0.004600000102072955 0.0026936791837215437 -0.0029570404440164557
v 0.004449997562915088 0.002040311228483916 -0.0034871606621891247
v 0.004449997562915088 0.002040311228483916 -0.0034871606621891247
v 0.004600000102072955 0.0026936791837215437 -0.0029570404440164557
v 0.004600000102072955 0.0020200125873088845 -0.003452469594776629
v 0.004449997562915088 0.002040311228483916 -0.0034871606621891247
v 0.004600000102072955 0.0020200125873088845 -0.003452469594776629
v 0.004449997562915088 0.0012707033893093473 -0.0038351619150489556
v 0.004449997562915088 0.0012707033893093473 -0.0038351619150489556
v 0.004600000102072955 0.0020200125873088845 -0.003452469594776629
v 0.004600000102072955 0.001258063479326666 -0.0037970095872879015
v 0.004449997562915088 0.0012707033893093473 -0.0038351619150489556
v 0.004600000102072955 0.001258063479326666 -0.0037970095872879015
v 0.004449997562915088 0.0004455597954802217 -0.004015548620373009
v 0.004449997562915088 0.0004455597954802217 -0.004015548620373009
v 0.004600000102072955 0.001258063479326666 -0.0037970095872879015
v 0.004600000102072955 0.00044112792238593123 -0.003975601401180027
v 0.004449997562915088 0.0004455597954802217 -0.004015548620373009
v 0.004600000102072955 0.00044112792238593123 -0.003975601401180027
v 0.004449997562915088 -0.00039905388257466273 -0.004020436666905878
v 0.004449997562915088 -0.00039905388257466273 -0.004020436666905878
v 0.004600000102072955 0.00044112792238593123 -0.003975601401180027
v 0.004600000102072955 -0.0003950840327888729 -0.0039804410189390165
v 0.004449997562915088 -0.00039905388257466273 -0.004020436666905878
v 0.004600000102072955 -0.0003950840327888729 -0.0039804410189390165
v 0.004449997562915088 -0.0012262305244803435 -0.003849611850455402
v 0.004449997562915088 -0.0012262305244803435 -0.003849611850455402
v 0.004600000102072955 -0.0003950840327888729 -0.0039804410189390165
v 0.004600000102072955 -0.001214032527059317 -0.0038113154005259262
v 0.004449997562915088 -0.0012262305244803435 -0.003849611850455402
v 0.004600000102072955 -0.001214032527059317 -0.0038113154005259262
v 0.004449997562915088 -0.0019998145289719113 -0.0035105408169329153
v 0.004449997562915088 -0.0019998145289719113 -0.0035105408169329153
v 0.004600000102072955 -0.001214032527059317 -0.0038113154005259262
v 0.004600000102072955 -0.001979921245947481 -0.003475617617368697
v 0.004449997562915088 -0.0019998145289719113 -0.0035105408169329153
v 0.004600000102072955 -0.001979921245947481 -0.003475617617368697
v 0.004449997562915088 -0.0026859969366341842 -0.0030180423054844132
v 0.004449997562915088 -0.0026859969366341842 -0.0030180423054844132
v 0.004600000102072955 -0.001979921245947481 -0.003475617617368697
v 0.004600000102072955 -0.0026592749636620296 -0.002988018561154603
v 0.004449997562915088 -0.0026859969366341842 -0.0030180423054844132
v 0.004600000102072955 -0.0026592749636620296 -0.002988018561154603
v 0.004449997562915088 -0.0032547868322581066 -0.0023936410434544078
v 0.004449997562915088 -0.0032547868322581066 -0.0023936410434544078
v 0.004600000102072955 -0.0026592749636620296 -0.002988018561154603
v 0.004600000102072955 -0.0032224073074758066 -0.0023698287550359956
v 0.004449997562915088 -0.0032547868322581066 -0.0023936410434544078
v 0.004600000102072955 -0.0032224073074758066 -0.0023698287550359956
v 0.004449997562915088 -0.0036813288461416977 -0.0016646258300170296
v 0.004449997562915088 -0.0036813288461416977 -0.0016646258300170296
v 0.004600000102072955 -0.0032224073074758066 -0.0023698287550359956
v 0.004600000102072955 -0.0036447048187255877 -0.0016480660997331136
v 0.004449997562915088 -0.0036813288461416977 -0.0016646258300170296
v 0.004600000102072955 -0.0036447048187255877 -0.0016480660997331136
v 0.004449997562915088 -0.003946978598833086 -0.0008628585492260751
v 0.004449997562915088 -0.003946978598833086 -0.0008628585492260751
v 0.004600000102072955 -0.0036447048187255877 -0.0016480660997331136
v 0.004600000102072955 -0.00390771357342601 -0.000854274723678827
v 0.004449997562915088 -0.003946978598833086 -0.0008628585492260751
v 0.004600000102072955 -0.00390771357342601 -0.000854274723678827
v 0.004449997562915088 -0.004040123894810678 -2.338053491257596e-05
v 0.004449997562915088 -0.004040123894810678 -2.338053491257596e-05
v 0.004600000102072955 -0.00390771357342601 -0.000854274723678827
v 0.004600000102072955 -0.00399993220344186 -2.3147953470470377e-05
v 0.004449997562915088 -0.004040123894810678 -2.338053491257596e-05
v 0.004600000102072955 -0.00399993220344186 -2.3147953470470377e-05
v 0.004449997562915088 -0.003956698812544348 0.0008171195513568815
v 0.004449997562915088 -0.003956698812544348 0.0008171195513568815
v 0.004600000102072955 -0.00399993220344186 -2.3147953470470377e-05
v 0.004600000102072955 -0.003917336929589512 0.0008089906768873332
v 0.004449997562915088 -0.003956698812544348 0.0008171195513568815
v 0.004600000102072955 -0.003917336929589512 0.0008089906768873332
v 0.004449997562915088 -0.0037003485485911387 0.0016219078097492452
v 0.004449997562915088 -0.0037003485485911387 0.0016219078097492452
v 0.004600000102072955 -0.003917336929589512 0.0008089906768873332
v 0.004600000102072955 -0.0036635370925068873 0.0016057727625593539
v 0.004449997562915088 -0.0037003485485911387 0.0016219078097492452
v 0.004600000102072955 -0.0036635370925068873 0.0016057727625593539
v 0.004449997562915088 -0.003282273188233377 0.0023558104876428834
v 0.004449997562915088 -0.003282273188233377 0.0023558104876428834
v 0.004600000102072955 -0.0036635370925068873 0.0016057727625593539
v 0.004600000102072955 -0.003249619156122209 0.002332374453544616
v 0.004449997562915088 -0.003282273188233377 0.0023558104876428834
v 0.004600000102072955 -0.003249619156122209 0.002332374453544616
v 0.004449997562915088 -0.0027207462117075933 0.0029867531266063443
v 0.004449997562915088 -0.0027207462117075933 0.0029867531266063443
v 0.004600000102072955 -0.003249619156122209 0.002332374453544616
v 0.004600000102072955 -0.0026936791837215437 0.0029570404440164557
v 0.004449997562915088 -0.0027207462117075933 0.0029867531266063443
v 0.004600000102072955 -0.0026936791837215437 0.0029570404440164557
v 0.004449997562915088 -0.00204031146131456 0.0034871606621891247
v 0.004449997562915088 -0.00204031146131456 0.0034871606621891247
v 0.004600000102072955 -0.0026936791837215437 0.0029570404440164557
v 0.004600000102072955 -0.002020012820139528 0.003452469594776629
v 0.004449997562915088 -0.00204031146131456 0.0034871606621891247
v 0.004600000102072955 -0.002020012820139528 0.003452469594776629
v 0.004449997562915088 -0.001270703622139991 0.0038351619150489556
v 0.004449997562915088 -0.001270703622139991 0.0038351619150489556
v 0.004600000102072955 -0.002020012820139528 0.003452469594776629
v 0.004600000102072955 -0.0012580635957419879 0.003797009354457258
v 0.004449997562915088 -0.001270703622139991 0.0038351619150489556
v 0.004600000102072955 -0.0012580635957419879 0.003797009354457258
v 0.004449997562915088 -0.000445559940999374 0.004015548620373009
v 0.004449997562915088 -0.000445559940999374 0.004015548620373009
v 0.004600000102072955 -0.0012580635957419879 0.003797009354457258
v 0.004600000102072955 -0.00044112809700891397 0.003975601401180027
v 0.004449997562915088 -0.000445559940999374 0.004015548620373009
v 0.004600000102072955 -0.00044112809700891397 0.003975601401180027
v 0.004449997562915088 0.00039905737503431754 0.004020436201244591
v 0.004449997562915088 0.00039905737503431754 0.004020436201244591
v 0.004600000102072955 -0.00044112809700891397 0.003975601401180027
v 0.004600000102072955 0.0003950875252485277 0.003980440553277729
v 0.004340190906077624 0.0004099032375961544 0.004129706881940363
v 0.004449997562915088 0.00039905737503431754 0.004020436201244591
v 0.004340190906077624 0.0012595598818734295 0.003954239655286072
v 0.004340190906077624 0.0012595598818734295 0.003954239655286072
v 0.004449997562915088 0.00039905737503431754 0.004020436201244591
v 0.004449997562915088 0.0012262304080650217 0.0038496120832860457
v 0.004340190906077624 0.0012595598818734295 0.003954239655286072
v 0.004449997562915088 0.0012262304080650217 0.0038496120832860457
v 0.004340190906077624 0.0020541667472571143 0.003605953417718409
v 0.004340190906077624 0.0020541667472571143 0.003605953417718409
v 0.004449997562915088 0.0012262304080650217 0.0038496120832860457
v 0.004449997562915088 0.0019998142961412677 0.0035105408169329153
v 0.004340190906077624 0.0020541667472571143 0.003605953417718409
v 0.004449997562915088 0.0019998142961412677 0.0035105408169329153
v 0.004340190906077624 0.002758996328338982 0.0031000692397356025
v 0.004340190906077624 0.002758996328338982 0.0031000692397356025
v 0.004449997562915088 0.0019998142961412677 0.0035105408169329153
v 0.004449997562915088 0.0026859969366341842 0.0030180423054844132
v 0.004340190906077624 0.002758996328338982 0.0031000692397356025
v 0.004449997562915088 0.0026859969366341842 0.0030180423054844132
v 0.004340190906077624 0.003343247575685383 0.00245869718492031
v 0.004340190906077624 0.003343247575685383 0.00245869718492031
v 0.004449997562915088 0.0026859969366341842 0.0030180423054844132
v 0.004449997562915088 0.0032547868322581066 0.0023936410434544078
v 0.004340190906077624 0.003343247575685383 0.00245869718492031
v 0.004449997562915088 0.0032547868322581066 0.0023936410434544078
v 0.004340190906077624 0.003781381994485857 0.001709868432953953
v 0.004340190906077624 0.003781381994485857 0.001709868432953953
v 0.004449997562915088 0.0032547868322581066 0.0023936410434544078
v 0.004449997562915088 0.003681328613311054 0.0016646258300170296
v 0.004340190906077624 0.003781381994485857 0.001709868432953953
v 0.004449997562915088 0.003681328613311054 0.0016646258300170296
v 0.004340190906077624 0.004054250195622446 0.0008863102993927893
v 0.004340190906077624 0.004054250195622446 0.0008863102993927893
v 0.004449997562915088 0.003681328613311054 0.0016646258300170296
v 0.004449997562915088 0.003946978598833086 0.000862858607433736
v 0.004340190906077624 0.004054250195622446 0.0008863102993927893
v 0.004449997562915088 0.003946978598833086 0.000862858607433736
v 0.004340190906077624 0.004149930551648142 2.401593883405439e-05
v 0.004340190906077624 0.004149930551648142 2.401593883405439e-05
v 0.004449997562915088 0.003946978598833086 0.000862858607433736
v 0.004449997562915088 0.004040123894810678 2.3380562197417014e-05
v 0.004340190906077624 0.004149930551648142 2.401593883405439e-05
v 0.004449997562915088 0.004040123894810678 2.3380562197417014e-05
v 0.004340190906077624 0.004064237698912622 -0.0008393279276788231
v 0.004340190906077624 0.004064237698912622 -0.0008393279276788231
v 0.004449997562915088 0.004040123894810678 2.3380562197417014e-05
v 0.004449997562915088 0.00395669834688306 -0.0008171194931492206
v 0.004340190906077624 0.004064237698912622 -0.0008393279276788231
v 0.004449997562915088 0.00395669834688306 -0.0008171194931492206
v 0.004340190906077624 0.003800917416810991 -0.001665989053435623
v 0.004340190906077624 0.003800917416810991 -0.001665989053435623
v 0.004449997562915088 0.00395669834688306 -0.0008171194931492206
v 0.004449997562915088 0.0037003485485911387 -0.0016219076933339234
v 0.004340190906077624 0.003800917416810991 -0.001665989053435623
v 0.004449997562915088 0.0037003485485911387 -0.0016219076933339234
v 0.004340190906077624 0.0033714803867042078 -0.002419838681817054
v 0.004340190906077624 0.0033714803867042078 -0.002419838681817054
v 0.004449997562915088 0.0037003485485911387 -0.0016219076933339234
v 0.004449997562915088 0.003282272955402733 -0.0023558104876428834
v 0.004340190906077624 0.0033714803867042078 -0.002419838681817054
v 0.004449997562915088 0.003282272955402733 -0.0023558104876428834
v 0.004340190906077624 0.0027946922928094877 -0.003067929530516266
v 0.004340190906077624 0.0027946922928094877 -0.003067929530516266
v 0.004449997562915088 0.003282272955402733 -0.0023558104876428834
v 0.004449997562915088 0.0027207459788769497 -0.0029867531266063443
v 0.004340190906077624 0.0027946922928094877 -0.003067929530516266
v 0.004449997562915088 0.0027207459788769497 -0.0029867531266063443
v 0.004340190906077624 0.002095761941745878 -0.0035819369368255125
v 0.004340190906077624 0.002095761941745878 -0.0035819369368255125
v 0.004449997562915088 0.0027207459788769497 -0.0029867531266063443
v 0.004449997562915088 0.002040311228483916 -0.0034871606621891247
v 0.004340190906077624 0.002095761941745878 -0.0035819369368255125
v 0.004449997562915088 0.002040311228483916 -0.0034871606621891247
v 0.004340190906077624 0.0013052393915131695 -0.003939397167414425
v 0.004340190906077624 0.0013052393915131695 -0.003939397167414425
v 0.004449997562915088 0.002040311228483916 -0.0034871606621891247
v 0.004449997562915088 0.0012707033893093473 -0.0038351619150489556
v 0.004340190906077624 0.0013052393915131695 -0.003939397167414425
v 0.004449997562915088 0.0012707033893093473 -0.0038351619150489556
v 0.004340190906077624 0.0004576715873554351 -0.004124686587601898
v 0.004340190906077624 0.0004576715873554351 -0.004124686587601898
v 0.004449997562915088 0.0012707033893093473 -0.0038351619150489556
v 0.004449997562915088 0.0004455597954802217 -0.004015548620373009
v 0.004340190906077624 0.0004576715873554351 -0.004124686587601898
v 0.004449997562915088 0.0004455597954802217 -0.004015548620373009
v 0.004340190906077624 -0.0004098997160326691 -0.00412970734760165
v 0.004340190906077624 -0.0004098997160326691 -0.00412970734760165
v 0.004449997562915088 0.0004455597954802217 -0.004015548620373009
v 0.004449997562915088 -0.00039905388257466273 -0.004020436666905878
v 0.004340190906077624 -0.0004098997160326691 -0.00412970734760165
v 0.004449997562915088 -0.00039905388257466273 -0.004020436666905878
v 0.004340190906077624 -0.0012595601147040731 -0.003954239655286072
v 0.004340190906077624 -0.0012595601147040731 -0.003954239655286072
v 0.004449997562915088 -0.00039905388257466273 -0.004020436666905878
v 0.004449997562915088 -0.0012262305244803435 -0.003849611850455402
v 0.004340190906077624 -0.0012595601147040731 -0.003954239655286072
v 0.004449997562915088 -0.0012262305244803435 -0.003849611850455402
v 0.004340190906077624 -0.0020541667472571143 -0.003605952952057122
v 0.004340190906077624 -0.0020541667472571143 -0.003605952952057122
v 0.004449997562915088 -0.0012262305244803435 -0.003849611850455402
v 0.004449997562915088 -0.0019998145289719113 -0.0035105408169329153
v 0.004340190906077624 -0.0020541667472571143 -0.003605952952057122
v 0.004449997562915088 -0.0019998145289719113 -0.0035105408169329153
v 0.004340190906077624 -0.0027589965611696256 -0.0031000692397356025
v 0.004340190906077624 -0.0027589965611696256 -0.0031000692397356025
v 0.004449997562915088 -0.0019998145289719113 -0.0035105408169329153
v 0.004449997562915088 -0.0026859969366341842 -0.0030180423054844132
v 0.004340190906077624 -0.0027589965611696256 -0.0031000692397356025
v 0.004449997562915088 -0.0026859969366341842 -0.0030180423054844132
v 0.004340190906077624 -0.003343247575685383 -0.00245869718492031
v 0.004340190906077624 -0.003343247575685383 -0.00245869718492031
v 0.004449997562915088 -0.0026859969366341842 -0.0030180423054844132
v 0.004449997562915088 -0.0032547868322581066 -0.0023936410434544078
v 0.004340190906077624 -0.003343247575685383 -0.00245869718492031
v 0.004449997562915088 -0.0032547868322581066 -0.0023936410434544078
v 0.004340190906077624 -0.0037813822273165005 -0.001709868432953953
v 0.004340190906077624 -0.0037813822273165005 -0.001709868432953953
v 0.004449997562915088 -0.0032547868322581066 -0.0023936410434544078
v 0.004449997562915088 -0.0036813288461416977 -0.0016646258300170296
v 0.004340190906077624 -0.0037813822273165005 -0.001709868432953953
v 0.004449997562915088 -0.0036813288461416977 -0.0016646258300170296
v 0.004340190906077624 -0.004054250661283733 -0.0008863102411851284
v 0.004340190906077624 -0.004054250661283733 -0.0008863102411851284
v 0.004449997562915088 -0.0036813288461416977 -0.0016646258300170296
v 0.004449997562915088 -0.003946978598833086 -0.0008628585492260751
v 0.004340190906077624 -0.004054250661283733 -0.0008863102411851284
v 0.004449997562915088 -0.003946978598833086 -0.0008628585492260751
v 0.004340190906077624 -0.004149930551648142 -2.4015915187192143e-05
v 0.004340190906077624 -0.004149930551648142 -2.4015915187192143e-05
v 0.004449997562915088 -0.003946978598833086 -0.0008628585492260751
v 0.004449997562915088 -0.004040123894810678 -2.338053491257596e-05
v 0.004340190906077624 -0.004149930551648142 -2.4015915187192143e-05
v 0.004449997562915088 -0.004040123894810678 -2.338053491257596e-05
v 0.004340190906077624 -0.004064237698912622 0.0008393279276788231
v 0.004340190906077624 -0.004064237698912622 0.0008393279276788231
v 0.004449997562915088 -0.004040123894810678 -2.338053491257596e-05
v 0.004449997562915088 -0.003956698812544348 0.0008171195513568815
v 0.004340190906077624 -0.004064237698912622 0.0008393279276788231
v 0.004449997562915088 -0.003956698812544348 0.0008171195513568815
v 0.004340190906077624 -0.003800917416810991 0.001665989053435623
v 0.004340190906077624 -0.003800917416810991 0.001665989053435623
v 0.004449997562915088 -0.003956698812544348 0.0008171195513568815
v 0.004449997562915088 -0.0037003485485911387 0.0016219078097492452
v 0.004340190906077624 -0.003800917416810991 0.001665989053435623
v 0.004449997562915088 -0.0037003485485911387 0.0016219078097492452
v 0.004340190906077624 -0.0033714806195348514 0.002419838681817054
v 0.004340190906077624 -0.0033714806195348514 0.002419838681817054
v 0.004449997562915088 -0.0037003485485911387 0.0016219078097492452
v 0.004449997562915088 -0.003282273188233377 0.0023558104876428834
v 0.004340190906077624 -0.0033714806195348514 0.002419838681817054
v 0.004449997562915088 -0.003282273188233377 0.0023558104876428834
v 0.004340190906077624 -0.0027946922928094877 0.003067929530516266
v 0.004340190906077624 -0.0027946922928094877 0.003067929530516266
v 0.004449997562915088 -0.003282273188233377 0.0023558104876428834
v 0.004449997562915088 -0.0027207462117075933 0.0029867531266063443
v 0.004340190906077624 -0.0027946922928094877 0.003067929530516266
v 0.004449997562915088 -0.0027207462117075933 0.0029867531266063443
v 0.004340190906077624 -0.002095761941745878 0.0035819369368255125
v 0.004340190906077624 -0.002095761941745878 0.0035819369368255125
v 0.004449997562915088 -0.0027207462117075933 0.0029867531266063443
v 0.004449997562915088 -0.00204031146131456 0.0034871606621891247
v 0.004340190906077624 -0.002095761941745878 0.0035819369368255125
v 0.004449997562915088 -0.00204031146131456 0.0034871606621891247
v 0.004340190906077624 -0.0013052395079284913 0.003939397167414425
v 0.004340190906077624 -0.0013052395079284913 0.003939397167414425
v 0.004449997562915088 -0.00204031146131456 0.0034871606621891247
v 0.004449997562915088 -0.001270703622139991 0.0038351619150489556
v 0.004340190906077624 -0.0013052395079284913 0.003939397167414425
v 0.004449997562915088 -0.001270703622139991 0.0038351619150489556
v 0.004340190906077624 -0.00045767176197841785 0.004124686587601898
v 0.004340190906077624 -0.00045767176197841785 0.004124686587601898
v 0.004449997562915088 -0.001270703622139991 0.0038351619150489556
v 0.004449997562915088 -0.000445559940999374 0.004015548620373009
v 0.004340190906077624 -0.00045767176197841785 0.004124686587601898
v 0.004449997562915088 -0.000445559940999374 0.004015548620373009
v 0.004340190906077624 0.0004099032375961544 0.004129706881940363
v 0.004340190906077624 0.0004099032375961544 0.004129706881940363
v 0.004449997562915088 -0.000445559940999374 0.004015548620373009
v 0.004449997562915088 0.00039905737503431754 0.004020436201244591
v 0.004300002474337817 0.0004247189790476115 0.004278973676264284
v 0.004340190906077624 0.0004099032375961544 0.004129706881940363
v 0.004300002474337817 0.0013050837442278869 0.004097164142876862
v 0.004300002474337817 0.0013050837442278869 0.004097164142876862
v 0.004340190906077624 0.0004099032375961544 0.004129706881940363
v 0.004340190906077624 0.0012595598818734295 0.003954239655286072
v 0.004300002474337817 0.0013050837442278869 0.004097164142876862
v 0.004340190906077624 0.0012595598818734295 0.003954239655286072
v 0.004300002474337817 0.0021284122485667476 0.003736288985237478
v 0.004300002474337817 0.0021284122485667476 0.003736288985237478
v 0.004340190906077624 0.0012595598818734295 0.003954239655286072
v 0.004340190906077624 0.0020541667472571143 0.003605953417718409
v 0.004300002474337817 0.0021284122485667476 0.003736288985237478
v 0.004340190906077624 0.0020541667472571143 0.003605953417718409
v 0.004300002474337817 0.0028587216511368765 0.003212119918316602
v 0.004300002474337817 0.0028587216511368765 0.003212119918316602
v 0.004340190906077624 0.0020541667472571143 0.003605953417718409
v 0.004340190906077624 0.002758996328338982 0.0031000692397356025
v 0.004300002474337817 0.0028587216511368765 0.003212119918316602
v 0.004340190906077624 0.002758996328338982 0.0031000692397356025
v 0.004300002474337817 0.0034640878438949602 0.002547566080465912
v 0.004300002474337817 0.0034640878438949602 0.002547566080465912
v 0.004340190906077624 0.002758996328338982 0.0031000692397356025
v 0.004340190906077624 0.003343247575685383 0.00245869718492031
v 0.004300002474337817 0.0034640878438949602 0.002547566080465912
v 0.004340190906077624 0.003343247575685383 0.00245869718492031
v 0.004300002474337817 0.003918059170246126 0.0017716707661747926
v 0.004300002474337817 0.003918059170246126 0.0017716707661747926
v 0.004340190906077624 0.003343247575685383 0.00245869718492031
v 0.004340190906077624 0.003781381994485857 0.001709868432953953
v 0.004300002474337817 0.003918059170246126 0.0017716707661747926
v 0.004340190906077624 0.003781381994485857 0.001709868432953953
v 0.004300002474337817 0.004200791008770468 0.0009183454676531252
v 0.004300002474337817 0.004200791008770468 0.0009183454676531252
v 0.004340190906077624 0.003781381994485857 0.001709868432953953
v 0.004340190906077624 0.004054250195622446 0.0008863102993927893
v 0.004300002474337817 0.004200791008770468 0.0009183454676531252
v 0.004340190906077624 0.004054250195622446 0.0008863102993927893
v 0.004300002474337817 0.004299928899854423 2.4883885998860926e-05
v 0.004300002474337817 0.004299928899854423 2.4883885998860926e-05
v 0.004340190906077624 0.004054250195622446 0.0008863102993927893
v 0.004340190906077624 0.004149930551648142 2.401593883405439e-05
v 0.004300002474337817 0.004299928899854423 2.4883885998860926e-05
v 0.004340190906077624 0.004149930551648142 2.401593883405439e-05
v 0.004300002474337817 0.00421113893389702 -0.0008696651784703132
v 0.004300002474337817 0.00421113893389702 -0.0008696651784703132
v 0.004340190906077624 0.004149930551648142 2.401593883405439e-05
v 0.004340190906077624 0.004064237698912622 -0.0008393279276788231
v 0.004300002474337817 0.00421113893389702 -0.0008696651784703132
v 0.004340190906077624 0.004064237698912622 -0.0008393279276788231
v 0.004300002474337817 0.003938301466405393 -0.0017262056935578578
v 0.004300002474337817 0.003938301466405393 -0.0017262056935578578
v 0.004340190906077624 0.004064237698912622 -0.0008393279276788231
v 0.004340190906077624 0.003800917416810991 -0.001665989053435623
v 0.004300002474337817 0.003938301466405393 -0.0017262056935578578
v 0.004340190906077624 0.003800917416810991 -0.001665989053435623
v 0.004300002474337817 0.0034933420829474943 -0.002507302910089492
v 0.004300002474337817 0.0034933420829474943 -0.002507302910089492
v 0.004340190906077624 0.003800917416810991 -0.001665989053435623
v 0.004340190906077624 0.0033714803867042078 -0.002419838681817054
v 0.004300002474337817 0.0034933420829474943 -0.002507302910089492
v 0.004340190906077624 0.0033714803867042078 -0.002419838681817054
v 0.004300002474337817 0.0028957054018974317 -0.0031788183841854325
v 0.004300002474337817 0.0028957054018974317 -0.0031788183841854325
v 0.004340190906077624 0.0033714803867042078 -0.002419838681817054
v 0.004340190906077624 0.0027946922928094877 -0.003067929530516266
v 0.004300002474337817 0.0028957054018974317 -0.0031788183841854325
v 0.004340190906077624 0.0027946922928094877 -0.003067929530516266
v 0.004300002474337817 0.0021715147886425265 -0.003711404977366327
v 0.004300002474337817 0.0021715147886425265 -0.003711404977366327
v 0.004340190906077624 0.0027946922928094877 -0.003067929530516266
v 0.004340190906077624 0.002095761941745878 -0.0035819369368255125
v 0.004300002474337817 0.0021715147886425265 -0.003711404977366327
v 0.004340190906077624 0.002095761941745878 -0.0035819369368255125
v 0.004300002474337817 0.0013524153036996729 -0.004081784747540949
v 0.004300002474337817 0.0013524153036996729 -0.004081784747540949
v 0.004340190906077624 0.002095761941745878 -0.0035819369368255125
v 0.004340190906077624 0.0013052393915131695 -0.003939397167414425
v 0.004300002474337817 0.0013524153036996729 -0.004081784747540949
v 0.004340190906077624 0.0013052393915131695 -0.003939397167414425
v 0.004300002474337817 0.00047421152703464053 -0.004273771308362482
v 0.004300002474337817 0.00047421152703464053 -0.004273771308362482
v 0.004340190906077624 0.0013052393915131695 -0.003939397167414425
v 0.004340190906077624 0.0004576715873554351 -0.004124686587601898
v 0.004300002474337817 0.00047421152703464053 -0.004273771308362482
v 0.004340190906077624 0.0004576715873554351 -0.004124686587601898
v 0.004300002474337817 -0.00042471545748412625 -0.004278974141925572
v 0.004300002474337817 -0.00042471545748412625 -0.004278974141925572
v 0.004340190906077624 0.0004576715873554351 -0.004124686587601898
v 0.004340190906077624 -0.0004098997160326691 -0.00412970734760165
v 0.004300002474337817 -0.00042471545748412625 -0.004278974141925572
v 0.004340190906077624 -0.0004098997160326691 -0.00412970734760165
v 0.004300002474337817 -0.0013050839770585305 -0.004097164142876862
v 0.004300002474337817 -0.0013050839770585305 -0.004097164142876862
v 0.004340190906077624 -0.0004098997160326691 -0.00412970734760165
v 0.004340190906077624 -0.0012595601147040731 -0.003954239655286072
v 0.004300002474337817 -0.0013050839770585305 -0.004097164142876862
v 0.004340190906077624 -0.0012595601147040731 -0.003954239655286072
v 0.004300002474337817 -0.0021284124813973912 -0.003736288985237478
v 0.004300002474337817 -0.0021284124813973912 -0.003736288985237478
v 0.004340190906077624 -0.0012595601147040731 -0.003954239655286072
v 0.004340190906077624 -0.0020541667472571143 -0.003605952952057122
v 0.004300002474337817 -0.0021284124813973912 -0.003736288985237478
v 0.004340190906077624 -0.0020541667472571143 -0.003605952952057122
v 0.004300002474337817 -0.0028587216511368765 -0.003212119918316602
v 0.004300002474337817 -0.0028587216511368765 -0.003212119918316602
v 0.004340190906077624 -0.0020541667472571143 -0.003605952952057122
v 0.004340190906077624 -0.0027589965611696256 -0.0031000692397356025
v 0.004300002474337817 -0.0028587216511368765 -0.003212119918316602
v 0.004340190906077624 -0.0027589965611696256 -0.0031000692397356025
v 0.004300002474337817 -0.003464088076725604 -0.0025475658476352683
v 0.004300002474337817 -0.003464088076725604 -0.0025475658476352683
v 0.004340190906077624 -0.0027589965611696256 -0.0031000692397356025
v 0.004340190906077624 -0.003343247575685383 -0.00245869718492031
v 0.004300002474337817 -0.003464088076725604 -0.0025475658476352683
v 0.004340190906077624 -0.003343247575685383 -0.00245869718492031
v 0.004300002474337817 -0.003918059635907413 -0.0017716708825901144
v 0.004300002474337817 -0.003918059635907413 -0.0017716708825901144
v 0.004340190906077624 -0.003343247575685383 -0.00245869718492031
v 0.004340190906077624 -0.0037813822273165005 -0.001709868432953953
v 0.004300002474337817 -0.003918059635907413 -0.0017716708825901144
v 0.004340190906077624 -0.0037813822273165005 -0.001709868432953953
v 0.004300002474337817 -0.004200791474431755 -0.0009183454676531252
v 0.004300002474337817 -0.004200791474431755 -0.0009183454676531252
v 0.004340190906077624 -0.0037813822273165005 -0.001709868432953953
v 0.004340190906077624 -0.004054250661283733 -0.0008863102411851284
v 0.004300002474337817 -0.004200791474431755 -0.0009183454676531252
v 0.004340190906077624 -0.004054250661283733 -0.0008863102411851284
v 0.004300002474337817 -0.004299928899854423 -2.488387690391391e-05
v 0.004300002474337817 -0.004299928899854423 -2.488387690391391e-05
v 0.004340190906077624 -0.004054250661283733 -0.0008863102411851284
v 0.004340190906077624 -0.004149930551648142 -2.4015915187192143e-05
v 0.004300002474337817 -0.004299928899854423 -2.488387690391391e-05
v 0.004340190906077624 -0.004149930551648142 -2.4015915187192143e-05
v 0.004300002474337817 -0.00421113893389702 0.0008696651784703132
v 0.004300002474337817 -0.00421113893389702 0.0008696651784703132
v 0.004340190906077624 -0.004149930551648142 -2.4015915187192143e-05
v 0.004340190906077624 -0.004064237698912622 0.0008393279276788231
v 0.004300002474337817 -0.00421113893389702 0.0008696651784703132
v 0.004340190906077624 -0.004064237698912622 0.0008393279276788231
v 0.004300002474337817 -0.003938301466405393 0.0017262056935578578
v 0.004300002474337817 -0.003938301466405393 0.0017262056935578578
v 0.004340190906077624 -0.004064237698912622 0.0008393279276788231
v 0.004340190906077624 -0.003800917416810991 0.001665989053435623
v 0.004300002474337817 -0.003938301466405393 0.0017262056935578578
v 0.004340190906077624 -0.003800917416810991 0.001665989053435623
v 0.004300002474337817 -0.0034933420829474943 0.0025073026772588483
v 0.004300002474337817 -0.0034933420829474943 0.0025073026772588483
v 0.004340190906077624 -0.003800917416810991 0.001665989053435623
v 0.004340190906077624 -0.0033714806195348514 0.002419838681817054
v 0.004300002474337817 -0.0034933420829474943 0.0025073026772588483
v 0.004340190906077624 -0.0033714806195348514 0.002419838681817054
v 0.004300002474337817 -0.0028957054018974317 0.003178818617016076
v 0.004300002474337817 -0.0028957054018974317 0.003178818617016076
v 0.004340190906077624 -0.0033714806195348514 0.002419838681817054
v 0.004340190906077624 -0.0027946922928094877 0.003067929530516266
v 0.004300002474337817 -0.0028957054018974317 0.003178818617016076
v 0.004340190906077624 -0.0027946922928094877 0.003067929530516266
v 0.004300002474337817 -0.0021715147886425265 0.003711404977366327
v 0.004300002474337817 -0.0021715147886425265 0.003711404977366327
v 0.004340190906077624 -0.0027946922928094877 0.003067929530516266
v 0.004340190906077624 -0.002095761941745878 0.0035819369368255125
v 0.004300002474337817 -0.0021715147886425265 0.003711404977366327
v 0.004340190906077624 -0.002095761941745878 0.0035819369368255125
v 0.004300002474337817 -0.0013524155365303165 0.004081784747540949
v 0.004300002474337817 -0.0013524155365303165 0.004081784747540949
v 0.004340190906077624 -0.002095761941745878 0.0035819369368255125
v 0.004340190906077624 -0.0013052395079284913 0.003939397167414425
v 0.004300002474337817 -0.0013524155365303165 0.004081784747540949
v 0.004340190906077624 -0.0013052395079284913 0.003939397167414425
v 0.004300002474337817 -0.0004742117307614537 0.004273771308362482
v 0.004300002474337817 -0.0004742117307614537 0.004273771308362482
v 0.004340190906077624 -0.0013052395079284913 0.003939397167414425
v 0.004340190906077624 -0.00045767176197841785 0.004124686587601898
v 0.004300002474337817 -0.0004742117307614537 0.004273771308362482
v 0.004340190906077624 -0.00045767176197841785 0.004124686587601898
v 0.004300002474337817 0.0004247189790476115 0.004278973676264284
v 0.004300002474337817 0.0004247189790476115 0.004278973676264284
v 0.004340190906077624 -0.00045767176197841785 0.004124686587601898
v 0.004340190906077624 0.0004099032375961544 0.004129706881940363
v 0.004800003487616778 0.021135151386260997 0.01663269661366939
v 0.004800003487616778 0.024797631427645694 0.014066325500607485
v 0.0046449420042336 0.021140290424227725 0.016659194603562348
v 0.0046449420042336 0.021140290424227725 0.016659194603562348
v 0.004800003487616778 0.024797631427645694 0.014066325500607485
v 0.0046449420042336 0.024820780381560336 0.014080202206969256
v 0.0046449420042336 0.021140290424227725 0.016659194603562348
v 0.0046449420042336 0.024820780381560336 0.014080202206969256
v 0.004610684234648944 0.021143976598978053 0.01667786203324794
v 0.004507553298026324 0.024886099621653567 0.014119660481810565
v 0.004552398342639209 0.021150251850485812 0.016709621995687478
v 0.004552398342639209 0.02486477792263032 0.014106780290603632
v 0.004552398342639209 0.02486477792263032 0.014106780290603632
v 0.004552398342639209 0.021150251850485812 0.016709621995687478
v 0.004610684234648944 0.021143976598978053 0.01667786203324794
v 0.004552398342639209 0.02486477792263032 0.014106780290603632
v 0.004610684234648944 0.021143976598978053 0.01667786203324794
v 0.004610684234648944 0.02483706921339036 0.014090042561292643
v 0.004610684234648944 0.02483706921339036 0.014090042561292643
v 0.004610684234648944 0.021143976598978053 0.01667786203324794
v 0.0046449420042336 0.024820780381560336 0.014080202206969256
v 0.004342969972640277 0.021203216165304194 0.016964890062808984
v 0.0043724370189011106 0.02118997648358346 0.016902780160307877
v 0.0043968004174530515 0.024988237768411647 0.014182249084115023
v 0.0043968004174530515 0.024988237768411647 0.014182249084115023
v 0.0043724370189011106 0.02118997648358346 0.016902780160307877
v 0.0043968004174530515 0.021179039031267177 0.016851430758833878
v 0.0043968004174530515 0.024988237768411647 0.014182249084115023
v 0.0043968004174530515 0.021179039031267177 0.016851430758833878
v 0.004450757522135974 0.024938475340604793 0.014151755720376963
v 0.004450757522135974 0.024938475340604793 0.014151755720376963
v 0.0043968004174530515 0.021179039031267177 0.016851430758833878
v 0.004450757522135974 0.021167365834116946 0.016794247552752488
v 0.004450757522135974 0.024938475340604793 0.014151755720376963
v 0.004450757522135974 0.021167365834116946 0.016794247552752488
v 0.004507553298026324 0.024886099621653567 0.014119660481810565
v 0.004507553298026324 0.024886099621653567 0.014119660481810565
v 0.004450757522135974 0.021167365834116946 0.016794247552752488
v 0.004507553298026324 0.02115507982671262 0.01673405803740024
v 0.004507553298026324 0.024886099621653567 0.014119660481810565
v 0.004507553298026324 0.02115507982671262 0.01673405803740024
v 0.004552398342639209 0.021150251850485812 0.016709621995687478
v 0.004300002474337817 0.021247293800115596 0.017164649441838258
v 0.004300024826079608 0.021246111020445834 0.01715943589806556
v 0.004300002474337817 0.025259342044591914 0.014353330247104163
v 0.004300002474337817 0.025259342044591914 0.014353330247104163
v 0.004300024826079608 0.021246111020445834 0.01715943589806556
v 0.004322480875998736 0.021212413907051097 0.017008066177368157
v 0.004300002474337817 0.025259342044591914 0.014353330247104163
v 0.004322480875998736 0.021212413907051097 0.017008066177368157
v 0.004300024826079608 0.02525484561920167 0.014350436627864832
v 0.0043968004174530515 0.024988237768411647 0.014182249084115023
v 0.0043724370189011106 0.02503276988863946 0.014210061170160765
v 0.004342969972640277 0.021203216165304194 0.016964890062808984
v 0.004342969972640277 0.021203216165304194 0.016964890062808984
v 0.0043724370189011106 0.02503276988863946 0.014210061170160765
v 0.004342969972640277 0.025086631998419772 0.01424370519816875
v 0.004342969972640277 0.021203216165304194 0.016964890062808984
v 0.004342969972640277 0.025086631998419772 0.01424370519816875
v 0.004322480875998736 0.021212413907051097 0.017008066177368157
v 0.004322480875998736 0.021212413907051097 0.017008066177368157
v 0.004342969972640277 0.025086631998419772 0.01424370519816875
v 0.004322480875998736 0.025124069303274165 0.014267092570662493
v 0.004322480875998736 0.021212413907051097 0.017008066177368157
v 0.004322480875998736 0.025124069303274165 0.014267092570662493
v 0.004300024826079608 0.02525484561920167 0.014350436627864832
v 0.004507553298026324 0.024886099621653567 0.014119660481810565
v 0.004552398342639209 0.02486477792263032 0.014106780290603632
v 0.004549999255686999 0.02486414648592473 0.014074247330427165
v 0.004549999255686999 0.02486414648592473 0.014074247330427165
v 0.004552398342639209 0.02486477792263032 0.014106780290603632
v 0.004610684234648944 0.02483706921339036 0.014090042561292643
v 0.004342969972640277 0.025086631998419772 0.01424370519816875
v 0.0043724370189011106 0.02503276988863946 0.014210061170160765
v 0.004366990644484759 0.02504587545990945 0.01409588567912578
v 0.004366990644484759 0.02504587545990945 0.01409588567912578
v 0.0043724370189011106 0.02503276988863946 0.014210061170160765
v 0.0043968004174530515 0.024988237768411647 0.014182249084115023
v 0.004366990644484759 0.02504587545990945 0.01409588567912578
v 0.0043968004174530515 0.024988237768411647 0.014182249084115023
v 0.004450757522135974 0.024938475340604793 0.014151755720376963
v 0.004322480875998736 0.025124069303274165 0.014267092570662493
v 0.004300002474337817 0.025294119492173205 0.014125447720289225
v 0.004300024826079608 0.02525484561920167 0.014350436627864832
v 0.004300024826079608 0.02525484561920167 0.014350436627864832
v 0.004300002474337817 0.025294119492173205 0.014125447720289225
v 0.004300002474337817 0.025259342044591914 0.014353330247104163
v 0.004342969972640277 0.021203216165304194 0.016964890062808984
v 0.004322480875998736 0.021212413907051097 0.017008066177368157
v 0.004300002474337817 0.02026512660086156 0.016847921535372727
v 0.004300002474337817 0.02026512660086156 0.016847921535372727
v 0.004322480875998736 0.021212413907051097 0.017008066177368157
v 0.004300024826079608 0.021246111020445834 0.01715943589806556
v 0.004300002474337817 0.02026512660086156 0.016847921535372727
v 0.004300024826079608 0.021246111020445834 0.01715943589806556
v 0.004300002474337817 0.021247293800115596 0.017164649441838258
v 0.004552398342639209 0.021150251850485812 0.016709621995687478
v 0.004507553298026324 0.02115507982671262 0.01673405803740024
v 0.004366990644484759 0.020376095548272143 0.01662389747798442
v 0.004507553298026324 0.02115507982671262 0.01673405803740024
v 0.004450757522135974 0.021167365834116946 0.016794247552752488
v 0.004366990644484759 0.020376095548272143 0.01662389747798442
v 0.004366990644484759 0.020376095548272143 0.01662389747798442
v 0.004450757522135974 0.021167365834116946 0.016794247552752488
v 0.0043968004174530515 0.021179039031267177 0.016851430758833878
v 0.004366990644484759 0.020376095548272143 0.01662389747798442
v 0.0043968004174530515 0.021179039031267177 0.016851430758833878
v 0.0043724370189011106 0.02118997648358346 0.016902780160307877
v 0.004800003487616778 0.021135151386260997 0.01663269661366939
v 0.0046449420042336 0.021140290424227725 0.016659194603562348
v 0.004549999255686999 0.020457331091165553 0.01645990274846553
v 0.004549999255686999 0.020457331091165553 0.01645990274846553
v 0.0046449420042336 0.021140290424227725 0.016659194603562348
v 0.004610684234648944 0.021143976598978053 0.01667786203324794
v 0.004610684234648944 0.02483706921339036 0.014090042561292643
v 0.0046449420042336 0.024820780381560336 0.014080202206969256
v 0.004549999255686999 0.02486414648592473 0.014074247330427165
v 0.004549999255686999 0.02486414648592473 0.014074247330427165
v 0.0046449420042336 0.024820780381560336 0.014080202206969256
v 0.004800003487616778 0.024797631427645694 0.014066325500607485
v 0.004549999255686999 0.02486414648592473 0.014074247330427165
v 0.004800003487616778 0.024797631427645694 0.014066325500607485
v 0.004549999255686999 0.024866603314876567 0.013370238244533534
v 0.004549999255686999 0.024866603314876567 0.013370238244533534
v 0.004800003487616778 0.024797631427645694 0.014066325500607485
v 0.004800003487616778 0.024800032377243052 0.013377694413065905
v 0.004549999255686999 0.024866603314876567 0.013370238244533534
v 0.004800003487616778 0.024800032377243052 0.013377694413065905
v 0.004549999255686999 0.02470846287906171 0.012684216722846028
v 0.004549999255686999 0.02470846287906171 0.012684216722846028
v 0.004800003487616778 0.024800032377243052 0.013377694413065905
v 0.004800003487616778 0.024645349010825168 0.012706656008958813
v 0.004549999255686999 0.02470846287906171 0.012684216722846028
v 0.004800003487616778 0.024645349010825168 0.012706656008958813
v 0.004549999255686999 0.024398058652877818 0.01205232925713062
v 0.004549999255686999 0.024398058652877818 0.01205232925713062
v 0.004800003487616778 0.024645349010825168 0.012706656008958813
v 0.004800003487616778 0.02434172108769418 0.012088569812476632
v 0.004549999255686999 0.024398058652877818 0.01205232925713062
v 0.004800003487616778 0.02434172108769418 0.012088569812476632
v 0.004549999255686999 0.023951740935444842 0.011507869698107239
v 0.004549999255686999 0.023951740935444842 0.011507869698107239
v 0.004800003487616778 0.02434172108769418 0.012088569812476632
v 0.004800003487616778 0.02390514872968198 0.011556002311408516
v 0.004549999255686999 0.023951740935444842 0.011507869698107239
v 0.004800003487616778 0.02390514872968198 0.011556002311408516
v 0.004549999255686999 0.02339302934706212 0.011079528369009491
v 0.004549999255686999 0.02339302934706212 0.011079528369009491
v 0.004800003487616778 0.02390514872968198 0.011556002311408516
v 0.004800003487616778 0.02335864119231702 0.011137016117572781
v 0.004549999255686999 0.02339302934706212 0.011079528369009491
v 0.004800003487616778 0.02335864119231702 0.011137016117572781
v 0.004549999255686999 0.0227513611316681 0.010789874009788033
v 0.004549999255686999 0.0227513611316681 0.010789874009788033
v 0.004800003487616778 0.02335864119231702 0.011137016117572781
v 0.004800003487616778 0.02273099683225156 0.010853688232600685
v 0.004549999255686999 0.0227513611316681 0.010789874009788033
v 0.004800003487616778 0.02273099683225156 0.010853688232600685
v 0.004549999255686999 0.02206055633723737 0.010654167272150513
v 0.004549999255686999 0.02206055633723737 0.010654167272150513
v 0.004800003487616778 0.02273099683225156 0.010853688232600685
v 0.004800003487616778 0.022055272012949 0.010720945894718167
v 0.004549999255686999 0.02206055633723737 0.010654167272150513
v 0.004800003487616778 0.022055272012949 0.010720945894718167
v 0.004549999255686999 0.021356996148824702 0.010679561644792553
v 0.004549999255686999 0.021356996148824702 0.010679561644792553
v 0.004800003487616778 0.022055272012949 0.010720945894718167
v 0.004800003487616778 0.021367082372307788 0.010745785199105736
v 0.004549999255686999 0.021356996148824702 0.010679561644792553
v 0.004800003487616778 0.021367082372307788 0.010745785199105736
v 0.004549999255686999 0.02067777141928674 0.010864716023206707
v 0.004549999255686999 0.02067777141928674 0.010864716023206707
v 0.004800003487616778 0.021367082372307788 0.010745785199105736
v 0.004800003487616778 0.02070268988609315 0.01092689577490091
v 0.004549999255686999 0.02067777141928674 0.010864716023206707
v 0.004800003487616778 0.02070268988609315 0.01092689577490091
v 0.004549999255686999 0.020058656111359607 0.011199876666069027
v 0.004549999255686999 0.020058656111359607 0.011199876666069027
v 0.004800003487616778 0.02070268988609315 0.01092689577490091
v 0.004800003487616778 0.020097097381949435 0.011254737153649327
v 0.004549999255686999 0.020058656111359607 0.011199876666069027
v 0.004800003487616778 0.020097097381949435 0.011254737153649327
v 0.004549999255686999 0.019532281905412684 0.011667383834719654
v 0.004549999255686999 0.019532281905412684 0.011667383834719654
v 0.004800003487616778 0.020097097381949435 0.011254737153649327
v 0.004800003487616778 0.019582221284508716 0.011712032370269295
v 0.004549999255686999 0.019532281905412684 0.011667383834719654
v 0.004800003487616778 0.019582221284508716 0.011712032370269295
v 0.004549999255686999 0.01912637613713742 0.01224260218441486
v 0.004549999255686999 0.01912637613713742 0.01224260218441486
v 0.004800003487616778 0.019582221284508716 0.011712032370269295
v 0.004800003487616778 0.01918518170714379 0.012274687178432938
v 0.004549999255686999 0.01912637613713742 0.01224260218441486
v 0.004800003487616778 0.01918518170714379 0.012274687178432938
v 0.004549999255686999 0.018862336874008186 0.012895222753286358
v 0.004549999255686999 0.018862336874008186 0.012895222753286358
v 0.004800003487616778 0.01918518170714379 0.012274687178432938
v 0.004800003487616778 0.01892690174281598 0.01291305478662252
v 0.004549999255686999 0.018862336874008186 0.012895222753286358
v 0.004800003487616778 0.01892690174281598 0.01291305478662252
v 0.004549999255686999 0.01875406503677369 0.013590861111879344
v 0.004549999255686999 0.01875406503677369 0.013590861111879344
v 0.004800003487616778 0.01892690174281598 0.01291305478662252
v 0.004800003487616778 0.018821001052856452 0.013593498617410655
v 0.004549999255686999 0.01875406503677369 0.013590861111879344
v 0.004800003487616778 0.018821001052856452 0.013593498617410655
v 0.004549999255686999 0.01880727149546147 0.014292860403656954
v 0.004549999255686999 0.01880727149546147 0.014292860403656954
v 0.004800003487616778 0.018821001052856452 0.013593498617410655
v 0.004800003487616778 0.018873043358325965 0.014280163682997222
v 0.004549999255686999 0.01880727149546147 0.014292860403656954
v 0.004800003487616778 0.018873043358325965 0.014280163682997222
v 0.004549999255686999 0.01901915296912194 0.014964231289923186
v 0.004549999255686999 0.01901915296912194 0.014964231289923186
v 0.004800003487616778 0.018873043358325965 0.014280163682997222
v 0.004800003487616778 0.019080296158790595 0.014936872757971282
v 0.004549999255686999 0.01901915296912194 0.014964231289923186
v 0.004800003487616778 0.019080296158790595 0.014936872757971282
v 0.004549999255686999 0.019378541037440307 0.015569602139294142
v 0.004549999255686999 0.019378541037440307 0.015569602139294142
v 0.004800003487616778 0.019080296158790595 0.014936872757971282
v 0.004800003487616778 0.019431835040450103 0.015529021620750422
v 0.004549999255686999 0.019378541037440307 0.015569602139294142
v 0.004800003487616778 0.019431835040450103 0.015529021620750422
v 0.004549999255686999 0.01986650750041009 0.016077071428298943
v 0.004549999255686999 0.01986650750041009 0.016077071428298943
v 0.004800003487616778 0.019431835040450103 0.015529021620750422
v 0.004800003487616778 0.01990913972258569 0.016025407239794724
v 0.004549999255686999 0.01986650750041009 0.016077071428298943
v 0.004800003487616778 0.01990913972258569 0.016025407239794724
v 0.004549999255686999 0.020457331091165553 0.01645990274846553
v 0.004549999255686999 0.020457331091165553 0.01645990274846553
v 0.004800003487616778 0.01990913972258569 0.016025407239794724
v 0.004800003487616778 0.020487064495682727 0.016399875283241265
v 0.004549999255686999 0.020457331091165553 0.01645990274846553
v 0.004800003487616778 0.020487064495682727 0.016399875283241265
v 0.004800003487616778 0.021135151386260997 0.01663269661366939
v 0.004450757522135974 0.024938475340604793 0.014151755720376963
v 0.004507553298026324 0.024886099621653567 0.014119660481810565
v 0.004366990644484759 0.02504587545990945 0.01409588567912578
v 0.004366990644484759 0.02504587545990945 0.01409588567912578
v 0.004507553298026324 0.024886099621653567 0.014119660481810565
v 0.004549999255686999 0.02486414648592473 0.014074247330427165
v 0.004366990644484759 0.02504587545990945 0.01409588567912578
v 0.004549999255686999 0.02486414648592473 0.014074247330427165
v 0.004366990644484759 0.025048481300473224 0.013349868357181544
v 0.004366990644484759 0.025048481300473224 0.013349868357181544
v 0.004549999255686999 0.02486414648592473 0.014074247330427165
v 0.004549999255686999 0.024866603314876567 0.013370238244533534
v 0.004366990644484759 0.025048481300473224 0.013349868357181544
v 0.004549999255686999 0.024866603314876567 0.013370238244533534
v 0.004366990644484759 0.024880900979042064 0.01262291148304939
v 0.004366990644484759 0.024880900979042064 0.01262291148304939
v 0.004549999255686999 0.024866603314876567 0.013370238244533534
v 0.004549999255686999 0.02470846287906171 0.012684216722846028
v 0.004366990644484759 0.024880900979042064 0.01262291148304939
v 0.004549999255686999 0.02470846287906171 0.012684216722846028
v 0.004366990644484759 0.02455197647213937 0.01195331662893295
v 0.004366990644484759 0.02455197647213937 0.01195331662893295
v 0.004549999255686999 0.02470846287906171 0.012684216722846028
v 0.004549999255686999 0.024398058652877818 0.01205232925713062
v 0.004366990644484759 0.02455197647213937 0.01195331662893295
v 0.004549999255686999 0.024398058652877818 0.01205232925713062
v 0.004366990644484759 0.02407902106642724 0.011376369744539257
v 0.004366990644484759 0.02407902106642724 0.011376369744539257
v 0.004549999255686999 0.024398058652877818 0.01205232925713062
v 0.004549999255686999 0.023951740935444842 0.011507869698107239
v 0.004366990644484759 0.02407902106642724 0.011376369744539257
v 0.004549999255686999 0.023951740935444842 0.011507869698107239
v 0.004366990644484759 0.023486977443099032 0.010922467336058613
v 0.004366990644484759 0.023486977443099032 0.010922467336058613
v 0.004549999255686999 0.023951740935444842 0.011507869698107239
v 0.004549999255686999 0.02339302934706212 0.011079528369009491
v 0.004366990644484759 0.023486977443099032 0.010922467336058613
v 0.004549999255686999 0.02339302934706212 0.011079528369009491
v 0.004366990644484759 0.02280701883137227 0.010615528561174866
v 0.004366990644484759 0.02280701883137227 0.010615528561174866
v 0.004549999255686999 0.02339302934706212 0.011079528369009491
v 0.004549999255686999 0.0227513611316681 0.010789874009788033
v 0.004366990644484759 0.02280701883137227 0.010615528561174866
v 0.004549999255686999 0.0227513611316681 0.010789874009788033
v 0.004366990644484759 0.02207498624920846 0.01047172490507364
v 0.004366990644484759 0.02207498624920846 0.01047172490507364
v 0.004549999255686999 0.0227513611316681 0.010789874009788033
v 0.004549999255686999 0.02206055633723737 0.010654167272150513
v 0.004366990644484759 0.02207498624920846 0.01047172490507364
v 0.004549999255686999 0.02206055633723737 0.010654167272150513
v 0.004366990644484759 0.021329455077648173 0.010498633608222004
v 0.004366990644484759 0.021329455077648173 0.010498633608222004
v 0.004549999255686999 0.02206055633723737 0.010654167272150513
v 0.004549999255686999 0.021356996148824702 0.010679561644792553
v 0.004366990644484759 0.021329455077648173 0.010498633608222004
v 0.004549999255686999 0.021356996148824702 0.010679561644792553
v 0.004366990644484759 0.020609689876437198 0.010694838128983971
v 0.004366990644484759 0.020609689876437198 0.010694838128983971
v 0.004549999255686999 0.021356996148824702 0.010679561644792553
v 0.004549999255686999 0.02067777141928674 0.010864716023206707
v 0.004366990644484759 0.020609689876437198 0.010694838128983971
v 0.004549999255686999 0.02067777141928674 0.010864716023206707
v 0.004366990644484759 0.019953634589910518 0.011049997992813584
v 0.004366990644484759 0.019953634589910518 0.011049997992813584
v 0.004549999255686999 0.02067777141928674 0.010864716023206707
v 0.004549999255686999 0.020058656111359607 0.011199876666069027
v 0.004366990644484759 0.019953634589910518 0.011049997992813584
v 0.004549999255686999 0.020058656111359607 0.011199876666069027
v 0.004366990644484759 0.01939584873616696 0.011545401997864243
v 0.004366990644484759 0.01939584873616696 0.011545401997864243
v 0.004549999255686999 0.020058656111359607 0.011199876666069027
v 0.004549999255686999 0.019532281905412684 0.011667383834719654
v 0.004366990644484759 0.01939584873616696 0.011545401997864243
v 0.004549999255686999 0.019532281905412684 0.011667383834719654
v 0.004366990644484759 0.01896572299301625 0.012154944241046902
v 0.004366990644484759 0.01896572299301625 0.012154944241046902
v 0.004549999255686999 0.019532281905412684 0.011667383834719654
v 0.004549999255686999 0.01912637613713742 0.01224260218441486
v 0.004366990644484759 0.01896572299301625 0.012154944241046902
v 0.004549999255686999 0.01912637613713742 0.01224260218441486
v 0.004366990644484759 0.01868592575192452 0.012846508994698521
v 0.004366990644484759 0.01868592575192452 0.012846508994698521
v 0.004549999255686999 0.01912637613713742 0.01224260218441486
v 0.004549999255686999 0.018862336874008186 0.012895222753286358
v 0.004366990644484759 0.01868592575192452 0.012846508994698521
v 0.004549999255686999 0.018862336874008186 0.012895222753286358
v 0.004366990644484759 0.01857119426131249 0.013583656400442118
v 0.004366990644484759 0.01857119426131249 0.013583656400442118
v 0.004549999255686999 0.018862336874008186 0.012895222753286358
v 0.004549999255686999 0.01875406503677369 0.013590861111879344
v 0.004366990644484759 0.01857119426131249 0.013583656400442118
v 0.004549999255686999 0.01875406503677369 0.013590861111879344
v 0.004366990644484759 0.018627570942044265 0.014327546581625933
v 0.004366990644484759 0.018627570942044265 0.014327546581625933
v 0.004549999255686999 0.01875406503677369 0.013590861111879344
v 0.004549999255686999 0.01880727149546147 0.014292860403656954
v 0.004366990644484759 0.018627570942044265 0.014327546581625933
v 0.004549999255686999 0.01880727149546147 0.014292860403656954
v 0.004366990644484759 0.018852099776268012 0.015038979239761824
v 0.004366990644484759 0.018852099776268012 0.015038979239761824
v 0.004549999255686999 0.01880727149546147 0.014292860403656954
v 0.004549999255686999 0.01901915296912194 0.014964231289923186
v 0.004366990644484759 0.018852099776268012 0.015038979239761824
v 0.004549999255686999 0.01901915296912194 0.014964231289923186
v 0.004366990644484759 0.019232936203479774 0.01568047329783439
v 0.004366990644484759 0.019232936203479774 0.01568047329783439
v 0.004549999255686999 0.01901915296912194 0.014964231289923186
v 0.004549999255686999 0.019378541037440307 0.015569602139294142
v 0.004366990644484759 0.019232936203479774 0.01568047329783439
v 0.004549999255686999 0.019378541037440307 0.015569602139294142
v 0.004366990644484759 0.019750015810132037 0.016218224540352814
v 0.004366990644484759 0.019750015810132037 0.016218224540352814
v 0.004549999255686999 0.019378541037440307 0.015569602139294142
v 0.004549999255686999 0.01986650750041009 0.016077071428298943
v 0.004366990644484759 0.019750015810132037 0.016218224540352814
v 0.004549999255686999 0.01986650750041009 0.016077071428298943
v 0.004366990644484759 0.020376095548272143 0.01662389747798442
v 0.004366990644484759 0.020376095548272143 0.01662389747798442
v 0.004549999255686999 0.01986650750041009 0.016077071428298943
v 0.004549999255686999 0.020457331091165553 0.01645990274846553
v 0.004366990644484759 0.020376095548272143 0.01662389747798442
v 0.004549999255686999 0.020457331091165553 0.01645990274846553
v 0.004552398342639209 0.021150251850485812 0.016709621995687478
v 0.004552398342639209 0.021150251850485812 0.016709621995687478
v 0.004549999255686999 0.020457331091165553 0.01645990274846553
v 0.004610684234648944 0.021143976598978053 0.01667786203324794
v 0.004322480875998736 0.025124069303274165 0.014267092570662493
v 0.004342969972640277 0.025086631998419772 0.01424370519816875
v 0.004300002474337817 0.025294119492173205 0.014125447720289225
v 0.004300002474337817 0.025294119492173205 0.014125447720289225
v 0.004342969972640277 0.025086631998419772 0.01424370519816875
v 0.004366990644484759 0.02504587545990945 0.01409588567912578
v 0.004300002474337817 0.025294119492173205 0.014125447720289225
v 0.004366990644484759 0.02504587545990945 0.01409588567912578
v 0.004300002474337817 0.025296922773122798 0.013322043232619757
v 0.004300002474337817 0.025296922773122798 0.013322043232619757
v 0.004366990644484759 0.02504587545990945 0.01409588567912578
v 0.004366990644484759 0.025048481300473224 0.013349868357181544
v 0.004300002474337817 0.025296922773122798 0.013322043232619757
v 0.004366990644484759 0.025048481300473224 0.013349868357181544
v 0.004300002474337817 0.025116462260484706 0.012539165094494816
v 0.004300002474337817 0.025116462260484706 0.012539165094494816
v 0.004366990644484759 0.025048481300473224 0.013349868357181544
v 0.004366990644484759 0.024880900979042064 0.01262291148304939
v 0.004300002474337817 0.025116462260484706 0.012539165094494816
v 0.004366990644484759 0.024880900979042064 0.01262291148304939
v 0.004300002474337817 0.02476223185658456 0.011818063445389267
v 0.004300002474337817 0.02476223185658456 0.011818063445389267
v 0.004366990644484759 0.024880900979042064 0.01262291148304939
v 0.004366990644484759 0.02455197647213937 0.01195331662893295
v 0.004300002474337817 0.02476223185658456 0.011818063445389267
v 0.004366990644484759 0.02455197647213937 0.01195331662893295
v 0.004300002474337817 0.0242529008537531 0.01119673531502485
v 0.004300002474337817 0.0242529008537531 0.01119673531502485
v 0.004366990644484759 0.02455197647213937 0.01195331662893295
v 0.004366990644484759 0.02407902106642724 0.011376369744539257
v 0.004300002474337817 0.0242529008537531 0.01119673531502485
v 0.004366990644484759 0.02407902106642724 0.011376369744539257
v 0.004300002474337817 0.02361530624330045 0.010707918554544445
v 0.004300002474337817 0.02361530624330045 0.010707918554544445
v 0.004366990644484759 0.02407902106642724 0.011376369744539257
v 0.004366990644484759 0.023486977443099032 0.010922467336058613
v 0.004300002474337817 0.02361530624330045 0.010707918554544445
v 0.004366990644484759 0.023486977443099032 0.010922467336058613
v 0.004300002474337817 0.02288305014371873 0.010377368889749047
v 0.004300002474337817 0.02288305014371873 0.010377368889749047
v 0.004366990644484759 0.023486977443099032 0.010922467336058613
v 0.004366990644484759 0.02280701883137227 0.010615528561174866
v 0.004300002474337817 0.02288305014371873 0.010377368889749047
v 0.004366990644484759 0.02280701883137227 0.010615528561174866
v 0.004300002474337817 0.022094707936048518 0.010222502984106537
v 0.004300002474337817 0.022094707936048518 0.010222502984106537
v 0.004366990644484759 0.02280701883137227 0.010615528561174866
v 0.004366990644484759 0.02207498624920846 0.01047172490507364
v 0.004300002474337817 0.022094707936048518 0.010222502984106537
v 0.004366990644484759 0.02207498624920846 0.01047172490507364
v 0.004300002474337817 0.021291820332407962 0.010251482017338272
v 0.004300002474337817 0.021291820332407962 0.010251482017338272
v 0.004366990644484759 0.02207498624920846 0.01047172490507364
v 0.004366990644484759 0.021329455077648173 0.010498633608222004
v 0.004300002474337817 0.021291820332407962 0.010251482017338272
v 0.004366990644484759 0.021329455077648173 0.010498633608222004
v 0.004300002474337817 0.020516695454716693 0.010462778620421883
v 0.004300002474337817 0.020516695454716693 0.010462778620421883
v 0.004366990644484759 0.021329455077648173 0.010498633608222004
v 0.004366990644484759 0.020609689876437198 0.010694838128983971
v 0.004300002474337817 0.020516695454716693 0.010462778620421883
v 0.004366990644484759 0.020609689876437198 0.010694838128983971
v 0.004300002474337817 0.01981016993522645 0.010845259763300415
v 0.004300002474337817 0.01981016993522645 0.010845259763300415
v 0.004366990644484759 0.020609689876437198 0.010694838128983971
v 0.004366990644484759 0.019953634589910518 0.011049997992813584
v 0.004300002474337817 0.01981016993522645 0.010845259763300415
v 0.004366990644484759 0.019953634589910518 0.011049997992813584
v 0.004300002474337817 0.01920947805047036 0.011378769762814041
v 0.004300002474337817 0.01920947805047036 0.011378769762814041
v 0.004366990644484759 0.019953634589910518 0.011049997992813584
v 0.004366990644484759 0.01939584873616696 0.011545401997864243
v 0.004300002474337817 0.01920947805047036 0.011378769762814041
v 0.004366990644484759 0.01939584873616696 0.011545401997864243
v 0.004300002474337817 0.018746269866824157 0.012035200372338292
v 0.004300002474337817 0.018746269866824157 0.012035200372338292
v 0.004366990644484759 0.01939584873616696 0.011545401997864243
v 0.004366990644484759 0.01896572299301625 0.012154944241046902
v 0.004300002474337817 0.018746269866824157 0.012035200372338292
v 0.004366990644484759 0.01896572299301625 0.012154944241046902
v 0.004300002474337817 0.018444942310452468 0.012779963202774521
v 0.004300002474337817 0.018444942310452468 0.012779963202774521
v 0.004366990644484759 0.01896572299301625 0.012154944241046902
v 0.004366990644484759 0.01868592575192452 0.012846508994698521
v 0.004300002474337817 0.018444942310452468 0.012779963202774521
v 0.004366990644484759 0.01868592575192452 0.012846508994698521
v 0.004300002474337817 0.01832138746976853 0.013573814183473582
v 0.004300002474337817 0.01832138746976853 0.013573814183473582
v 0.004366990644484759 0.01868592575192452 0.012846508994698521
v 0.004366990644484759 0.01857119426131249 0.013583656400442118
v 0.004300002474337817 0.01832138746976853 0.013573814183473582
v 0.004366990644484759 0.01857119426131249 0.013583656400442118
v 0.004300002474337817 0.018382104113698013 0.014374926686286921
v 0.004300002474337817 0.018382104113698013 0.014374926686286921
v 0.004366990644484759 0.01857119426131249 0.013583656400442118
v 0.004366990644484759 0.018627570942044265 0.014327546581625933
v 0.004300002474337817 0.018382104113698013 0.014374926686286921
v 0.004366990644484759 0.018627570942044265 0.014327546581625933
v 0.004300002474337817 0.01862390153110028 0.015141084790229792
v 0.004300002474337817 0.01862390153110028 0.015141084790229792
v 0.004366990644484759 0.018627570942044265 0.014327546581625933
v 0.004366990644484759 0.018852099776268012 0.015038979239761824
v 0.004300002474337817 0.01862390153110028 0.015141084790229792
v 0.004366990644484759 0.018852099776268012 0.015038979239761824
v 0.004300002474337817 0.019034029915928848 0.01583192497491836
v 0.004300002474337817 0.019034029915928848 0.01583192497491836
v 0.004366990644484759 0.018852099776268012 0.015038979239761824
v 0.004366990644484759 0.019232936203479774 0.01568047329783439
v 0.004300002474337817 0.019034029915928848 0.01583192497491836
v 0.004366990644484759 0.019232936203479774 0.01568047329783439
v 0.004300002474337817 0.01959088444709779 0.016411039978265755
v 0.004300002474337817 0.01959088444709779 0.016411039978265755
v 0.004366990644484759 0.019232936203479774 0.01568047329783439
v 0.004366990644484759 0.019750015810132037 0.016218224540352814
v 0.004300002474337817 0.01959088444709779 0.016411039978265755
v 0.004366990644484759 0.019750015810132037 0.016218224540352814
v 0.004300002474337817 0.02026512660086156 0.016847921535372727
v 0.004300002474337817 0.02026512660086156 0.016847921535372727
v 0.004366990644484759 0.019750015810132037 0.016218224540352814
v 0.004366990644484759 0.020376095548272143 0.01662389747798442
v 0.004300002474337817 0.02026512660086156 0.016847921535372727
v 0.004366990644484759 0.020376095548272143 0.01662389747798442
v 0.004342969972640277 0.021203216165304194 0.016964890062808984
v 0.004342969972640277 0.021203216165304194 0.016964890062808984
v 0.004366990644484759 0.020376095548272143 0.01662389747798442
v 0.0043724370189011106 0.02118997648358346 0.016902780160307877
v -0.0050449478439986714 0.024820780381560336 0.014080202206969256
v -0.005200001876801253 0.024797631427645694 0.014066325500607485
v -0.005200001876801253 0.021135151386260997 0.01663269661366939
v -0.004850755911320449 0.021167365834116946 0.016794247552752488
v -0.004907551687210799 0.024886099621653567 0.014119660481810565
v -0.004907551687210799 0.02115507982671262 0.01673405803740024
v -0.004907551687210799 0.02115507982671262 0.01673405803740024
v -0.004907551687210799 0.024886099621653567 0.014119660481810565
v -0.004952396731823684 0.02486477792263032 0.014106780290603632
v -0.004907551687210799 0.02115507982671262 0.01673405803740024
v -0.004952396731823684 0.02486477792263032 0.014106780290603632
v -0.004952396731823684 0.021150251850485812 0.016709621995687478
v -0.004952396731823684 0.021150251850485812 0.016709621995687478
v -0.004952396731823684 0.02486477792263032 0.014106780290603632
v -0.005010682623833419 0.02483706921339036 0.014090042561292643
v -0.004952396731823684 0.021150251850485812 0.016709621995687478
v -0.005010682623833419 0.02483706921339036 0.014090042561292643
v -0.005010682623833419 0.021143976598978053 0.01667786203324794
v -0.005010682623833419 0.021143976598978053 0.01667786203324794
v -0.005010682623833419 0.02483706921339036 0.014090042561292643
v -0.0050449478439986714 0.024820780381560336 0.014080202206969256
v -0.005010682623833419 0.021143976598978053 0.01667786203324794
v -0.0050449478439986714 0.024820780381560336 0.014080202206969256
v -0.0050449478439986714 0.021140290424227725 0.016659194603562348
v -0.0050449478439986714 0.021140290424227725 0.016659194603562348
v -0.0050449478439986714 0.024820780381560336 0.014080202206969256
v -0.005200001876801253 0.021135151386260997 0.01663269661366939
v -0.004796798806637526 0.021179039031267177 0.016851430758833878
v -0.004796798806637526 0.024988237768411647 0.014182249084115023
v -0.004850755911320449 0.021167365834116946 0.016794247552752488
v -0.004850755911320449 0.021167365834116946 0.016794247552752488
v -0.004796798806637526 0.024988237768411647 0.014182249084115023
v -0.004850755911320449 0.024938475340604793 0.014151755720376963
v -0.004850755911320449 0.021167365834116946 0.016794247552752488
v -0.004850755911320449 0.024938475340604793 0.014151755720376963
v -0.004907551687210799 0.024886099621653567 0.014119660481810565
v -0.004742968361824752 0.025086631998419772 0.01424370519816875
v -0.0047724354080855855 0.02503276988863946 0.014210061170160765
v -0.004742968361824752 0.021203216165304194 0.016964890062808984
v -0.004742968361824752 0.021203216165304194 0.016964890062808984
v -0.0047724354080855855 0.02503276988863946 0.014210061170160765
v -0.004796798806637526 0.024988237768411647 0.014182249084115023
v -0.004742968361824752 0.021203216165304194 0.016964890062808984
v -0.004796798806637526 0.024988237768411647 0.014182249084115023
v -0.0047724354080855855 0.02118997648358346 0.016902780160307877
v -0.0047724354080855855 0.02118997648358346 0.016902780160307877
v -0.004796798806637526 0.024988237768411647 0.014182249084115023
v -0.004796798806637526 0.021179039031267177 0.016851430758833878
v -0.004742968361824752 0.025086631998419772 0.01424370519816875
v -0.004742968361824752 0.021203216165304194 0.016964890062808984
v -0.004722486715763808 0.025124069303274165 0.014267092570662493
v -0.004722486715763808 0.025124069303274165 0.014267092570662493
v -0.004742968361824752 0.021203216165304194 0.016964890062808984
v -0.004722486715763808 0.021212413907051097 0.017008066177368157
v -0.004722486715763808 0.025124069303274165 0.014267092570662493
v -0.004722486715763808 0.021212413907051097 0.017008066177368157
v -0.004700023215264083 0.02525484561920167 0.014350436627864832
v -0.004700023215264083 0.02525484561920167 0.014350436627864832
v -0.004722486715763808 0.021212413907051097 0.017008066177368157
v -0.004700000863522292 0.025259342044591914 0.014353330247104163
v -0.004700000863522292 0.025259342044591914 0.014353330247104163
v -0.004722486715763808 0.021212413907051097 0.017008066177368157
v -0.004700023215264083 0.021246111020445834 0.01715943589806556
v -0.004700000863522292 0.025259342044591914 0.014353330247104163
v -0.004700023215264083 0.021246111020445834 0.01715943589806556
v -0.004700000863522292 0.021247293800115596 0.017164649441838258
v -0.0050449478439986714 0.021140290424227725 0.016659194603562348
v -0.005200001876801253 0.021135151386260997 0.01663269661366939
v -0.005200001876801253 0.020487064495682727 0.016399875283241265
v -0.004907551687210799 0.02115507982671262 0.01673405803740024
v -0.004952396731823684 0.021150251850485812 0.016709621995687478
v -0.004949997644871474 0.020457331091165553 0.01645990274846553
v -0.004949997644871474 0.020457331091165553 0.01645990274846553
v -0.004952396731823684 0.021150251850485812 0.016709621995687478
v -0.005010682623833419 0.021143976598978053 0.01667786203324794
v -0.004742968361824752 0.021203216165304194 0.016964890062808984
v -0.0047724354080855855 0.02118997648358346 0.016902780160307877
v -0.004766989033669234 0.020376095548272143 0.01662389747798442
v -0.004766989033669234 0.020376095548272143 0.01662389747798442
v -0.0047724354080855855 0.02118997648358346 0.016902780160307877
v -0.004796798806637526 0.021179039031267177 0.016851430758833878
v -0.004766989033669234 0.020376095548272143 0.01662389747798442
v -0.004796798806637526 0.021179039031267177 0.016851430758833878
v -0.004850755911320449 0.021167365834116946 0.016794247552752488
v -0.004722486715763808 0.021212413907051097 0.017008066177368157
v -0.004700000863522292 0.02026512660086156 0.016847921535372727
v -0.004700023215264083 0.021246111020445834 0.01715943589806556
v -0.004700023215264083 0.021246111020445834 0.01715943589806556
v -0.004700000863522292 0.02026512660086156 0.016847921535372727
v -0.004700000863522292 0.021247293800115596 0.017164649441838258
v -0.0047724354080855855 0.02503276988863946 0.014210061170160765
v -0.004742968361824752 0.025086631998419772 0.01424370519816875
v -0.004700000863522292 0.025294119492173205 0.014125447720289225
v -0.004742968361824752 0.025086631998419772 0.01424370519816875
v -0.004722486715763808 0.025124069303274165 0.014267092570662493
v -0.004700000863522292 0.025294119492173205 0.014125447720289225
v -0.004700000863522292 0.025294119492173205 0.014125447720289225
v -0.004722486715763808 0.025124069303274165 0.014267092570662493
v -0.004700023215264083 0.02525484561920167 0.014350436627864832
v -0.004700000863522292 0.025294119492173205 0.014125447720289225
v -0.004700023215264083 0.02525484561920167 0.014350436627864832
v -0.004700000863522292 0.025259342044591914 0.014353330247104163
v -0.004952396731823684 0.02486477792263032 0.014106780290603632
v -0.004907551687210799 0.024886099621653567 0.014119660481810565
v -0.004766989033669234 0.02504587545990945 0.01409588567912578
v -0.004766989033669234 0.02504587545990945 0.01409588567912578
v -0.004907551687210799 0.024886099621653567 0.014119660481810565
v -0.004850755911320449 0.024938475340604793 0.014151755720376963
v -0.004766989033669234 0.02504587545990945 0.01409588567912578
v -0.004850755911320449 0.024938475340604793 0.014151755720376963
v -0.004796798806637526 0.024988237768411647 0.014182249084115023
v -0.0050449478439986714 0.024820780381560336 0.014080202206969256
v -0.005010682623833419 0.02483706921339036 0.014090042561292643
v -0.004949997644871474 0.02486414648592473 0.014074247330427165
v -0.004796798806637526 0.024988237768411647 0.014182249084115023
v -0.0047724354080855855 0.02503276988863946 0.014210061170160765
v -0.004766989033669234 0.02504587545990945 0.01409588567912578
v -0.004766989033669234 0.02504587545990945 0.01409588567912578
v -0.0047724354080855855 0.02503276988863946 0.014210061170160765
v -0.004700000863522292 0.025294119492173205 0.014125447720289225
v -0.004766989033669234 0.02504587545990945 0.01409588567912578
v -0.004700000863522292 0.025294119492173205 0.014125447720289225
v -0.004766989033669234 0.025048481300473224 0.013349868357181544
v -0.004766989033669234 0.025048481300473224 0.013349868357181544
v -0.004700000863522292 0.025294119492173205 0.014125447720289225
v -0.004700000863522292 0.025296922773122798 0.013322043232619757
v -0.004766989033669234 0.025048481300473224 0.013349868357181544
v -0.004700000863522292 0.025296922773122798 0.013322043232619757
v -0.004766989033669234 0.024880900979042064 0.01262291148304939
v -0.004766989033669234 0.024880900979042064 0.01262291148304939
v -0.004700000863522292 0.025296922773122798 0.013322043232619757
v -0.004700000863522292 0.025116462260484706 0.012539165094494816
v -0.004766989033669234 0.024880900979042064 0.01262291148304939
v -0.004700000863522292 0.025116462260484706 0.012539165094494816
v -0.004766989033669234 0.02455197647213937 0.01195331662893295
v -0.004766989033669234 0.02455197647213937 0.01195331662893295
v -0.004700000863522292 0.025116462260484706 0.012539165094494816
v -0.004700000863522292 0.02476223185658456 0.011818063445389267
v -0.004766989033669234 0.02455197647213937 0.01195331662893295
v -0.004700000863522292 0.02476223185658456 0.011818063445389267
v -0.004766989033669234 0.02407902106642724 0.011376369744539257
v -0.004766989033669234 0.02407902106642724 0.011376369744539257
v -0.004700000863522292 0.02476223185658456 0.011818063445389267
v -0.004700000863522292 0.0242529008537531 0.01119673531502485
v -0.004766989033669234 0.02407902106642724 0.011376369744539257
v -0.004700000863522292 0.0242529008537531 0.01119673531502485
v -0.004766989033669234 0.023486977443099032 0.010922467336058613
v -0.004766989033669234 0.023486977443099032 0.010922467336058613
v -0.004700000863522292 0.0242529008537531 0.01119673531502485
v -0.004700000863522292 0.02361530624330045 0.010707918554544445
v -0.004766989033669234 0.023486977443099032 0.010922467336058613
v -0.004700000863522292 0.02361530624330045 0.010707918554544445
v -0.004766989033669234 0.02280701883137227 0.010615528561174866
v -0.004766989033669234 0.02280701883137227 0.010615528561174866
v -0.004700000863522292 0.02361530624330045 0.010707918554544445
v -0.004700000863522292 0.02288305014371873 0.010377368889749047
v -0.004766989033669234 0.02280701883137227 0.010615528561174866
v -0.004700000863522292 0.02288305014371873 0.010377368889749047
v -0.004766989033669234 0.02207498624920846 0.01047172490507364
v -0.004766989033669234 0.02207498624920846 0.01047172490507364
v -0.004700000863522292 0.02288305014371873 0.010377368889749047
v -0.004700000863522292 0.022094707936048518 0.010222502984106537
v -0.004766989033669234 0.02207498624920846 0.01047172490507364
v -0.004700000863522292 0.022094707936048518 0.010222502984106537
v -0.004766989033669234 0.021329455077648173 0.010498633608222004
v -0.004766989033669234 0.021329455077648173 0.010498633608222004
v -0.004700000863522292 0.022094707936048518 0.010222502984106537
v -0.004700000863522292 0.021291820332407962 0.010251482017338272
v -0.004766989033669234 0.021329455077648173 0.010498633608222004
v -0.004700000863522292 0.021291820332407962 0.010251482017338272
v -0.004766989033669234 0.020609689876437198 0.010694838128983971
v -0.004766989033669234 0.020609689876437198 0.010694838128983971
v -0.004700000863522292 0.021291820332407962 0.010251482017338272
v -0.004700000863522292 0.020516695454716693 0.010462778620421883
v -0.004766989033669234 0.020609689876437198 0.010694838128983971
v -0.004700000863522292 0.020516695454716693 0.010462778620421883
v -0.004766989033669234 0.019953634589910518 0.011049997992813584
v -0.004766989033669234 0.019953634589910518 0.011049997992813584
v -0.004700000863522292 0.020516695454716693 0.010462778620421883
v -0.004700000863522292 0.01981016993522645 0.010845259763300415
v -0.004766989033669234 0.019953634589910518 0.011049997992813584
v -0.004700000863522292 0.01981016993522645 0.010845259763300415
v -0.004766989033669234 0.01939584873616696 0.011545401997864243
v -0.004766989033669234 0.01939584873616696 0.011545401997864243
v -0.004700000863522292 0.01981016993522645 0.010845259763300415
v -0.004700000863522292 0.01920947805047036 0.011378769762814041
v -0.004766989033669234 0.01939584873616696 0.011545401997864243
v -0.004700000863522292 0.01920947805047036 0.011378769762814041
v -0.004766989033669234 0.01896572299301625 0.012154944241046902
v -0.004766989033669234 0.01896572299301625 0.012154944241046902
v -0.004700000863522292 0.01920947805047036 0.011378769762814041
v -0.004700000863522292 0.018746269866824157 0.012035200372338292
v -0.004766989033669234 0.01896572299301625 0.012154944241046902
v -0.004700000863522292 0.018746269866824157 0.012035200372338292
v -0.004766989033669234 0.01868592575192452 0.012846508994698521
v -0.004766989033669234 0.01868592575192452 0.012846508994698521
v -0.004700000863522292 0.018746269866824157 0.012035200372338292
v -0.004700000863522292 0.018444942310452468 0.012779963202774521
v -0.004766989033669234 0.01868592575192452 0.012846508994698521
v -0.004700000863522292 0.018444942310452468 0.012779963202774521
v -0.004766989033669234 0.01857119426131249 0.013583656400442118
v -0.004766989033669234 0.01857119426131249 0.013583656400442118
v -0.004700000863522292 0.018444942310452468 0.012779963202774521
v -0.004700000863522292 0.01832138746976853 0.013573814183473582
v -0.004766989033669234 0.01857119426131249 0.013583656400442118
v -0.004700000863522292 0.01832138746976853 0.013573814183473582
v -0.004766989033669234 0.018627570942044265 0.014327546581625933
v -0.004766989033669234 0.018627570942044265 0.014327546581625933
v -0.004700000863522292 0.01832138746976853 0.013573814183473582
v -0.004700000863522292 0.018382104113698013 0.014374926686286921
v -0.004766989033669234 0.018627570942044265 0.014327546581625933
v -0.004700000863522292 0.018382104113698013 0.014374926686286921
v -0.004766989033669234 0.018852099776268012 0.015038979239761824
v -0.004766989033669234 0.018852099776268012 0.015038979239761824
v -0.004700000863522292 0.018382104113698013 0.014374926686286921
v -0.004700000863522292 0.01862390153110028 0.015141084790229792
v -0.004766989033669234 0.018852099776268012 0.015038979239761824
v -0.004700000863522292 0.01862390153110028 0.015141084790229792
v -0.004766989033669234 0.019232936203479774 0.01568047329783439
v -0.004766989033669234 0.019232936203479774 0.01568047329783439
v -0.004700000863522292 0.01862390153110028 0.015141084790229792
v -0.004700000863522292 0.019034029915928848 0.01583192497491836
v -0.004766989033669234 0.019232936203479774 0.01568047329783439
v -0.004700000863522292 0.019034029915928848 0.01583192497491836
v -0.004766989033669234 0.019750015810132037 0.016218224540352814
v -0.004766989033669234 0.019750015810132037 0.016218224540352814
v -0.004700000863522292 0.019034029915928848 0.01583192497491836
v -0.004700000863522292 0.01959088444709779 0.016411039978265755
v -0.004766989033669234 0.019750015810132037 0.016218224540352814
v -0.004700000863522292 0.01959088444709779 0.016411039978265755
v -0.004766989033669234 0.020376095548272143 0.01662389747798442
v -0.004766989033669234 0.020376095548272143 0.01662389747798442
v -0.004700000863522292 0.01959088444709779 0.016411039978265755
v -0.004700000863522292 0.02026512660086156 0.016847921535372727
v -0.004766989033669234 0.020376095548272143 0.01662389747798442
v -0.004700000863522292 0.02026512660086156 0.016847921535372727
v -0.004742968361824752 0.021203216165304194 0.016964890062808984
v -0.004742968361824752 0.021203216165304194 0.016964890062808984
v -0.004700000863522292 0.02026512660086156 0.016847921535372727
v -0.004722486715763808 0.021212413907051097 0.017008066177368157
v -0.005010682623833419 0.02483706921339036 0.014090042561292643
v -0.004952396731823684 0.02486477792263032 0.014106780290603632
v -0.004949997644871474 0.02486414648592473 0.014074247330427165
v -0.004949997644871474 0.02486414648592473 0.014074247330427165
v -0.004952396731823684 0.02486477792263032 0.014106780290603632
v -0.004766989033669234 0.02504587545990945 0.01409588567912578
v -0.004949997644871474 0.02486414648592473 0.014074247330427165
v -0.004766989033669234 0.02504587545990945 0.01409588567912578
v -0.004949997644871474 0.024866603314876567 0.013370238244533534
v -0.004949997644871474 0.024866603314876567 0.013370238244533534
v -0.004766989033669234 0.02504587545990945 0.01409588567912578
v -0.004766989033669234 0.025048481300473224 0.013349868357181544
v -0.004949997644871474 0.024866603314876567 0.013370238244533534
v -0.004766989033669234 0.025048481300473224 0.013349868357181544
v -0.004949997644871474 0.02470846287906171 0.012684216722846028
v -0.004949997644871474 0.02470846287906171 0.012684216722846028
v -0.004766989033669234 0.025048481300473224 0.013349868357181544
v -0.004766989033669234 0.024880900979042064 0.01262291148304939
v -0.004949997644871474 0.02470846287906171 0.012684216722846028
v -0.004766989033669234 0.024880900979042064 0.01262291148304939
v -0.004949997644871474 0.024398058652877818 0.01205232925713062
v -0.004949997644871474 0.024398058652877818 0.01205232925713062
v -0.004766989033669234 0.024880900979042064 0.01262291148304939
v -0.004766989033669234 0.02455197647213937 0.01195331662893295
v -0.004949997644871474 0.024398058652877818 0.01205232925713062
v -0.004766989033669234 0.02455197647213937 0.01195331662893295
v -0.004949997644871474 0.023951740935444842 0.011507869698107239
v -0.004949997644871474 0.023951740935444842 0.011507869698107239
v -0.004766989033669234 0.02455197647213937 0.01195331662893295
v -0.004766989033669234 0.02407902106642724 0.011376369744539257
v -0.004949997644871474 0.023951740935444842 0.011507869698107239
v -0.004766989033669234 0.02407902106642724 0.011376369744539257
v -0.004949997644871474 0.02339302934706212 0.011079528369009491
v -0.004949997644871474 0.02339302934706212 0.011079528369009491
v -0.004766989033669234 0.02407902106642724 0.011376369744539257
v -0.004766989033669234 0.023486977443099032 0.010922467336058613
v -0.004949997644871474 0.02339302934706212 0.011079528369009491
v -0.004766989033669234 0.023486977443099032 0.010922467336058613
v -0.004949997644871474 0.0227513611316681 0.010789874009788033
v -0.004949997644871474 0.0227513611316681 0.010789874009788033
v -0.004766989033669234 0.023486977443099032 0.010922467336058613
v -0.004766989033669234 0.02280701883137227 0.010615528561174866
v -0.004949997644871474 0.0227513611316681 0.010789874009788033
v -0.004766989033669234 0.02280701883137227 0.010615528561174866
v -0.004949997644871474 0.02206055633723737 0.010654167272150513
v -0.004949997644871474 0.02206055633723737 0.010654167272150513
v -0.004766989033669234 0.02280701883137227 0.010615528561174866
v -0.004766989033669234 0.02207498624920846 0.01047172490507364
v -0.004949997644871474 0.02206055633723737 0.010654167272150513
v -0.004766989033669234 0.02207498624920846 0.01047172490507364
v -0.004949997644871474 0.021356996148824702 0.010679561644792553
v -0.004949997644871474 0.021356996148824702 0.010679561644792553
v -0.004766989033669234 0.02207498624920846 0.01047172490507364
v -0.004766989033669234 0.021329455077648173 0.010498633608222004
v -0.004949997644871474 0.021356996148824702 0.010679561644792553
v -0.004766989033669234 0.021329455077648173 0.010498633608222004
v -0.004949997644871474 0.02067777141928674 0.010864716023206707
v -0.004949997644871474 0.02067777141928674 0.010864716023206707
v -0.004766989033669234 0.021329455077648173 0.010498633608222004
v -0.004766989033669234 0.020609689876437198 0.010694838128983971
v -0.004949997644871474 0.02067777141928674 0.010864716023206707
v -0.004766989033669234 0.020609689876437198 0.010694838128983971
v -0.004949997644871474 0.020058656111359607 0.011199876666069027
v -0.004949997644871474 0.020058656111359607 0.011199876666069027
v -0.004766989033669234 0.020609689876437198 0.010694838128983971
v -0.004766989033669234 0.019953634589910518 0.011049997992813584
v -0.004949997644871474 0.020058656111359607 0.011199876666069027
v -0.004766989033669234 0.019953634589910518 0.011049997992813584
v -0.004949997644871474 0.019532281905412684 0.011667383834719654
v -0.004949997644871474 0.019532281905412684 0.011667383834719654
v -0.004766989033669234 0.019953634589910518 0.011049997992813584
v -0.004766989033669234 0.01939584873616696 0.011545401997864243
v -0.004949997644871474 0.019532281905412684 0.011667383834719654
v -0.004766989033669234 0.01939584873616696 0.011545401997864243
v -0.004949997644871474 0.01912637613713742 0.01224260218441486
v -0.004949997644871474 0.01912637613713742 0.01224260218441486
v -0.004766989033669234 0.01939584873616696 0.011545401997864243
v -0.004766989033669234 0.01896572299301625 0.012154944241046902
v -0.004949997644871474 0.01912637613713742 0.01224260218441486
v -0.004766989033669234 0.01896572299301625 0.012154944241046902
v -0.004949997644871474 0.018862336874008186 0.012895222753286358
v -0.004949997644871474 0.018862336874008186 0.012895222753286358
v -0.004766989033669234 0.01896572299301625 0.012154944241046902
v -0.004766989033669234 0.01868592575192452 0.012846508994698521
v -0.004949997644871474 0.018862336874008186 0.012895222753286358
v -0.004766989033669234 0.01868592575192452 0.012846508994698521
v -0.004949997644871474 0.01875406503677369 0.013590861111879344
v -0.004949997644871474 0.01875406503677369 0.013590861111879344
v -0.004766989033669234 0.01868592575192452 0.012846508994698521
v -0.004766989033669234 0.01857119426131249 0.013583656400442118
v -0.004949997644871474 0.01875406503677369 0.013590861111879344
v -0.004766989033669234 0.01857119426131249 0.013583656400442118
v -0.004949997644871474 0.01880727149546147 0.014292860403656954
v -0.004949997644871474 0.01880727149546147 0.014292860403656954
v -0.004766989033669234 0.01857119426131249 0.013583656400442118
v -0.004766989033669234 0.018627570942044265 0.014327546581625933
v -0.004949997644871474 0.01880727149546147 0.014292860403656954
v -0.004766989033669234 0.018627570942044265 0.014327546581625933
v -0.004949997644871474 0.01901915296912194 0.014964231289923186
v -0.004949997644871474 0.01901915296912194 0.014964231289923186
v -0.004766989033669234 0.018627570942044265 0.014327546581625933
v -0.004766989033669234 0.018852099776268012 0.015038979239761824
v -0.004949997644871474 0.01901915296912194 0.014964231289923186
v -0.004766989033669234 0.018852099776268012 0.015038979239761824
v -0.004949997644871474 0.019378541037440307 0.015569602139294142
v -0.004949997644871474 0.019378541037440307 0.015569602139294142
v -0.004766989033669234 0.018852099776268012 0.015038979239761824
v -0.004766989033669234 0.019232936203479774 0.01568047329783439
v -0.004949997644871474 0.019378541037440307 0.015569602139294142
v -0.004766989033669234 0.019232936203479774 0.01568047329783439
v -0.004949997644871474 0.01986650750041009 0.016077071428298943
v -0.004949997644871474 0.01986650750041009 0.016077071428298943
v -0.004766989033669234 0.019232936203479774 0.01568047329783439
v -0.004766989033669234 0.019750015810132037 0.016218224540352814
v -0.004949997644871474 0.01986650750041009 0.016077071428298943
v -0.004766989033669234 0.019750015810132037 0.016218224540352814
v -0.004949997644871474 0.020457331091165553 0.01645990274846553
v -0.004949997644871474 0.020457331091165553 0.01645990274846553
v -0.004766989033669234 0.019750015810132037 0.016218224540352814
v -0.004766989033669234 0.020376095548272143 0.01662389747798442
v -0.004949997644871474 0.020457331091165553 0.01645990274846553
v -0.004766989033669234 0.020376095548272143 0.01662389747798442
v -0.004907551687210799 0.02115507982671262 0.01673405803740024
v -0.004907551687210799 0.02115507982671262 0.01673405803740024
v -0.004766989033669234 0.020376095548272143 0.01662389747798442
v -0.004850755911320449 0.021167365834116946 0.016794247552752488
v -0.005010682623833419 0.021143976598978053 0.01667786203324794
v -0.0050449478439986714 0.021140290424227725 0.016659194603562348
v -0.004949997644871474 0.020457331091165553 0.01645990274846553
v -0.004949997644871474 0.020457331091165553 0.01645990274846553
v -0.0050449478439986714 0.021140290424227725 0.016659194603562348
v -0.005200001876801253 0.020487064495682727 0.016399875283241265
v -0.004949997644871474 0.020457331091165553 0.01645990274846553
v -0.005200001876801253 0.020487064495682727 0.016399875283241265
v -0.004949997644871474 0.01986650750041009 0.016077071428298943
v -0.004949997644871474 0.01986650750041009 0.016077071428298943
v -0.005200001876801253 0.020487064495682727 0.016399875283241265
v -0.005200001876801253 0.01990913972258569 0.016025407239794724
v -0.004949997644871474 0.01986650750041009 0.016077071428298943
v -0.005200001876801253 0.01990913972258569 0.016025407239794724
v -0.004949997644871474 0.019378541037440307 0.015569602139294142
v -0.004949997644871474 0.019378541037440307 0.015569602139294142
v -0.005200001876801253 0.01990913972258569 0.016025407239794724
v -0.005200001876801253 0.019431835040450103 0.015529021620750422
v -0.004949997644871474 0.019378541037440307 0.015569602139294142
v -0.005200001876801253 0.019431835040450103 0.015529021620750422
v -0.004949997644871474 0.01901915296912194 0.014964231289923186
v -0.004949997644871474 0.01901915296912194 0.014964231289923186
v -0.005200001876801253 0.019431835040450103 0.015529021620750422
v -0.005200001876801253 0.019080296158790595 0.014936872757971282
v -0.004949997644871474 0.01901915296912194 0.014964231289923186
v -0.005200001876801253 0.019080296158790595 0.014936872757971282
v -0.004949997644871474 0.01880727149546147 0.014292860403656954
v -0.004949997644871474 0.01880727149546147 0.014292860403656954
v -0.005200001876801253 0.019080296158790595 0.014936872757971282
v -0.005200001876801253 0.018873043358325965 0.014280163682997222
v -0.004949997644871474 0.01880727149546147 0.014292860403656954
v -0.005200001876801253 0.018873043358325965 0.014280163682997222
v -0.004949997644871474 0.01875406503677369 0.013590861111879344
v -0.004949997644871474 0.01875406503677369 0.013590861111879344
v -0.005200001876801253 0.018873043358325965 0.014280163682997222
v -0.005200001876801253 0.018821001052856452 0.013593498617410655
v -0.004949997644871474 0.01875406503677369 0.013590861111879344
v -0.005200001876801253 0.018821001052856452 0.013593498617410655
v -0.004949997644871474 0.018862336874008186 0.012895222753286358
v -0.004949997644871474 0.018862336874008186 0.012895222753286358
v -0.005200001876801253 0.018821001052856452 0.013593498617410655
v -0.005200001876801253 0.01892690174281598 0.01291305478662252
v -0.004949997644871474 0.018862336874008186 0.012895222753286358
v -0.005200001876801253 0.01892690174281598 0.01291305478662252
v -0.004949997644871474 0.01912637613713742 0.01224260218441486
v -0.004949997644871474 0.01912637613713742 0.01224260218441486
v -0.005200001876801253 0.01892690174281598 0.01291305478662252
v -0.005200001876801253 0.01918518170714379 0.012274687178432938
v -0.004949997644871474 0.01912637613713742 0.01224260218441486
v -0.005200001876801253 0.01918518170714379 0.012274687178432938
v -0.004949997644871474 0.019532281905412684 0.011667383834719654
v -0.004949997644871474 0.019532281905412684 0.011667383834719654
v -0.005200001876801253 0.01918518170714379 0.012274687178432938
v -0.005200001876801253 0.019582221284508716 0.011712032370269295
v -0.004949997644871474 0.019532281905412684 0.011667383834719654
v -0.005200001876801253 0.019582221284508716 0.011712032370269295
v -0.004949997644871474 0.020058656111359607 0.011199876666069027
v -0.004949997644871474 0.020058656111359607 0.011199876666069027
v -0.005200001876801253 0.019582221284508716 0.011712032370269295
v -0.005200001876801253 0.020097097381949435 0.011254737153649327
v -0.004949997644871474 0.020058656111359607 0.011199876666069027
v -0.005200001876801253 0.020097097381949435 0.011254737153649327
v -0.004949997644871474 0.02067777141928674 0.010864716023206707
v -0.004949997644871474 0.02067777141928674 0.010864716023206707
v -0.005200001876801253 0.020097097381949435 0.011254737153649327
v -0.005200001876801253 0.02070268988609315 0.01092689577490091
v -0.004949997644871474 0.02067777141928674 0.010864716023206707
v -0.005200001876801253 0.02070268988609315 0.01092689577490091
v -0.004949997644871474 0.021356996148824702 0.010679561644792553
v -0.004949997644871474 0.021356996148824702 0.010679561644792553
v -0.005200001876801253 0.02070268988609315 0.01092689577490091
v -0.005200001876801253 0.021367082372307788 0.010745785199105736
v -0.004949997644871474 0.021356996148824702 0.010679561644792553
v -0.005200001876801253 0.021367082372307788 0.010745785199105736
v -0.004949997644871474 0.02206055633723737 0.010654167272150513
v -0.004949997644871474 0.02206055633723737 0.010654167272150513
v -0.005200001876801253 0.021367082372307788 0.010745785199105736
v -0.005200001876801253 0.022055272012949 0.010720945894718167
v -0.004949997644871474 0.02206055633723737 0.010654167272150513
v -0.005200001876801253 0.022055272012949 0.010720945894718167
v -0.004949997644871474 0.0227513611316681 0.010789874009788033
v -0.004949997644871474 0.0227513611316681 0.010789874009788033
v -0.005200001876801253 0.022055272012949 0.010720945894718167
v -0.005200001876801253 0.02273099683225156 0.010853688232600685
v -0.004949997644871474 0.0227513611316681 0.010789874009788033
v -0.005200001876801253 0.02273099683225156 0.010853688232600685
v -0.004949997644871474 0.02339302934706212 0.011079528369009491
v -0.004949997644871474 0.02339302934706212 0.011079528369009491
v -0.005200001876801253 0.02273099683225156 0.010853688232600685
v -0.005200001876801253 0.02335864119231702 0.011137016117572781
v -0.004949997644871474 0.02339302934706212 0.011079528369009491
v -0.005200001876801253 0.02335864119231702 0.011137016117572781
v -0.004949997644871474 0.023951740935444842 0.011507869698107239
v -0.004949997644871474 0.023951740935444842 0.011507869698107239
v -0.005200001876801253 0.02335864119231702 0.011137016117572781
v -0.005200001876801253 0.02390514872968198 0.011556002311408516
v -0.004949997644871474 0.023951740935444842 0.011507869698107239
v -0.005200001876801253 0.02390514872968198 0.011556002311408516
v -0.004949997644871474 0.024398058652877818 0.01205232925713062
v -0.004949997644871474 0.024398058652877818 0.01205232925713062
v -0.005200001876801253 0.02390514872968198 0.011556002311408516
v -0.005200001876801253 0.02434172108769418 0.012088569812476632
v -0.004949997644871474 0.024398058652877818 0.01205232925713062
v -0.005200001876801253 0.02434172108769418 0.012088569812476632
v -0.004949997644871474 0.02470846287906171 0.012684216722846028
v -0.004949997644871474 0.02470846287906171 0.012684216722846028
v -0.005200001876801253 0.02434172108769418 0.012088569812476632
v -0.005200001876801253 0.024645349010825168 0.012706656008958813
v -0.004949997644871474 0.02470846287906171 0.012684216722846028
v -0.005200001876801253 0.024645349010825168 0.012706656008958813
v -0.004949997644871474 0.024866603314876567 0.013370238244533534
v -0.004949997644871474 0.024866603314876567 0.013370238244533534
v -0.005200001876801253 0.024645349010825168 0.012706656008958813
v -0.005200001876801253 0.024800032377243052 0.013377694413065905
v -0.004949997644871474 0.024866603314876567 0.013370238244533534
v -0.005200001876801253 0.024800032377243052 0.013377694413065905
v -0.004949997644871474 0.02486414648592473 0.014074247330427165
v -0.004949997644871474 0.02486414648592473 0.014074247330427165
v -0.005200001876801253 0.024800032377243052 0.013377694413065905
v -0.005200001876801253 0.024797631427645694 0.014066325500607485
v -0.004949997644871474 0.02486414648592473 0.014074247330427165
v -0.005200001876801253 0.024797631427645694 0.014066325500607485
v -0.0050449478439986714 0.024820780381560336 0.014080202206969256
v 0.004300002474337817 0.007490910124033693 0.0003691186720971017
v -0.004700000863522292 0.007490910124033693 0.0003691186720971017
v 0.004300002474337817 0.007612529210746292 0.0014139808481559153
v 0.004300002474337817 0.007612529210746292 0.0014139808481559153
v -0.004700000863522292 0.007490910124033693 0.0003691186720971017
v -0.004700000863522292 0.007612529210746292 0.0014139808481559153
v 0.004300002474337817 0.007612529210746292 0.0014139808481559153
v -0.004700000863522292 0.007612529210746292 0.0014139808481559153
v 0.004300002474337817 0.008066375739872459 0.0023629541974514714
v 0.004300002474337817 0.008066375739872459 0.0023629541974514714
v -0.004700000863522292 0.007612529210746292 0.0014139808481559153
v -0.004700000863522292 0.008066375739872459 0.0023629541974514714
v 0.004300002474337817 0.0005782778607681396 0.008666925132274624
v -0.004700000863522292 0.0005782778607681396 0.008666925132274624
v 0.004300002474337817 -0.00029990283655934047 0.00781928468495607
v 0.004300002474337817 -0.00029990283655934047 0.00781928468495607
v -0.004700000863522292 0.0005782778607681396 0.008666925132274624
v -0.004700000863522292 -0.00029990283655934047 0.00781928468495607
v 0.004300002474337817 -0.00029990283655934047 0.00781928468495607
v -0.004700000863522292 -0.00029990283655934047 0.00781928468495607
v 0.004300002474337817 -0.0014315752778202302 0.007362105417996642
v 0.004300002474337817 -0.0014315752778202302 0.007362105417996642
v -0.004700000863522292 -0.00029990283655934047 0.00781928468495607
v -0.004700000863522292 -0.0014315752778202302 0.007362105417996642
v 0.004300002474337817 -0.007354219444096092 0.0014715584693476553
v -0.004700000863522292 -0.007354219444096092 0.0014715584693476553
v 0.004300002474337817 -0.0076324134133756195 0.0006632249569520352
v 0.004300002474337817 -0.0076324134133756195 0.0006632249569520352
v -0.004700000863522292 -0.007354219444096092 0.0014715584693476553
v -0.004700000863522292 -0.0076324134133756195 0.0006632249569520352
v 0.004300002474337817 -0.0076324134133756195 0.0006632249569520352
v -0.004700000863522292 -0.0076324134133756195 0.0006632249569520352
v 0.004300002474337817 -0.00811469089239836 -4.2611452954588444e-05
v 0.004300002474337817 -0.00811469089239836 -4.2611452954588444e-05
v -0.004700000863522292 -0.0076324134133756195 0.0006632249569520352
v -0.004700000863522292 -0.00811469089239836 -4.2611452954588444e-05
v 0.004300002474337817 0.012223079800605779 0.02619444951415061
v -0.004700000863522292 0.012223079800605779 0.02619444951415061
v 0.004300002474337817 0.012060607783496385 0.025285532698035233
v 0.004300002474337817 0.012060607783496385 0.025285532698035233
v -0.004700000863522292 0.012223079800605779 0.02619444951415061
v -0.004700000863522292 0.012060607783496385 0.025285532698035233
v 0.004300002474337817 0.012060607783496385 0.025285532698035233
v -0.004700000863522292 0.012060607783496385 0.025285532698035233
v 0.004300002474337817 0.011645385064184671 0.02446084097027778
v 0.004300002474337817 0.011645385064184671 0.02446084097027778
v -0.004700000863522292 0.012060607783496385 0.025285532698035233
v -0.004700000863522292 0.011645385064184671 0.02446084097027778
v 0.004300002474337817 0.01904114149510861 0.008393207564949986
v -0.004700000863522292 0.01904114149510861 0.008393207564949986
v -0.004700000863522292 0.020667176693677913 0.007823132909834381
v 0.004300002474337817 0.01904114149510861 0.008393207564949986
v -0.004700000863522292 0.020667176693677913 0.007823132909834381
v 0.004300002474337817 0.020667176693677913 0.007823132909834381
v 0.004300002474337817 0.020667176693677913 0.007823132909834381
v -0.004700000863522292 0.020667176693677913 0.007823132909834381
v -0.004700000863522292 0.022388186305761348 0.0077386908233165715
v 0.004300002474337817 0.020667176693677913 0.007823132909834381
v -0.004700000863522292 0.022388186305761348 0.0077386908233165715
v 0.004300002474337817 0.022388186305761348 0.0077386908233165715
v 0.004300002474337817 0.022388186305761348 0.0077386908233165715
v -0.004700000863522292 0.022388186305761348 0.0077386908233165715
v -0.004700000863522292 0.02406221814453603 0.008146846666932103
v 0.004300002474337817 0.022388186305761348 0.0077386908233165715
v -0.004700000863522292 0.02406221814453603 0.008146846666932103
v 0.004300002474337817 0.02406221814453603 0.008146846666932103
v 0.004300002474337817 0.02406221814453603 0.008146846666932103
v -0.004700000863522292 0.02406221814453603 0.008146846666932103
v -0.004700000863522292 0.025551224127411853 0.009013938717544075
v 0.004300002474337817 0.02406221814453603 0.008146846666932103
v -0.004700000863522292 0.025551224127411853 0.009013938717544075
v 0.004300002474337817 0.025551224127411853 0.009013938717544075
v 0.004300002474337817 0.025551224127411853 0.009013938717544075
v -0.004700000863522292 0.025551224127411853 0.009013938717544075
v -0.004700000863522292 0.02673240378499032 0.010268454439938065
v 0.004300002474337817 0.025551224127411853 0.009013938717544075
v -0.004700000863522292 0.02673240378499032 0.010268454439938065
v 0.004300002474337817 0.02673240378499032 0.010268454439938065
v 0.004300002474337817 0.03132326900959016 0.016820093616843217
v -0.004700000863522292 0.03132326900959016 0.016820093616843217
v -0.004700000863522292 0.03214675933122636 0.018507039174437516
v 0.004300002474337817 0.03132326900959016 0.016820093616843217
v -0.004700000863522292 0.03214675933122636 0.018507039174437516
v 0.004300002474337817 0.03214675933122636 0.018507039174437516
v 0.004300002474337817 0.03214675933122636 0.018507039174437516
v -0.004700000863522292 0.03214675933122636 0.018507039174437516
v -0.004700000863522292 0.03240865841507913 0.020365893840789788
v 0.004300002474337817 0.03214675933122636 0.018507039174437516
v -0.004700000863522292 0.03240865841507913 0.020365893840789788
v 0.004300002474337817 0.03240865841507913 0.020365893840789788
v 0.004300002474337817 0.03240865841507913 0.020365893840789788
v -0.004700000863522292 0.03240865841507913 0.020365893840789788
v -0.004700000863522292 0.032083321362733855 0.022214701399207108
v 0.004300002474337817 0.03240865841507913 0.020365893840789788
v -0.004700000863522292 0.032083321362733855 0.022214701399207108
v 0.004300002474337817 0.032083321362733855 0.022214701399207108
v 0.004300002474337817 0.032083321362733855 0.022214701399207108
v -0.004700000863522292 0.032083321362733855 0.022214701399207108
v -0.004700000863522292 0.03120258636772634 0.023872485384345048
v 0.004300002474337817 0.032083321362733855 0.022214701399207108
v -0.004700000863522292 0.03120258636772634 0.023872485384345048
v 0.004300002474337817 0.03120258636772634 0.023872485384345048
v 0.004300002474337817 0.03120258636772634 0.023872485384345048
v -0.004700000863522292 0.03120258636772634 0.023872485384345048
v -0.004700000863522292 0.029852678999304785 0.025176970288157456
v 0.004300002474337817 0.03120258636772634 0.023872485384345048
v -0.004700000863522292 0.029852678999304785 0.025176970288157456
v 0.004300002474337817 0.029852678999304785 0.025176970288157456
usemtl material_CAD1EE
f 1 2 3
f 4 5 6
f 7 8 9
f 10 11 12
f 13 14 15
f 16 17 18
f 19 20 21
f 22 23 24
f 25 26 27
f 28 29 30
f 31 32 33
f 34 35 36
f 37 38 39
f 40 41 42
f 43 44 45
f 46 47 48
f 49 50 51
f 52 53 54
f 55 56 57
f 58 59 60
f 61 62 63
f 64 65 66
f 67 68 69
f 70 71 72
f 73 74 75
f 76 77 78
f 79 80 81
f 82 83 84
f 85 86 87
f 88 89 90
f 91 92 93
f 94 95 96
f 97 98 99
f 100 101 102
f 103 104 105
f 106 107 108
f 109 110 111
f 112 113 114
f 115 116 117
f 118 119 120
f 121 122 123
f 124 125 126
f 127 128 129
f 130 131 132
f 133 134 135
f 136 137 138
f 139 140 141
f 142 143 144
f 145 146 147
f 148 149 150
f 151 152 153
f 154 155 156
f 157 158 159
f 160 161 162
f 163 164 165
f 166 167 168
f 169 170 171
f 172 173 174
f 175 176 177
f 178 179 180
f 181 182 183
f 184 185 186
f 187 188 189
f 190 191 192
f 193 194 195
f 196 197 198
f 199 200 201
f 202 203 204
f 205 206 207
f 208 209 210
f 211 212 213
f 214 215 216
f 217 218 219
f 220 221 222
f 223 224 225
f 226 227 228
f 229 230 231
f 232 233 234
f 235 236 237
f 238 239 240
f 241 242 243
f 244 245 246
f 247 248 249
f 250 251 252
f 253 254 255
f 256 257 258
f 259 260 261
f 262 263 264
f 265 266 267
f 268 269 270
f 271 272 273
f 274 275 276
f 277 278 279
f 280 281 282
f 283 284 285
f 286 287 288
f 289 290 291
f 292 293 294
f 295 296 297
f 298 299 300
f 301 302 303
f 304 305 306
f 307 308 309
f 310 311 312
f 313 314 315
f 316 317 318
f 319 320 321
f 322 323 324
f 325 326 327
f 328 329 330
f 331 332 333
f 334 335 336
f 337 338 339
f 340 341 342
f 343 344 345
f 346 347 348
f 349 350 351
f 352 353 354
f 355 356 357
f 358 359 360
f 361 362 363
f 364 365 366
f 367 368 369
f 370 371 372
f 373 374 375
f 376 377 378
f 379 380 381
f 382 383 384
f 385 386 387
f 388 389 390
f 391 392 393
f 394 395 396
f 397 398 399
f 400 401 402
f 403 404 405
f 406 407 408
f 409 410 411
f 412 413 414
f 415 416 417
f 418 419 420
f 421 422 423
f 424 425 426
f 427 428 429
f 430 431 432
f 433 434 435
f 436 437 438
f 439 440 441
f 442 443 444
f 445 446 447
f 448 449 450
f 451 452 453
f 454 455 456
f 457 458 459
f 460 461 462
f 463 464 465
f 466 467 468
f 469 470 471
f 472 473 474
f 475 476 477
f 478 479 480
f 481 482 483
f 484 485 486
f 487 488 489
f 490 491 492
f 493 494 495
f 496 497 498
f 499 500 501
f 502 503 504
f 505 506 507
f 508 509 510
f 511 512 513
f 514 515 516
f 517 518 519
f 520 521 522
f 523 524 525
f 526 527 528
f 529 530 531
f 532 533 534
f 535 536 537
f 538 539 540
f 541 542 543
f 544 545 546
f 547 548 549
f 550 551 552
f 553 554 555
f 556 557 558
f 559 560 561
f 562 563 564
f 565 566 567
f 568 569 570
f 571 572 573
f 574 575 576
f 577 578 579
f 580 581 582
f 583 584 585
f 586 587 588
f 589 590 591
f 592 593 594
f 595 596 597
f 598 599 600
f 601 602 603
f 604 605 606
f 607 608 609
f 610 611 612
f 613 614 615
f 616 617 618
f 619 620 621
f 622 623 624
f 625 626 627
f 628 629 630
f 631 632 633
f 634 635 636
f 637 638 639
f 640 641 642
f 643 644 645
f 646 647 648
f 649 650 651
f 652 653 654
f 655 656 657
f 658 659 660
f 661 662 663
f 664 665 666
f 667 668 669
f 670 671 672
f 673 674 675
f 676 677 678
f 679 680 681
f 682 683 684
f 685 686 687
f 688 689 690
f 691 692 693
f 694 695 696
f 697 698 699
f 700 701 702
f 703 704 705
f 706 707 708
f 709 710 711
f 712 713 714
f 715 716 717
f 718 719 720
f 721 722 723
f 724 725 726
f 727 728 729
f 730 731 732
f 733 734 735
f 736 737 738
f 739 740 741
f 742 743 744
f 745 746 747
f 748 749 750
f 751 752 753
f 754 755 756
f 757 758 759
f 760 761 762
f 763 764 765
f 766 767 768
f 769 770 771
f 772 773 774
f 775 776 777
f 778 779 780
f 781 782 783
f 784 785 786
f 787 788 789
f 790 791 792
f 793 794 795
f 796 797 798
f 799 800 801
f 802 803 804
f 805 806 807
f 808 809 810
f 811 812 813
f 814 815 816
f 817 818 819
f 820 821 822
f 823 824 825
f 826 827 828
f 829 830 831
f 832 833 834
f 835 836 837
f 838 839 840
f 841 842 843
f 844 845 846
f 847 848 849
f 850 851 852
f 853 854 855
f 856 857 858
f 859 860 861
f 862 863 864
f 865 866 867
f 868 869 870
f 871 872 873
f 874 875 876
f 877 878 879
f 880 881 882
f 883 884 885
f 886 887 888
f 889 890 891
f 892 893 894
f 895 896 897
f 898 899 900
f 901 902 903
f 904 905 906
f 907 908 909
f 910 911 912
f 913 914 915
f 916 917 918
f 919 920 921
f 922 923 924
f 925 926 927
f 928 929 930
f 931 932 933
f 934 935 936
f 937 938 939
f 940 941 942
f 943 944 945
f 946 947 948
f 949 950 951
f 952 953 954
f 955 956 957
f 958 959 960
f 961 962 963
f 964 965 966
f 967 968 969
f 970 971 972
f 973 974 975
f 976 977 978
f 979 980 981
f 982 983 984
f 985 986 987
f 988 989 990
f 991 992 993
f 994 995 996
f 997 998 999
f 1000 1001 1002
f 1003 1004 1005
f 1006 1007 1008
f 1009 1010 1011
f 1012 1013 1014
f 1015 1016 1017
f 1018 1019 1020
f 1021 1022 1023
f 1024 1025 1026
f 1027 1028 1029
f 1030 1031 1032
f 1033 1034 1035
f 1036 1037 1038
f 1039 1040 1041
f 1042 1043 1044
f 1045 1046 1047
f 1048 1049 1050
f 1051 1052 1053
f 1054 1055 1056
f 1057 1058 1059
f 1060 1061 1062
f 1063 1064 1065
f 1066 1067 1068
f 1069 1070 1071
f 1072 1073 1074
f 1075 1076 1077
f 1078 1079 1080
f 1081 1082 1083
f 1084 1085 1086
f 1087 1088 1089
f 1090 1091 1092
f 1093 1094 1095
f 1096 1097 1098
f 1099 1100 1101
f 1102 1103 1104
f 1105 1106 1107
f 1108 1109 1110
f 1111 1112 1113
f 1114 1115 1116
f 1117 1118 1119
f 1120 1121 1122
f 1123 1124 1125
f 1126 1127 1128
f 1129 1130 1131
f 1132 1133 1134
f 1135 1136 1137
f 1138 1139 1140
f 1141 1142 1143
f 1144 1145 1146
f 1147 1148 1149
f 1150 1151 1152
f 1153 1154 1155
f 1156 1157 1158
f 1159 1160 1161
f 1162 1163 1164
f 1165 1166 1167
f 1168 1169 1170
f 1171 1172 1173
f 1174 1175 1176
f 1177 1178 1179
f 1180 1181 1182
f 1183 1184 1185
f 1186 1187 1188
f 1189 1190 1191
f 1192 1193 1194
f 1195 1196 1197
f 1198 1199 1200
f 1201 1202 1203
f 1204 1205 1206
f 1207 1208 1209
f 1210 1211 1212
f 1213 1214 1215
f 1216 1217 1218
f 1219 1220 1221
f 1222 1223 1224
f 1225 1226 1227
f 1228 1229 1230
f 1231 1232 1233
f 1234 1235 1236
f 1237 1238 1239
f 1240 1241 1242
f 1243 1244 1245
f 1246 1247 1248
f 1249 1250 1251
f 1252 1253 1254
f 1255 1256 1257
f 1258 1259 1260
f 1261 1262 1263
f 1264 1265 1266
f 1267 1268 1269
f 1270 1271 1272
f 1273 1274 1275
f 1276 1277 1278
f 1279 1280 1281
f 1282 1283 1284
f 1285 1286 1287
f 1288 1289 1290
f 1291 1292 1293
f 1294 1295 1296
f 1297 1298 1299
f 1300 1301 1302
f 1303 1304 1305
f 1306 1307 1308
f 1309 1310 1311
f 1312 1313 1314
f 1315 1316 1317
f 1318 1319 1320
f 1321 1322 1323
f 1324 1325 1326
f 1327 1328 1329
f 1330 1331 1332
f 1333 1334 1335
f 1336 1337 1338
f 1339 1340 1341
f 1342 1343 1344
f 1345 1346 1347
f 1348 1349 1350
f 1351 1352 1353
f 1354 1355 1356
f 1357 1358 1359
f 1360 1361 1362
f 1363 1364 1365
f 1366 1367 1368
f 1369 1370 1371
f 1372 1373 1374
f 1375 1376 1377
f 1378 1379 1380
f 1381 1382 1383
f 1384 1385 1386
f 1387 1388 1389
f 1390 1391 1392
f 1393 1394 1395
f 1396 1397 1398
f 1399 1400 1401
f 1402 1403 1404
f 1405 1406 1407
f 1408 1409 1410
f 1411 1412 1413
f 1414 1415 1416
f 1417 1418 1419
f 1420 1421 1422
f 1423 1424 1425
f 1426 1427 1428
f 1429 1430 1431
f 1432 1433 1434
f 1435 1436 1437
f 1438 1439 1440
f 1441 1442 1443
f 1444 1445 1446
f 1447 1448 1449
f 1450 1451 1452
f 1453 1454 1455
f 1456 1457 1458
f 1459 1460 1461
f 1462 1463 1464
f 1465 1466 1467
f 1468 1469 1470
f 1471 1472 1473
f 1474 1475 1476
f 1477 1478 1479
f 1480 1481 1482
f 1483 1484 1485
f 1486 1487 1488
f 1489 1490 1491
f 1492 1493 1494
f 1495 1496 1497
f 1498 1499 1500
f 1501 1502 1503
f 1504 1505 1506
f 1507 1508 1509
f 1510 1511 1512
f 1513 1514 1515
f 1516 1517 1518
f 1519 1520 1521
f 1522 1523 1524
f 1525 1526 1527
f 1528 1529 1530
f 1531 1532 1533
f 1534 1535 1536
f 1537 1538 1539
f 1540 1541 1542
f 1543 1544 1545
f 1546 1547 1548
f 1549 1550 1551
f 1552 1553 1554
f 1555 1556 1557
f 1558 1559 1560
f 1561 1562 1563
f 1564 1565 1566
f 1567 1568 1569
f 1570 1571 1572
f 1573 1574 1575
f 1576 1577 1578
f 1579 1580 1581
f 1582 1583 1584
f 1585 1586 1587
f 1588 1589 1590
f 1591 1592 1593
f 1594 1595 1596
f 1597 1598 1599
f 1600 1601 1602
f 1603 1604 1605
f 1606 1607 1608
f 1609 1610 1611
f 1612 1613 1614
f 1615 1616 1617
f 1618 1619 1620
f 1621 1622 1623
f 1624 1625 1626
f 1627 1628 1629
f 1630 1631 1632
f 1633 1634 1635
f 1636 1637 1638
f 1639 1640 1641
f 1642 1643 1644
f 1645 1646 1647
f 1648 1649 1650
f 1651 1652 1653
f 1654 1655 1656
f 1657 1658 1659
f 1660 1661 1662
f 1663 1664 1665
f 1666 1667 1668
f 1669 1670 1671
f 1672 1673 1674
f 1675 1676 1677
f 1678 1679 1680
f 1681 1682 1683
f 1684 1685 1686
f 1687 1688 1689
f 1690 1691 1692
f 1693 1694 1695
f 1696 1697 1698
f 1699 1700 1701
f 1702 1703 1704
f 1705 1706 1707
f 1708 1709 1710
f 1711 1712 1713
f 1714 1715 1716
f 1717 1718 1719
f 1720 1721 1722
f 1723 1724 1725
f 1726 1727 1728
f 1729 1730 1731
f 1732 1733 1734
f 1735 1736 1737
f 1738 1739 1740
f 1741 1742 1743
f 1744 1745 1746
f 1747 1748 1749
f 1750 1751 1752
f 1753 1754 1755
f 1756 1757 1758
f 1759 1760 1761
f 1762 1763 1764
f 1765 1766 1767
f 1768 1769 1770
f 1771 1772 1773
f 1774 1775 1776
f 1777 1778 1779
f 1780 1781 1782
f 1783 1784 1785
f 1786 1787 1788
f 1789 1790 1791
f 1792 1793 1794
f 1795 1796 1797
f 1798 1799 1800
f 1801 1802 1803
f 1804 1805 1806
f 1807 1808 1809
f 1810 1811 1812
f 1813 1814 1815
f 1816 1817 1818
f 1819 1820 1821
f 1822 1823 1824
f 1825 1826 1827
f 1828 1829 1830
f 1831 1832 1833
f 1834 1835 1836
f 1837 1838 1839
f 1840 1841 1842
f 1843 1844 1845
f 1846 1847 1848
f 1849 1850 1851
f 1852 1853 1854
f 1855 1856 1857
f 1858 1859 1860
f 1861 1862 1863
f 1864 1865 1866
f 1867 1868 1869
f 1870 1871 1872
f 1873 1874 1875
f 1876 1877 1878
f 1879 1880 1881
f 1882 1883 1884
f 1885 1886 1887
f 1888 1889 1890
f 1891 1892 1893
f 1894 1895 1896
f 1897 1898 1899
f 1900 1901 1902
f 1903 1904 1905
f 1906 1907 1908
f 1909 1910 1911
f 1912 1913 1914
f 1915 1916 1917
f 1918 1919 1920
f 1921 1922 1923
f 1924 1925 1926
f 1927 1928 1929
f 1930 1931 1932
f 1933 1934 1935
f 1936 1937 1938
f 1939 1940 1941
f 1942 1943 1944
f 1945 1946 1947
f 1948 1949 1950
f 1951 1952 1953
f 1954 1955 1956
f 1957 1958 1959
f 1960 1961 1962
f 1963 1964 1965
f 1966 1967 1968
f 1969 1970 1971
f 1972 1973 1974
f 1975 1976 1977
f 1978 1979 1980
f 1981 1982 1983
f 1984 1985 1986
f 1987 1988 1989
f 1990 1991 1992
f 1993 1994 1995
f 1996 1997 1998
f 1999 2000 2001
f 2002 2003 2004
f 2005 2006 2007
f 2008 2009 2010
f 2011 2012 2013
f 2014 2015 2016
f 2017 2018 2019
f 2020 2021 2022
f 2023 2024 2025
f 2026 2027 2028
f 2029 2030 2031
f 2032 2033 2034
f 2035 2036 2037
f 2038 2039 2040
f 2041 2042 2043
f 2044 2045 2046
f 2047 2048 2049
f 2050 2051 2052
f 2053 2054 2055
f 2056 2057 2058
f 2059 2060 2061
f 2062 2063 2064
f 2065 2066 2067
f 2068 2069 2070
f 2071 2072 2073
f 2074 2075 2076
f 2077 2078 2079
f 2080 2081 2082
f 2083 2084 2085
f 2086 2087 2088
f 2089 2090 2091
f 2092 2093 2094
f 2095 2096 2097
f 2098 2099 2100
f 2101 2102 2103
f 2104 2105 2106
f 2107 2108 2109
f 2110 2111 2112
f 2113 2114 2115
f 2116 2117 2118
f 2119 2120 2121
f 2122 2123 2124
f 2125 2126 2127
f 2128 2129 2130
f 2131 2132 2133
f 2134 2135 2136
f 2137 2138 2139
f 2140 2141 2142
f 2143 2144 2145
f 2146 2147 2148
f 2149 2150 2151
f 2152 2153 2154
f 2155 2156 2157
f 2158 2159 2160
f 2161 2162 2163
f 2164 2165 2166
f 2167 2168 2169
f 2170 2171 2172
f 2173 2174 2175
f 2176 2177 2178
f 2179 2180 2181
f 2182 2183 2184
f 2185 2186 2187
f 2188 2189 2190
f 2191 2192 2193
f 2194 2195 2196
f 2197 2198 2199
f 2200 2201 2202
f 2203 2204 2205
f 2206 2207 2208
f 2209 2210 2211
f 2212 2213 2214
f 2215 2216 2217
f 2218 2219 2220
f 2221 2222 2223
f 2224 2225 2226
f 2227 2228 2229
f 2230 2231 2232
f 2233 2234 2235
f 2236 2237 2238
f 2239 2240 2241
f 2242 2243 2244
f 2245 2246 2247
f 2248 2249 2250
f 2251 2252 2253
f 2254 2255 2256
f 2257 2258 2259
f 2260 2261 2262
f 2263 2264 2265
f 2266 2267 2268
f 2269 2270 2271
f 2272 2273 2274
f 2275 2276 2277
f 2278 2279 2280
f 2281 2282 2283
f 2284 2285 2286
f 2287 2288 2289
f 2290 2291 2292
f 2293 2294 2295
f 2296 2297 2298
f 2299 2300 2301
f 2302 2303 2304
f 2305 2306 2307
f 2308 2309 2310
f 2311 2312 2313
f 2314 2315 2316
f 2317 2318 2319
f 2320 2321 2322
f 2323 2324 2325
f 2326 2327 2328
f 2329 2330 2331
f 2332 2333 2334
f 2335 2336 2337
f 2338 2339 2340
f 2341 2342 2343
f 2344 2345 2346
f 2347 2348 2349
f 2350 2351 2352
f 2353 2354 2355
f 2356 2357 2358
f 2359 2360 2361
f 2362 2363 2364
f 2365 2366 2367
f 2368 2369 2370
f 2371 2372 2373
f 2374 2375 2376
f 2377 2378 2379
f 2380 2381 2382
f 2383 2384 2385
f 2386 2387 2388
f 2389 2390 2391
f 2392 2393 2394
f 2395 2396 2397
f 2398 2399 2400
f 2401 2402 2403
f 2404 2405 2406
f 2407 2408 2409
f 2410 2411 2412
f 2413 2414 2415
f 2416 2417 2418
f 2419 2420 2421
f 2422 2423 2424
f 2425 2426 2427
f 2428 2429 2430
f 2431 2432 2433
f 2434 2435 2436
f 2437 2438 2439
f 2440 2441 2442
f 2443 2444 2445
f 2446 2447 2448
f 2449 2450 2451
f 2452 2453 2454
f 2455 2456 2457
f 2458 2459 2460
f 2461 2462 2463
f 2464 2465 2466
f 2467 2468 2469
f 2470 2471 2472
f 2473 2474 2475
f 2476 2477 2478
f 2479 2480 2481
f 2482 2483 2484
f 2485 2486 2487
f 2488 2489 2490
f 2491 2492 2493
f 2494 2495 2496
f 2497 2498 2499
f 2500 2501 2502
f 2503 2504 2505
f 2506 2507 2508
f 2509 2510 2511
f 2512 2513 2514
f 2515 2516 2517
f 2518 2519 2520
f 2521 2522 2523
f 2524 2525 2526
f 2527 2528 2529
f 2530 2531 2532
f 2533 2534 2535
f 2536 2537 2538
f 2539 2540 2541
f 2542 2543 2544
f 2545 2546 2547
f 2548 2549 2550
f 2551 2552 2553
f 2554 2555 2556
f 2557 2558 2559
f 2560 2561 2562
f 2563 2564 2565
f 2566 2567 2568
f 2569 2570 2571
f 2572 2573 2574
f 2575 2576 2577
f 2578 2579 2580
f 2581 2582 2583
f 2584 2585 2586
f 2587 2588 2589
f 2590 2591 2592
f 2593 2594 2595
f 2596 2597 2598
f 2599 2600 2601
f 2602 2603 2604
f 2605 2606 2607
f 2608 2609 2610
f 2611 2612 2613
f 2614 2615 2616
f 2617 2618 2619
f 2620 2621 2622
f 2623 2624 2625
f 2626 2627 2628
f 2629 2630 2631
f 2632 2633 2634
f 2635 2636 2637
f 2638 2639 2640
f 2641 2642 2643
f 2644 2645 2646
f 2647 2648 2649
f 2650 2651 2652
f 2653 2654 2655
f 2656 2657 2658
f 2659 2660 2661
f 2662 2663 2664
f 2665 2666 2667
f 2668 2669 2670
f 2671 2672 2673
f 2674 2675 2676
f 2677 2678 2679
f 2680 2681 2682
f 2683 2684 2685
f 2686 2687 2688
f 2689 2690 2691
f 2692 2693 2694
f 2695 2696 2697
f 2698 2699 2700
f 2701 2702 2703
f 2704 2705 2706
f 2707 2708 2709
f 2710 2711 2712
f 2713 2714 2715
f 2716 2717 2718
f 2719 2720 2721
f 2722 2723 2724
f 2725 2726 2727
f 2728 2729 2730
f 2731 2732 2733
f 2734 2735 2736
f 2737 2738 2739
f 2740 2741 2742
f 2743 2744 2745
f 2746 2747 2748
f 2749 2750 2751
f 2752 2753 2754
f 2755 2756 2757
f 2758 2759 2760
f 2761 2762 2763
f 2764 2765 2766
f 2767 2768 2769
f 2770 2771 2772
f 2773 2774 2775
f 2776 2777 2778
f 2779 2780 2781
f 2782 2783 2784
f 2785 2786 2787
f 2788 2789 2790
f 2791 2792 2793
f 2794 2795 2796
f 2797 2798 2799
f 2800 2801 2802
f 2803 2804 2805
f 2806 2807 2808
f 2809 2810 2811
f 2812 2813 2814
f 2815 2816 2817
f 2818 2819 2820
f 2821 2822 2823
f 2824 2825 2826
f 2827 2828 2829
f 2830 2831 2832
f 2833 2834 2835
f 2836 2837 2838
f 2839 2840 2841
f 2842 2843 2844
f 2845 2846 2847
f 2848 2849 2850
f 2851 2852 2853
f 2854 2855 2856
f 2857 2858 2859
f 2860 2861 2862
f 2863 2864 2865
f 2866 2867 2868
f 2869 2870 2871
f 2872 2873 2874
f 2875 2876 2877
f 2878 2879 2880
f 2881 2882 2883
f 2884 2885 2886
f 2887 2888 2889
f 2890 2891 2892
f 2893 2894 2895
f 2896 2897 2898
f 2899 2900 2901
f 2902 2903 2904
f 2905 2906 2907
f 2908 2909 2910
f 2911 2912 2913
f 2914 2915 2916
f 2917 2918 2919
f 2920 2921 2922
f 2923 2924 2925
f 2926 2927 2928
f 2929 2930 2931
f 2932 2933 2934
f 2935 2936 2937
f 2938 2939 2940
f 2941 2942 2943
f 2944 2945 2946
f 2947 2948 2949
f 2950 2951 2952
f 2953 2954 2955
f 2956 2957 2958
f 2959 2960 2961
f 2962 2963 2964
f 2965 2966 2967
f 2968 2969 2970
f 2971 2972 2973
f 2974 2975 2976
f 2977 2978 2979
f 2980 2981 2982
f 2983 2984 2985
f 2986 2987 2988
f 2989 2990 2991
f 2992 2993 2994
f 2995 2996 2997
f 2998 2999 3000
f 3001 3002 3003
f 3004 3005 3006
f 3007 3008 3009
f 3010 3011 3012
f 3013 3014 3015
f 3016 3017 3018
f 3019 3020 3021
f 3022 3023 3024
f 3025 3026 3027
f 3028 3029 3030
f 3031 3032 3033
f 3034 3035 3036
f 3037 3038 3039
f 3040 3041 3042
f 3043 3044 3045
f 3046 3047 3048
f 3049 3050 3051
f 3052 3053 3054
f 3055 3056 3057
f 3058 3059 3060
f 3061 3062 3063
f 3064 3065 3066
f 3067 3068 3069
f 3070 3071 3072
f 3073 3074 3075
f 3076 3077 3078
f 3079 3080 3081
f 3082 3083 3084
f 3085 3086 3087
f 3088 3089 3090
f 3091 3092 3093
f 3094 3095 3096
f 3097 3098 3099
f 3100 3101 3102
f 3103 3104 3105
f 3106 3107 3108
f 3109 3110 3111
f 3112 3113 3114
f 3115 3116 3117
f 3118 3119 3120
f 3121 3122 3123
f 3124 3125 3126
f 3127 3128 3129
f 3130 3131 3132
f 3133 3134 3135
f 3136 3137 3138
f 3139 3140 3141
f 3142 3143 3144
f 3145 3146 3147
f 3148 3149 3150
f 3151 3152 3153
f 3154 3155 3156
f 3157 3158 3159
f 3160 3161 3162
f 3163 3164 3165
f 3166 3167 3168
f 3169 3170 3171
f 3172 3173 3174
f 3175 3176 3177
f 3178 3179 3180
f 3181 3182 3183
f 3184 3185 3186
f 3187 3188 3189
f 3190 3191 3192
f 3193 3194 3195
f 3196 3197 3198
f 3199 3200 3201
f 3202 3203 3204
f 3205 3206 3207
f 3208 3209 3210
f 3211 3212 3213
f 3214 3215 3216
f 3217 3218 3219
f 3220 3221 3222
f 3223 3224 3225
f 3226 3227 3228
f 3229 3230 3231
f 3232 3233 3234
f 3235 3236 3237
f 3238 3239 3240
f 3241 3242 3243
f 3244 3245 3246
f 3247 3248 3249
f 3250 3251 3252
f 3253 3254 3255
f 3256 3257 3258
f 3259 3260 3261
f 3262 3263 3264
f 3265 3266 3267
f 3268 3269 3270
f 3271 3272 3273
f 3274 3275 3276
f 3277 3278 3279
f 3280 3281 3282
f 3283 3284 3285
f 3286 3287 3288
f 3289 3290 3291
f 3292 3293 3294
f 3295 3296 3297
f 3298 3299 3300
f 3301 3302 3303
f 3304 3305 3306
f 3307 3308 3309
f 3310 3311 3312
f 3313 3314 3315
f 3316 3317 3318
f 3319 3320 3321
f 3322 3323 3324
f 3325 3326 3327
f 3328 3329 3330
f 3331 3332 3333
f 3334 3335 3336
f 3337 3338 3339
f 3340 3341 3342
f 3343 3344 3345
f 3346 3347 3348
f 3349 3350 3351
f 3352 3353 3354
f 3355 3356 3357
f 3358 3359 3360
f 3361 3362 3363
f 3364 3365 3366
f 3367 3368 3369
f 3370 3371 3372
f 3373 3374 3375
f 3376 3377 3378
f 3379 3380 3381
f 3382 3383 3384
f 3385 3386 3387
f 3388 3389 3390
f 3391 3392 3393
f 3394 3395 3396
f 3397 3398 3399
f 3400 3401 3402
f 3403 3404 3405
f 3406 3407 3408
f 3409 3410 3411
f 3412 3413 3414
f 3415 3416 3417
f 3418 3419 3420
f 3421 3422 3423
f 3424 3425 3426
f 3427 3428 3429
f 3430 3431 3432
f 3433 3434 3435
f 3436 3437 3438
f 3439 3440 3441
f 3442 3443 3444
f 3445 3446 3447
f 3448 3449 3450
f 3451 3452 3453
f 3454 3455 3456
f 3457 3458 3459
f 3460 3461 3462
f 3463 3464 3465
f 3466 3467 3468
f 3469 3470 3471
f 3472 3473 3474
f 3475 3476 3477
f 3478 3479 3480
f 3481 3482 3483
f 3484 3485 3486
f 3487 3488 3489
f 3490 3491 3492
f 3493 3494 3495
f 3496 3497 3498
f 3499 3500 3501
f 3502 3503 3504
f 3505 3506 3507
f 3508 3509 3510
f 3511 3512 3513
f 3514 3515 3516
f 3517 3518 3519
f 3520 3521 3522
f 3523 3524 3525
f 3526 3527 3528
f 3529 3530 3531
f 3532 3533 3534
f 3535 3536 3537
f 3538 3539 3540
f 3541 3542 3543
f 3544 3545 3546
f 3547 3548 3549
f 3550 3551 3552
f 3553 3554 3555
f 3556 3557 3558
f 3559 3560 3561
f 3562 3563 3564
f 3565 3566 3567
f 3568 3569 3570
f 3571 3572 3573
f 3574 3575 3576
f 3577 3578 3579
f 3580 3581 3582
f 3583 3584 3585
f 3586 3587 3588
f 3589 3590 3591
f 3592 3593 3594
f 3595 3596 3597
f 3598 3599 3600
f 3601 3602 3603
f 3604 3605 3606
f 3607 3608 3609
f 3610 3611 3612
f 3613 3614 3615
f 3616 3617 3618
f 3619 3620 3621
f 3622 3623 3624
f 3625 3626 3627
f 3628 3629 3630
f 3631 3632 3633
f 3634 3635 3636
f 3637 3638 3639
f 3640 3641 3642
f 3643 3644 3645
f 3646 3647 3648
f 3649 3650 3651
f 3652 3653 3654
f 3655 3656 3657
f 3658 3659 3660
f 3661 3662 3663
f 3664 3665 3666
f 3667 3668 3669
f 3670 3671 3672
f 3673 3674 3675
f 3676 3677 3678
f 3679 3680 3681
f 3682 3683 3684
f 3685 3686 3687
f 3688 3689 3690
f 3691 3692 3693
f 3694 3695 3696
f 3697 3698 3699
f 3700 3701 3702
f 3703 3704 3705
f 3706 3707 3708
f 3709 3710 3711
f 3712 3713 3714
f 3715 3716 3717
f 3718 3719 3720
f 3721 3722 3723
f 3724 3725 3726
f 3727 3728 3729
f 3730 3731 3732
f 3733 3734 3735
f 3736 3737 3738
f 3739 3740 3741
f 3742 3743 3744
f 3745 3746 3747
f 3748 3749 3750
f 3751 3752 3753
f 3754 3755 3756
f 3757 3758 3759
f 3760 3761 3762
f 3763 3764 3765
f 3766 3767 3768
f 3769 3770 3771
f 3772 3773 3774
f 3775 3776 3777
f 3778 3779 3780
f 3781 3782 3783
f 3784 3785 3786
f 3787 3788 3789
f 3790 3791 3792
f 3793 3794 3795
f 3796 3797 3798
f 3799 3800 3801
f 3802 3803 3804
f 3805 3806 3807
f 3808 3809 3810
f 3811 3812 3813
f 3814 3815 3816
f 3817 3818 3819
f 3820 3821 3822
f 3823 3824 3825
f 3826 3827 3828
f 3829 3830 3831
f 3832 3833 3834
f 3835 3836 3837
f 3838 3839 3840
f 3841 3842 3843
f 3844 3845 3846
f 3847 3848 3849
f 3850 3851 3852
f 3853 3854 3855
f 3856 3857 3858
f 3859 3860 3861
f 3862 3863 3864
f 3865 3866 3867
f 3868 3869 3870
f 3871 3872 3873
f 3874 3875 3876
f 3877 3878 3879
f 3880 3881 3882
f 3883 3884 3885
f 3886 3887 3888
f 3889 3890 3891
f 3892 3893 3894
f 3895 3896 3897
f 3898 3899 3900
f 3901 3902 3903
f 3904 3905 3906
f 3907 3908 3909
f 3910 3911 3912
f 3913 3914 3915
f 3916 3917 3918
f 3919 3920 3921
f 3922 3923 3924
f 3925 3926 3927
f 3928 3929 3930
f 3931 3932 3933
f 3934 3935 3936
f 3937 3938 3939
f 3940 3941 3942
f 3943 3944 3945
f 3946 3947 3948
f 3949 3950 3951
f 3952 3953 3954
f 3955 3956 3957
f 3958 3959 3960
f 3961 3962 3963
f 3964 3965 3966
f 3967 3968 3969
f 3970 3971 3972
f 3973 3974 3975
f 3976 3977 3978
f 3979 3980 3981
f 3982 3983 3984
f 3985 3986 3987
f 3988 3989 3990
f 3991 3992 3993
f 3994 3995 3996
f 3997 3998 3999
f 4000 4001 4002
f 4003 4004 4005
f 4006 4007 4008
f 4009 4010 4011
f 4012 4013 4014
f 4015 4016 4017
f 4018 4019 4020
f 4021 4022 4023
f 4024 4025 4026
f 4027 4028 4029
f 4030 4031 4032
f 4033 4034 4035
f 4036 4037 4038
f 4039 4040 4041
f 4042 4043 4044
f 4045 4046 4047
f 4048 4049 4050
f 4051 4052 4053
f 4054 4055 4056
f 4057 4058 4059
f 4060 4061 4062
f 4063 4064 4065
f 4066 4067 4068
f 4069 4070 4071
f 4072 4073 4074
f 4075 4076 4077
f 4078 4079 4080
f 4081 4082 4083
f 4084 4085 4086
f 4087 4088 4089
f 4090 4091 4092
f 4093 4094 4095
f 4096 4097 4098
f 4099 4100 4101
f 4102 4103 4104
f 4105 4106 4107
f 4108 4109 4110
f 4111 4112 4113
f 4114 4115 4116
f 4117 4118 4119
f 4120 4121 4122
f 4123 4124 4125
f 4126 4127 4128
f 4129 4130 4131
f 4132 4133 4134
f 4135 4136 4137
f 4138 4139 4140
f 4141 4142 4143
f 4144 4145 4146
f 4147 4148 4149
f 4150 4151 4152
f 4153 4154 4155
f 4156 4157 4158
f 4159 4160 4161
f 4162 4163 4164
f 4165 4166 4167
f 4168 4169 4170
f 4171 4172 4173
f 4174 4175 4176
f 4177 4178 4179
f 4180 4181 4182
f 4183 4184 4185
f 4186 4187 4188
f 4189 4190 4191
f 4192 4193 4194
f 4195 4196 4197
f 4198 4199 4200
f 4201 4202 4203
f 4204 4205 4206
f 4207 4208 4209
f 4210 4211 4212
f 4213 4214 4215
f 4216 4217 4218
f 4219 4220 4221
f 4222 4223 4224
f 4225 4226 4227
f 4228 4229 4230
f 4231 4232 4233
f 4234 4235 4236
f 4237 4238 4239
f 4240 4241 4242
f 4243 4244 4245
f 4246 4247 4248
f 4249 4250 4251
f 4252 4253 4254
f 4255 4256 4257
f 4258 4259 4260
f 4261 4262 4263
f 4264 4265 4266
f 4267 4268 4269
f 4270 4271 4272
f 4273 4274 4275
f 4276 4277 4278
f 4279 4280 4281
f 4282 4283 4284
f 4285 4286 4287
f 4288 4289 4290
f 4291 4292 4293
f 4294 4295 4296
f 4297 4298 4299
f 4300 4301 4302
f 4303 4304 4305
f 4306 4307 4308
f 4309 4310 4311
f 4312 4313 4314
f 4315 4316 4317
f 4318 4319 4320
f 4321 4322 4323
f 4324 4325 4326
f 4327 4328 4329
f 4330 4331 4332
f 4333 4334 4335
f 4336 4337 4338
f 4339 4340 4341
f 4342 4343 4344
f 4345 4346 4347
f 4348 4349 4350
f 4351 4352 4353
f 4354 4355 4356
f 4357 4358 4359
f 4360 4361 4362
f 4363 4364 4365
f 4366 4367 4368
f 4369 4370 4371
f 4372 4373 4374
f 4375 4376 4377
f 4378 4379 4380
f 4381 4382 4383
f 4384 4385 4386
f 4387 4388 4389
f 4390 4391 4392
f 4393 4394 4395
f 4396 4397 4398
f 4399 4400 4401
f 4402 4403 4404
f 4405 4406 4407
f 4408 4409 4410
f 4411 4412 4413
f 4414 4415 4416
f 4417 4418 4419
f 4420 4421 4422
f 4423 4424 4425
f 4426 4427 4428
f 4429 4430 4431
f 4432 4433 4434
f 4435 4436 4437
f 4438 4439 4440
f 4441 4442 4443
f 4444 4445 4446
f 4447 4448 4449
f 4450 4451 4452
f 4453 4454 4455
f 4456 4457 4458
f 4459 4460 4461
f 4462 4463 4464
f 4465 4466 4467
f 4468 4469 4470
f 4471 4472 4473
f 4474 4475 4476
f 4477 4478 4479
f 4480 4481 4482
f 4483 4484 4485
f 4486 4487 4488
f 4489 4490 4491
f 4492 4493 4494
f 4495 4496 4497
f 4498 4499 4500
f 4501 4502 4503
f 4504 4505 4506
f 4507 4508 4509
f 4510 4511 4512
f 4513 4514 4515
f 4516 4517 4518
f 4519 4520 4521
f 4522 4523 4524
f 4525 4526 4527
f 4528 4529 4530
f 4531 4532 4533
f 4534 4535 4536
f 4537 4538 4539
f 4540 4541 4542
f 4543 4544 4545
f 4546 4547 4548
f 4549 4550 4551
f 4552 4553 4554
f 4555 4556 4557
f 4558 4559 4560
f 4561 4562 4563
f 4564 4565 4566
f 4567 4568 4569
f 4570 4571 4572
f 4573 4574 4575
f 4576 4577 4578
f 4579 4580 4581
f 4582 4583 4584
f 4585 4586 4587
f 4588 4589 4590
f 4591 4592 4593
f 4594 4595 4596
f 4597 4598 4599
f 4600 4601 4602
f 4603 4604 4605
f 4606 4607 4608
f 4609 4610 4611
f 4612 4613 4614
f 4615 4616 4617
f 4618 4619 4620
f 4621 4622 4623
f 4624 4625 4626
f 4627 4628 4629
f 4630 4631 4632
f 4633 4634 4635
f 4636 4637 4638
f 4639 4640 4641
f 4642 4643 4644
f 4645 4646 4647
f 4648 4649 4650
f 4651 4652 4653
f 4654 4655 4656
f 4657 4658 4659
f 4660 4661 4662
f 4663 4664 4665
f 4666 4667 4668
f 4669 4670 4671
f 4672 4673 4674
f 4675 4676 4677
f 4678 4679 4680
f 4681 4682 4683
f 4684 4685 4686
f 4687 4688 4689
f 4690 4691 4692
f 4693 4694 4695
f 4696 4697 4698
