mtllib left_inner_finger_Finger4_01_Finger4.mtl
v -0.08560733497142793 0.1442266404628754 -0.0037244746927171946
v -0.08589237928390504 0.1442266404628754 -0.0036259200423955917
v -0.08582331240177156 0.1442266404628754 -0.003635013708844781
v -0.08554935455322267 0.1442266404628754 -0.0037689690943807364
v -0.0854218751192093 0.1442266404628754 -0.0038667861372232437
v -0.08527955412864686 0.1442266404628754 -0.004052250180393457
v -0.0851900950074196 0.1442266404628754 -0.004268227610737085
v -0.08536722511053087 0.1442266404628754 -0.003937996923923492
v -0.0851595848798752 0.1442266404628754 -0.004500000271946192
v -0.08518468588590623 0.1442266404628754 -0.004309308249503374
v -0.08527955412864686 0.1442266404628754 -0.004947749897837639
v -0.0851900950074196 0.1442266404628754 -0.004731772467494011
v -0.08536722511053087 0.1442266404628754 -0.0050620026886463165
v -0.0854218751192093 0.1442266404628754 -0.0051332139410078526
v -0.08560733497142793 0.1442266404628754 -0.005275525618344545
v -0.08582331240177156 0.1442266404628754 -0.005364986602216959
v -0.08554935455322267 0.1442266404628754 -0.005231031216681004
v -0.08605508506298067 0.1442266404628754 -0.005395499989390373
v -0.08589237928390504 0.1442266404628754 -0.0053740800358355045
v -0.0865028351545334 0.1442266404628754 -0.005275525618344545
v -0.08628686517477037 0.1442266404628754 -0.005364986602216959
v -0.08656082302331926 0.1442266404628754 -0.005231031216681004
v -0.08668829500675203 0.1442266404628754 -0.0051332139410078526
v -0.08683060854673387 0.1442266404628754 -0.004947749897837639
v -0.08692007511854173 0.1442266404628754 -0.004731772467494011
v -0.08674294501543046 0.1442266404628754 -0.0050620026886463165
v -0.08695058524608613 0.1442266404628754 -0.004500000271946192
v -0.0869254842400551 0.1442266404628754 -0.004690691363066435
v -0.08683060854673387 0.1442266404628754 -0.004052250180393457
v -0.08692007511854173 0.1442266404628754 -0.004268227610737085
v -0.08674294501543046 0.1442266404628754 -0.003937996923923492
v -0.08668829500675203 0.1442266404628754 -0.0038667861372232437
v -0.08656082302331926 0.1442266404628754 -0.0037689690943807364
v -0.0865028351545334 0.1442266404628754 -0.0037244746927171946
v -0.08605508506298067 0.1442266404628754 -0.003604500088840723
v -0.08628686517477037 0.1442266404628754 -0.003635013708844781
v -0.08552527427673341 0.1442973464727402 -0.003937387373298407
v -0.08623481541872026 0.14437887072563174 -0.00506261270493269
v -0.08658489584922792 0.1442973464727402 -0.00506261270493269
v -0.08623481541872026 0.14437887072563174 -0.003937387373298407
v -0.08658489584922792 0.1442973464727402 -0.003937387373298407
v -0.0866140201687813 0.14437887072563174 -0.004309147596359253
v -0.0866140201687813 0.14437887072563174 -0.004690852481871843
v -0.08587535470724107 0.14437887072563174 -0.00506261270493269
v -0.08552527427673341 0.1442973464727402 -0.00506261270493269
v -0.08549614995718004 0.14437887072563174 -0.004690852481871843
v -0.08549614995718004 0.14437887072563174 -0.004309147596359253
v -0.08587535470724107 0.14437887072563174 -0.003937387373298407
v -0.08624469488859178 0.14446488022804263 -0.004309147596359253
v -0.08624469488859178 0.14446488022804263 -0.004690852481871843
v -0.08586547523736955 0.14446488022804263 -0.004309147596359253
v -0.08586547523736955 0.14446488022804263 -0.004690852481871843
v -0.08605508506298067 0.14383664727211 -0.0035000001080334187
v -0.0863139033317566 0.14383664727211 -0.0035340741742402315
v -0.08676218986511232 0.14383664727211 -0.0037928931415081024
v -0.08655508607625963 0.14383664727211 -0.0036339745856821537
v -0.0869211107492447 0.14383664727211 -0.004000000189989805
v -0.08702101558446886 0.14383664727211 -0.004241181071847677
v -0.08702101558446886 0.14383664727211 -0.004758819006383419
v -0.08705507963895799 0.14383664727211 -0.004500000271946192
v -0.08676218986511232 0.14383664727211 -0.005207106936722994
v -0.0869211107492447 0.14383664727211 -0.004999999888241291
v -0.08655508607625963 0.14383664727211 -0.0053660254925489426
v -0.0863139033317566 0.14383664727211 -0.005465925671160221
v -0.08579627424478532 0.14383664727211 -0.005465925671160221
v -0.08605508506298067 0.14383664727211 -0.005499999970197678
v -0.08534798026084901 0.14383664727211 -0.005207106936722994
v -0.0855550840497017 0.14383664727211 -0.0053660254925489426
v -0.08518905937671663 0.14383664727211 -0.004999999888241291
v -0.08508915454149248 0.14383664727211 -0.004758819006383419
v -0.08508915454149248 0.14383664727211 -0.004241181071847677
v -0.08505508303642274 0.14383664727211 -0.004500000271946192
v -0.08534798026084901 0.14383664727211 -0.0037928931415081024
v -0.08518905937671663 0.14383664727211 -0.004000000189989805
v -0.0855550840497017 0.14383664727211 -0.0036339745856821537
v -0.08579627424478532 0.14383664727211 -0.0035340741742402315
v -0.08605508506298067 0.14228664338588717 -0.005499999970197678
v -0.0863139033317566 0.14228664338588717 -0.005465925671160221
v -0.08655508607625963 0.14228664338588717 -0.0053660254925489426
v -0.08676218986511232 0.14228664338588717 -0.005207106936722994
v -0.0869211107492447 0.14228664338588717 -0.004999999888241291
v -0.08702101558446886 0.14228664338588717 -0.004758819006383419
v -0.08705507963895799 0.14228664338588717 -0.004500000271946192
v -0.08702101558446886 0.14228664338588717 -0.004241181071847677
v -0.0869211107492447 0.14228664338588717 -0.004000000189989805
v -0.08676218986511232 0.14228664338588717 -0.0037928931415081024
v -0.08655508607625963 0.14228664338588717 -0.0036339745856821537
v -0.0863139033317566 0.14228664338588717 -0.0035340741742402315
v -0.08605508506298067 0.14228664338588717 -0.0035000001080334187
v -0.08579627424478532 0.14228664338588717 -0.0035340741742402315
v -0.0855550840497017 0.14228664338588717 -0.0036339745856821537
v -0.08534798026084901 0.14228664338588717 -0.0037928931415081024
v -0.08518905937671663 0.14228664338588717 -0.004000000189989805
v -0.08508915454149248 0.14228664338588717 -0.004241181071847677
v -0.08505508303642274 0.14228664338588717 -0.004500000271946192
v -0.08508915454149248 0.14228664338588717 -0.004758819006383419
v -0.08518905937671663 0.14228664338588717 -0.004999999888241291
v -0.08534798026084901 0.14228664338588717 -0.005207106936722994
v -0.0855550840497017 0.14228664338588717 -0.0053660254925489426
v -0.08579627424478532 0.14228664338588717 -0.005465925671160221
v -0.08480508625507356 0.14228664338588717 0.0021650635171681643
v -0.0855550840497017 0.14228664338588717 0.0036339745856821537
v -0.08534798026084901 0.14228664338588717 0.0037928931415081024
v -0.08579627424478532 0.14228664338588717 0.0035340741742402315
v -0.08605508506298067 0.14228664338588717 0.0024999999441206455
v -0.08670213073492052 0.14228664338588717 0.0024148146621882915
v -0.0863139033317566 0.14228664338588717 0.0035340741742402315
v -0.08655508607625963 0.14228664338588717 0.0036339745856821537
v -0.08730508387088777 0.14228664338588717 0.0021650635171681643
v -0.0878228545188904 0.14228664338588717 0.0017677668947726488
v -0.08676218986511232 0.14228664338588717 0.0037928931415081024
v -0.08540803939104082 0.14228664338588717 -0.0024148146621882915
v -0.08540803939104082 0.14228664338588717 0.0024148146621882915
v -0.08605508506298067 0.14228664338588717 0.0035000001080334187
v -0.0869211107492447 0.14228664338588717 0.004000000189989805
v -0.08605508506298067 0.14228664338588717 -0.0024999999441206455
v -0.07435508072376253 0.14228664338588717 0.008100000210106373
v -0.08518905937671663 0.14228664338588717 0.004999999888241291
v -0.08534798026084901 0.14228664338588717 0.005207106936722994
v -0.08518905937671663 0.14228664338588717 0.004000000189989805
v -0.07355508208274843 0.14228664338588717 -0.007300000172108412
v -0.08389002084732057 0.14228664338588717 0.0012499999720603228
v -0.07435508072376253 0.14228664338588717 -0.008100000210106373
v -0.09055509418249132 0.14228664338588717 0.008100000210106373
v -0.08579627424478532 0.14228664338588717 0.005465925671160221
v -0.0855550840497017 0.14228664338588717 0.0053660254925489426
v -0.07355508208274843 0.14228664338588717 0.007300000172108412
v -0.08505508303642274 0.14228664338588717 0.004500000271946192
v -0.08428731560707094 0.14228664338588717 0.0017677668947726488
v -0.0878228545188904 0.14228664338588717 -0.0017677668947726488
v -0.08730508387088777 0.14228664338588717 -0.0021650635171681643
v -0.08670213073492052 0.14228664338588717 -0.0024148146621882915
v -0.08389002084732057 0.14228664338588717 -0.0012499999720603228
v -0.09055509418249132 0.14228664338588717 -0.008100000210106373
v -0.09135508537292482 0.14228664338588717 0.007300000172108412
v -0.08676218986511232 0.14228664338588717 0.005207106936722994
v -0.08605508506298067 0.14228664338588717 0.005499999970197678
v -0.0863139033317566 0.14228664338588717 0.005465925671160221
v -0.08508915454149248 0.14228664338588717 0.004241181071847677
v -0.08355507999658586 0.14228664338588717 -2.4289164747395614e-16
v -0.08364026993513109 0.14228664338588717 0.00064704759279266
v -0.08480508625507356 0.14228664338588717 -0.0021650635171681643
v -0.09135508537292482 0.14228664338588717 -0.007300000172108412
v -0.08655508607625963 0.14228664338588717 0.0053660254925489426
v -0.08822014927864076 0.14228664338588717 -0.0012499999720603228
v -0.08428731560707094 0.14228664338588717 -0.0017677668947726488
v -0.08364026993513109 0.14228664338588717 -0.00064704759279266
v -0.0869211107492447 0.14228664338588717 0.004999999888241291
v -0.08702101558446886 0.14228664338588717 0.004758819006383419
v -0.08508915454149248 0.14228664338588717 0.004758819006383419
v -0.08822014927864076 0.14228664338588717 0.0012499999720603228
v -0.08846990019083024 0.14228664338588717 -0.00064704759279266
v -0.08702101558446886 0.14228664338588717 0.004241181071847677
v -0.08855508267879487 0.14228664338588717 -2.5521851795534797e-16
v -0.08705507963895799 0.14228664338588717 0.004500000271946192
v -0.08846990019083024 0.14228664338588717 0.00064704759279266
v -0.07355508208274843 0.13578663766384128 -0.007300000172108412
v -0.07355508208274843 0.13578663766384128 0.007300000172108412
v -0.09522530436515811 0.13561686873435977 0.008100000210106373
v -0.09368385374546052 0.1364022791385651 0.008100000210106373
v -0.09413120895624164 0.13706551492214206 0.007300000172108412
v -0.0923781991004944 0.13753727078437808 0.008100000210106373
v -0.09297271072864534 0.13807258009910586 0.007300000172108412
v -0.0913859009742737 0.13895441591739657 0.008100000210106373
v -0.09209226071834566 0.1393299996852875 0.007300000172108412
v -0.09076591581106187 0.14056952297687533 0.008100000210106373
v -0.09154215455055238 0.14076305925846103 0.007300000172108412
v -0.09549891948699954 0.13636863231658938 0.007300000172108412
v -0.09076591581106187 0.14056952297687533 -0.008100000210106373
v -0.09154215455055238 0.14076305925846103 -0.007300000172108412
v -0.0913859009742737 0.13895441591739657 -0.008100000210106373
v -0.09209226071834566 0.1393299996852875 -0.007300000172108412
v -0.0923781991004944 0.13753727078437808 -0.008100000210106373
v -0.09297271072864534 0.13807258009910586 -0.007300000172108412
v -0.09368385374546052 0.1364022791385651 -0.008100000210106373
v -0.09413120895624164 0.13706551492214206 -0.007300000172108412
v -0.09522530436515811 0.13561686873435977 -0.008100000210106373
v -0.09549891948699954 0.13636863231658938 -0.007300000172108412
v -0.08605508506298067 0.14383664727211 0.0035000001080334187
v -0.0863139033317566 0.14383664727211 0.0035340741742402315
v -0.08655508607625963 0.14383664727211 0.0036339745856821537
v -0.08676218986511232 0.14383664727211 0.0037928931415081024
v -0.0869211107492447 0.14383664727211 0.004000000189989805
v -0.08702101558446886 0.14383664727211 0.004241181071847677
v -0.08705507963895799 0.14383664727211 0.004500000271946192
v -0.08702101558446886 0.14383664727211 0.004758819006383419
v -0.0869211107492447 0.14383664727211 0.004999999888241291
v -0.08676218986511232 0.14383664727211 0.005207106936722994
v -0.08655508607625963 0.14383664727211 0.0053660254925489426
v -0.0863139033317566 0.14383664727211 0.005465925671160221
v -0.08605508506298067 0.14383664727211 0.005499999970197678
v -0.08579627424478532 0.14383664727211 0.005465925671160221
v -0.0855550840497017 0.14383664727211 0.0053660254925489426
v -0.08534798026084901 0.14383664727211 0.005207106936722994
v -0.08518905937671663 0.14383664727211 0.004999999888241291
v -0.08508915454149248 0.14383664727211 0.004758819006383419
v -0.08505508303642274 0.14383664727211 0.004500000271946192
v -0.08508915454149248 0.14383664727211 0.004241181071847677
v -0.08518905937671663 0.14383664727211 0.004000000189989805
v -0.08534798026084901 0.14383664727211 0.0037928931415081024
v -0.0855550840497017 0.14383664727211 0.0036339745856821537
v -0.08579627424478532 0.14383664727211 0.0035340741742402315
v -0.08605508506298067 0.1442266404628754 0.005395499989390373
v -0.08628686517477037 0.1442266404628754 0.005364986602216959
v -0.0865028351545334 0.1442266404628754 0.005275525618344545
v -0.08656082302331926 0.1442266404628754 0.005231031216681004
v -0.08674294501543046 0.1442266404628754 0.0050620026886463165
v -0.08668829500675203 0.1442266404628754 0.0051332139410078526
v -0.08683060854673387 0.1442266404628754 0.004947749897837639
v -0.08692007511854173 0.1442266404628754 0.004731772467494011
v -0.08695058524608613 0.1442266404628754 0.004500000271946192
v -0.0869254842400551 0.1442266404628754 0.004309308249503374
v -0.08692007511854173 0.1442266404628754 0.004268227610737085
v -0.08683060854673387 0.1442266404628754 0.004052250180393457
v -0.08674294501543046 0.1442266404628754 0.003937996923923492
v -0.08656082302331926 0.1442266404628754 0.0037689690943807364
v -0.08668829500675203 0.1442266404628754 0.0038667861372232437
v -0.0865028351545334 0.1442266404628754 0.0037244746927171946
v -0.08628686517477037 0.1442266404628754 0.003635013708844781
v -0.08605508506298067 0.1442266404628754 0.003604500088840723
v -0.08589237928390504 0.1442266404628754 0.0036259200423955917
v -0.08582331240177156 0.1442266404628754 0.003635013708844781
v -0.08560733497142793 0.1442266404628754 0.0037244746927171946
v -0.08554935455322267 0.1442266404628754 0.0037689690943807364
v -0.08536722511053087 0.1442266404628754 0.003937996923923492
v -0.0854218751192093 0.1442266404628754 0.0038667861372232437
v -0.08527955412864686 0.1442266404628754 0.004052250180393457
v -0.0851900950074196 0.1442266404628754 0.004268227610737085
v -0.0851595848798752 0.1442266404628754 0.004500000271946192
v -0.08518468588590623 0.1442266404628754 0.004690691363066435
v -0.0851900950074196 0.1442266404628754 0.004731772467494011
v -0.08527955412864686 0.1442266404628754 0.004947749897837639
v -0.08536722511053087 0.1442266404628754 0.0050620026886463165
v -0.08554935455322267 0.1442266404628754 0.005231031216681004
v -0.0854218751192093 0.1442266404628754 0.0051332139410078526
v -0.08560733497142793 0.1442266404628754 0.005275525618344545
v -0.08582331240177156 0.1442266404628754 0.005364986602216959
v -0.08589237928390504 0.1442266404628754 0.0053740800358355045
v -0.08552527427673341 0.1442973464727402 0.00506261270493269
v -0.08623481541872026 0.14437887072563174 0.003937387373298407
v -0.08658489584922792 0.1442973464727402 0.003937387373298407
v -0.08623481541872026 0.14437887072563174 0.00506261270493269
v -0.08658489584922792 0.1442973464727402 0.00506261270493269
v -0.0866140201687813 0.14437887072563174 0.004690852481871843
v -0.0866140201687813 0.14437887072563174 0.004309147596359253
v -0.08587535470724107 0.14437887072563174 0.003937387373298407
v -0.08552527427673341 0.1442973464727402 0.003937387373298407
v -0.08549614995718004 0.14437887072563174 0.004309147596359253
v -0.08549614995718004 0.14437887072563174 0.004690852481871843
v -0.08587535470724107 0.14437887072563174 0.00506261270493269
v -0.08624469488859178 0.14446488022804263 0.004690852481871843
v -0.08624469488859178 0.14446488022804263 0.004309147596359253
v -0.08586547523736955 0.14446488022804263 0.004690852481871843
v -0.08586547523736955 0.14446488022804263 0.004309147596359253
v -0.08605508506298067 0.14608664810657504 0.0024999999441206455
v -0.08540803939104082 0.14608664810657504 0.0024148146621882915
v -0.08480508625507356 0.14608664810657504 0.0021650635171681643
v -0.08428731560707094 0.14608664810657504 0.0017677668947726488
v -0.08389002084732057 0.14608664810657504 0.0012499999720603228
v -0.08364026993513109 0.14608664810657504 0.00064704759279266
v -0.08355507999658586 0.14608664810657504 -2.4491539447340387e-16
v -0.08364026993513109 0.14608664810657504 -0.00064704759279266
v -0.08389002084732057 0.14608664810657504 -0.0012499999720603228
v -0.08428731560707094 0.14608664810657504 -0.0017677668947726488
v -0.08480508625507356 0.14608664810657504 -0.0021650635171681643
v -0.08540803939104082 0.14608664810657504 -0.0024148146621882915
v -0.08605508506298067 0.14608664810657504 -0.0024999999441206455
v -0.08670213073492052 0.14608664810657504 -0.0024148146621882915
v -0.08730508387088777 0.14608664810657504 -0.0021650635171681643
v -0.0878228545188904 0.14608664810657504 -0.0017677668947726488
v -0.08822014927864076 0.14608664810657504 -0.0012499999720603228
v -0.08846990019083024 0.14608664810657504 -0.00064704759279266
v -0.08855508267879487 0.14608664810657504 -2.4374794484407103e-16
v -0.08846990019083024 0.14608664810657504 0.00064704759279266
v -0.08822014927864076 0.14608664810657504 0.0012499999720603228
v -0.0878228545188904 0.14608664810657504 0.0017677668947726488
v -0.08730508387088777 0.14608664810657504 0.0021650635171681643
v -0.08670213073492052 0.14608664810657504 0.0024148146621882915
v -0.08605508506298067 0.14628665149211886 -0.0027000000700354576
v -0.08535627275705339 0.14628665149211886 -0.002607999835163355
v -0.08470508456230165 0.14628665149211886 -0.0023382685612887144
v -0.08414589613676073 0.14628665149211886 -0.001909188344143331
v -0.08371682465076448 0.14628665149211886 -0.0013500000350177288
v -0.08344708383083345 0.14628665149211886 -0.0006988114328123629
v -0.08335508406162263 0.14628665149211886 -2.450171443061928e-16
v -0.08344708383083345 0.14628665149211886 0.0006988114328123629
v -0.08371682465076448 0.14628665149211886 0.0013500000350177288
v -0.08414589613676073 0.14628665149211886 0.001909188344143331
v -0.08470508456230165 0.14628665149211886 0.0023382685612887144
v -0.08535627275705339 0.14628665149211886 0.002607999835163355
v -0.08605508506298067 0.14628665149211886 0.0027000000700354576
v -0.08675390481948854 0.14628665149211886 0.002607999835163355
v -0.08740508556365968 0.14628665149211886 0.0023382685612887144
v -0.0879642739892006 0.14628665149211886 0.001909188344143331
v -0.08839335292577745 0.14628665149211886 0.0013500000350177288
v -0.08866309374570848 0.14628665149211886 0.0006988114328123629
v -0.0887550860643387 0.14628665149211886 -2.4375630929442517e-16
v -0.08866309374570848 0.14628665149211886 -0.0006988114328123629
v -0.08839335292577745 0.14628665149211886 -0.0013500000350177288
v -0.0879642739892006 0.14628665149211886 -0.001909188344143331
v -0.08740508556365968 0.14628665149211886 -0.0023382685612887144
v -0.08675390481948854 0.14628665149211886 -0.002607999835163355
v -0.08540627360343934 0.14613841474056247 -0.0024213972501456738
v -0.08480167388916017 0.14613841474056247 -0.0021709653083235025
v -0.08428249508142473 0.14613841474056247 -0.001772585790604353
v -0.0838841199874878 0.14613841474056247 -0.0012534074485301971
v -0.0836336836218834 0.14613841474056247 -0.0006488114013336599
v -0.08354827016592027 0.14613841474056247 -2.447755016882089e-16
v -0.0836336836218834 0.14613841474056247 0.0006488114013336599
v -0.0838841199874878 0.14613841474056247 0.0012534074485301971
v -0.08428249508142473 0.14613841474056247 0.001772585790604353
v -0.08480167388916017 0.14613841474056247 0.0021709653083235025
v -0.08540627360343934 0.14613841474056247 0.0024213972501456738
v -0.08605508506298067 0.14613841474056247 0.002506815129891038
v -0.08670390397310258 0.14613841474056247 0.0024213972501456738
v -0.08730848878622056 0.14613841474056247 0.0021709653083235025
v -0.0878276750445366 0.14613841474056247 0.001772585790604353
v -0.08822605013847352 0.14613841474056247 0.0012534074485301971
v -0.08847647905349733 0.14613841474056247 0.0006488114013336599
v -0.08856189996004106 0.14613841474056247 -2.4254899617701217e-16
v -0.08847647905349733 0.14613841474056247 -0.0006488114013336599
v -0.08822605013847352 0.14613841474056247 -0.0012534074485301971
v -0.0878276750445366 0.14613841474056247 -0.001772585790604353
v -0.08730848878622056 0.14613841474056247 -0.0021709653083235025
v -0.08670390397310258 0.14613841474056247 -0.0024213972501456738
v -0.08605508506298067 0.14613841474056247 -0.002506815129891038
v -0.08540110290050508 0.14618664979934695 -0.002440696582198143
v -0.0847916826605797 0.14618664979934695 -0.002188268583267927
v -0.08426836878061296 0.14618664979934695 -0.001786713837645948
v -0.08386681228876115 0.14618664979934695 -0.0012633975129574537
v -0.08361439406871797 0.14618664979934695 -0.0006539826281368732
v -0.08352829515933992 0.14618664979934695 -2.447908012208187e-16
v -0.08361439406871797 0.14618664979934695 0.0006539826281368732
v -0.08386681228876115 0.14618664979934695 0.0012633975129574537
v -0.08426836878061296 0.14618664979934695 0.001786713837645948
v -0.0847916826605797 0.14618664979934695 0.002188268583267927
v -0.08540110290050508 0.14618664979934695 0.002440696582198143
v -0.08605508506298067 0.14618664979934695 0.0025267950259149075
v -0.08670907467603685 0.14618664979934695 0.002440696582198143
v -0.08731848001480104 0.14618664979934695 0.002188268583267927
v -0.08784179389476778 0.14618664979934695 0.001786713837645948
v -0.08824335038661958 0.14618664979934695 0.0012633975129574537
v -0.08849578350782396 0.14618664979934695 0.0006539826281368732
v -0.08858187496662141 0.14618664979934695 -2.425465609572888e-16
v -0.08849578350782396 0.14618664979934695 -0.0006539826281368732
v -0.08824335038661958 0.14618664979934695 -0.0012633975129574537
v -0.08784179389476778 0.14618664979934695 -0.001786713837645948
v -0.08731848001480104 0.14618664979934695 -0.002188268583267927
v -0.08670907467603685 0.14618664979934695 -0.002440696582198143
v -0.08605508506298067 0.14618664979934695 -0.0025267950259149075
v -0.08539288491010667 0.14622806012630465 -0.002471397165209055
v -0.08477579057216646 0.14622806012630465 -0.0022157940547913313
v -0.08424590528011323 0.14622806012630465 -0.0018091883976012468
v -0.08383928984403612 0.14622806012630465 -0.0012792894849553704
v -0.08358368277549745 0.14622806012630465 -0.0006622089422307909
v -0.08349650353193284 0.14622806012630465 -2.4480721248417174e-16
v -0.08358368277549745 0.14622806012630465 0.0006622089422307909
v -0.08383928984403612 0.14622806012630465 0.0012792894849553704
v -0.08424590528011323 0.14622806012630465 0.0018091883976012468
v -0.08477579057216646 0.14622806012630465 0.0022157940547913313
v -0.08539288491010667 0.14622806012630465 0.002471397165209055
v -0.08605508506298067 0.14622806012630465 0.002558578737080097
v -0.08671729266643526 0.14622806012630465 0.002471397165209055
v -0.08733437210321428 0.14622806012630465 0.0022157940547913313
v -0.0878642722964287 0.14622806012630465 0.0018091883976012468
v -0.08827088028192522 0.14622806012630465 0.0012792894849553704
v -0.08852647989988328 0.14622806012630465 0.0006622089422307909
v -0.08861365914344789 0.14622806012630465 -2.4253472896580686e-16
v -0.08852647989988328 0.14622806012630465 -0.0006622089422307909
v -0.08827088028192522 0.14622806012630465 -0.0012792894849553704
v -0.0878642722964287 0.14622806012630465 -0.0018091883976012468
v -0.08733437210321428 0.14622806012630465 -0.0022157940547913313
v -0.08671729266643526 0.14622806012630465 -0.002471397165209055
v -0.08605508506298067 0.14622806012630465 -0.002558578737080097
v -0.0853821560740471 0.14625984430313113 -0.002511407248675823
v -0.0847550854086876 0.14625984430313113 -0.0022516660392284393
v -0.08421660214662553 0.14625984430313113 -0.0018384777940809727
v -0.08380341529846193 0.14625984430313113 -0.0013000000035390258
v -0.08354367315769197 0.14625984430313113 -0.0006729295128025115
v -0.08345508575439455 0.14625984430313113 -2.448235708079656e-16
v -0.08354367315769197 0.14625984430313113 0.0006729295128025115
v -0.08380341529846193 0.14625984430313113 0.0013000000035390258
v -0.08421660214662553 0.14625984430313113 0.0018384777940809727
v -0.0847550854086876 0.14625984430313113 0.0022516660392284393
v -0.0853821560740471 0.14625984430313113 0.002511407248675823
v -0.08605508506298067 0.14625984430313113 0.0026000000070780516
v -0.08672801405191423 0.14625984430313113 0.002511407248675823
v -0.08735508471727373 0.14625984430313113 0.0022516660392284393
v -0.0878935605287552 0.14625984430313113 0.0018384777940809727
v -0.0883067548274994 0.14625984430313113 0.0013000000035390258
v -0.08856648951768877 0.14625984430313113 0.0006729295128025115
v -0.08865508437156679 0.14625984430313113 -2.4251429429595435e-16
v -0.08856648951768877 0.14625984430313113 -0.0006729295128025115
v -0.0883067548274994 0.14625984430313113 -0.0013000000035390258
v -0.0878935605287552 0.14625984430313113 -0.0018384777940809727
v -0.08735508471727373 0.14625984430313113 -0.0022516660392284393
v -0.08672801405191423 0.14625984430313113 -0.002511407248675823
v -0.08605508506298067 0.14625984430313113 -0.0026000000070780516
v -0.08536966890096666 0.14627982676029208 -0.00255799968726933
v -0.08473097532987596 0.14627982676029208 -0.0022934398148208857
v -0.08418250083923341 0.14627982676029208 -0.0018725857371464372
v -0.08376163989305498 0.14627982676029208 -0.0013241181150078773
v -0.0834970846772194 0.14627982676029208 -0.0006854139501228929
v -0.08340685069561006 0.14627982676029208 -2.4483881740101617e-16
v -0.0834970846772194 0.14627982676029208 0.0006854139501228929
v -0.08376163989305498 0.14627982676029208 0.0013241181150078773
v -0.08418250083923341 0.14627982676029208 0.0018725857371464372
v -0.08473097532987596 0.14627982676029208 0.0022934398148208857
v -0.08536966890096666 0.14627982676029208 0.00255799968726933
v -0.08605508506298067 0.14627982676029208 0.0026482362300157547
v -0.08674049377441408 0.14627982676029208 0.00255799968726933
v -0.08737920224666597 0.14627982676029208 0.0022934398148208857
v -0.08792766928672792 0.14627982676029208 0.0018725857371464372
v -0.08834852278232576 0.14627982676029208 0.0013241181150078773
v -0.08861308544874193 0.14627982676029208 0.0006854139501228929
v -0.08870331943035127 0.14627982676029208 -2.424866863158298e-16
v -0.08861308544874193 0.14627982676029208 -0.0006854139501228929
v -0.08834852278232576 0.14627982676029208 -0.0013241181150078773
v -0.08792766928672792 0.14627982676029208 -0.0018725857371464372
v -0.08737920224666597 0.14627982676029208 -0.0022934398148208857
v -0.08674049377441408 0.14627982676029208 -0.00255799968726933
v -0.08605508506298067 0.14627982676029208 -0.0026482362300157547
v -0.0881800800561905 0.14628665149211886 -0.0036806080024689436
v -0.0871550738811493 0.14628665149211886 -0.004105184692889452
v -0.08393008261919023 0.14628665149211886 0.0036806080024689436
v -0.08495510369539262 0.14628665149211886 0.004105184692889452
v -0.08605508506298067 0.14628665149211886 0.0042500002309679985
v -0.0871550738811493 0.14628665149211886 0.004105184692889452
v -0.08906028419733049 0.14628665149211886 -0.003005203790962696
v -0.08605508506298067 0.14628665149211886 -0.0042500002309679985
v -0.0881800800561905 0.14628665149211886 0.0036806080024689436
v -0.08906028419733049 0.14628665149211886 0.003005203790962696
v -0.08973569422960283 0.14628665149211886 -0.0021250001154839993
v -0.0823744758963585 0.14628665149211886 0.0021250001154839993
v -0.08304987847805025 0.14628665149211886 0.003005203790962696
v -0.08973569422960283 0.14628665149211886 0.0021250001154839993
v -0.09016026556491853 0.14628665149211886 0.001099980901926756
v -0.09030508249998094 0.14628665149211886 -2.570942988868222e-16
v -0.0818050801753998 0.14628665149211886 -2.513348983619666e-16
v -0.0819499045610428 0.14628665149211886 0.001099980901926756
v -0.09016026556491853 0.14628665149211886 -0.001099980901926756
v -0.08495510369539262 0.14628665149211886 -0.004105184692889452
v -0.08393008261919023 0.14628665149211886 -0.0036806080024689436
v -0.08304987847805025 0.14628665149211886 -0.003005203790962696
v -0.0823744758963585 0.14628665149211886 -0.0021250001154839993
v -0.0819499045610428 0.14628665149211886 -0.001099980901926756
v -0.08605508506298067 0.1510366499423981 0.0042500002309679985
v -0.08495510369539262 0.1510366499423981 0.004105184692889452
v -0.08393008261919023 0.1510366499423981 0.0036806080024689436
v -0.08304987847805025 0.1510366499423981 0.003005203790962696
v -0.0823744758963585 0.1510366499423981 0.0021250001154839993
v -0.0819499045610428 0.1510366499423981 0.001099980901926756
v -0.0818050801753998 0.1510366499423981 -2.4411942173100125e-16
v -0.0819499045610428 0.1510366499423981 -0.001099980901926756
v -0.0823744758963585 0.1510366499423981 -0.0021250001154839993
v -0.08304987847805025 0.1510366499423981 -0.003005203790962696
v -0.08393008261919023 0.1510366499423981 -0.0036806080024689436
v -0.08495510369539262 0.1510366499423981 -0.004105184692889452
v -0.08605508506298067 0.1510366499423981 -0.0042500002309679985
v -0.0871550738811493 0.1510366499423981 -0.004105184692889452
v -0.0881800800561905 0.1510366499423981 -0.0036806080024689436
v -0.08906028419733049 0.1510366499423981 -0.003005203790962696
v -0.08973569422960283 0.1510366499423981 -0.0021250001154839993
v -0.09016026556491853 0.1510366499423981 -0.001099980901926756
v -0.09030508249998094 0.1510366499423981 -2.4610404639619768e-16
v -0.09016026556491853 0.1510366499423981 0.001099980901926756
v -0.08973569422960283 0.1510366499423981 0.0021250001154839993
v -0.08906028419733049 0.1510366499423981 0.003005203790962696
v -0.0881800800561905 0.1510366499423981 0.0036806080024689436
v -0.0871550738811493 0.1510366499423981 0.004105184692889452
v -0.08605508506298067 0.15128664672374728 0.004000000189989805
v -0.08501980453729631 0.15128664672374728 0.003863703226670623
v -0.08405508100986482 0.15128664672374728 0.003464101580902934
v -0.08322665840387346 0.15128664672374728 0.0028284271247684956
v -0.08259098231792451 0.15128664672374728 0.0020000000949949026
v -0.0821913853287697 0.15128664672374728 0.001035276218317449
v -0.08205508440732957 0.15128664672374728 -2.442466090219874e-16
v -0.0821913853287697 0.15128664672374728 -0.001035276218317449
v -0.08259098231792451 0.15128664672374728 -0.0020000000949949026
v -0.08322665840387346 0.15128664672374728 -0.0028284271247684956
v -0.08405508100986482 0.15128664672374728 -0.003464101580902934
v -0.08501980453729631 0.15128664672374728 -0.003863703226670623
v -0.08605508506298067 0.15128664672374728 -0.004000000189989805
v -0.08709036558866502 0.15128664672374728 -0.003863703226670623
v -0.08805508166551591 0.15128664672374728 -0.003464101580902934
v -0.08888351172208787 0.15128664672374728 -0.0028284271247684956
v -0.08951919525861742 0.15128664672374728 -0.0020000000949949026
v -0.08991878479719163 0.15128664672374728 -0.001035276218317449
v -0.09005508571863176 0.15128664672374728 -2.4611450195914035e-16
v -0.08991878479719163 0.15128664672374728 0.001035276218317449
v -0.08951919525861742 0.15128664672374728 0.0020000000949949026
v -0.08888351172208787 0.15128664672374728 0.0028284271247684956
v -0.08805508166551591 0.15128664672374728 0.003464101580902934
v -0.08709036558866502 0.15128664672374728 0.003863703226670623
v -0.08500306308269502 0.1512781232595444 0.003926203120499849
v -0.08402273058891298 0.1512781232595444 0.003520137630403042
v -0.08318090438842775 0.1512781232595444 0.00287418020889163
v -0.08253495395183565 0.1512781232595444 0.002032352378591895
v -0.0821288824081421 0.1512781232595444 0.001052023028023541
v -0.08199037611484529 0.1512781232595444 -2.4447525497818686e-16
v -0.0821288824081421 0.1512781232595444 -0.001052023028023541
v -0.08253495395183565 0.1512781232595444 -0.002032352378591895
v -0.08318090438842775 0.1512781232595444 -0.00287418020889163
v -0.08402273058891298 0.1512781232595444 -0.003520137630403042
v -0.08500306308269502 0.1512781232595444 -0.003926203120499849
v -0.08605508506298067 0.1512781232595444 -0.00406470475718379
v -0.08710711449384691 0.1512781232595444 -0.003926203120499849
v -0.08808743208646776 0.1512781232595444 -0.003520137630403042
v -0.08892926573753358 0.1512781232595444 -0.00287418020889163
v -0.08957522362470628 0.1512781232595444 -0.002032352378591895
v -0.08998129516839982 0.1512781232595444 -0.001052023028023541
v -0.09011979401111604 0.1512781232595444 -2.480854417482827e-16
v -0.08998129516839982 0.1512781232595444 0.001052023028023541
v -0.08957522362470628 0.1512781232595444 0.002032352378591895
v -0.08892926573753358 0.1512781232595444 0.00287418020889163
v -0.08808743208646776 0.1512781232595444 0.003520137630403042
v -0.08710711449384691 0.1512781232595444 0.003926203120499849
v -0.08605508506298067 0.1512781232595444 0.00406470475718379
v -0.08498745411634447 0.1512531489133835 0.003984444309026003
v -0.08399258553981782 0.1512531489133835 0.003572354791685939
v -0.08313826471567155 0.1512531489133835 0.002916815457865596
v -0.08248272538185121 0.1512531489133835 0.002062499988824129
v -0.08207064121961595 0.1512531489133835 0.0010676286183297634
v -0.08193008601665498 0.1512531489133835 -2.4445622320665324e-16
v -0.08207064121961595 0.1512531489133835 -0.0010676286183297634
v -0.08248272538185121 0.1512531489133835 -0.002062499988824129
v -0.08313826471567155 0.1512531489133835 -0.002916815457865596
v -0.08399258553981782 0.1512531489133835 -0.003572354791685939
v -0.08498745411634447 0.1512531489133835 -0.003984444309026003
v -0.08605508506298067 0.1512531489133835 -0.004124999977648258
v -0.08712270855903627 0.1512531489133835 -0.003984444309026003
v -0.08811758458614351 0.1512531489133835 -0.003572354791685939
v -0.08897190541028978 0.1512531489133835 -0.002916815457865596
v -0.08962744474411012 0.1512531489133835 -0.002062499988824129
v -0.09003952890634538 0.1512531489133835 -0.0010676286183297634
v -0.09018008410930635 0.1512531489133835 -2.481199583408833e-16
v -0.09003952890634538 0.1512531489133835 0.0010676286183297634
v -0.08962744474411012 0.1512531489133835 0.002062499988824129
v -0.08897190541028978 0.1512531489133835 0.002916815457865596
v -0.08811758458614351 0.1512531489133835 0.003572354791685939
v -0.08712270855903627 0.1512531489133835 0.003984444309026003
v -0.08605508506298067 0.1512531489133835 0.004124999977648258
v -0.0849740505218506 0.1512134224176407 0.004034456331282854
v -0.08396669477224351 0.1512134224176407 0.003617194714024663
v -0.08310165256261827 0.1512134224176407 0.002953427145257592
v -0.08243789523839952 0.1512134224176407 0.002088388428092003
v -0.0820206254720688 0.1512134224176407 0.0010810293024405837
v -0.08187830448150636 0.1512134224176407 -2.4443576206702113e-16
v -0.0820206254720688 0.1512134224176407 -0.0010810293024405837
v -0.08243789523839952 0.1512134224176407 -0.002088388428092003
v -0.08310165256261827 0.1512134224176407 -0.002953427145257592
v -0.08396669477224351 0.1512134224176407 -0.003617194714024663
v -0.0849740505218506 0.1512134224176407 -0.004034456331282854
v -0.08605508506298067 0.1512134224176407 -0.004176777321845293
v -0.08713611215353013 0.1512134224176407 -0.004034456331282854
v -0.08814347535371782 0.1512134224176407 -0.003617194714024663
v -0.08900851011276247 0.1512134224176407 -0.002953427145257592
v -0.08967227488756181 0.1512134224176407 -0.002088388428092003
v -0.09008954465389253 0.1512134224176407 -0.0010810293024405837
v -0.09023186564445497 0.1512134224176407 -2.4814550167819895e-16
v -0.09008954465389253 0.1512134224176407 0.0010810293024405837
v -0.08967227488756181 0.1512134224176407 0.002088388428092003
v -0.08900851011276247 0.1512134224176407 0.002953427145257592
v -0.08814347535371782 0.1512134224176407 0.003617194714024663
v -0.08713611215353013 0.1512134224176407 0.004034456331282854
v -0.08605508506298067 0.1512134224176407 0.004176777321845293
v -0.08496376872062684 0.1511616408824921 0.0040728324092924595
v -0.08394683152437211 0.1511616408824921 0.003651601728051901
v -0.08307356387376787 0.1511616408824921 0.0029815202578902245
v -0.08240348100662233 0.1511616408824921 0.0021082530729472637
v -0.08198225498199464 0.1511616408824921 0.0010913122678175569
v -0.08183858543634416 0.1511616408824921 -2.444152744576094e-16
v -0.08198225498199464 0.1511616408824921 -0.0010913122678175569
v -0.08240348100662233 0.1511616408824921 -0.0021082530729472637
v -0.08307356387376787 0.1511616408824921 -0.0029815202578902245
v -0.08394683152437211 0.1511616408824921 -0.003651601728051901
v -0.08496376872062684 0.1511616408824921 -0.0040728324092924595
v -0.08605508506298067 0.1511616408824921 -0.0042165061458945274
v -0.08714639395475389 0.1511616408824921 -0.0040728324092924595
v -0.08816333860158922 0.1511616408824921 -0.003651601728051901
v -0.08903660625219346 0.1511616408824921 -0.0029815202578902245
v -0.0897066816687584 0.1511616408824921 -0.0021082530729472637
v -0.09012791514396669 0.1511616408824921 -0.0010913122678175569
v -0.09027159214019777 0.1511616408824921 -2.481602982849963e-16
v -0.09012791514396669 0.1511616408824921 0.0010913122678175569
v -0.0897066816687584 0.1511616408824921 0.0021082530729472637
v -0.08903660625219346 0.1511616408824921 0.0029815202578902245
v -0.08816333860158922 0.1511616408824921 0.003651601728051901
v -0.08714639395475389 0.1511616408824921 0.0040728324092924595
v -0.08605508506298067 0.1511616408824921 0.0042165061458945274
v -0.08495730906724931 0.15110135078430179 0.004096956457942724
v -0.08393434435129167 0.15110135078430179 0.0036732309963554144
v -0.08305590599775316 0.15110135078430179 0.002999180229380727
v -0.08238185197114946 0.15110135078430179 0.0021207407116889954
v -0.0819581300020218 0.15110135078430179 0.0010977762285619974
v -0.08181360363960268 0.15110135078430179 -2.443961368069574e-16
v -0.0819581300020218 0.15110135078430179 -0.0010977762285619974
v -0.08238185197114946 0.15110135078430179 -0.0021207407116889954
v -0.08305590599775316 0.15110135078430179 -0.002999180229380727
v -0.08393434435129167 0.15110135078430179 -0.0036732309963554144
v -0.08495730906724931 0.15110135078430179 -0.004096956457942724
v -0.08605508506298067 0.15110135078430179 -0.004241481423377991
v -0.08715286105871202 0.15110135078430179 -0.004096956457942724
v -0.08817582577466966 0.15110135078430179 -0.0036732309963554144
v -0.08905426412820817 0.15110135078430179 -0.002999180229380727
v -0.08972831070423128 0.15110135078430179 -0.0021207407116889954
v -0.09015204012393953 0.15110135078430179 -0.0010977762285619974
v -0.09029657393693925 0.15110135078430179 -2.481633158398709e-16
v -0.09015204012393953 0.15110135078430179 0.0010977762285619974
v -0.08972831070423128 0.15110135078430179 0.0021207407116889954
v -0.08905426412820817 0.15110135078430179 0.002999180229380727
v -0.08817582577466966 0.15110135078430179 0.0036732309963554144
v -0.08715286105871202 0.15110135078430179 0.004096956457942724
v -0.08605508506298067 0.15110135078430179 0.004241481423377991
v -0.07435508072376253 0.13757830858230594 0.008100000210106373
v -0.07435508072376253 0.13578663766384128 0.008100000210106373
v -0.07450954616069795 0.13452865183353427 0.008100000210106373
v -0.07373331487178804 0.13433513045310977 0.007300000172108412
v -0.07496375590562822 0.1333454102277756 0.008100000210106373
v -0.07425739616155626 0.13296981155872348 0.007300000172108412
v -0.07569073140621187 0.13230717182159427 0.008100000210106373
v -0.07509621232748033 0.13177186250686648 0.007300000172108412
v -0.07664728164672853 0.13147564232349399 0.008100000210106373
v -0.07619993388652803 0.1308124214410782 0.007300000172108412
v -0.07777658104896547 0.13090024888515475 0.008100000210106373
v -0.07750296592712404 0.13014850020408633 0.007300000172108412
v -0.07483368366956712 0.1329656094312668 0.008100000210106373
v -0.07572469860315324 0.13183972239494327 0.008100000210106373
v -0.07426441460847856 0.1342837065458298 0.008100000210106373
v -0.07687675952911378 0.13098283112049106 0.008100000210106373
v -0.07821134477853776 0.13045331835746768 0.008100000210106373
v -0.07422176003456117 0.13713040947914126 0.008100000210106373
v -0.07405570149421693 0.1357042342424393 0.008100000210106373
v -0.07946017384529115 0.13028746843338015 0.008100000210106373
v -0.0921229049563408 0.13061490654945376 0.008100000210106373
v -0.09195685386657716 0.12918876111507419 0.008100000210106373
v -0.08350200206041337 0.13195626437664035 0.008100000210106373
v -0.08488840609788896 0.13444289565086368 0.008100000210106373
v -0.0850544646382332 0.13586905598640445 0.008100000210106373
v -0.09350930899381639 0.1331015378236771 0.008100000210106373
v -0.08237614482641221 0.13106523454189303 0.008100000210106373
v -0.09265242516994478 0.13194948434829715 0.008100000210106373
v -0.08435889333486558 0.1331083178520203 0.008100000210106373
v -0.09463517367839816 0.1339925676584244 0.008100000210106373
v -0.07963749021291734 0.13028725981712344 0.008100000210106373
v -0.08484575152397157 0.13728958368301394 0.008100000210106373
v -0.0842764899134636 0.13860769569873813 0.008100000210106373
v -0.08105802536010744 0.13049598038196566 0.008100000210106373
v -0.09595328569412234 0.13456182181835177 0.008100000210106373
v -0.09755114465951922 0.13477034866809848 0.008100000210106373
v -0.09737382084131244 0.134770542383194 0.008100000210106373
v -0.09273482859134675 0.1264501065015793 0.008100000210106373
v -0.09362584352493288 0.12532423436641696 0.008100000210106373
v -0.08089882880449296 0.14111997187137607 0.008100000210106373
v -0.07947267591953279 0.1412860304117203 0.008100000210106373
v -0.09216555953025819 0.1277682185173035 0.008100000210106373
v -0.07560816407203676 0.1396170258522034 0.008100000210106373
v -0.07475127279758455 0.13846497237682345 0.008100000210106373
v -0.08223341405391695 0.1405904591083527 0.008100000210106373
v -0.08338547497987749 0.13973356783390048 0.008100000210106373
v -0.07673402875661851 0.14050804078578952 0.008100000210106373
v -0.0780521407723427 0.14107730984687808 0.008100000210106373
v -0.09399412572383883 0.12499754130840304 0.008100000210106373
v -0.08435889333486558 0.1331083178520203 0.009100000374019146
v -0.08350200206041337 0.13195626437664035 0.009100000374019146
v -0.08237614482641221 0.13106523454189303 0.009100000374019146
v -0.08105802536010744 0.13049598038196566 0.009100000374019146
v -0.07821134477853776 0.13045331835746768 0.009100000374019146
v -0.07955509424209596 0.1302866488695145 0.009100000374019146
v -0.07687675952911378 0.13098283112049106 0.009100000374019146
v -0.07572469860315324 0.13183972239494327 0.009100000374019146
v -0.07483368366956712 0.1329656094312668 0.009100000374019146
v -0.07426441460847856 0.1342837065458298 0.009100000374019146
v -0.07405570149421693 0.1357042342424393 0.009100000374019146
v -0.07475127279758455 0.13846497237682345 0.009100000374019146
v -0.07422176003456117 0.13713040947914126 0.009100000374019146
v -0.07560816407203676 0.1396170258522034 0.009100000374019146
v -0.07673402875661851 0.14050804078578952 0.009100000374019146
v -0.0780521407723427 0.14107730984687808 0.009100000374019146
v -0.07947267591953279 0.1412860304117203 0.009100000374019146
v -0.08089882880449296 0.14111997187137607 0.009100000374019146
v -0.08223341405391695 0.1405904591083527 0.009100000374019146
v -0.08338547497987749 0.13973356783390048 0.009100000374019146
v -0.0842764899134636 0.13860769569873813 0.009100000374019146
v -0.08484575152397157 0.13728958368301394 0.009100000374019146
v -0.0850544646382332 0.13586905598640445 0.009100000374019146
v -0.08488840609788896 0.13444289565086368 0.009100000374019146
v -0.07963749021291734 0.13028725981712344 0.009100000374019146
v -0.07781400531530382 0.1339925974607468 0.009100000374019146
v -0.07740899175405504 0.1345043480396271 0.009100000374019146
v -0.08129616826772691 0.13758070766925815 0.009100000374019146
v -0.0817011743783951 0.13706894218921664 0.009100000374019146
v -0.07894428819417955 0.13336241245269778 0.009100000374019146
v -0.07833766192197801 0.1336030960083008 0.009100000374019146
v -0.07715023308992387 0.13510350883007052 0.009100000374019146
v -0.07713085412979127 0.1363974362611771 0.009100000374019146
v -0.0773715451359749 0.13700406253337863 0.009100000374019146
v -0.07887192815542222 0.13819149136543277 0.009100000374019146
v -0.07951762527227403 0.138286367058754 0.009100000374019146
v -0.08195993304252626 0.13646979629993441 0.009100000374019146
v -0.08173862844705583 0.13456922769546512 0.009100000374019146
v -0.08134913444519044 0.13404555618762973 0.009100000374019146
v -0.07705536484718324 0.13574919104576114 0.009100000374019146
v -0.08016588538885118 0.13821087777614596 0.009100000374019146
v -0.08077250421047212 0.13797020912170413 0.009100000374019146
v -0.08205480128526689 0.1358240991830826 0.009100000374019146
v -0.08197931945323945 0.13517585396766665 0.009100000374019146
v -0.08083738386631013 0.13364055752754214 0.009100000374019146
v -0.07776103168725969 0.13752773404121402 0.009100000374019146
v -0.07827278226614 0.1379327327013016 0.009100000374019146
v -0.0795925408601761 0.13328692317008975 0.009100000374019146
v -0.07955509424209596 0.13328664004802707 0.009100000374019146
v -0.0802382454276085 0.13338179886341098 0.009100000374019146
v -0.0773715451359749 0.13700406253337863 0.013300000689923763
v -0.07776103168725969 0.13752773404121402 0.013300000689923763
v -0.07827278226614 0.1379327327013016 0.013300000689923763
v -0.07887192815542222 0.13819149136543277 0.013300000689923763
v -0.07951762527227403 0.138286367058754 0.013300000689923763
v -0.08016588538885118 0.13821087777614596 0.013300000689923763
v -0.08077250421047212 0.13797020912170413 0.013300000689923763
v -0.08129616826772691 0.13758070766925815 0.013300000689923763
v -0.0817011743783951 0.13706894218921664 0.013300000689923763
v -0.08195993304252626 0.13646979629993441 0.013300000689923763
v -0.08205480128526689 0.1358240991830826 0.013300000689923763
v -0.08197931945323945 0.13517585396766665 0.013300000689923763
v -0.08173862844705583 0.13456922769546512 0.013300000689923763
v -0.08134913444519044 0.13404555618762973 0.013300000689923763
v -0.08083738386631013 0.13364055752754214 0.013300000689923763
v -0.0802382454276085 0.13338179886341098 0.013300000689923763
v -0.07894428819417955 0.13336241245269778 0.013300000689923763
v -0.0795925408601761 0.13328692317008975 0.013300000689923763
v -0.07833766192197801 0.1336030960083008 0.013300000689923763
v -0.07781400531530382 0.1339925974607468 0.013300000689923763
v -0.07740899175405504 0.1345043480396271 0.013300000689923763
v -0.07715023308992387 0.13510350883007052 0.013300000689923763
v -0.07705536484718324 0.13574919104576114 0.013300000689923763
v -0.07713085412979127 0.1363974362611771 0.013300000689923763
v -0.08156394958496095 0.1346666216850281 0.013500000350177288
v -0.08178538084030153 0.13522471487522128 0.013500000350177288
v -0.08185483515262605 0.13582110404968264 0.013500000350177288
v -0.08176754415035249 0.13641515374183658 0.013500000350177288
v -0.08152949064970018 0.1369663625955582 0.013500000350177288
v -0.08115687966346742 0.137437179684639 0.013500000350177288
v -0.08067511022090913 0.13779550790786746 0.013500000350177288
v -0.08011702448129655 0.13801693916320804 0.013500000350177288
v -0.079520620405674 0.13808640837669375 0.013500000350177288
v -0.07892657816410066 0.137999102473259 0.013500000350177288
v -0.07837536931037904 0.13776105642318728 0.013500000350177288
v -0.07790455222129823 0.13738843798637393 0.013500000350177288
v -0.07754622399806978 0.13690666854381564 0.013500000350177288
v -0.0773247852921486 0.13634859025478366 0.013500000350177288
v -0.07725533843040468 0.1357521861791611 0.013500000350177288
v -0.07734262198209764 0.13515813648700717 0.013500000350177288
v -0.07758067548274995 0.13460692763328555 0.013500000350177288
v -0.07795329391956331 0.13413611054420474 0.013500000350177288
v -0.078435055911541 0.13377778232097629 0.013500000350177288
v -0.07899314910173418 0.1335563510656357 0.013500000350177288
v -0.07955509424209596 0.1334866434335709 0.013500000350177288
v -0.07958954572677614 0.13348689675331118 0.013500000350177288
v -0.08018359541893007 0.13357418775558474 0.013500000350177288
v -0.08073480427265169 0.13381223380565646 0.013500000350177288
v -0.0812056139111519 0.13418485224246982 0.013500000350177288
v -0.07955509424209596 0.13578663766384128 0.013500000350177288
v -0.07435508072376253 0.13757830858230594 -0.008100000210106373
v -0.07435508072376253 0.13578663766384128 -0.008100000210106373
v -0.07750296592712404 0.13014850020408633 -0.007300000172108412
v -0.07619993388652803 0.1308124214410782 -0.007300000172108412
v -0.07509621232748033 0.13177186250686648 -0.007300000172108412
v -0.07425739616155626 0.13296981155872348 -0.007300000172108412
v -0.07373331487178804 0.13433513045310977 -0.007300000172108412
v -0.07777658104896547 0.13090024888515475 -0.008100000210106373
v -0.07664728164672853 0.13147564232349399 -0.008100000210106373
v -0.07569073140621187 0.13230717182159427 -0.008100000210106373
v -0.07496375590562822 0.1333454102277756 -0.008100000210106373
v -0.07450954616069795 0.13452865183353427 -0.008100000210106373
v -0.07821134477853776 0.13045331835746768 -0.008100000210106373
v -0.07687675952911378 0.13098283112049106 -0.008100000210106373
v -0.07572469860315324 0.13183972239494327 -0.008100000210106373
v -0.07483368366956712 0.1329656094312668 -0.008100000210106373
v -0.07426441460847856 0.1342837065458298 -0.008100000210106373
v -0.07405570149421693 0.1357042342424393 -0.008100000210106373
v -0.07422176003456117 0.13713040947914126 -0.008100000210106373
v -0.07946017384529115 0.13028746843338015 -0.008100000210106373
v -0.08435889333486558 0.1331083178520203 -0.008100000210106373
v -0.08350200206041337 0.13195626437664035 -0.008100000210106373
v -0.09195685386657716 0.12918876111507419 -0.008100000210106373
v -0.08488840609788896 0.13444289565086368 -0.008100000210106373
v -0.0921229049563408 0.13061490654945376 -0.008100000210106373
v -0.09265242516994478 0.13194948434829715 -0.008100000210106373
v -0.09350930899381639 0.1331015378236771 -0.008100000210106373
v -0.0850544646382332 0.13586905598640445 -0.008100000210106373
v -0.09595328569412234 0.13456182181835177 -0.008100000210106373
v -0.09737382084131244 0.134770542383194 -0.008100000210106373
v -0.09463517367839816 0.1339925676584244 -0.008100000210106373
v -0.08237614482641221 0.13106523454189303 -0.008100000210106373
v -0.08105802536010744 0.13049598038196566 -0.008100000210106373
v -0.07963749021291734 0.13028725981712344 -0.008100000210106373
v -0.08484575152397157 0.13728958368301394 -0.008100000210106373
v -0.0842764899134636 0.13860769569873813 -0.008100000210106373
v -0.09755114465951922 0.13477034866809848 -0.008100000210106373
v -0.09273482859134675 0.1264501065015793 -0.008100000210106373
v -0.09216555953025819 0.1277682185173035 -0.008100000210106373
v -0.07947267591953279 0.1412860304117203 -0.008100000210106373
v -0.09399412572383883 0.12499754130840304 -0.008100000210106373
v -0.09362584352493288 0.12532423436641696 -0.008100000210106373
v -0.08223341405391695 0.1405904591083527 -0.008100000210106373
v -0.08338547497987749 0.13973356783390048 -0.008100000210106373
v -0.08089882880449296 0.14111997187137607 -0.008100000210106373
v -0.07475127279758455 0.13846497237682345 -0.008100000210106373
v -0.07673402875661851 0.14050804078578952 -0.008100000210106373
v -0.0780521407723427 0.14107730984687808 -0.008100000210106373
v -0.07560816407203676 0.1396170258522034 -0.008100000210106373
v -0.08435889333486558 0.1331083178520203 -0.009100000374019146
v -0.08350200206041337 0.13195626437664035 -0.009100000374019146
v -0.08237614482641221 0.13106523454189303 -0.009100000374019146
v -0.08105802536010744 0.13049598038196566 -0.009100000374019146
v -0.07963749021291734 0.13028725981712344 -0.009100000374019146
v -0.07821134477853776 0.13045331835746768 -0.009100000374019146
v -0.07687675952911378 0.13098283112049106 -0.009100000374019146
v -0.07572469860315324 0.13183972239494327 -0.009100000374019146
v -0.07483368366956712 0.1329656094312668 -0.009100000374019146
v -0.07426441460847856 0.1342837065458298 -0.009100000374019146
v -0.07405570149421693 0.1357042342424393 -0.009100000374019146
v -0.07422176003456117 0.13713040947914126 -0.009100000374019146
v -0.07475127279758455 0.13846497237682345 -0.009100000374019146
v -0.07560816407203676 0.1396170258522034 -0.009100000374019146
v -0.07673402875661851 0.14050804078578952 -0.009100000374019146
v -0.0780521407723427 0.14107730984687808 -0.009100000374019146
v -0.07947267591953279 0.1412860304117203 -0.009100000374019146
v -0.07955509424209596 0.14128664135932925 -0.009100000374019146
v -0.08089882880449296 0.14111997187137607 -0.009100000374019146
v -0.08223341405391695 0.1405904591083527 -0.009100000374019146
v -0.08338547497987749 0.13973356783390048 -0.009100000374019146
v -0.0842764899134636 0.13860769569873813 -0.009100000374019146
v -0.08484575152397157 0.13728958368301394 -0.009100000374019146
v -0.0850544646382332 0.13586905598640445 -0.009100000374019146
v -0.08488840609788896 0.13444289565086368 -0.009100000374019146
v -0.07713085412979127 0.1363974362611771 -0.009100000374019146
v -0.07705536484718324 0.13574919104576114 -0.009100000374019146
v -0.07781400531530382 0.1339925974607468 -0.009100000374019146
v -0.07833766192197801 0.1336030960083008 -0.009100000374019146
v -0.0802382454276085 0.13338179886341098 -0.009100000374019146
v -0.08083738386631013 0.13364055752754214 -0.009100000374019146
v -0.0773715451359749 0.13700406253337863 -0.009100000374019146
v -0.07715023308992387 0.13510350883007052 -0.009100000374019146
v -0.07740899175405504 0.1345043480396271 -0.009100000374019146
v -0.07894428819417955 0.13336241245269778 -0.009100000374019146
v -0.0795925408601761 0.13328692317008975 -0.009100000374019146
v -0.08197931945323945 0.13517585396766665 -0.009100000374019146
v -0.08205480128526689 0.1358240991830826 -0.009100000374019146
v -0.08016588538885118 0.13821087777614596 -0.009100000374019146
v -0.07955509424209596 0.13828665018081668 -0.009100000374019146
v -0.07951762527227403 0.138286367058754 -0.009100000374019146
v -0.07887192815542222 0.13819149136543277 -0.009100000374019146
v -0.07827278226614 0.1379327327013016 -0.009100000374019146
v -0.07776103168725969 0.13752773404121402 -0.009100000374019146
v -0.08134913444519044 0.13404555618762973 -0.009100000374019146
v -0.08173862844705583 0.13456922769546512 -0.009100000374019146
v -0.08195993304252626 0.13646979629993441 -0.009100000374019146
v -0.0817011743783951 0.13706894218921664 -0.009100000374019146
v -0.08129616826772691 0.13758070766925815 -0.009100000374019146
v -0.08077250421047212 0.13797020912170413 -0.009100000374019146
v -0.0773715451359749 0.13700406253337863 -0.013300000689923763
v -0.07776103168725969 0.13752773404121402 -0.013300000689923763
v -0.07827278226614 0.1379327327013016 -0.013300000689923763
v -0.07887192815542222 0.13819149136543277 -0.013300000689923763
v -0.07951762527227403 0.138286367058754 -0.013300000689923763
v -0.08016588538885118 0.13821087777614596 -0.013300000689923763
v -0.08077250421047212 0.13797020912170413 -0.013300000689923763
v -0.08129616826772691 0.13758070766925815 -0.013300000689923763
v -0.0817011743783951 0.13706894218921664 -0.013300000689923763
v -0.08195993304252626 0.13646979629993441 -0.013300000689923763
v -0.08205480128526689 0.1358240991830826 -0.013300000689923763
v -0.08197931945323945 0.13517585396766665 -0.013300000689923763
v -0.08173862844705583 0.13456922769546512 -0.013300000689923763
v -0.08134913444519044 0.13404555618762973 -0.013300000689923763
v -0.08083738386631013 0.13364055752754214 -0.013300000689923763
v -0.0802382454276085 0.13338179886341098 -0.013300000689923763
v -0.0795925408601761 0.13328692317008975 -0.013300000689923763
v -0.07894428819417955 0.13336241245269778 -0.013300000689923763
v -0.07833766192197801 0.1336030960083008 -0.013300000689923763
v -0.07781400531530382 0.1339925974607468 -0.013300000689923763
v -0.07740899175405504 0.1345043480396271 -0.013300000689923763
v -0.07715023308992387 0.13510350883007052 -0.013300000689923763
v -0.07705536484718324 0.13574919104576114 -0.013300000689923763
v -0.07713085412979127 0.1363974362611771 -0.013300000689923763
v -0.07754622399806978 0.13690666854381564 -0.013500000350177288
v -0.07790455222129823 0.13738843798637393 -0.013500000350177288
v -0.07837536931037904 0.13776105642318728 -0.013500000350177288
v -0.07892657816410066 0.137999102473259 -0.013500000350177288
v -0.079520620405674 0.13808640837669375 -0.013500000350177288
v -0.07955509424209596 0.13808664679527285 -0.013500000350177288
v -0.08011702448129655 0.13801693916320804 -0.013500000350177288
v -0.08067511022090913 0.13779550790786746 -0.013500000350177288
v -0.08115687966346742 0.137437179684639 -0.013500000350177288
v -0.08152949064970018 0.1369663625955582 -0.013500000350177288
v -0.08176754415035249 0.13641515374183658 -0.013500000350177288
v -0.08185483515262605 0.13582110404968264 -0.013500000350177288
v -0.08178538084030153 0.13522471487522128 -0.013500000350177288
v -0.08156394958496095 0.1346666216850281 -0.013500000350177288
v -0.0812056139111519 0.13418485224246982 -0.013500000350177288
v -0.08073480427265169 0.13381223380565646 -0.013500000350177288
v -0.08018359541893007 0.13357418775558474 -0.013500000350177288
v -0.07958954572677614 0.13348689675331118 -0.013500000350177288
v -0.07899314910173418 0.1335563510656357 -0.013500000350177288
v -0.078435055911541 0.13377778232097629 -0.013500000350177288
v -0.07795329391956331 0.13413611054420474 -0.013500000350177288
v -0.07758067548274995 0.13460692763328555 -0.013500000350177288
v -0.07734262198209764 0.13515813648700717 -0.013500000350177288
v -0.07725533843040468 0.1357521861791611 -0.013500000350177288
v -0.0773247852921486 0.13634859025478366 -0.013500000350177288
v -0.07955509424209596 0.13578663766384128 -0.013500000350177288
v -0.09540410339832309 0.12363300472497943 0.007300000172108412
v -0.09567772597074511 0.12438476085662845 0.008100000210106373
v -0.10295560956001285 0.12935356795787814 0.008100000210106373
v -0.10274690389633181 0.13077409565448764 0.008100000210106373
v -0.10257722437381747 0.13017413020133975 0.008100000210106373
v -0.1021690294146538 0.13146877288818362 0.008100000210106373
v -0.1027895510196686 0.12792740762233737 0.008100000210106373
v -0.10263644158840182 0.1288179457187653 0.008100000210106373
v -0.10217763483524325 0.132092222571373 0.008100000210106373
v -0.100134551525116 0.13407497107982638 0.008100000210106373
v -0.09879997372627261 0.13460448384284976 0.008100000210106373
v -0.09923473000526431 0.13415756821632388 0.008100000210106373
v -0.09895917028188708 0.12398049235343936 0.008100000210106373
v -0.10027728229761126 0.12454976141452792 0.008100000210106373
v -0.09965384006500247 0.12455835938453677 0.008100000210106373
v -0.10079872608184817 0.12528772652149203 0.008100000210106373
v -0.10143966227769854 0.13261365890502932 0.008100000210106373
v -0.10128661245107654 0.13321807980537417 0.008100000210106373
v -0.10043882578611377 0.13353075087070468 0.008100000210106373
v -0.09477790445089343 0.12446735054254535 0.008100000210106373
v -0.09700302034616473 0.12409095466136935 0.008100000210106373
v -0.09611248224973681 0.12393784523010257 0.008100000210106373
v -0.09753863513469699 0.12377177923917773 0.008100000210106373
v -0.0983592048287392 0.1241501644253731 0.008100000210106373
v -0.10140315443277362 0.12544077634811404 0.008100000210106373
v -0.10226004570722583 0.12659282982349399 0.008100000210106373
v -0.10171582549810412 0.1262885630130768 0.008100000210106373
v -0.10234263539314273 0.12749265134334567 0.008100000210106373
v -0.09950834512710574 0.1349093168973923 0.007300000172108412
v -0.09693329036235812 0.1232939958572388 0.007300000172108412
v -0.09849811345338824 0.12336232513189319 0.007300000172108412
v -0.09999193996191028 0.12383331358432773 0.007300000172108412
v -0.10131295025348666 0.12467489391565326 0.007300000172108412
v -0.10237114131450656 0.12582969665527347 0.007300000172108412
v -0.10309438407421115 0.12721903622150424 0.007300000172108412
v -0.10343339294195178 0.12874822318553927 0.007300000172108412
v -0.10336507111787799 0.13031305372715 0.007300000172108412
v -0.10289407521486285 0.13180688023567202 0.007300000172108412
v -0.10205249488353732 0.1331278830766678 0.007300000172108412
v -0.10089768469333651 0.1341860741376877 0.007300000172108412
v -0.09950834512710574 0.1349093168973923 -0.007300000172108412
v -0.10089768469333651 0.1341860741376877 -0.007300000172108412
v -0.10205249488353732 0.1331278830766678 -0.007300000172108412
v -0.10289407521486285 0.13180688023567202 -0.007300000172108412
v -0.10336507111787799 0.13031305372715 -0.007300000172108412
v -0.10343339294195178 0.12874822318553927 -0.007300000172108412
v -0.10309438407421115 0.12721903622150424 -0.007300000172108412
v -0.10237114131450656 0.12582969665527347 -0.007300000172108412
v -0.10131295025348666 0.12467489391565326 -0.007300000172108412
v -0.09999193996191028 0.12383331358432773 -0.007300000172108412
v -0.09849811345338824 0.12336232513189319 -0.007300000172108412
v -0.09693329036235812 0.1232939958572388 -0.007300000172108412
v -0.09540410339832309 0.12363300472497943 -0.007300000172108412
v -0.09567772597074511 0.12438476085662845 -0.008100000210106373
v -0.09923473000526431 0.13415756821632388 -0.008100000210106373
v -0.10043882578611377 0.13353075087070468 -0.008100000210106373
v -0.10143966227769854 0.13261365890502932 -0.008100000210106373
v -0.1021690294146538 0.13146877288818362 -0.008100000210106373
v -0.10257722437381747 0.13017413020133975 -0.008100000210106373
v -0.10263644158840182 0.1288179457187653 -0.008100000210106373
v -0.10234263539314273 0.12749265134334567 -0.008100000210106373
v -0.10171582549810412 0.1262885630130768 -0.008100000210106373
v -0.10079872608184817 0.12528772652149203 -0.008100000210106373
v -0.09965384006500247 0.12455835938453677 -0.008100000210106373
v -0.0983592048287392 0.1241501644253731 -0.008100000210106373
v -0.09700302034616473 0.12409095466136935 -0.008100000210106373
v -0.10295560956001285 0.12935356795787814 -0.008100000210106373
v -0.1027895510196686 0.12792740762233737 -0.008100000210106373
v -0.10128661245107654 0.13321807980537417 -0.008100000210106373
v -0.10217763483524325 0.132092222571373 -0.008100000210106373
v -0.10274690389633181 0.13077409565448764 -0.008100000210106373
v -0.10226004570722583 0.12659282982349399 -0.008100000210106373
v -0.09753863513469699 0.12377177923917773 -0.008100000210106373
v -0.09611248224973681 0.12393784523010257 -0.008100000210106373
v -0.09477790445089343 0.12446735054254535 -0.008100000210106373
v -0.100134551525116 0.13407497107982638 -0.008100000210106373
v -0.10140315443277362 0.12544077634811404 -0.008100000210106373
v -0.10027728229761126 0.12454976141452792 -0.008100000210106373
v -0.09895917028188708 0.12398049235343936 -0.008100000210106373
v -0.09879997372627261 0.13460448384284976 -0.008100000210106373
v -0.10226004570722583 0.12659282982349399 0.009100000374019146
v -0.10140315443277362 0.12544077634811404 0.009100000374019146
v -0.10027728229761126 0.12454976141452792 0.009100000374019146
v -0.09895917028188708 0.12398049235343936 0.009100000374019146
v -0.09745622426271441 0.12377116084098819 0.009100000374019146
v -0.09611248224973681 0.12393784523010257 0.009100000374019146
v -0.09362584352493288 0.12532423436641696 0.009100000374019146
v -0.09477790445089343 0.12446735054254535 0.009100000374019146
v -0.09273482859134675 0.1264501065015793 0.009100000374019146
v -0.09216555953025819 0.1277682185173035 0.009100000374019146
v -0.09195685386657716 0.12918876111507419 0.009100000374019146
v -0.0921229049563408 0.13061490654945376 0.009100000374019146
v -0.09265242516994478 0.13194948434829715 0.009100000374019146
v -0.09350930899381639 0.1331015378236771 0.009100000374019146
v -0.09463517367839816 0.1339925676584244 0.009100000374019146
v -0.09595328569412234 0.13456182181835177 0.009100000374019146
v -0.09879997372627261 0.13460448384284976 0.009100000374019146
v -0.09737382084131244 0.134770542383194 0.009100000374019146
v -0.100134551525116 0.13407497107982638 0.009100000374019146
v -0.10128661245107654 0.13321807980537417 0.009100000374019146
v -0.10217763483524325 0.132092222571373 0.009100000374019146
v -0.10274690389633181 0.13077409565448764 0.009100000374019146
v -0.10295560956001285 0.12935356795787814 0.009100000374019146
v -0.1027895510196686 0.12792740762233737 0.009100000374019146
v -0.09753863513469699 0.12377177923917773 0.009100000374019146
v -0.10226004570722583 0.12659282982349399 -0.009100000374019146
v -0.10140315443277362 0.12544077634811404 -0.009100000374019146
v -0.10027728229761126 0.12454976141452792 -0.009100000374019146
v -0.09895917028188708 0.12398049235343936 -0.009100000374019146
v -0.09753863513469699 0.12377177923917773 -0.009100000374019146
v -0.09611248224973681 0.12393784523010257 -0.009100000374019146
v -0.09477790445089343 0.12446735054254535 -0.009100000374019146
v -0.09362584352493288 0.12532423436641696 -0.009100000374019146
v -0.09273482859134675 0.1264501065015793 -0.009100000374019146
v -0.09216555953025819 0.1277682185173035 -0.009100000374019146
v -0.09195685386657716 0.12918876111507419 -0.009100000374019146
v -0.0921229049563408 0.13061490654945376 -0.009100000374019146
v -0.09265242516994478 0.13194948434829715 -0.009100000374019146
v -0.09350930899381639 0.1331015378236771 -0.009100000374019146
v -0.09463517367839816 0.1339925676584244 -0.009100000374019146
v -0.09595328569412234 0.13456182181835177 -0.009100000374019146
v -0.09737382084131244 0.134770542383194 -0.009100000374019146
v -0.09879997372627261 0.13460448384284976 -0.009100000374019146
v -0.100134551525116 0.13407497107982638 -0.009100000374019146
v -0.10128661245107654 0.13321807980537417 -0.009100000374019146
v -0.10217763483524325 0.132092222571373 -0.009100000374019146
v -0.10274690389633181 0.13077409565448764 -0.009100000374019146
v -0.10295560956001285 0.12935356795787814 -0.009100000374019146
v -0.1027895510196686 0.12792740762233737 -0.009100000374019146
v -0.09496509283781054 0.129060834646225 -0.009100000374019146
v -0.09510441124439242 0.12842324376106265 -0.009100000374019146
v -0.09540399909019473 0.12784343957901004 -0.009100000374019146
v -0.099808044731617 0.13011907041072848 -0.009100000374019146
v -0.09950846433639529 0.1306988745927811 -0.009100000374019146
v -0.09584344923496249 0.12736093997955325 -0.009100000374019146
v -0.09994736313819888 0.12948147952556613 -0.009100000374019146
v -0.0955460146069527 0.1308839321136475 -0.009100000374019146
v -0.09519368410110476 0.1303345859050751 -0.009100000374019146
v -0.09499553591012957 0.12971276044845584 -0.009100000374019146
v -0.09701463580131534 0.12681047618389132 -0.009100000374019146
v -0.09766655415296557 0.1267800182104111 -0.009100000374019146
v -0.09936644881963733 0.12765838205814364 -0.009100000374019146
v -0.09971877932548526 0.12820774316787723 -0.009100000374019146
v -0.09991692006587985 0.1288295686244965 -0.009100000374019146
v -0.09789783507585528 0.131731852889061 -0.009100000374019146
v -0.09745622426271441 0.13177116215229037 -0.009100000374019146
v -0.09660832583904269 0.13162299990653994 -0.009100000374019146
v -0.09724590182304385 0.13176229596138003 -0.009100000374019146
v -0.09639280289411548 0.12700861692428592 -0.009100000374019146
v -0.09830414503812793 0.12691934406757358 -0.009100000374019146
v -0.09888394176959994 0.12721893191337588 -0.009100000374019146
v -0.09851965308189395 0.1315337121486664 -0.009100000374019146
v -0.09602851420640948 0.13132338225841525 -0.009100000374019146
v -0.09906901419162753 0.13118138909339908 -0.009100000374019146
v -0.09602851420640948 0.13132338225841525 -0.013300000689923763
v -0.0955460146069527 0.1308839321136475 -0.013300000689923763
v -0.09519368410110476 0.1303345859050751 -0.013300000689923763
v -0.09499553591012957 0.12971276044845584 -0.013300000689923763
v -0.09496509283781054 0.129060834646225 -0.013300000689923763
v -0.09510441124439242 0.12842324376106265 -0.013300000689923763
v -0.09540399909019473 0.12784343957901004 -0.013300000689923763
v -0.09584344923496249 0.12736093997955325 -0.013300000689923763
v -0.09639280289411548 0.12700861692428592 -0.013300000689923763
v -0.09701463580131534 0.12681047618389132 -0.013300000689923763
v -0.09766655415296557 0.1267800182104111 -0.013300000689923763
v -0.09830414503812793 0.12691934406757358 -0.013300000689923763
v -0.09888394176959994 0.12721893191337588 -0.013300000689923763
v -0.09936644881963733 0.12765838205814364 -0.013300000689923763
v -0.09971877932548526 0.12820774316787723 -0.013300000689923763
v -0.09991692006587985 0.1288295686244965 -0.013300000689923763
v -0.09994736313819888 0.12948147952556613 -0.013300000689923763
v -0.099808044731617 0.13011907041072848 -0.013300000689923763
v -0.09950846433639529 0.1306988745927811 -0.013300000689923763
v -0.09906901419162753 0.13118138909339908 -0.013300000689923763
v -0.09851965308189395 0.1315337121486664 -0.013300000689923763
v -0.09724590182304385 0.13176229596138003 -0.013300000689923763
v -0.09789783507585528 0.131731852889061 -0.013300000689923763
v -0.09660832583904269 0.13162299990653994 -0.013300000689923763
v -0.0987697243690491 0.1273831129074097 -0.013500000350177288
v -0.09823631495237353 0.1271074861288071 -0.013500000350177288
v -0.09764972329139712 0.1269793212413788 -0.013500000350177288
v -0.09704995900392535 0.12700732052326205 -0.013500000350177288
v -0.09647788107395175 0.12718962132930758 -0.013500000350177288
v -0.09597247093915942 0.12751375138759616 -0.013500000350177288
v -0.09556818008422854 0.12795765697956088 -0.013500000350177288
v -0.09529255330562594 0.12849108874797824 -0.013500000350177288
v -0.09516438096761706 0.12907765805721286 -0.013500000350177288
v -0.0951923951506615 0.12967742979526523 -0.013500000350177288
v -0.09537468105554583 0.13024953007698062 -0.013500000350177288
v -0.0956988260149956 0.13075491786003116 -0.013500000350177288
v -0.09614273160696032 0.13115920126438144 -0.013500000350177288
v -0.09667614847421649 0.13143482804298404 -0.013500000350177288
v -0.0972627326846123 0.13156300783157351 -0.013500000350177288
v -0.09786250442266467 0.13153500854969027 -0.013500000350177288
v -0.09843457490205768 0.13135270774364474 -0.013500000350177288
v -0.09893998503685 0.13102856278419497 -0.013500000350177288
v -0.09934427589178088 0.13058465719223025 -0.013500000350177288
v -0.09961990267038348 0.1300512403249741 -0.013500000350177288
v -0.09974807500839236 0.12946465611457827 -0.013500000350177288
v -0.09972006082534793 0.1288648992776871 -0.013500000350177288
v -0.09953777492046359 0.1282928138971329 -0.013500000350177288
v -0.09921362996101382 0.12778741121292117 -0.013500000350177288
v -0.09745622426271441 0.12927116453647616 -0.013500000350177288
v -0.09496509283781054 0.129060834646225 0.009100000374019146
v -0.09499553591012957 0.12971276044845584 0.009100000374019146
v -0.09510441124439242 0.12842324376106265 0.009100000374019146
v -0.09540399909019473 0.12784343957901004 0.009100000374019146
v -0.09971877932548526 0.12820774316787723 0.009100000374019146
v -0.09936644881963733 0.12765838205814364 0.009100000374019146
v -0.09701463580131534 0.12681047618389132 0.009100000374019146
v -0.09639280289411548 0.12700861692428592 0.009100000374019146
v -0.09519368410110476 0.1303345859050751 0.009100000374019146
v -0.0955460146069527 0.1308839321136475 0.009100000374019146
v -0.09602851420640948 0.13132338225841525 0.009100000374019146
v -0.09906901419162753 0.13118138909339908 0.009100000374019146
v -0.09950846433639529 0.1306988745927811 0.009100000374019146
v -0.09994736313819888 0.12948147952556613 0.009100000374019146
v -0.09991692006587985 0.1288295686244965 0.009100000374019146
v -0.09888394176959994 0.12721893191337588 0.009100000374019146
v -0.09766655415296557 0.1267800182104111 0.009100000374019146
v -0.09745622426271441 0.12677116692066195 0.009100000374019146
v -0.09584344923496249 0.12736093997955325 0.009100000374019146
v -0.09789783507585528 0.131731852889061 0.009100000374019146
v -0.09851965308189395 0.1315337121486664 0.009100000374019146
v -0.099808044731617 0.13011907041072848 0.009100000374019146
v -0.09830414503812793 0.12691934406757358 0.009100000374019146
v -0.09660832583904269 0.13162299990653994 0.009100000374019146
v -0.09724590182304385 0.13176229596138003 0.009100000374019146
v -0.09602851420640948 0.13132338225841525 0.013300000689923763
v -0.0955460146069527 0.1308839321136475 0.013300000689923763
v -0.09519368410110476 0.1303345859050751 0.013300000689923763
v -0.09499553591012957 0.12971276044845584 0.013300000689923763
v -0.09496509283781054 0.129060834646225 0.013300000689923763
v -0.09510441124439242 0.12842324376106265 0.013300000689923763
v -0.09540399909019473 0.12784343957901004 0.013300000689923763
v -0.09584344923496249 0.12736093997955325 0.013300000689923763
v -0.09639280289411548 0.12700861692428592 0.013300000689923763
v -0.09701463580131534 0.12681047618389132 0.013300000689923763
v -0.09766655415296557 0.1267800182104111 0.013300000689923763
v -0.09830414503812793 0.12691934406757358 0.013300000689923763
v -0.09888394176959994 0.12721893191337588 0.013300000689923763
v -0.09936644881963733 0.12765838205814364 0.013300000689923763
v -0.09971877932548526 0.12820774316787723 0.013300000689923763
v -0.09991692006587985 0.1288295686244965 0.013300000689923763
v -0.09994736313819888 0.12948147952556613 0.013300000689923763
v -0.099808044731617 0.13011907041072848 0.013300000689923763
v -0.09950846433639529 0.1306988745927811 0.013300000689923763
v -0.09906901419162753 0.13118138909339908 0.013300000689923763
v -0.09851965308189395 0.1315337121486664 0.013300000689923763
v -0.09789783507585528 0.131731852889061 0.013300000689923763
v -0.09724590182304385 0.13176229596138003 0.013300000689923763
v -0.09660832583904269 0.13162299990653994 0.013300000689923763
v -0.09614273160696032 0.13115920126438144 0.013500000350177288
v -0.0956988260149956 0.13075491786003116 0.013500000350177288
v -0.09537468105554583 0.13024953007698062 0.013500000350177288
v -0.0951923951506615 0.12967742979526523 0.013500000350177288
v -0.09516438096761706 0.12907765805721286 0.013500000350177288
v -0.09529255330562594 0.12849108874797824 0.013500000350177288
v -0.09556818008422854 0.12795765697956088 0.013500000350177288
v -0.09597247093915942 0.12751375138759616 0.013500000350177288
v -0.09647788107395175 0.12718962132930758 0.013500000350177288
v -0.09704995900392535 0.12700732052326205 0.013500000350177288
v -0.09764972329139712 0.1269793212413788 0.013500000350177288
v -0.09823631495237353 0.1271074861288071 0.013500000350177288
v -0.0987697243690491 0.1273831129074097 0.013500000350177288
v -0.09921362996101382 0.12778741121292117 0.013500000350177288
v -0.09953777492046359 0.1282928138971329 0.013500000350177288
v -0.09972006082534793 0.1288648992776871 0.013500000350177288
v -0.09974807500839236 0.12946465611457827 0.013500000350177288
v -0.09961990267038348 0.1300512403249741 0.013500000350177288
v -0.09934427589178088 0.13058465719223025 0.013500000350177288
v -0.09893998503685 0.13102856278419497 0.013500000350177288
v -0.09843457490205768 0.13135270774364474 0.013500000350177288
v -0.09786250442266467 0.13153500854969027 0.013500000350177288
v -0.0972627326846123 0.13156300783157351 0.013500000350177288
v -0.09667614847421649 0.13143482804298404 0.013500000350177288
v -0.09745622426271441 0.12927116453647616 0.013500000350177288
v -0.09549891948699954 0.13636863231658938 0.0036000001709908247
v -0.09549891948699954 0.13636863231658938 -0.0036000001709908247
v -0.09422728419303897 0.1368314623832703 -0.0036000001709908247
v -0.09422728419303897 0.1368314623832703 0.0036000001709908247
v -0.09413120895624164 0.13706551492214206 -0.0036000001709908247
v -0.09395337104797366 0.13718996942043307 0.0036000001709908247
v -0.09395337104797366 0.13718996942043307 -0.0036000001709908247
v -0.09413120895624164 0.13706551492214206 0.0036000001709908247
v -0.09389916062355044 0.13679865002632144 -0.0036000001709908247
v -0.09383197873830798 0.136746421456337 -0.0036000001709908247
v -0.09414456039667132 0.13685144484043124 -0.0036000001709908247
v -0.09405947476625445 0.136852502822876 -0.0036000001709908247
v -0.0939762815833092 0.136834591627121 -0.0036000001709908247
v -0.09377809613943103 0.1366805583238602 -0.0036000001709908247
v -0.09374022483825685 0.13660435378551486 -0.0036000001709908247
v -0.09405947476625445 0.136852502822876 0.0036000001709908247
v -0.09377809613943103 0.1366805583238602 0.0036000001709908247
v -0.09383197873830798 0.136746421456337 0.0036000001709908247
v -0.0939762815833092 0.136834591627121 0.0036000001709908247
v -0.09389916062355044 0.13679865002632144 0.0036000001709908247
v -0.09414456039667132 0.13685144484043124 0.0036000001709908247
v -0.09374022483825685 0.13660435378551486 0.0036000001709908247
v -0.08976595103740694 0.12568512558937076 0.0036000001709908247
v -0.0901230350136757 0.12555515766143802 0.0036000001709908247
v -0.0901230350136757 0.12555515766143802 -0.0036000001709908247
v -0.08976595103740694 0.12568512558937076 -0.0036000001709908247
v -0.08989591896533967 0.12604220211505893 0.0036000001709908247
v -0.08989591896533967 0.12604220211505893 -0.0036000001709908247
v -0.09003504365682603 0.1256009638309479 -0.0036000001709908247
v -0.09003504365682603 0.1256009638309479 0.0036000001709908247
v -0.08996190875768663 0.12566798925399783 -0.0036000001709908247
v -0.08996190875768663 0.12566798925399783 0.0036000001709908247
v -0.08990861475467683 0.1257516443729401 -0.0036000001709908247
v -0.08990861475467683 0.1257516443729401 0.0036000001709908247
v -0.08987877517938615 0.12584625184535983 -0.0036000001709908247
v -0.08987877517938615 0.12584625184535983 0.0036000001709908247
v -0.08987445384263994 0.1259453594684601 -0.0036000001709908247
v -0.08987445384263994 0.1259453594684601 0.0036000001709908247
v -0.08369718492031099 0.15128664672374728 -2.557286700176115e-16
v -0.08487613499164583 0.15128664672374728 0.002041999949142337
v -0.08487613499164583 0.15128664672374728 -0.002041999949142337
v -0.0872340351343155 0.15128664672374728 -0.002041999949142337
v -0.08841298520565034 0.15128664672374728 -2.4348753515234954e-16
v -0.0872340351343155 0.15128664672374728 0.002041999949142337
v -0.08428665995597841 0.14878664910793307 0.0010209999745711684
v -0.08369718492031099 0.14878664910793307 -2.5516494312143414e-16
v -0.08487613499164583 0.14878664910793307 0.002041999949142337
v -0.08605508506298067 0.14878664910793307 0.002041999949142337
v -0.0872340351343155 0.14878664910793307 0.002041999949142337
v -0.08782351016998292 0.14878664910793307 0.0010209999745711684
v -0.08841298520565034 0.14878664910793307 -2.429238347259518e-16
v -0.08782351016998292 0.14878664910793307 -0.0010209999745711684
v -0.0872340351343155 0.14878664910793307 -0.002041999949142337
v -0.08605508506298067 0.14878664910793307 -0.002041999949142337
v -0.08487613499164583 0.14878664910793307 -0.002041999949142337
v -0.08428665995597841 0.14878664910793307 -0.0010209999745711684
v -0.08707608282566072 0.14878664910793307 -0.0017684238264337182
v -0.08658359199762346 0.14878664910793307 -0.001972420606762171
v -0.08749899268150331 0.14878664910793307 -0.0014439120423048735
v -0.08658359199762346 0.14878664910793307 0.001972420606762171
v -0.08707608282566072 0.14878664910793307 0.0017684238264337182
v -0.08749899268150331 0.14878664910793307 0.0014439120423048735
v -0.0880275145173073 0.14878664910793307 0.0005285085062496364
v -0.08809708058834077 0.14878664910793307 -2.4519110369773515e-16
v -0.0880275145173073 0.14878664910793307 -0.0005285085062496364
v -0.08552658557891847 0.14878664910793307 -0.001972420606762171
v -0.08503407984972002 0.14878664910793307 -0.0017684238264337182
v -0.08461116999387742 0.14878664910793307 -0.0014439120423048735
v -0.08408266305923463 0.14878664910793307 -0.0005285085062496364
v -0.08401308208703996 0.14878664910793307 -2.442375563573636e-16
v -0.08408266305923463 0.14878664910793307 0.0005285085062496364
v -0.08461116999387742 0.14878664910793307 0.0014439120423048735
v -0.08503407984972002 0.14878664910793307 0.0017684238264337182
v -0.08552658557891847 0.14878664910793307 0.001972420606762171
v -0.08605508506298067 0.14760769903659823 -2.448160004509995e-16
usemtl Periwinkle_Gray
f 712 693 730
f 693 694 730
f 730 694 732
f 694 689 732
f 732 689 733
f 689 690 733
f 733 690 734
f 690 695 734
f 734 695 735
f 695 703 735
f 735 703 736
f 703 696 736
f 736 696 737
f 696 697 737
f 737 697 714
f 697 709 714
f 714 709 715
f 709 710 715
f 715 710 716
f 710 698 716
f 716 698 717
f 698 699 717
f 717 699 718
f 699 704 718
f 718 704 719
f 704 705 719
f 719 705 720
f 705 691 720
f 720 691 721
f 691 692 721
f 721 692 722
f 692 700 722
f 722 700 723
f 700 706 723
f 723 706 724
f 706 707 724
f 724 707 725
f 707 701 725
f 725 701 726
f 701 702 726
f 726 702 727
f 702 708 727
f 727 708 728
f 708 713 728
f 728 713 729
f 713 711 729
f 729 711 731
f 711 712 731
f 731 712 730
f 757 758 731
f 758 759 731
f 759 760 731
f 731 760 729
f 760 761 729
f 729 761 728
f 761 762 728
f 728 762 727
f 762 738 727
f 727 738 726
f 738 739 726
f 726 739 725
f 739 740 725
f 725 740 724
f 740 741 724
f 724 741 723
f 741 742 723
f 723 742 722
f 742 743 722
f 722 743 721
f 743 744 721
f 721 744 720
f 744 745 720
f 720 745 719
f 745 746 719
f 719 746 718
f 746 747 718
f 718 747 717
f 747 748 717
f 717 748 716
f 748 749 716
f 716 749 715
f 749 750 715
f 715 750 714
f 750 751 714
f 714 751 737
f 751 752 737
f 737 752 736
f 752 753 736
f 736 753 735
f 753 754 735
f 735 754 734
f 754 755 734
f 734 755 733
f 755 756 733
f 733 756 732
f 756 757 732
f 732 757 730
f 757 731 730
f 852 853 867
f 853 854 867
f 867 854 866
f 854 855 866
f 866 855 865
f 855 856 865
f 865 856 864
f 856 844 864
f 864 844 863
f 844 838 863
f 863 838 886
f 838 839 886
f 886 839 885
f 839 845 885
f 885 845 884
f 845 846 884
f 884 846 883
f 846 840 883
f 883 840 882
f 840 841 882
f 882 841 881
f 841 847 881
f 881 847 880
f 847 848 880
f 880 848 879
f 848 842 879
f 879 842 878
f 842 843 878
f 878 843 877
f 843 857 877
f 877 857 876
f 857 858 876
f 876 858 875
f 858 849 875
f 875 849 874
f 849 850 874
f 874 850 873
f 850 859 873
f 873 859 872
f 859 860 872
f 872 860 871
f 860 861 871
f 871 861 870
f 861 862 870
f 870 862 869
f 862 851 869
f 869 851 868
f 851 852 868
f 868 852 867
f 892 893 868
f 893 894 868
f 868 894 869
f 894 895 869
f 869 895 870
f 895 896 870
f 870 896 871
f 896 897 871
f 871 897 872
f 897 898 872
f 872 898 873
f 898 899 873
f 873 899 874
f 899 900 874
f 874 900 875
f 900 901 875
f 875 901 876
f 901 902 876
f 876 902 877
f 902 903 877
f 877 903 878
f 903 904 878
f 878 904 879
f 904 905 879
f 879 905 880
f 905 906 880
f 880 906 881
f 906 907 881
f 881 907 882
f 907 908 882
f 882 908 883
f 908 909 883
f 883 909 884
f 909 910 884
f 884 910 885
f 910 911 885
f 885 911 886
f 911 887 886
f 886 887 863
f 887 888 863
f 863 888 864
f 888 889 864
f 864 889 865
f 889 890 865
f 865 890 866
f 890 891 866
f 866 891 867
f 891 892 867
f 867 892 868
f 1133 1122 1150
f 1122 1123 1150
f 1150 1123 1149
f 1123 1134 1149
f 1149 1134 1148
f 1134 1119 1148
f 1148 1119 1147
f 1119 1118 1147
f 1147 1118 1146
f 1118 1116 1146
f 1146 1116 1145
f 1116 1117 1145
f 1145 1117 1144
f 1117 1124 1144
f 1144 1124 1143
f 1124 1125 1143
f 1143 1125 1142
f 1125 1126 1142
f 1142 1126 1141
f 1126 1139 1141
f 1141 1139 1164
f 1139 1140 1164
f 1164 1140 1163
f 1140 1135 1163
f 1163 1135 1162
f 1135 1136 1162
f 1162 1136 1161
f 1136 1127 1161
f 1161 1127 1160
f 1127 1128 1160
f 1160 1128 1159
f 1128 1137 1159
f 1159 1137 1158
f 1137 1129 1158
f 1158 1129 1157
f 1129 1130 1157
f 1157 1130 1156
f 1130 1120 1156
f 1156 1120 1155
f 1120 1121 1155
f 1155 1121 1154
f 1121 1131 1154
f 1154 1131 1153
f 1131 1138 1153
f 1153 1138 1152
f 1138 1132 1152
f 1152 1132 1151
f 1132 1133 1151
f 1151 1133 1150
f 1141 1166 1142
f 1166 1167 1142
f 1142 1167 1143
f 1167 1168 1143
f 1143 1168 1144
f 1168 1169 1144
f 1144 1169 1145
f 1169 1170 1145
f 1145 1170 1146
f 1170 1171 1146
f 1146 1171 1147
f 1171 1172 1147
f 1147 1172 1148
f 1172 1173 1148
f 1148 1173 1149
f 1173 1174 1149
f 1149 1174 1150
f 1174 1175 1150
f 1150 1175 1151
f 1175 1176 1151
f 1151 1176 1152
f 1176 1177 1152
f 1152 1177 1153
f 1177 1178 1153
f 1153 1178 1154
f 1178 1179 1154
f 1154 1179 1155
f 1179 1180 1155
f 1155 1180 1156
f 1180 1181 1156
f 1156 1181 1157
f 1181 1182 1157
f 1157 1182 1158
f 1182 1183 1158
f 1158 1183 1159
f 1183 1184 1159
f 1159 1184 1160
f 1184 1185 1160
f 1160 1185 1161
f 1185 1186 1161
f 1161 1186 1162
f 1186 1187 1162
f 1162 1187 1163
f 1187 1188 1163
f 1163 1188 1164
f 1188 1165 1164
f 1164 1165 1141
f 1165 1166 1141
f 1079 1092 1078
f 1092 1093 1078
f 1078 1093 1077
f 1093 1094 1077
f 1077 1094 1076
f 1094 1095 1076
f 1076 1095 1075
f 1095 1096 1075
f 1075 1096 1074
f 1096 1097 1074
f 1074 1097 1073
f 1097 1098 1073
f 1073 1098 1072
f 1098 1099 1072
f 1072 1099 1071
f 1099 1100 1071
f 1071 1100 1070
f 1100 1101 1070
f 1070 1101 1069
f 1101 1102 1069
f 1069 1102 1068
f 1102 1103 1068
f 1068 1103 1067
f 1103 1104 1067
f 1067 1104 1090
f 1104 1105 1090
f 1090 1105 1088
f 1105 1106 1088
f 1088 1106 1089
f 1106 1107 1089
f 1089 1107 1087
f 1107 1108 1087
f 1087 1108 1086
f 1108 1109 1086
f 1086 1109 1085
f 1109 1110 1085
f 1085 1110 1084
f 1110 1111 1084
f 1084 1111 1083
f 1111 1112 1083
f 1083 1112 1082
f 1112 1113 1082
f 1082 1113 1081
f 1113 1114 1081
f 1081 1114 1080
f 1114 1091 1080
f 1080 1091 1079
f 1091 1092 1079
f 1058 1060 1088
f 1060 1059 1088
f 1088 1059 1090
f 1059 1065 1090
f 1090 1065 1067
f 1065 1049 1067
f 1067 1049 1068
f 1049 1050 1068
f 1068 1050 1069
f 1050 1051 1069
f 1069 1051 1070
f 1051 1042 1070
f 1070 1042 1071
f 1042 1043 1071
f 1071 1043 1072
f 1043 1044 1072
f 1072 1044 1073
f 1044 1047 1073
f 1073 1047 1074
f 1047 1061 1074
f 1074 1061 1075
f 1061 1052 1075
f 1075 1052 1076
f 1052 1053 1076
f 1076 1053 1077
f 1053 1062 1077
f 1077 1062 1078
f 1062 1063 1078
f 1078 1063 1079
f 1063 1054 1079
f 1079 1054 1080
f 1054 1055 1080
f 1080 1055 1081
f 1055 1056 1081
f 1081 1056 1082
f 1056 1048 1082
f 1082 1048 1083
f 1048 1045 1083
f 1083 1045 1084
f 1045 1046 1084
f 1084 1046 1085
f 1046 1066 1085
f 1085 1066 1086
f 1066 1064 1086
f 1086 1064 1087
f 1064 1057 1087
f 1087 1057 1089
f 1057 1058 1089
f 1089 1058 1088
f 759 758 763
f 762 761 763
f 761 760 763
f 763 760 759
f 740 739 763
f 739 738 763
f 763 738 762
f 743 742 763
f 742 741 763
f 763 741 740
f 746 745 763
f 745 744 763
f 763 744 743
f 749 748 763
f 748 747 763
f 763 747 746
f 752 751 763
f 751 750 763
f 763 750 749
f 755 754 763
f 754 753 763
f 763 753 752
f 758 757 763
f 757 756 763
f 763 756 755
f 893 892 912
f 896 895 912
f 895 894 912
f 912 894 893
f 899 898 912
f 898 897 912
f 912 897 896
f 902 901 912
f 901 900 912
f 912 900 899
f 905 904 912
f 904 903 912
f 912 903 902
f 908 907 912
f 907 906 912
f 912 906 905
f 911 910 912
f 910 909 912
f 912 909 908
f 889 888 912
f 888 887 912
f 912 887 911
f 892 891 912
f 891 890 912
f 912 890 889
f 1180 1179 1189
f 1179 1178 1189
f 1189 1178 1177
f 1183 1182 1189
f 1182 1181 1189
f 1189 1181 1180
f 1186 1185 1189
f 1185 1184 1189
f 1189 1184 1183
f 1165 1188 1189
f 1188 1187 1189
f 1189 1187 1186
f 1168 1167 1189
f 1167 1166 1189
f 1189 1166 1165
f 1171 1170 1189
f 1170 1169 1189
f 1189 1169 1168
f 1174 1173 1189
f 1173 1172 1189
f 1189 1172 1171
f 1177 1176 1189
f 1176 1175 1189
f 1189 1175 1174
f 1106 1105 1115
f 1105 1104 1115
f 1115 1104 1103
f 1109 1108 1115
f 1108 1107 1115
f 1115 1107 1106
f 1112 1111 1115
f 1111 1110 1115
f 1115 1110 1109
f 1091 1114 1115
f 1114 1113 1115
f 1115 1113 1112
f 1094 1093 1115
f 1093 1092 1115
f 1115 1092 1091
f 1097 1096 1115
f 1096 1095 1115
f 1115 1095 1094
f 1100 1099 1115
f 1099 1098 1115
f 1115 1098 1097
f 1103 1102 1115
f 1102 1101 1115
f 1115 1101 1100
usemtl Geyser
f 1264 1263 1262
f 1237 1263 1264
f 1264 1234 1260
f 1261 1234 1264
f 1262 1261 1264
f 1264 1258 1245
f 1259 1258 1264
f 1260 1259 1264
f 1264 1256 1255
f 1257 1256 1264
f 1245 1257 1264
f 1264 1247 1246
f 1243 1247 1264
f 1255 1243 1264
f 1264 1241 1254
f 1248 1241 1264
f 1246 1248 1264
f 1264 1252 1239
f 1253 1252 1264
f 1254 1253 1264
f 1264 1250 1249
f 1251 1250 1264
f 1239 1251 1264
f 1249 1237 1264
f 471 495 472
f 495 496 472
f 472 496 473
f 496 497 473
f 473 497 474
f 497 498 474
f 474 498 475
f 498 499 475
f 475 499 476
f 499 500 476
f 476 500 477
f 500 501 477
f 477 501 478
f 501 502 478
f 478 502 479
f 502 503 479
f 479 503 480
f 503 504 480
f 480 504 481
f 504 505 481
f 481 505 482
f 505 506 482
f 482 506 483
f 506 507 483
f 483 507 484
f 507 508 484
f 484 508 485
f 508 509 485
f 485 509 486
f 509 510 486
f 486 510 487
f 510 511 487
f 487 511 488
f 511 512 488
f 488 512 489
f 512 513 489
f 489 513 490
f 513 514 490
f 490 514 491
f 514 515 491
f 491 515 492
f 515 516 492
f 492 516 493
f 516 517 493
f 493 517 494
f 517 518 494
f 494 518 471
f 518 495 471
f 518 519 495
f 519 520 495
f 495 520 496
f 520 521 496
f 496 521 497
f 521 522 497
f 497 522 498
f 522 523 498
f 498 523 499
f 523 524 499
f 499 524 500
f 524 525 500
f 500 525 501
f 525 526 501
f 501 526 502
f 526 527 502
f 502 527 503
f 527 528 503
f 503 528 504
f 528 529 504
f 504 529 505
f 529 530 505
f 505 530 506
f 530 531 506
f 506 531 507
f 531 532 507
f 507 532 508
f 532 533 508
f 508 533 509
f 533 534 509
f 509 534 510
f 534 535 510
f 510 535 511
f 535 536 511
f 511 536 512
f 536 537 512
f 512 537 513
f 537 538 513
f 513 538 514
f 538 539 514
f 514 539 515
f 539 540 515
f 515 540 516
f 540 541 516
f 516 541 517
f 541 542 517
f 517 542 518
f 542 519 518
f 542 543 519
f 543 544 519
f 519 544 520
f 544 545 520
f 520 545 521
f 545 546 521
f 521 546 522
f 546 547 522
f 522 547 523
f 547 548 523
f 523 548 524
f 548 549 524
f 524 549 525
f 549 550 525
f 525 550 526
f 550 551 526
f 526 551 527
f 551 552 527
f 527 552 528
f 552 553 528
f 528 553 529
f 553 554 529
f 529 554 530
f 554 555 530
f 530 555 531
f 555 556 531
f 531 556 532
f 556 557 532
f 532 557 533
f 557 558 533
f 533 558 534
f 558 559 534
f 534 559 535
f 559 560 535
f 535 560 536
f 560 561 536
f 536 561 537
f 561 562 537
f 537 562 538
f 562 563 538
f 538 563 539
f 563 564 539
f 539 564 540
f 564 565 540
f 540 565 541
f 565 566 541
f 541 566 542
f 566 543 542
f 566 567 543
f 567 568 543
f 543 568 544
f 568 569 544
f 544 569 545
f 569 570 545
f 545 570 546
f 570 571 546
f 546 571 547
f 571 572 547
f 547 572 548
f 572 573 548
f 548 573 549
f 573 574 549
f 549 574 550
f 574 575 550
f 550 575 551
f 575 576 551
f 551 576 552
f 576 577 552
f 552 577 553
f 577 578 553
f 553 578 554
f 578 579 554
f 554 579 555
f 579 580 555
f 555 580 556
f 580 581 556
f 556 581 557
f 581 582 557
f 557 582 558
f 582 583 558
f 558 583 559
f 583 584 559
f 559 584 560
f 584 585 560
f 560 585 561
f 585 586 561
f 561 586 562
f 586 587 562
f 562 587 563
f 587 588 563
f 563 588 564
f 588 589 564
f 564 589 565
f 589 590 565
f 565 590 566
f 590 567 566
f 590 591 567
f 591 592 567
f 567 592 568
f 592 593 568
f 568 593 569
f 593 594 569
f 569 594 570
f 594 595 570
f 570 595 571
f 595 596 571
f 571 596 572
f 596 597 572
f 572 597 573
f 597 598 573
f 573 598 574
f 598 599 574
f 574 599 575
f 599 600 575
f 575 600 576
f 600 601 576
f 576 601 577
f 601 602 577
f 577 602 578
f 602 603 578
f 578 603 579
f 603 604 579
f 579 604 580
f 604 605 580
f 580 605 581
f 605 606 581
f 581 606 582
f 606 607 582
f 582 607 583
f 607 608 583
f 583 608 584
f 608 609 584
f 584 609 585
f 609 610 585
f 585 610 586
f 610 611 586
f 586 611 587
f 611 612 587
f 587 612 588
f 612 613 588
f 588 613 589
f 613 614 589
f 589 614 590
f 614 591 590
f 614 448 591
f 448 449 591
f 591 449 592
f 449 450 592
f 592 450 593
f 450 451 593
f 593 451 594
f 451 452 594
f 594 452 595
f 452 453 595
f 595 453 596
f 453 454 596
f 596 454 597
f 454 455 597
f 597 455 598
f 455 456 598
f 598 456 599
f 456 457 599
f 599 457 600
f 457 458 600
f 600 458 601
f 458 459 601
f 601 459 602
f 459 460 602
f 602 460 603
f 460 461 603
f 603 461 604
f 461 462 604
f 604 462 605
f 462 463 605
f 605 463 606
f 463 464 606
f 606 464 607
f 464 465 607
f 607 465 608
f 465 466 608
f 608 466 609
f 466 467 609
f 609 467 610
f 467 468 610
f 610 468 611
f 468 469 611
f 611 469 612
f 469 470 612
f 612 470 613
f 470 447 613
f 613 447 614
f 447 448 614
f 266 303 265
f 303 304 265
f 265 304 264
f 304 305 264
f 264 305 263
f 305 306 263
f 263 306 262
f 306 307 262
f 262 307 261
f 307 308 261
f 261 308 260
f 308 309 260
f 260 309 259
f 309 310 259
f 259 310 258
f 310 311 258
f 258 311 257
f 311 312 257
f 257 312 256
f 312 313 256
f 256 313 255
f 313 314 255
f 255 314 278
f 314 315 278
f 278 315 277
f 315 316 277
f 277 316 276
f 316 317 276
f 276 317 275
f 317 318 275
f 275 318 274
f 318 319 274
f 274 319 273
f 319 320 273
f 273 320 272
f 320 321 272
f 272 321 271
f 321 322 271
f 271 322 270
f 322 323 270
f 270 323 269
f 323 324 269
f 269 324 268
f 324 325 268
f 268 325 267
f 325 326 267
f 267 326 266
f 326 303 266
f 303 327 304
f 327 328 304
f 304 328 305
f 328 329 305
f 305 329 306
f 329 330 306
f 306 330 307
f 330 331 307
f 307 331 308
f 331 332 308
f 308 332 309
f 332 333 309
f 309 333 310
f 333 334 310
f 310 334 311
f 334 335 311
f 311 335 312
f 335 336 312
f 312 336 313
f 336 337 313
f 313 337 314
f 337 338 314
f 314 338 315
f 338 339 315
f 315 339 316
f 339 340 316
f 316 340 317
f 340 341 317
f 317 341 318
f 341 342 318
f 318 342 319
f 342 343 319
f 319 343 320
f 343 344 320
f 320 344 321
f 344 345 321
f 321 345 322
f 345 346 322
f 322 346 323
f 346 347 323
f 323 347 324
f 347 348 324
f 324 348 325
f 348 349 325
f 325 349 326
f 349 350 326
f 326 350 303
f 350 327 303
f 327 351 328
f 351 352 328
f 328 352 329
f 352 353 329
f 329 353 330
f 353 354 330
f 330 354 331
f 354 355 331
f 331 355 332
f 355 356 332
f 332 356 333
f 356 357 333
f 333 357 334
f 357 358 334
f 334 358 335
f 358 359 335
f 335 359 336
f 359 360 336
f 336 360 337
f 360 361 337
f 337 361 338
f 361 362 338
f 338 362 339
f 362 363 339
f 339 363 340
f 363 364 340
f 340 364 341
f 364 365 341
f 341 365 342
f 365 366 342
f 342 366 343
f 366 367 343
f 343 367 344
f 367 368 344
f 344 368 345
f 368 369 345
f 345 369 346
f 369 370 346
f 346 370 347
f 370 371 347
f 347 371 348
f 371 372 348
f 348 372 349
f 372 373 349
f 349 373 350
f 373 374 350
f 350 374 327
f 374 351 327
f 351 375 352
f 375 376 352
f 352 376 353
f 376 377 353
f 353 377 354
f 377 378 354
f 354 378 355
f 378 379 355
f 355 379 356
f 379 380 356
f 356 380 357
f 380 381 357
f 357 381 358
f 381 382 358
f 358 382 359
f 382 383 359
f 359 383 360
f 383 384 360
f 360 384 361
f 384 385 361
f 361 385 362
f 385 386 362
f 362 386 363
f 386 387 363
f 363 387 364
f 387 388 364
f 364 388 365
f 388 389 365
f 365 389 366
f 389 390 366
f 366 390 367
f 390 391 367
f 367 391 368
f 391 392 368
f 368 392 369
f 392 393 369
f 369 393 370
f 393 394 370
f 370 394 371
f 394 395 371
f 371 395 372
f 395 396 372
f 372 396 373
f 396 397 373
f 373 397 374
f 397 398 374
f 374 398 351
f 398 375 351
f 375 399 376
f 399 400 376
f 376 400 377
f 400 401 377
f 377 401 378
f 401 402 378
f 378 402 379
f 402 403 379
f 379 403 380
f 403 404 380
f 380 404 381
f 404 405 381
f 381 405 382
f 405 406 382
f 382 406 383
f 406 407 383
f 383 407 384
f 407 408 384
f 384 408 385
f 408 409 385
f 385 409 386
f 409 410 386
f 386 410 387
f 410 411 387
f 387 411 388
f 411 412 388
f 388 412 389
f 412 413 389
f 389 413 390
f 413 414 390
f 390 414 391
f 414 415 391
f 391 415 392
f 415 416 392
f 392 416 393
f 416 417 393
f 393 417 394
f 417 418 394
f 394 418 395
f 418 419 395
f 395 419 396
f 419 420 396
f 396 420 397
f 420 421 397
f 397 421 398
f 421 422 398
f 398 422 375
f 422 399 375
f 399 280 400
f 280 281 400
f 400 281 401
f 281 282 401
f 401 282 402
f 282 283 402
f 402 283 403
f 283 284 403
f 403 284 404
f 284 285 404
f 404 285 405
f 285 286 405
f 405 286 406
f 286 287 406
f 406 287 407
f 287 288 407
f 407 288 408
f 288 289 408
f 408 289 409
f 289 290 409
f 409 290 410
f 290 291 410
f 410 291 411
f 291 292 411
f 411 292 412
f 292 293 412
f 412 293 413
f 293 294 413
f 413 294 414
f 294 295 414
f 414 295 415
f 295 296 415
f 415 296 416
f 296 297 416
f 416 297 417
f 297 298 417
f 417 298 418
f 298 299 418
f 418 299 419
f 299 300 419
f 419 300 420
f 300 301 420
f 420 301 421
f 301 302 421
f 421 302 422
f 302 279 422
f 422 279 399
f 279 280 399
f 447 426 448
f 426 425 448
f 448 425 449
f 425 435 449
f 449 435 450
f 435 434 450
f 450 434 451
f 434 440 451
f 451 440 452
f 440 439 452
f 452 439 453
f 439 446 453
f 453 446 454
f 446 445 454
f 454 445 455
f 445 444 455
f 455 444 456
f 444 443 456
f 456 443 457
f 443 442 457
f 457 442 458
f 442 430 458
f 458 430 459
f 430 424 459
f 459 424 460
f 424 423 460
f 460 423 461
f 423 429 461
f 461 429 462
f 429 433 462
f 462 433 463
f 433 441 463
f 463 441 464
f 441 438 464
f 464 438 465
f 438 437 465
f 465 437 466
f 437 436 466
f 466 436 467
f 436 432 467
f 467 432 468
f 432 431 468
f 468 431 469
f 431 428 469
f 469 428 470
f 428 427 470
f 470 427 447
f 427 426 447
f 255 113 256
f 113 101 256
f 256 101 257
f 101 129 257
f 257 129 258
f 129 122 258
f 258 122 259
f 122 141 259
f 259 141 260
f 141 140 260
f 260 140 261
f 140 147 261
f 261 147 262
f 147 133 262
f 262 133 263
f 133 146 263
f 263 146 264
f 146 142 264
f 264 142 265
f 142 112 265
f 265 112 266
f 112 116 266
f 266 116 267
f 116 132 267
f 267 132 268
f 132 131 268
f 268 131 269
f 131 130 269
f 269 130 270
f 130 145 270
f 270 145 271
f 145 152 271
f 271 152 272
f 152 154 272
f 272 154 273
f 154 156 273
f 273 156 274
f 156 151 274
f 274 151 275
f 151 110 275
f 275 110 276
f 110 109 276
f 276 109 277
f 109 106 277
f 277 106 278
f 106 105 278
f 278 105 255
f 105 113 255
f 1240 1232 1239
f 1232 1233 1239
f 1239 1233 1238
f 1242 1231 1241
f 1231 1232 1241
f 1241 1232 1240
f 1244 1230 1243
f 1230 1231 1243
f 1243 1231 1242
f 1235 1228 1245
f 1228 1230 1245
f 1245 1230 1244
f 1242 1241 1248
f 1248 1246 1242
f 1246 1247 1242
f 1242 1247 1243
f 1240 1239 1252
f 1252 1253 1240
f 1253 1254 1240
f 1240 1254 1241
f 1238 1237 1249
f 1249 1250 1238
f 1250 1251 1238
f 1238 1251 1239
f 1236 1234 1261
f 1261 1262 1236
f 1262 1263 1236
f 1236 1263 1237
f 1235 1245 1258
f 1258 1259 1235
f 1259 1260 1235
f 1235 1260 1234
f 1244 1243 1255
f 1255 1256 1244
f 1256 1257 1244
f 1244 1257 1245
f 1238 1233 1237
f 1233 1229 1237
f 1237 1229 1236
f 1236 1229 1234
f 1229 1228 1234
f 1234 1228 1235
f 302 424 279
f 424 430 279
f 279 430 280
f 430 442 280
f 280 442 281
f 442 443 281
f 281 443 282
f 443 444 282
f 282 444 283
f 444 445 283
f 283 445 284
f 445 446 284
f 284 446 285
f 446 439 285
f 285 439 286
f 439 440 286
f 286 440 287
f 440 434 287
f 287 434 288
f 434 435 288
f 288 435 289
f 435 425 289
f 289 425 290
f 425 426 290
f 290 426 291
f 426 427 291
f 291 427 292
f 427 428 292
f 292 428 293
f 428 431 293
f 293 431 294
f 431 432 294
f 294 432 295
f 432 436 295
f 295 436 296
f 436 437 296
f 296 437 297
f 437 438 297
f 297 438 298
f 438 441 298
f 298 441 299
f 441 433 299
f 299 433 300
f 433 429 300
f 300 429 301
f 429 423 301
f 301 423 302
f 423 424 302
f 484 485 1231
f 1230 481 482
f 493 494 1233
f 494 471 1233
f 1233 471 1229
f 471 472 1229
f 1229 472 473
f 489 490 1232
f 490 491 1232
f 1232 491 1233
f 491 492 1233
f 1233 492 493
f 485 486 1231
f 486 487 1231
f 1231 487 1232
f 487 488 1232
f 1232 488 489
f 1230 482 1231
f 482 483 1231
f 1231 483 484
f 477 478 1228
f 478 479 1228
f 1228 479 1230
f 479 480 1230
f 1230 480 481
f 473 474 1229
f 474 475 1229
f 1229 475 1228
f 475 476 1228
f 1228 476 477
usemtl Cod_Gray
f 1 4 37
f 18 21 38
f 20 22 39
f 34 36 40
f 34 40 33
f 42 29 41
f 29 31 41
f 41 31 32
f 25 28 43
f 28 27 43
f 43 27 42
f 27 30 42
f 42 30 29
f 22 23 39
f 23 26 39
f 39 26 43
f 26 24 43
f 43 24 25
f 17 15 44
f 15 16 44
f 44 16 19
f 46 11 45
f 11 13 45
f 45 13 14
f 7 10 47
f 10 9 47
f 47 9 46
f 9 12 46
f 46 12 11
f 4 5 37
f 5 8 37
f 37 8 47
f 8 6 47
f 47 6 7
f 35 2 48
f 2 3 48
f 32 33 41
f 33 40 41
f 41 40 42
f 40 49 42
f 42 49 43
f 49 50 43
f 43 50 39
f 50 38 39
f 39 38 20
f 38 21 20
f 36 35 40
f 35 48 40
f 40 48 49
f 48 51 49
f 49 51 50
f 51 52 50
f 50 52 38
f 52 44 38
f 38 44 18
f 44 19 18
f 3 1 48
f 1 37 48
f 48 37 51
f 37 47 51
f 51 47 52
f 47 46 52
f 52 46 44
f 46 45 44
f 44 45 17
f 45 14 17
f 75 3 76
f 3 2 76
f 76 2 53
f 73 4 75
f 4 1 75
f 75 1 3
f 71 6 74
f 6 8 74
f 74 8 73
f 8 5 73
f 73 5 4
f 69 12 70
f 12 9 70
f 70 9 72
f 9 10 72
f 72 10 71
f 10 7 71
f 71 7 6
f 67 13 69
f 13 11 69
f 69 11 12
f 65 15 68
f 15 17 68
f 68 17 67
f 17 14 67
f 67 14 13
f 63 21 64
f 21 18 64
f 64 18 66
f 18 19 66
f 66 19 65
f 19 16 65
f 65 16 15
f 61 22 63
f 22 20 63
f 63 20 21
f 59 24 62
f 24 26 62
f 62 26 61
f 26 23 61
f 61 23 22
f 57 30 58
f 30 27 58
f 58 27 60
f 27 28 60
f 60 28 59
f 28 25 59
f 59 25 24
f 55 31 57
f 31 29 57
f 57 29 30
f 2 35 53
f 35 36 53
f 53 36 54
f 36 34 54
f 54 34 56
f 34 33 56
f 56 33 55
f 33 32 55
f 55 32 31
f 66 78 64
f 78 79 64
f 64 79 63
f 79 80 63
f 63 80 61
f 80 81 61
f 61 81 62
f 81 82 62
f 62 82 59
f 82 83 59
f 59 83 60
f 83 84 60
f 60 84 58
f 84 85 58
f 58 85 57
f 85 86 57
f 57 86 55
f 86 87 55
f 55 87 56
f 87 88 56
f 56 88 54
f 88 89 54
f 54 89 53
f 89 90 53
f 53 90 76
f 90 91 76
f 76 91 75
f 91 92 75
f 75 92 73
f 92 93 73
f 73 93 74
f 93 94 74
f 74 94 71
f 94 95 71
f 71 95 72
f 95 96 72
f 72 96 70
f 96 97 70
f 70 97 69
f 97 98 69
f 69 98 67
f 98 99 67
f 67 99 68
f 99 100 68
f 68 100 65
f 100 77 65
f 65 77 66
f 77 78 66
f 236 234 239
f 220 219 240
f 218 216 241
f 205 204 242
f 205 242 206
f 244 209 243
f 209 207 243
f 243 207 208
f 213 212 245
f 212 211 245
f 245 211 244
f 211 210 244
f 244 210 209
f 216 217 241
f 217 215 241
f 241 215 245
f 215 214 245
f 245 214 213
f 224 223 246
f 223 222 246
f 246 222 221
f 248 227 247
f 227 225 247
f 247 225 226
f 231 230 249
f 230 229 249
f 249 229 248
f 229 228 248
f 248 228 227
f 234 235 239
f 235 233 239
f 239 233 249
f 233 232 249
f 249 232 231
f 203 238 250
f 238 237 250
f 208 206 243
f 206 242 243
f 243 242 244
f 242 251 244
f 244 251 245
f 251 252 245
f 245 252 241
f 252 240 241
f 241 240 218
f 240 219 218
f 204 203 242
f 203 250 242
f 242 250 251
f 250 253 251
f 251 253 252
f 253 254 252
f 252 254 240
f 254 246 240
f 240 246 220
f 246 221 220
f 237 236 250
f 236 239 250
f 250 239 253
f 239 249 253
f 253 249 254
f 249 248 254
f 254 248 246
f 248 247 246
f 246 247 224
f 247 226 224
f 193 237 192
f 237 238 192
f 192 238 191
f 194 234 193
f 234 236 193
f 193 236 237
f 196 232 195
f 232 233 195
f 195 233 194
f 233 235 194
f 194 235 234
f 199 228 198
f 228 229 198
f 198 229 197
f 229 230 197
f 197 230 196
f 230 231 196
f 196 231 232
f 200 225 199
f 225 227 199
f 199 227 228
f 202 223 201
f 223 224 201
f 201 224 200
f 224 226 200
f 200 226 225
f 181 219 180
f 219 220 180
f 180 220 179
f 220 221 179
f 179 221 202
f 221 222 202
f 202 222 223
f 182 216 181
f 216 218 181
f 181 218 219
f 184 214 183
f 214 215 183
f 183 215 182
f 215 217 182
f 182 217 216
f 187 210 186
f 210 211 186
f 186 211 185
f 211 212 185
f 185 212 184
f 212 213 184
f 184 213 214
f 188 207 187
f 207 209 187
f 187 209 210
f 238 203 191
f 203 204 191
f 191 204 190
f 204 205 190
f 190 205 189
f 205 206 189
f 189 206 188
f 206 208 188
f 188 208 207
f 179 107 180
f 107 108 180
f 180 108 181
f 108 111 181
f 181 111 182
f 111 115 182
f 182 115 183
f 115 153 183
f 183 153 184
f 153 155 184
f 184 155 185
f 155 149 185
f 185 149 186
f 149 148 186
f 186 148 187
f 148 136 187
f 187 136 188
f 136 144 188
f 188 144 189
f 144 138 189
f 189 138 190
f 138 137 190
f 190 137 191
f 137 125 191
f 191 125 192
f 125 126 192
f 192 126 193
f 126 119 193
f 193 119 194
f 119 118 194
f 194 118 195
f 118 150 195
f 195 150 196
f 150 128 196
f 196 128 197
f 128 139 197
f 197 139 198
f 139 120 198
f 198 120 199
f 120 103 199
f 199 103 200
f 103 102 200
f 200 102 201
f 102 104 201
f 201 104 202
f 104 114 202
f 202 114 179
f 114 107 179
f 675 676 615
f 615 676 632
f 676 674 632
f 632 674 633
f 674 673 633
f 633 673 629
f 673 672 629
f 629 672 627
f 672 671 627
f 627 671 628
f 671 670 628
f 628 670 630
f 670 668 630
f 630 668 631
f 631 668 634
f 668 669 634
f 634 669 645
f 615 658 675
f 658 657 675
f 675 657 677
f 657 661 677
f 677 661 678
f 661 662 678
f 678 662 679
f 662 655 679
f 679 655 680
f 655 654 680
f 680 654 681
f 654 659 681
f 681 659 682
f 659 660 682
f 682 660 683
f 660 647 683
f 683 647 684
f 647 646 684
f 684 646 685
f 646 639 685
f 685 639 686
f 639 638 686
f 686 638 687
f 638 643 687
f 687 643 664
f 643 637 664
f 664 637 665
f 637 641 665
f 665 641 666
f 641 648 666
f 666 648 667
f 648 645 667
f 667 645 688
f 645 669 688
f 808 803 830
f 830 803 829
f 803 811 829
f 829 811 828
f 811 810 828
f 828 810 827
f 810 812 827
f 827 812 826
f 812 809 826
f 826 809 825
f 809 764 825
f 825 764 824
f 764 782 824
f 782 781 824
f 824 781 823
f 781 780 823
f 823 780 822
f 780 779 822
f 822 779 821
f 779 778 821
f 821 778 820
f 778 777 820
f 820 777 819
f 777 776 819
f 819 776 818
f 776 783 818
f 818 783 817
f 830 831 808
f 831 832 808
f 808 832 806
f 832 833 806
f 806 833 807
f 833 834 807
f 807 834 799
f 834 835 799
f 799 835 798
f 835 836 798
f 798 836 791
f 836 837 791
f 791 837 787
f 837 813 787
f 787 813 784
f 813 814 784
f 784 814 785
f 814 815 785
f 785 815 795
f 815 816 795
f 795 816 796
f 816 817 796
f 796 817 797
f 817 783 797
f 1009 1010 650
f 650 1010 651
f 1010 1008 651
f 651 1008 649
f 1008 1007 649
f 649 1007 644
f 1007 1006 644
f 644 1006 640
f 1006 1005 640
f 640 1005 642
f 1005 1004 642
f 642 1004 635
f 1004 1003 635
f 635 1003 636
f 1003 1002 636
f 636 1002 656
f 1002 1001 656
f 656 1001 652
f 1001 999 652
f 652 999 653
f 653 999 663
f 999 1000 663
f 663 1000 932
f 1000 998 932
f 932 998 934
f 998 997 934
f 934 997 935
f 650 923 1009
f 923 922 1009
f 1009 922 1011
f 922 930 1011
f 1011 930 1012
f 930 921 1012
f 1012 921 1013
f 921 916 1013
f 1013 916 1014
f 916 915 1014
f 1014 915 1015
f 915 919 1015
f 1015 919 1016
f 919 938 1016
f 1016 938 993
f 938 937 993
f 993 937 994
f 937 926 994
f 994 926 995
f 926 925 995
f 995 925 996
f 925 935 996
f 996 935 1017
f 935 997 1017
f 1034 792 1033
f 792 794 1033
f 1033 794 1032
f 794 790 1032
f 1032 790 1031
f 790 789 1031
f 1031 789 1030
f 789 788 1030
f 1030 788 1029
f 788 786 1029
f 1029 786 1028
f 786 802 1028
f 1028 802 1027
f 802 801 1027
f 1027 801 1026
f 801 805 1026
f 1026 805 1025
f 805 804 1025
f 1025 804 1024
f 804 987 1024
f 987 986 1024
f 1024 986 1023
f 986 985 1023
f 1023 985 1022
f 985 991 1022
f 1022 991 1021
f 991 990 1021
f 1021 990 1020
f 990 989 1020
f 1020 989 1019
f 989 984 1019
f 1019 984 1018
f 984 980 1018
f 1018 980 1041
f 980 979 1041
f 1041 979 1040
f 979 983 1040
f 1040 983 1039
f 983 982 1039
f 1039 982 1038
f 982 981 1038
f 1038 981 1037
f 981 988 1037
f 1037 988 1036
f 988 992 1036
f 1036 992 1035
f 992 800 1035
f 1035 800 1034
f 800 793 1034
f 1034 793 792
f 966 965 964
f 966 964 978
f 964 963 978
f 978 963 977
f 963 962 977
f 977 962 976
f 962 961 976
f 976 961 975
f 961 960 975
f 975 960 974
f 960 959 974
f 974 959 973
f 959 958 973
f 973 958 972
f 958 957 972
f 972 957 971
f 957 956 971
f 971 956 970
f 956 955 970
f 970 955 969
f 955 954 969
f 969 954 968
f 954 953 968
f 968 953 967
f 965 913 942
f 965 942 964
f 942 943 964
f 964 943 963
f 943 944 963
f 963 944 962
f 944 945 962
f 962 945 961
f 945 946 961
f 961 946 960
f 946 947 960
f 960 947 959
f 947 948 959
f 959 948 958
f 948 949 958
f 958 949 957
f 949 950 957
f 957 950 956
f 950 951 956
f 956 951 955
f 951 952 955
f 955 952 954
f 952 941 954
f 954 941 953
f 764 809 123
f 809 812 123
f 123 812 810
f 799 134 807
f 134 806 807
f 801 783 805
f 783 804 805
f 810 811 123
f 811 803 123
f 123 803 134
f 803 808 134
f 134 808 806
f 793 800 177
f 786 795 796
f 177 175 791
f 175 173 791
f 791 173 798
f 173 171 798
f 798 171 799
f 171 169 799
f 799 169 134
f 790 794 791
f 801 802 783
f 802 786 783
f 783 786 797
f 786 796 797
f 791 794 177
f 794 792 177
f 177 792 793
f 790 791 789
f 791 787 789
f 789 787 788
f 787 784 788
f 788 784 786
f 784 785 786
f 786 785 795
f 1196 1202 1198
f 1191 1192 1194
f 1192 1200 1194
f 1194 1200 1196
f 1200 1201 1196
f 1196 1201 1202
f 1198 1199 1196
f 1199 1203 1196
f 1196 1203 1204
f 1193 1190 1197
f 1211 1206 1195
f 1206 1207 1195
f 1195 1207 1209
f 1209 1208 1195
f 1208 1205 1195
f 1195 1205 1197
f 1205 1210 1197
f 1197 1210 1193
f 1212 1216 1215
f 1216 1217 1215
f 941 168 953
f 168 1190 953
f 178 953 1191
f 953 1190 1191
f 1191 1190 1192
f 1190 1193 1192
f 1190 168 1197
f 168 161 1197
f 1197 161 1195
f 161 163 1195
f 1195 163 1196
f 178 1191 176
f 1191 1194 176
f 176 1194 174
f 1194 1196 174
f 1196 163 174
f 174 163 172
f 163 165 172
f 172 165 170
f 165 167 170
f 170 167 143
f 167 135 143
f 135 156 154
f 149 155 135
f 155 153 135
f 135 153 115
f 135 154 143
f 154 152 143
f 143 152 145
f 103 120 101
f 83 143 84
f 143 145 84
f 84 145 85
f 145 130 85
f 85 130 86
f 127 121 120
f 121 94 93
f 138 144 124
f 144 136 124
f 124 136 135
f 136 148 135
f 135 148 149
f 83 82 143
f 82 81 143
f 143 81 134
f 81 80 134
f 134 80 79
f 79 78 134
f 78 77 134
f 134 77 123
f 77 100 123
f 123 100 99
f 123 96 121
f 96 95 121
f 121 95 94
f 142 146 93
f 146 133 93
f 93 133 121
f 133 147 121
f 121 147 140
f 120 139 127
f 139 128 127
f 127 128 117
f 128 150 117
f 117 150 118
f 117 125 124
f 125 137 124
f 124 137 138
f 99 98 123
f 98 97 123
f 123 97 96
f 140 141 121
f 141 122 121
f 121 122 120
f 122 129 120
f 120 129 101
f 118 119 117
f 119 126 117
f 117 126 125
f 86 130 87
f 130 131 87
f 87 131 88
f 131 132 88
f 88 132 89
f 132 116 89
f 89 116 90
f 116 112 90
f 90 112 91
f 142 93 112
f 93 92 112
f 112 92 91
f 156 135 151
f 135 115 151
f 151 115 110
f 115 111 110
f 110 111 109
f 111 108 109
f 109 108 106
f 108 107 106
f 106 107 105
f 107 114 105
f 105 114 113
f 114 104 113
f 113 104 101
f 104 102 101
f 101 102 103
f 158 157 127
f 157 121 127
f 157 158 618
f 157 618 770
f 618 620 770
f 770 620 769
f 620 622 769
f 769 622 768
f 622 624 768
f 768 624 767
f 624 626 767
f 767 626 766
f 913 1213 1212
f 1213 913 1214
f 913 965 1214
f 1214 965 1215
f 965 766 1215
f 1215 766 1212
f 766 626 1212
f 1212 626 913
f 661 657 117
f 657 658 117
f 117 658 615
f 659 654 124
f 654 655 124
f 124 655 117
f 655 662 117
f 117 662 661
f 656 652 634
f 652 653 634
f 634 653 663
f 159 650 651
f 651 649 159
f 649 639 159
f 159 639 160
f 639 162 160
f 162 639 164
f 639 646 164
f 164 646 166
f 646 647 166
f 166 647 124
f 647 660 124
f 124 660 659
f 656 634 636
f 634 645 636
f 636 645 648
f 649 644 639
f 644 640 639
f 639 640 638
f 640 642 638
f 638 642 643
f 642 635 643
f 643 635 637
f 635 636 637
f 637 636 641
f 636 648 641
f 1217 1226 1215
f 1226 1224 1215
f 1215 1224 1222
f 1222 1220 1215
f 1220 1218 1215
f 1215 1218 1214
f 1223 1225 1212
f 1225 1227 1212
f 1212 1227 1216
f 1213 1219 1212
f 1219 1221 1212
f 1212 1221 1223
f 1211 1195 1204
f 1195 1196 1204
f 168 159 161
f 159 160 161
f 161 160 163
f 160 162 163
f 163 162 165
f 162 164 165
f 165 164 167
f 164 166 167
f 167 166 135
f 166 124 135
f 159 168 650
f 168 941 650
f 650 941 924
f 924 941 952
f 924 952 931
f 952 951 931
f 931 951 929
f 951 950 929
f 929 950 918
f 950 949 918
f 918 949 917
f 949 948 917
f 917 948 920
f 948 947 920
f 920 947 940
f 947 946 940
f 940 946 939
f 946 945 939
f 939 945 928
f 945 944 928
f 928 944 927
f 944 943 927
f 927 943 936
f 943 942 936
f 936 942 933
f 942 913 933
f 933 913 914
f 689 671 690
f 671 672 690
f 690 672 695
f 672 673 695
f 695 673 703
f 673 674 703
f 703 674 696
f 674 676 696
f 696 676 697
f 676 675 697
f 697 675 709
f 675 677 709
f 709 677 710
f 677 678 710
f 710 678 698
f 678 679 698
f 698 679 699
f 679 680 699
f 699 680 704
f 680 681 704
f 704 681 705
f 681 682 705
f 705 682 691
f 682 683 691
f 691 683 692
f 683 684 692
f 692 684 700
f 684 685 700
f 700 685 706
f 685 686 706
f 706 686 707
f 686 687 707
f 707 687 701
f 687 664 701
f 701 664 702
f 664 665 702
f 702 665 708
f 665 666 708
f 708 666 713
f 666 667 713
f 713 667 711
f 667 688 711
f 711 688 712
f 688 669 712
f 712 669 693
f 669 668 693
f 693 668 694
f 668 670 694
f 694 670 689
f 670 671 689
f 615 632 616
f 632 633 616
f 616 633 617
f 633 629 617
f 617 629 619
f 629 627 619
f 619 627 621
f 627 628 621
f 621 628 623
f 628 630 623
f 623 630 625
f 630 631 625
f 625 631 634
f 764 765 782
f 765 781 782
f 781 765 780
f 765 775 780
f 780 775 779
f 775 774 779
f 779 774 778
f 774 773 778
f 778 773 777
f 773 772 777
f 777 772 776
f 772 771 776
f 776 771 783
f 838 824 839
f 824 823 839
f 839 823 845
f 823 822 845
f 845 822 846
f 822 821 846
f 846 821 840
f 821 820 840
f 840 820 841
f 820 819 841
f 841 819 847
f 819 818 847
f 847 818 848
f 818 817 848
f 848 817 842
f 817 816 842
f 842 816 843
f 816 815 843
f 843 815 857
f 815 814 857
f 857 814 858
f 814 813 858
f 858 813 849
f 813 837 849
f 849 837 850
f 837 836 850
f 850 836 859
f 836 835 859
f 859 835 860
f 835 834 860
f 860 834 861
f 834 833 861
f 861 833 862
f 833 832 862
f 862 832 851
f 832 831 851
f 851 831 852
f 831 830 852
f 852 830 853
f 830 829 853
f 853 829 854
f 829 828 854
f 854 828 855
f 828 827 855
f 855 827 856
f 827 826 856
f 856 826 844
f 826 825 844
f 844 825 838
f 825 824 838
f 1217 1216 1227
f 1217 1227 1226
f 1227 1225 1226
f 1226 1225 1224
f 1225 1223 1224
f 1224 1223 1222
f 1223 1221 1222
f 1222 1221 1220
f 1221 1219 1220
f 1220 1219 1218
f 1219 1213 1218
f 1218 1213 1214
f 1192 1193 1210
f 1192 1210 1200
f 1210 1205 1200
f 1200 1205 1201
f 1205 1208 1201
f 1201 1208 1202
f 1208 1209 1202
f 1202 1209 1198
f 1209 1207 1198
f 1198 1207 1199
f 1207 1206 1199
f 1199 1206 1203
f 1206 1211 1203
f 1203 1211 1204
f 663 932 914
f 932 934 914
f 914 934 933
f 934 935 933
f 933 935 936
f 935 925 936
f 936 925 927
f 925 926 927
f 927 926 928
f 926 937 928
f 928 937 939
f 937 938 939
f 939 938 940
f 938 919 940
f 940 919 920
f 919 915 920
f 920 915 917
f 915 916 917
f 917 916 918
f 916 921 918
f 918 921 929
f 921 930 929
f 929 930 931
f 930 922 931
f 931 922 924
f 922 923 924
f 924 923 650
f 1116 1003 1117
f 1003 1004 1117
f 1117 1004 1124
f 1004 1005 1124
f 1124 1005 1125
f 1005 1006 1125
f 1125 1006 1126
f 1006 1007 1126
f 1126 1007 1139
f 1007 1008 1139
f 1139 1008 1140
f 1008 1010 1140
f 1140 1010 1135
f 1010 1009 1135
f 1135 1009 1136
f 1009 1011 1136
f 1136 1011 1127
f 1011 1012 1127
f 1127 1012 1128
f 1012 1013 1128
f 1128 1013 1137
f 1013 1014 1137
f 1137 1014 1129
f 1014 1015 1129
f 1129 1015 1130
f 1015 1016 1130
f 1130 1016 1120
f 1016 993 1120
f 1120 993 1121
f 993 994 1121
f 1121 994 1131
f 994 995 1131
f 1131 995 1138
f 995 996 1138
f 1138 996 1132
f 996 1017 1132
f 1132 1017 1133
f 1017 997 1133
f 1133 997 1122
f 997 998 1122
f 1122 998 1123
f 998 1000 1123
f 1123 1000 1134
f 1000 999 1134
f 1134 999 1119
f 999 1001 1119
f 1119 1001 1118
f 1001 1002 1118
f 1118 1002 1116
f 1002 1003 1116
f 967 800 992
f 987 804 966
f 967 992 968
f 992 988 968
f 968 988 969
f 988 981 969
f 969 981 970
f 981 982 970
f 970 982 971
f 982 983 971
f 971 983 972
f 983 979 972
f 972 979 973
f 979 980 973
f 973 980 974
f 980 984 974
f 974 984 975
f 984 989 975
f 975 989 976
f 989 990 976
f 976 990 977
f 990 991 977
f 977 991 978
f 991 985 978
f 978 985 966
f 985 986 966
f 966 986 987
f 1059 1060 1034
f 1060 1058 1034
f 1034 1058 1035
f 1058 1057 1035
f 1035 1057 1036
f 1057 1064 1036
f 1036 1064 1037
f 1064 1066 1037
f 1037 1066 1038
f 1066 1046 1038
f 1038 1046 1039
f 1046 1045 1039
f 1039 1045 1040
f 1045 1048 1040
f 1040 1048 1041
f 1048 1056 1041
f 1041 1056 1018
f 1056 1055 1018
f 1018 1055 1019
f 1055 1054 1019
f 1019 1054 1020
f 1054 1063 1020
f 1020 1063 1021
f 1063 1062 1021
f 1021 1062 1022
f 1062 1053 1022
f 1022 1053 1023
f 1053 1052 1023
f 1023 1052 1024
f 1052 1061 1024
f 1024 1061 1025
f 1061 1047 1025
f 1025 1047 1026
f 1047 1044 1026
f 1026 1044 1027
f 1044 1043 1027
f 1027 1043 1028
f 1043 1042 1028
f 1028 1042 1029
f 1042 1051 1029
f 1029 1051 1030
f 1051 1050 1030
f 1030 1050 1031
f 1050 1049 1031
f 1031 1049 1032
f 1049 1065 1032
f 1032 1065 1033
f 1065 1059 1033
f 1033 1059 1034
f 123 121 764
f 121 157 764
f 764 157 765
f 765 157 770
f 765 770 775
f 770 769 775
f 775 769 774
f 769 768 774
f 774 768 773
f 768 767 773
f 773 767 772
f 767 766 772
f 772 766 771
f 965 966 804
f 965 804 766
f 804 783 766
f 766 783 771
f 178 177 953
f 177 800 953
f 953 800 967
f 143 134 170
f 134 169 170
f 170 169 172
f 169 171 172
f 172 171 174
f 171 173 174
f 174 173 176
f 173 175 176
f 176 175 178
f 175 177 178
f 127 117 158
f 117 615 158
f 158 615 616
f 625 626 624
f 625 624 623
f 624 622 623
f 623 622 621
f 622 620 621
f 621 620 619
f 620 618 619
f 619 618 617
f 618 158 617
f 617 158 616
f 663 914 913
f 663 913 634
f 913 626 634
f 634 626 625
