mtllib right_outer_finger_Finger2.mtl
v -0.09781309962272644 0.13174556195735931 0.013300000689923763
v -0.09844135493040085 0.13156887888908386 0.013300000689923763
v -0.09900248050689697 0.13123561441898346 0.013300000689923763
v -0.0994582325220108 0.13076847791671753 0.013300000689923763
v -0.09977756440639496 0.13019929826259613 0.013300000689923763
v -0.09993867576122284 0.12956687808036804 0.013300000689923763
v -0.09993062913417816 0.12891429662704468 0.013300000689923763
v -0.09975394606590271 0.12828603386878967 0.013300000689923763
v -0.09942068159580231 0.12772490084171295 0.013300000689923763
v -0.09895354509353638 0.12726914882659912 0.013300000689923763
v -0.09838437288999557 0.12694983184337616 0.013300000689923763
v -0.09775194525718689 0.12678870558738708 0.013300000689923763
v -0.09709936380386353 0.12679676711559296 0.013300000689923763
v -0.09647110104560852 0.1269734501838684 0.013300000689923763
v -0.0959099754691124 0.12730669975280762 0.013300000689923763
v -0.09545422345399857 0.12777383625507355 0.013300000689923763
v -0.09513489902019501 0.12834301590919495 0.013300000689923763
v -0.09497378021478653 0.12897545099258423 0.013300000689923763
v -0.0949818342924118 0.1296280324459076 0.013300000689923763
v -0.09515850991010666 0.1302563101053238 0.013300000689923763
v -0.09549177438020706 0.13081741333007812 0.013300000689923763
v -0.09595891088247299 0.13127318024635315 0.013300000689923763
v -0.0965280830860138 0.13159248232841492 0.013300000689923763
v -0.09716052561998367 0.131753608584404 0.013300000689923763
v -0.09745622426271439 0.12927116453647614 0.013300000689923763
v -0.097056545317173 0.12649983167648315 0.01360000018030405
v -0.09635288268327713 0.12669771909713745 0.01360000018030405
v -0.09572441875934601 0.12707096338272095 0.01360000018030405
v -0.09521397948265076 0.12759415805339813 0.01360000018030405
v -0.09485634416341782 0.12823164463043213 0.01360000018030405
v -0.09467588365077972 0.12893995642662048 0.01360000018030405
v -0.094684898853302 0.1296708583831787 0.01360000018030405
v -0.0948827788233757 0.1303745061159134 0.01360000018030405
v -0.09525604546070099 0.13100296258926392 0.01360000018030405
v -0.09577923268079758 0.13151341676712036 0.01360000018030405
v -0.09641671180725098 0.1318710446357727 0.01360000018030405
v -0.09712503105401993 0.1320514976978302 0.01360000018030405
v -0.09785592555999756 0.13204248249530792 0.01360000018030405
v -0.09855957329273224 0.13184460997581482 0.01360000018030405
v -0.09918804466724396 0.13147135078907013 0.01360000018030405
v -0.09969848394393921 0.13094815611839294 0.01360000018030405
v -0.10005611181259155 0.13031068444252014 0.01360000018030405
v -0.10023657232522964 0.1296023577451706 0.01360000018030405
v -0.10022756457328796 0.12887147068977356 0.01360000018030405
v -0.10002968460321426 0.12816782295703888 0.01360000018030405
v -0.09965642541646957 0.12753935158252716 0.01360000018030405
v -0.09913322329521179 0.1270289123058319 0.01360000018030405
v -0.09849574416875839 0.12667126953601837 0.01360000018030405
v -0.09778742492198944 0.12649081647396088 0.01360000018030405
v -0.05146835744380951 0.05250212550163269 0.01360000018030405
v -0.05070604383945465 0.05315077677369118 0.01360000018030405
v -0.05125660076737404 0.05405213683843613 0.01360000018030405
v -0.050873417407274246 0.054735150188207626 0.01360000018030405
v -0.050689730793237686 0.056277163326740265 0.01360000018030405
v -0.050680071115493774 0.05549406632781029 0.01360000018030405
v -0.04965931549668312 0.055898267775774 0.01360000018030405
v -0.06328067928552628 0.06872589886188507 0.01360000018030405
v -0.089969702064991 0.11848641186952591 0.01360000018030405
v -0.06320815533399582 0.05312955006957054 0.01360000018030405
v -0.07199571281671524 0.06804908066987991 0.01360000018030405
v -0.05012863501906395 0.05396837368607521 0.01360000018030405
v -0.049772292375564575 0.054903727024793625 0.01360000018030405
v -0.05090174451470375 0.05703107640147209 0.01360000018030405
v -0.04979678988456726 0.056889716535806656 0.01360000018030405
v -0.06245424225926399 0.053341563791036606 0.01360000018030405
v -0.06388150155544281 0.052729636430740356 0.01360000018030405
v -0.07103408873081207 0.06580617278814316 0.01360000018030405
v -0.05017610639333725 0.05781599134206772 0.01360000018030405
v -0.050773512572050095 0.058619096875190735 0.01360000018030405
v -0.051301661878824234 0.05770442634820938 0.01360000018030405
v -0.05186222493648529 0.058251332491636276 0.01360000018030405
v -0.059268731623888016 0.05155444145202637 0.01360000018030405
v -0.05905672162771225 0.05080053210258484 0.01360000018030405
v -0.05545579269528389 0.053446512669324875 0.01360000018030405
v -0.060273427516222 0.06490530073642731 0.01360000018030405
v -0.061944182962179184 0.0666840523481369 0.01360000018030405
v -0.09223852306604385 0.12787722051143646 0.01360000018030405
v -0.05155159533023834 0.05924874171614647 0.01360000018030405
v -0.05330415442585945 0.05882786214351654 0.01360000018030405
v -0.05254524201154709 0.05863451212644577 0.01360000018030405
v -0.059835344552993774 0.047025490552186966 0.01360000018030405
v -0.05477278307080269 0.05306333303451538 0.01360000018030405
v -0.05924041196703911 0.0492585152387619 0.01360000018030405
v -0.061671141535043716 0.053351227194070816 0.01360000018030405
v -0.09093133360147476 0.12072931975126266 0.01360000018030405
v -0.09207922220230103 0.12719841301441193 0.01360000018030405
v -0.09393124282360077 0.13116177916526794 0.01360000018030405
v -0.09454068541526794 0.13200969994068146 0.01360000018030405
v -0.052476853132247925 0.05309165641665459 0.01360000018030405
v -0.05323076620697975 0.05287964269518852 0.01360000018030405
v -0.058319177478551865 0.06344370543956757 0.01360000018030405
v -0.054841164499521255 0.058606185019016266 0.01360000018030405
v -0.05408725142478943 0.05881820246577263 0.01360000018030405
v -0.05551452189683914 0.05820626765489578 0.01360000018030405
v -0.060229215770959854 0.05277469754219055 0.01360000018030405
v -0.056637950241565704 0.056203775107860565 0.01360000018030405
v -0.056444600224494934 0.056962691247463226 0.01360000018030405
v -0.056016359478235245 0.05399341136217117 0.01360000018030405
v -0.05641627311706543 0.05466676503419876 0.01360000018030405
v -0.0596686527132988 0.052227795124053955 0.01360000018030405
v -0.05606142058968544 0.057645704597234726 0.01360000018030405
v -0.060611650347709656 0.046630680561065674 0.01360000018030405
v -0.0601704902946949 0.048014942556619644 0.01360000018030405
v -0.05904706194996834 0.05001743137836456 0.01360000018030405
v -0.09148887544870377 0.12310514599084854 0.01360000018030405
v -0.07047655433416367 0.06343035399913788 0.01360000018030405
v -0.0644284039735794 0.052169069647789 0.01360000018030405
v -0.06500494480133057 0.05072714388370514 0.01360000018030405
v -0.0648115947842598 0.0514860562980175 0.01360000018030405
v -0.09251327067613602 0.12851804494857788 0.01360000018030405
v -0.09534881263971329 0.13267098367214203 0.01360000018030405
v -0.056628286838531494 0.05542067810893059 0.01360000018030405
v -0.06091223284602165 0.053157877177000046 0.01360000018030405
v -0.059623587876558304 0.0485755018889904 0.01360000018030405
v -0.06845942884683609 0.04944442957639694 0.01360000018030405
v -0.051803503185510635 0.05349157005548477 0.01360000018030405
v -0.06392940878868103 0.04605638235807419 0.01360000018030405
v -0.06145500764250755 0.046413250267505646 0.01360000018030405
v -0.061597757041454315 0.0474030077457428 0.01360000018030405
v -0.06084384024143219 0.04761502146720886 0.01360000018030405
v -0.05365901067852974 0.05284892022609711 0.01360000018030405
v -0.05401386693120003 0.05286998301744461 0.01360000018030405
v -0.09630056470632553 0.13310058414936066 0.01360000018030405
v -0.06382278352975845 0.04796987771987915 0.01360000018030405
v -0.06438334286212921 0.04851678013801575 0.01360000018030405
v -0.06598541885614395 0.04630129784345627 0.01360000018030405
v -0.10289217531681061 0.13044510781764984 0.01360000018030405
v -0.10228694975376129 0.1311054229736328 0.01360000018030405
v -0.10333529114723206 0.12966668605804443 0.01360000018030405
v -0.10351666063070297 0.12703068554401398 0.01360000018030405
v -0.10318433493375778 0.1261989027261734 0.01360000018030405
v -0.09733106195926666 0.13326920568943024 0.01360000018030405
v -0.09837010502815247 0.1331653743982315 0.01360000018030405
v -0.0647832602262497 0.049190130084753036 0.01360000018030405
v -0.06499527394771576 0.04994404315948486 0.01360000018030405
v -0.0681767538189888 0.04843921214342117 0.01360000018030405
v -0.06764353066682816 0.047541409730911255 0.01360000018030405
v -0.06689610332250595 0.046812206506729126 0.01360000018030405
v -0.06497353315353394 0.04604350030422211 0.01360000018030405
v -0.06313977390527725 0.04758669435977936 0.01360000018030405
v -0.10154997557401657 0.13161450624465942 0.01360000018030405
v -0.10359407961368561 0.12880916893482208 0.01360000018030405
v -0.10365556180477142 0.12791556119918823 0.01360000018030405
v -0.09934685379266739 0.13279615342617035 0.01360000018030405
v -0.06238085404038429 0.047393348067998886 0.01360000018030405
v -0.0628884881734848 0.06893625110387802 0.013549855910241604
v -0.08951353281736374 0.1187310740351677 0.013531852513551712
v -0.06251595914363861 0.06913605332374573 0.0134019386023283
v -0.08920969069004059 0.11889404058456421 0.013389036990702152
v -0.08908845484256744 0.11895906925201416 0.01333205122500658
v -0.062181781977415085 0.06931529194116592 0.013163662515580654
v -0.08887979388237 0.11907098442316055 0.013150366023182869
v -0.08872342854738235 0.11915485560894012 0.013014213182032108
v -0.06190270557999611 0.06946497410535812 0.012846979312598705
v -0.0886034443974495 0.11921920627355576 0.012836777605116367
v -0.08839311450719833 0.11933201551437378 0.012462424114346504
v -0.0884433388710022 0.1193050742149353 0.012600000016391277
v -0.061692725867033005 0.06957760453224182 0.012467767111957073
v -0.08825871348381042 0.11940409988164902 0.012043949216604233
v -0.0882672592997551 0.1193995252251625 0.012117638252675533
v -0.061562374234199524 0.06964750587940216 0.012045042589306831
v -0.06151818484067917 0.06967120617628098 0.011599999852478504
v -0.08820721507072449 0.11943173408508301 0.011599999852478504
v -0.08957847207784653 0.11869625002145767 0.013541553169488907
v -0.05808470770716667 0.06382197141647339 0.013549855910241604
v -0.057861991226673126 0.06418126821517944 0.0134019386023283
v -0.057662203907966614 0.06450358033180237 0.013163662515580654
v -0.0574953556060791 0.06477275490760803 0.012846979312598705
v -0.05736982077360153 0.06497526913881302 0.012467767111957073
v -0.06037261709570885 0.06792106479406357 0.011599999852478504
v -0.05894054099917412 0.06639641523361206 0.011599999852478504
v -0.05729189142584801 0.0651010051369667 0.012045042589306831
v -0.057265471667051315 0.06514361500740051 0.011599999852478504
v -0.05897396057844162 0.0663590282201767 0.012045042589306831
v -0.05907254293560982 0.06624874472618103 0.012467767111957073
v -0.05923133343458176 0.06607110053300858 0.012846979312598705
v -0.05944238603115082 0.06583499908447266 0.013163662515580654
v -0.059695109724998474 0.06555227190256119 0.0134019386023283
v -0.05997683107852936 0.06523710489273071 0.013549855910241604
v -0.06041201949119568 0.06789004057645798 0.012045042589306831
v -0.06052825227379799 0.06779855489730835 0.012467767111957073
v -0.060715481638908386 0.0676511824131012 0.012846979312598705
v -0.060964327305555344 0.06745531409978867 0.013163662515580654
v -0.061262305825948715 0.0672207623720169 0.0134019386023283
v -0.06159447506070137 0.06695931404829025 0.013549855910241604
v -0.09104947000741959 0.12316850572824478 0.013541553169488907
v -0.0909765362739563 0.12317902594804764 0.013531852513551712
v -0.090635284781456 0.12322824448347092 0.013389036990702152
v -0.09049911051988602 0.12324788421392441 0.01333205122500658
v -0.09026475995779037 0.12328168004751205 0.013150366023182869
v -0.09008914232254028 0.1233070120215416 0.013014213182032108
v -0.08995438367128372 0.12332645058631897 0.012836777605116367
v -0.08977456390857697 0.12335238605737686 0.012600000016391277
v -0.08971815556287766 0.1233605146408081 0.012462424114346504
v -0.08957680314779282 0.12338091433048248 0.012117638252675533
v -0.08956719934940338 0.12338228523731232 0.012043949216604233
v -0.08903146535158157 0.12135421484708786 0.011599999852478504
v -0.08950935304164886 0.12339062988758087 0.011599999852478504
v -0.09043961018323898 0.12089106440544128 0.013531852513551712
v -0.08998139202594757 0.12104177474975586 0.01333205122500658
v -0.08958791941404343 0.12117119133472443 0.013014213182032108
v -0.08928599208593369 0.12127050012350082 0.012600000016391277
v -0.08909619599580765 0.12133292108774185 0.012117638252675533
v -0.051317695528268814 0.059626080095767975 0.013541553169488907
v -0.05127887427806854 0.059688713401556015 0.013531852513551712
v -0.05102474242448807 0.06009870022535324 0.01333205122500658
v -0.05109722167253494 0.05998176708817482 0.013389036990702152
v -0.05080650746822357 0.06045076251029968 0.013014213182032108
v -0.050899993628263474 0.06029994785785675 0.013150366023182869
v -0.05063905566930771 0.060720913112163544 0.012600000016391277
v -0.05073477700352669 0.060566484928131104 0.012836777605116367
v -0.05053379014134407 0.06089073047041893 0.012117638252675533
v -0.050609033554792404 0.06076934561133385 0.012462424114346504
v -0.05052868276834488 0.06089898198843002 0.012043949216604233
v -0.050497885793447495 0.060948655009269714 0.011599999852478504
v -0.09122034162282944 0.12732228636741638 0.0134019386023283
v -0.09163874387741089 0.1272619366645813 0.013549855910241604
v -0.0908450111746788 0.12737640738487244 0.013163662515580654
v -0.09053157269954681 0.12742161750793457 0.012846979312598705
v -0.09029573947191238 0.12745563685894012 0.012467767111957073
v -0.09014933556318283 0.1274767518043518 0.012045042589306831
v -0.09009971469640732 0.12748390436172485 0.011599999852478504
v -0.08820721507072449 0.11943173408508301 0.009200000204145908
v -0.08903146535158157 0.12135421484708786 0.009200000204145908
v -0.08950935304164886 0.12339062988758087 0.009200000204145908
v -0.049229562282562256 0.05180170387029648 0.011599999852478504
v -0.05040504038333893 0.05087763071060181 0.012043949216604233
v -0.050410352647304535 0.050885748118162155 0.012117638252675533
v -0.048363447189331055 0.05302810296416283 0.011599999852478504
v -0.047828927636146545 0.05443113297224045 0.011599999852478504
v -0.04765946790575981 0.055922940373420715 0.011599999852478504
v -0.04786567762494087 0.057410113513469696 0.011599999852478504
v -0.048434652388095856 0.05879952758550644 0.011599999852478504
v -0.049330759793519974 0.060004185885190964 0.011599999852478504
v -0.05048856511712074 0.05100524052977562 0.012462424114346504
v -0.05051977559924126 0.051052920520305634 0.012600000016391277
v -0.050619278103113174 0.05120493471622467 0.012836777605116367
v -0.05069384351372719 0.051318854093551636 0.013014213182032108
v -0.05079101771116257 0.05146731436252594 0.013150366023182869
v -0.05092069134116173 0.051665425300598145 0.01333205122500658
v -0.05099604278802872 0.05178053677082062 0.013389036990702152
v -0.051184866577386856 0.05206901952624321 0.013531852513551712
v -0.051225222647190094 0.052130673080682755 0.013541553169488907
v -0.05037303268909454 0.050828732550144196 0.011599999852478504
v -0.05040009692311287 0.05897758528590202 0.013531852513551712
v -0.04972538352012634 0.058070551604032516 0.013531852513551712
v -0.04929698258638382 0.057024404406547546 0.013531852513551712
v -0.049141716212034225 0.055904652923345566 0.013531852513551712
v -0.049269307404756546 0.054781410843133926 0.013531852513551712
v -0.04967177286744118 0.05372501537203789 0.013531852513551712
v -0.05032389983534813 0.05280161276459694 0.013531852513551712
v -0.050052132457494736 0.059311643242836 0.01333205122500658
v -0.049967799335718155 0.05247624218463898 0.01333205122500658
v -0.04924603924155235 0.05349824205040932 0.01333205122500658
v -0.04880060628056526 0.054667431861162186 0.01333205122500658
v -0.048659391701221466 0.05591060221195221 0.01333205122500658
v -0.048831235617399216 0.05714991316199303 0.01333205122500658
v -0.04930537939071655 0.05830775946378708 0.01333205122500658
v -0.049753330647945404 0.05959850177168846 0.013014213182032108
v -0.048944711685180664 0.058511462062597275 0.013014213182032108
v -0.04843129217624664 0.05725769326090813 0.013014213182032108
v -0.048245206475257874 0.0559157133102417 0.013014213182032108
v -0.04839812219142914 0.0545695535838604 0.013014213182032108
v -0.04888045787811279 0.05330350250005722 0.013014213182032108
v -0.04966201260685921 0.05219683796167374 0.013014213182032108
v -0.04952405020594597 0.05981862172484398 0.012600000016391277
v -0.049427371472120285 0.051982443779706955 0.012600000016391277
v -0.048599936068058014 0.053154073655605316 0.012600000016391277
v -0.04808929190039635 0.05449444800615311 0.012600000016391277
v -0.04792739450931549 0.05591963604092598 0.012600000016391277
v -0.04812440276145935 0.05734039470553398 0.012600000016391277
v -0.04866796359419823 0.05866776034235954 0.012600000016391277
v -0.049379922449588776 0.05995699018239975 0.012117638252675533
v -0.048493992537260056 0.058766014873981476 0.012117638252675533
v -0.0479314811527729 0.05739238113164902 0.012117638252675533
v -0.04772761091589928 0.05592210218310356 0.012117638252675533
v -0.047895144671201706 0.0544472374022007 0.012117638252675533
v -0.04842359572649002 0.0530601404607296 0.012117638252675533
v -0.049279872328042984 0.0518476702272892 0.012117638252675533
v -0.050497885793447495 0.060948655009269714 0.005600000265985727
v -0.057265471667051315 0.06514361500740051 0.005600000265985727
v -0.05037303268909454 0.050828732550144196 0.005600000265985727
v -0.049229562282562256 0.05180170387029648 0.005600000265985727
v -0.048363447189331055 0.05302810296416283 0.005600000265985727
v -0.047828927636146545 0.05443113297224045 0.005600000265985727
v -0.04765946790575981 0.055922940373420715 0.005600000265985727
v -0.04786567762494087 0.057410113513469696 0.005600000265985727
v -0.048434652388095856 0.05879952758550644 0.005600000265985727
v -0.049330759793519974 0.060004185885190964 0.005600000265985727
v -0.05959220975637436 0.04665404185652733 0.013541553169488907
v -0.05955185368657112 0.046592384576797485 0.013531852513551712
v -0.059363026171922684 0.04630390182137489 0.013389036990702152
v -0.05928768217563629 0.04618879407644272 0.01333205122500658
v -0.05915801227092743 0.045990683138370514 0.013150366023182869
v -0.05906083062291145 0.04584222286939621 0.013014213182032108
v -0.05898626521229744 0.045728303492069244 0.012836777605116367
v -0.05888676270842552 0.04557628557085991 0.012600000016391277
v -0.058855555951595306 0.045528605580329895 0.012462424114346504
v -0.0587773397564888 0.04540911316871643 0.012117638252675533
v -0.05877202749252319 0.04540099576115608 0.012043949216604233
v -0.05874001607298851 0.04535209387540817 0.011599999852478504
v -0.09033865481615067 0.12850211560726166 0.011599999852478504
v -0.09075077623128891 0.12946335971355438 0.011599999852478504
v -0.09081663936376572 0.12942802906036377 0.01211533136665821
v -0.09079496562480927 0.12943965196609497 0.012045042589306831
v -0.09099524468183517 0.12933222949504852 0.012594053521752357
v -0.09092532098293304 0.12936973571777344 0.012467767111957073
v -0.09127483516931534 0.12918227910995483 0.01300532091408968
v -0.09113530069589615 0.12925711274147034 0.012846979312598705
v -0.0916372686624527 0.12898790836334229 0.013322587125003338
v -0.09141438454389572 0.12910743057727814 0.013163662515580654
v -0.09205913543701172 0.12876161932945251 0.013525261543691158
v -0.09174855053424835 0.12892819941043854 0.0134019386023283
v -0.09212107956409454 0.12872838973999023 0.013549855910241604
v -0.0918157622218132 0.12801626324653625 0.013549855910241604
v -0.0914142057299614 0.12814834713935852 0.0134019386023283
v -0.09105397015810013 0.1282668262720108 0.013163662515580654
v -0.09075314551591873 0.12836578488349915 0.012846979312598705
v -0.09052680432796478 0.1284402310848236 0.012467767111957073
v -0.0903862938284874 0.12848643958568573 0.012045042589306831
v -0.09347507357597351 0.13140645623207092 0.013531852513551712
v -0.09304999560117722 0.1316344439983368 0.01333205122500658
v -0.09268496930599213 0.13183023035526276 0.013014213182032108
v -0.09240487217903137 0.13198044896125793 0.012600000016391277
v -0.09222880005836487 0.13207489252090454 0.012117638252675533
v -0.09216874837875366 0.13210710883140564 0.011599999852478504
v -0.09009971469640732 0.12748390436172485 0.009100000374019146
v -0.09033865481615067 0.12850211560726166 0.009100000374019146
v -0.09075077623128891 0.12946335971355438 0.009100000374019146
v -0.08983514457941055 0.12564951181411743 0.009200000204145908
v -0.08995570987462997 0.12648552656173706 0.009100000374019146
v -0.09216874837875366 0.13210710883140564 0.009100000374019146
v -0.09308290481567383 0.13337896764278412 0.011599999852478504
v -0.09429511427879333 0.13437090814113617 0.011599999852478504
v -0.0957227349281311 0.13501527905464172 0.011599999852478504
v -0.0972684845328331 0.1352682262659073 0.011599999852478504
v -0.09882703423500061 0.135112464427948 0.011599999852478504
v -0.10029216855764389 0.13455864787101746 0.011599999852478504
v -0.10025995224714279 0.13449858129024506 0.012117638252675533
v -0.10016551613807678 0.13432250916957855 0.012600000016391277
v -0.10001529008150101 0.134042426943779 0.013014213182032108
v -0.09981951117515564 0.1336774080991745 0.01333205122500658
v -0.09959151595830917 0.1332523226737976 0.013531852513551712
v -0.09848836064338684 0.13366931676864624 0.013531852513551712
v -0.09859856218099594 0.13413891196250916 0.01333205122500658
v -0.09869319945573807 0.13454218208789825 0.013014213182032108
v -0.09876581281423569 0.1348516047000885 0.012600000016391277
v -0.09881146252155304 0.135046124458313 0.012117638252675533
v -0.09731486439704895 0.13378658890724182 0.013531852513551712
v -0.09729976952075958 0.13426871597766876 0.01333205122500658
v -0.09728681296110153 0.13468272984027863 0.013014213182032108
v -0.09727687388658524 0.13500040769577026 0.012600000016391277
v -0.09727061539888382 0.1352001130580902 0.012117638252675533
v -0.09615100175142288 0.13359613716602325 0.013531852513551712
v -0.09601163864135742 0.1340579241514206 0.01333205122500658
v -0.09589197486639023 0.13445447385311127 0.013014213182032108
v -0.09580013900995255 0.13475877046585083 0.012600000016391277
v -0.09574241191148758 0.13495004177093506 0.012117638252675533
v -0.09507609158754349 0.13311097025871277 0.013531852513551712
v -0.09482195973396301 0.1335209459066391 0.01333205122500658
v -0.09460372477769852 0.13387300074100494 0.013014213182032108
v -0.09443627297878265 0.1341431438922882 0.012600000016391277
v -0.09433101117610931 0.1343129724264145 0.012117638252675533
v -0.09416338056325912 0.13236410915851593 0.013531852513551712
v -0.09381179511547089 0.1326943337917328 0.01333205122500658
v -0.09350988268852234 0.1329779177904129 0.013014213182032108
v -0.09327821433544159 0.13319551944732666 0.012600000016391277
v -0.09313258528709412 0.13333231210708618 0.012117638252675533
v -0.09308290481567383 0.13337896764278412 0.009100000374019146
v -0.09429511427879333 0.13437090814113617 0.009100000374019146
v -0.0957227349281311 0.13501527905464172 0.009100000374019146
v -0.0972684845328331 0.1352682262659073 0.009100000374019146
v -0.09882703423500061 0.135112464427948 0.009100000374019146
v -0.10029216855764389 0.13455864787101746 0.009100000374019146
v -0.10179464519023895 0.13207069039344788 0.013531852513551712
v -0.10202262550592422 0.13249576091766357 0.01333205122500658
v -0.10221840441226959 0.13286077976226807 0.013014213182032108
v -0.10236864537000656 0.13314087688922882 0.012600000016391277
v -0.10246307402849197 0.13331694900989532 0.012117638252675533
v -0.10249528288841248 0.13337700068950653 0.011599999852478504
v -0.10249528288841248 0.13337700068950653 0.009100000374019146
v -0.10360075533390045 0.1326133757829666 0.011599999852478504
v -0.10375170409679413 0.1324486881494522 0.011599999852478504
v -0.10472993552684784 0.1312340497970581 0.011599999852478504
v -0.10450858622789383 0.13162291049957275 0.011599999852478504
v -0.105173259973526 0.13045525550842285 0.011599999852478504
v -0.10536735504865646 0.1298121213912964 0.011599999852478504
v -0.10556144267320633 0.12916898727416992 0.011599999852478504
v -0.10562295466661453 0.12827496230602264 0.011599999852478504
v -0.10547995567321777 0.12672196328639984 0.011599999852478504
v -0.10565366595983505 0.12782858312129974 0.011599999852478504
v -0.10544531047344208 0.12650126218795776 0.011599999852478504
v -0.10494682937860489 0.1252535879611969 0.011599999852478504
v -0.10488677024841309 0.1252857893705368 0.012117638252675533
v -0.10471070557832718 0.1253802329301834 0.012600000016391277
v -0.10443060100078583 0.1255304515361786 0.013014213182032108
v -0.10406558215618134 0.12572623789310455 0.01333205122500658
v -0.10364050418138504 0.12595422565937042 0.013531852513551712
v -0.10445351153612137 0.13158278167247772 0.012117638252675533
v -0.1053796038031578 0.1265193074941635 0.012117638252675533
v -0.1041727140545845 0.12789304554462433 0.013531852513551712
v -0.10410327464342117 0.12890228629112244 0.013531852513551712
v -0.10465462505817413 0.1278720647096634 0.01333205122500658
v -0.10457776486873627 0.1289890706539154 0.01333205122500658
v -0.10506844520568848 0.12785406410694122 0.013014213182032108
v -0.10498521476984024 0.12906359136104584 0.013014213182032108
v -0.10538597404956818 0.12784023582935333 0.012600000016391277
v -0.10529786348342896 0.12912078201770782 0.012600000016391277
v -0.10558558255434036 0.12783154845237732 0.012117638252675533
v -0.10549440234899521 0.12915672361850739 0.012117638252675533
v -0.10401583462953568 0.12689365446567535 0.013531852513551712
v -0.10448098182678223 0.12676596641540527 0.01333205122500658
v -0.1048804223537445 0.12665632367134094 0.013014213182032108
v -0.10518692433834076 0.12657219171524048 0.012600000016391277
v -0.10511063039302826 0.13042838871479034 0.012117638252675533
v -0.10492702573537827 0.13034960627555847 0.012600000016391277
v -0.10463493317365646 0.1302242875099182 0.013014213182032108
v -0.10425427556037903 0.13006097078323364 0.01333205122500658
v -0.10381099581718445 0.12987078726291656 0.013531852513551712
v -0.10429203510284424 0.1314651072025299 0.012600000016391277
v -0.1040351539850235 0.131277933716774 0.013014213182032108
v -0.10370038449764252 0.1310340166091919 0.01333205122500658
v -0.10331053286790848 0.13074995577335358 0.013531852513551712
v -0.10355598479509354 0.13256199657917023 0.012117638252675533
v -0.10342473536729813 0.13241134583950043 0.012600000016391277
v -0.10321595519781113 0.13217170536518097 0.013014213182032108
v -0.10294385254383087 0.1318594068288803 0.01333205122500658
v -0.1026269942522049 0.13149571418762207 0.013531852513551712
v -0.09814528375864029 0.12209305167198181 0.009100000374019146
v -0.09777012467384338 0.121393583714962 0.009200000204145908
v -0.09351325035095215 0.1134568452835083 0.009200000204145908
v -0.0869038924574852 0.11700176447629929 0.009200000204145908
v -0.0854429304599762 0.11427785456180573 0.0068282210268080235
v -0.08539139479398727 0.1141817644238472 0.006000000052154064
v -0.09200074523687363 0.11063684523105621 0.006000000052154064
v -0.08559402823448181 0.11455957591533661 0.007600000128149986
v -0.09205228090286255 0.11073293536901474 0.0068282210268080235
v -0.08583439886569977 0.11500772088766098 0.00826274137943983
v -0.09220338612794876 0.11101464927196503 0.007600000128149986
v -0.08614764362573624 0.11559176445007324 0.008771282620728016
v -0.09244374930858612 0.11146280169487 0.00826274137943983
v -0.08651243150234222 0.11627189069986343 0.009090962819755077
v -0.09275699406862259 0.11204684525728226 0.008771282620728016
v -0.09312178194522858 0.11272697150707245 0.009090962819755077
v -0.08539139479398727 0.1141817644238472 -0.006000000052154064
v -0.09200074523687363 0.11063684523105621 -0.006000000052154064
v -0.08651243150234222 0.11627189069986343 -0.009090962819755077
v -0.0869038924574852 0.11700176447629929 -0.009200000204145908
v -0.09351325035095215 0.1134568452835083 -0.009200000204145908
v -0.08614764362573624 0.11559176445007324 -0.008771282620728016
v -0.09312178194522858 0.11272697150707245 -0.009090962819755077
v -0.08583439886569977 0.11500772088766098 -0.00826274137943983
v -0.09275699406862259 0.11204684525728226 -0.008771282620728016
v -0.08559402823448181 0.11455957591533661 -0.007600000128149986
v -0.09244374930858612 0.11146280169487 -0.00826274137943983
v -0.0854429304599762 0.11427785456180573 -0.0068282210268080235
v -0.09220338612794876 0.11101464927196503 -0.007600000128149986
v -0.09205228090286255 0.11073293536901474 -0.0068282210268080235
v -0.06117924302816391 0.044501181691884995 0.012117638252675533
v -0.06116951256990433 0.04443373158574104 0.011599999852478504
v -0.05990448221564293 0.044759877026081085 0.011599999852478504
v -0.061207763850688934 0.044698942452669144 0.012600000016391277
v -0.0612531341612339 0.04501352086663246 0.013014213182032108
v -0.06131226196885109 0.045423492789268494 0.01333205122500658
v -0.06138111650943756 0.04590091481804848 0.013531852513551712
v -0.06042862311005592 0.04614648222923279 0.013531852513551712
v -0.06025806441903114 0.04569528251886368 0.01333205122500658
v -0.06011160463094711 0.04530782252550125 0.013014213182032108
v -0.059999220073223114 0.0450105220079422 0.012600000016391277
v -0.05992857366800308 0.044823624193668365 0.012117638252675533
v -0.06385551393032074 0.04554404318332672 0.013531852513551712
v -0.06378665566444397 0.04506662115454674 0.01333205122500658
v -0.06372752785682678 0.044656649231910706 0.013014213182032108
v -0.06368216127157211 0.04434206709265709 0.012600000016391277
v -0.06365364044904709 0.04414431378245354 0.012117638252675533
v -0.0636439099907875 0.044076863676309586 0.011599999852478504
v -0.06116951256990433 0.04443373158574104 0.005499999970197678
v -0.05990448221564293 0.044759877026081085 0.005499999970197678
v -0.05874001607298851 0.04535209387540817 0.005499999970197678
v -0.05554180219769478 0.047445494681596756 0.005600000265985727
v -0.05554180219769478 0.047445494681596756 0.005499999970197678
v -0.05118461325764656 0.05620579048991203 0.005600000265985727
v -0.051176562905311584 0.05555321276187897 0.005600000265985727
v -0.05211275443434715 0.053884461522102356 0.005600000265985727
v -0.05595673248171806 0.05486379191279411 0.005600000265985727
v -0.05562346801161766 0.05430266261100769 0.005600000265985727
v -0.058185335248708725 0.0657748132944107 0.005600000265985727
v -0.05614146217703819 0.056144632399082184 0.005600000265985727
v -0.05613340809941292 0.05549205094575882 0.005600000265985727
v -0.0546441413462162 0.0581466406583786 0.005600000265985727
v -0.055205266922712326 0.0578133761882782 0.005600000265985727
v -0.054015882313251495 0.058323320001363754 0.005600000265985727
v -0.051361292600631714 0.05683404952287674 0.005600000265985727
v -0.05165700241923332 0.054351601749658585 0.005600000265985727
v -0.05267388001084328 0.05355120077729225 0.005600000265985727
v -0.05515632778406143 0.05384691432118416 0.005600000265985727
v -0.055661022663116455 0.05734623968601227 0.005600000265985727
v -0.05336329713463783 0.05833137035369873 0.005600000265985727
v -0.05169455334544182 0.057395175099372864 0.005600000265985727
v -0.05133768543601036 0.054920777678489685 0.005600000265985727
v -0.05273086950182915 0.058170247822999954 0.005600000265985727
v -0.05330214276909828 0.0533745214343071 0.005600000265985727
v -0.05458715185523033 0.0535275936126709 0.005600000265985727
v -0.05598033592104912 0.05677706375718117 0.005600000265985727
v -0.05216168984770775 0.057850927114486694 0.005600000265985727
v -0.053954724222421646 0.05336647108197212 0.005600000265985727
v -0.0636439099907875 0.044076863676309586 0.005499999970197678
v -0.07007528841495514 0.04786575585603714 0.011599999852478504
v -0.07037150114774704 0.049168661236763 0.012117638252675533
v -0.07043895125389099 0.049158934503793716 0.011599999852478504
v -0.07001492381095886 0.04765111207962036 0.011599999852478504
v -0.0694432184100151 0.0466885007917881 0.011599999852478504
v -0.0692150890827179 0.046304404735565186 0.011599999852478504
v -0.0685742199420929 0.045679155737161636 0.011599999852478504
v -0.06750879436731339 0.044882312417030334 0.011599999852478504
v -0.06809396296739578 0.04521059989929199 0.011599999852478504
v -0.06629503518342972 0.04433394595980644 0.011599999852478504
v -0.06672793626785278 0.044444236904382706 0.011599999852478504
v -0.06498714536428452 0.04406028985977173 0.011599999852478504
v -0.06521010398864746 0.044057540595531464 0.011599999852478504
v -0.07017375528812408 0.049197182059288025 0.012600000016391277
v -0.06985916197299957 0.04924255236983299 0.013014213182032108
v -0.06944919377565384 0.04930168017745018 0.01333205122500658
v -0.06897176802158356 0.04937054216861725 0.013531852513551712
v -0.06670263409614563 0.04450751468539238 0.012117638252675533
v -0.06520204246044159 0.044125210493803024 0.012117638252675533
v -0.06720614433288574 0.04639768227934837 0.013531852513551712
v -0.06805028021335602 0.04722124710679054 0.013531852513551712
v -0.06749503314495087 0.04601140320301056 0.01333205122500658
v -0.06842930614948273 0.04692290723323822 0.01333205122500658
v -0.06774311512708664 0.04567969962954521 0.013014213182032108
v -0.06875479221343994 0.046666715294122696 0.013014213182032108
v -0.06793348491191864 0.0454251728951931 0.012600000016391277
v -0.06900454312562943 0.04647013172507286 0.012600000016391277
v -0.06805314868688583 0.04526517167687416 0.012117638252675533
v -0.0691615417599678 0.046346552670001984 0.012117638252675533
v -0.06517840921878815 0.04432361200451851 0.012600000016391277
v -0.06514081358909607 0.044639214873313904 0.013014213182032108
v -0.0650918185710907 0.045050520449876785 0.01333205122500658
v -0.06503476202487946 0.04552949592471123 0.013531852513551712
v -0.06662845611572266 0.04469303414225578 0.012600000016391277
v -0.06651046127080917 0.044988155364990234 0.013014213182032108
v -0.06635668128728867 0.04537276551127434 0.01333205122500658
v -0.066177599132061 0.045820653438568115 0.013531852513551712
v -0.06995229423046112 0.047677960246801376 0.012117638252675533
v -0.06976865231990814 0.04775669425725937 0.012600000016391277
v -0.06947654485702515 0.04788194224238396 0.013014213182032108
v -0.06909583508968353 0.04804516211152077 0.01333205122500658
v -0.06865250319242477 0.04823523387312889 0.013531852513551712
v -0.07098887860774994 0.06335647404193878 0.013531852513551712
v -0.07146630436182022 0.06328760832548141 0.01333205122500658
v -0.07187627255916595 0.06322848051786423 0.013014213182032108
v -0.07219085842370987 0.06318311393260956 0.012600000016391277
v -0.07238861173391342 0.06315459311008453 0.012117638252675533
v -0.07245606184005737 0.06314486265182495 0.011599999852478504
v -0.0724518820643425 0.06780441850423813 0.013531852513551712
v -0.0728769600391388 0.06757642328739166 0.01333205122500658
v -0.07324199378490448 0.0673806443810463 0.013014213182032108
v -0.07352208346128464 0.06723041832447052 0.012600000016391277
v -0.07369815558195114 0.06713598221540451 0.012117638252675533
v -0.07375821471214294 0.06710376590490341 0.011599999852478504
v -0.07293396443128586 0.06518128514289856 0.011599999852478504
v -0.07286921888589859 0.06520257145166397 0.012117638252675533
v -0.07267942279577255 0.0652649998664856 0.012600000016391277
v -0.07237749546766281 0.065364308655262 0.013014213182032108
v -0.07198402285575867 0.06549372524023056 0.01333205122500658
v -0.07152581214904785 0.06564444303512573 0.013531852513551712
v -0.07245606184005737 0.06314486265182495 -0.011599999852478504
v -0.07043895125389099 0.049158934503793716 -0.011599999852478504
v -0.07375821471214294 0.06710376590490341 -0.011599999852478504
v -0.07293396443128586 0.06518128514289856 -0.011599999852478504
v -0.10494682937860489 0.1252535879611969 -0.011599999852478504
v -0.07240643352270126 0.0631520226597786 -0.012045042589306831
v -0.07238208502531052 0.06315553188323975 -0.01211533136665821
v -0.07226002961397171 0.06317314505577087 -0.012467767111957073
v -0.07369234412908554 0.06713910400867462 -0.01211533136665821
v -0.07371402531862259 0.06712747365236282 -0.012045042589306831
v -0.07218149304389954 0.0631844624876976 -0.012594053521752357
v -0.07202420383691788 0.06320714950561523 -0.012846979312598705
v -0.07351373881101608 0.06723488867282867 -0.012594053521752357
v -0.07358366996049881 0.06719738245010376 -0.012467767111957073
v -0.07186747342348099 0.0632297545671463 -0.01300532091408968
v -0.0717107504606247 0.06325235217809677 -0.013163662515580654
v -0.07323414832353592 0.06738485395908356 -0.01300532091408968
v -0.0733736902475357 0.06731000542640686 -0.012846979312598705
v -0.07146041840314865 0.06328845769166946 -0.013322587125003338
v -0.07133543491363525 0.06330648809671402 -0.0134019386023283
v -0.07287172228097916 0.0675792321562767 -0.013322587125003338
v -0.07309461385011673 0.06745969504117966 -0.013163662515580654
v -0.07098659873008728 0.06335679441690445 -0.013525261543691158
v -0.0709170252084732 0.0633668303489685 -0.013549855910241604
v -0.07244984805583954 0.06780551373958588 -0.013525261543691158
v -0.0727604329586029 0.06763892620801926 -0.0134019386023283
v -0.07047655433416367 0.06343035399913788 -0.01360000018030405
v -0.07103408873081207 0.06580617278814316 -0.01360000018030405
v -0.07238790392875671 0.06783872842788696 -0.013549855910241604
v -0.07199571281671524 0.06804908066987991 -0.01360000018030405
v -0.07145684957504272 0.06566712260246277 -0.013549855910241604
v -0.07185840606689453 0.0655350387096405 -0.0134019386023283
v -0.0722186341881752 0.06541655957698822 -0.013163662515580654
v -0.07251947373151779 0.06531760841608047 -0.012846979312598705
v -0.07274581491947174 0.06524316221475601 -0.012467767111957073
v -0.07288632541894913 0.0651969462633133 -0.012045042589306831
v -0.06845942884683609 0.04944442957639694 -0.01360000018030405
v -0.06897176802158356 0.04937054216861725 -0.013531852513551712
v -0.06944919377565384 0.04930168017745018 -0.01333205122500658
v -0.06985916197299957 0.04924255236983299 -0.013014213182032108
v -0.07017375528812408 0.049197182059288025 -0.012600000016391277
v -0.07037150114774704 0.049168661236763 -0.012117638252675533
v -0.0681767538189888 0.04843921214342117 -0.01360000018030405
v -0.06764353066682816 0.047541409730911255 -0.01360000018030405
v -0.06689610332250595 0.046812206506729126 -0.01360000018030405
v -0.06598541885614395 0.04630129784345627 -0.01360000018030405
v -0.06497353315353394 0.04604350030422211 -0.01360000018030405
v -0.06392940878868103 0.04605638235807419 -0.01360000018030405
v -0.06385551393032074 0.04554404318332672 -0.013531852513551712
v -0.06378665566444397 0.04506662115454674 -0.01333205122500658
v -0.06372752785682678 0.044656649231910706 -0.013014213182032108
v -0.06368216127157211 0.04434206709265709 -0.012600000016391277
v -0.07007528841495514 0.04786575585603714 -0.011599999852478504
v -0.07001492381095886 0.04765111207962036 -0.011599999852478504
v -0.0694432184100151 0.0466885007917881 -0.011599999852478504
v -0.0692150890827179 0.046304404735565186 -0.011599999852478504
v -0.0685742199420929 0.045679155737161636 -0.011599999852478504
v -0.06809396296739578 0.04521059989929199 -0.011599999852478504
v -0.06672793626785278 0.044444236904382706 -0.011599999852478504
v -0.06750879436731339 0.044882312417030334 -0.011599999852478504
v -0.06521010398864746 0.044057540595531464 -0.011599999852478504
v -0.06629503518342972 0.04433394595980644 -0.011599999852478504
v -0.06498714536428452 0.04406028985977173 -0.011599999852478504
v -0.06365364044904709 0.04414431378245354 -0.012117638252675533
v -0.0636439099907875 0.044076863676309586 -0.011599999852478504
v -0.06995229423046112 0.047677960246801376 -0.012117638252675533
v -0.0691615417599678 0.046346552670001984 -0.012117638252675533
v -0.06805314868688583 0.04526517167687416 -0.012117638252675533
v -0.06670263409614563 0.04450751468539238 -0.012117638252675533
v -0.06520204246044159 0.044125210493803024 -0.012117638252675533
v -0.06517840921878815 0.04432361200451851 -0.012600000016391277
v -0.06514081358909607 0.044639214873313904 -0.013014213182032108
v -0.0650918185710907 0.045050520449876785 -0.01333205122500658
v -0.06503476202487946 0.04552949592471123 -0.013531852513551712
v -0.06662845611572266 0.04469303414225578 -0.012600000016391277
v -0.06651046127080917 0.044988155364990234 -0.013014213182032108
v -0.06635668128728867 0.04537276551127434 -0.01333205122500658
v -0.066177599132061 0.045820653438568115 -0.013531852513551712
v -0.06793348491191864 0.0454251728951931 -0.012600000016391277
v -0.06774311512708664 0.04567969962954521 -0.013014213182032108
v -0.06749503314495087 0.04601140320301056 -0.01333205122500658
v -0.06720614433288574 0.04639768227934837 -0.013531852513551712
v -0.06900454312562943 0.04647013172507286 -0.012600000016391277
v -0.06875479221343994 0.046666715294122696 -0.013014213182032108
v -0.06842930614948273 0.04692290723323822 -0.01333205122500658
v -0.06805028021335602 0.04722124710679054 -0.013531852513551712
v -0.06976865231990814 0.04775669425725937 -0.012600000016391277
v -0.06947654485702515 0.04788194224238396 -0.013014213182032108
v -0.06909583508968353 0.04804516211152077 -0.01333205122500658
v -0.06865250319242477 0.04823523387312889 -0.013531852513551712
v -0.10363847017288208 0.12595531344413757 -0.013525261543691158
v -0.10357652604579926 0.12598854303359985 -0.013549855910241604
v -0.10318433493375778 0.1261989027261734 -0.01360000018030405
v -0.1040603443980217 0.1257290542125702 -0.013322587125003338
v -0.10394905507564545 0.12578873336315155 -0.0134019386023283
v -0.10428323596715927 0.12560950219631195 -0.013163662515580654
v -0.10442277044057846 0.12553466856479645 -0.01300532091408968
v -0.10470235347747803 0.12538470327854156 -0.012594053521752357
v -0.10456230491399765 0.12545982003211975 -0.012846979312598705
v -0.10488095879554749 0.12528890371322632 -0.01211533136665821
v -0.10477228462696075 0.12534719705581665 -0.012467767111957073
v -0.10490263998508453 0.12527728080749512 -0.012045042589306831
v -0.10176032036542892 0.1320067048072815 -0.013549855910241604
v -0.10154997557401657 0.13161450624465942 -0.01360000018030405
v -0.10228694975376129 0.1311054229736328 -0.01360000018030405
v -0.10289217531681061 0.13044510781764984 -0.01360000018030405
v -0.10333529114723206 0.12966668605804443 -0.01360000018030405
v -0.10359407961368561 0.12880916893482208 -0.01360000018030405
v -0.10365556180477142 0.12791556119918823 -0.01360000018030405
v -0.10351666063070297 0.12703068554401398 -0.01360000018030405
v -0.10179354250431061 0.13206864893436432 -0.013525261543691158
v -0.10196012258529663 0.1323792189359665 -0.0134019386023283
v -0.10201982408761978 0.13249051570892334 -0.013322587125003338
v -0.10213936120271683 0.1327134072780609 -0.013163662515580654
v -0.10221420228481293 0.1328529417514801 -0.01300532091408968
v -0.10228904336690903 0.1329924762248993 -0.012846979312598705
v -0.10236416012048721 0.13313253223896027 -0.012594053521752357
v -0.10240167379379272 0.133202463388443 -0.012467767111957073
v -0.10245995968580246 0.13331113755702972 -0.01211533136665821
v -0.10247158259153366 0.13333281874656677 -0.012045042589306831
v -0.10249528288841248 0.13337700068950653 -0.011599999852478504
v -0.10375170409679413 0.1324486881494522 -0.011599999852478504
v -0.10450858622789383 0.13162291049957275 -0.011599999852478504
v -0.105173259973526 0.13045525550842285 -0.011599999852478504
v -0.10472993552684784 0.1312340497970581 -0.011599999852478504
v -0.10536735504865646 0.1298121213912964 -0.011599999852478504
v -0.10556144267320633 0.12916898727416992 -0.011599999852478504
v -0.10562295466661453 0.12827496230602264 -0.011599999852478504
v -0.10565366595983505 0.12782858312129974 -0.011599999852478504
v -0.10547995567321777 0.12672196328639984 -0.011599999852478504
v -0.10544531047344208 0.12650126218795776 -0.011599999852478504
v -0.10360075533390045 0.1326133757829666 -0.011599999852478504
v -0.10539695620536804 0.12651453912258148 -0.012045042589306831
v -0.10560357570648193 0.12783075869083405 -0.012045042589306831
v -0.1055121198296547 0.12915995717048645 -0.012045042589306831
v -0.10512718558311462 0.1304354965686798 -0.012045042589306831
v -0.10446806252002716 0.13159337639808655 -0.012045042589306831
v -0.10356782376766205 0.13257557153701782 -0.012045042589306831
v -0.10525431483983994 0.12655368447303772 -0.012467767111957073
v -0.10347064584493637 0.13246403634548187 -0.012467767111957073
v -0.10434851050376892 0.13150626420974731 -0.012467767111957073
v -0.10499124228954315 0.1303771734237671 -0.012467767111957073
v -0.10536660999059677 0.12913335859775543 -0.012467767111957073
v -0.10545579344034195 0.1278371959924698 -0.012467767111957073
v -0.1050245389342308 0.12661676108837128 -0.012846979312598705
v -0.10521775484085083 0.1278475522994995 -0.012846979312598705
v -0.10513222217559814 0.12909048795700073 -0.012846979312598705
v -0.10477226972579956 0.13028322160243988 -0.012846979312598705
v -0.10415593534708023 0.13136595487594604 -0.012846979312598705
v -0.1033141240477562 0.13228438794612885 -0.012846979312598705
v -0.10471915453672409 0.12670060992240906 -0.013163662515580654
v -0.10310610383749008 0.13204561173915863 -0.013163662515580654
v -0.1038999930024147 0.13117945194244385 -0.013163662515580654
v -0.10448124259710312 0.13015834987163544 -0.013163662515580654
v -0.10482070595026016 0.12903350591659546 -0.013163662515580654
v -0.10490136593580246 0.12786133587360382 -0.013163662515580654
v -0.10435347259044647 0.12680096924304962 -0.0134019386023283
v -0.10452250391244888 0.12787781655788422 -0.0134019386023283
v -0.10444768518209457 0.12896528840065002 -0.0134019386023283
v -0.1041327640414238 0.13000883162021637 -0.0134019386023283
v -0.10359351336956024 0.13095614314079285 -0.0134019386023283
v -0.10285698622465134 0.13175970315933228 -0.0134019386023283
v -0.10394582152366638 0.12691287696361542 -0.013549855910241604
v -0.10410018265247345 0.12789620459079742 -0.013549855910241604
v -0.10403185337781906 0.12888923287391663 -0.013549855910241604
v -0.103744275867939 0.12984216213226318 -0.013549855910241604
v -0.1032518595457077 0.13070720434188843 -0.013549855910241604
v -0.10257930308580399 0.13144098222255707 -0.013549855910241604
v -0.061597757041454315 0.0474030077457428 0.01140000019222498
v -0.06238085404038429 0.047393348067998886 0.01140000019222498
v -0.06313977390527725 0.04758669435977936 0.01140000019222498
v -0.06382278352975845 0.04796987771987915 0.01140000019222498
v -0.06438334286212921 0.04851678013801575 0.01140000019222498
v -0.0647832602262497 0.049190130084753036 0.01140000019222498
v -0.06499527394771576 0.04994404315948486 0.01140000019222498
v -0.06500494480133057 0.05072714388370514 0.01140000019222498
v -0.0648115947842598 0.0514860562980175 0.01140000019222498
v -0.0644284039735794 0.052169069647789 0.01140000019222498
v -0.06388150155544281 0.052729636430740356 0.01140000019222498
v -0.06320815533399582 0.05312955006957054 0.01140000019222498
v -0.06245424225926399 0.053341563791036606 0.01140000019222498
v -0.061671141535043716 0.053351227194070816 0.01140000019222498
v -0.06091223284602165 0.053157877177000046 0.01140000019222498
v -0.060229215770959854 0.05277469754219055 0.01140000019222498
v -0.0596686527132988 0.052227795124053955 0.01140000019222498
v -0.059268731623888016 0.05155444145202637 0.01140000019222498
v -0.05905672162771225 0.05080053210258484 0.01140000019222498
v -0.05904706194996834 0.05001743137836456 0.01140000019222498
v -0.05924041196703911 0.0492585152387619 0.01140000019222498
v -0.059623587876558304 0.0485755018889904 0.01140000019222498
v -0.0601704902946949 0.048014942556619644 0.01140000019222498
v -0.06084384024143219 0.04761502146720886 0.01140000019222498
v -0.061637770384550095 0.04892339929938316 0.01140000019222498
v -0.06127599626779556 0.04907325282692909 0.01140000019222498
v -0.06096533685922623 0.04931162670254707 0.01140000019222498
v -0.060726962983608246 0.04962228611111641 0.01140000019222498
v -0.061637770384550095 0.05182117596268654 0.01140000019222498
v -0.062025997787714005 0.051872286945581436 0.01140000019222498
v -0.062414225190877914 0.05182117596268654 0.01140000019222498
v -0.06277599930763245 0.05167132616043091 0.01140000019222498
v -0.06308665871620178 0.05143295228481293 0.01140000019222498
v -0.06332503259181976 0.051122285425662994 0.01140000019222498
v -0.060577113181352615 0.04998405650258064 0.01140000019222498
v -0.06052600219845772 0.05037228763103485 0.01140000019222498
v -0.060577113181352615 0.05076051503419876 0.01140000019222498
v -0.060726962983608246 0.051122285425662994 0.01140000019222498
v -0.06127599626779556 0.05167132616043091 0.01140000019222498
v -0.06352600455284119 0.05037228763103485 0.01140000019222498
v -0.06347488611936569 0.04998405650258064 0.01140000019222498
v -0.06096533685922623 0.05143295228481293 0.01140000019222498
v -0.06347488611936569 0.05076051503419876 0.01140000019222498
v -0.062414225190877914 0.04892339929938316 0.01140000019222498
v -0.062025997787714005 0.048872292041778564 0.01140000019222498
v -0.06332503259181976 0.04962228611111641 0.01140000019222498
v -0.06308665871620178 0.04931162670254707 0.01140000019222498
v -0.06277599930763245 0.04907325282692909 0.01140000019222498
v -0.054015882313251495 0.058323320001363754 0.01140000019222498
v -0.0546441413462162 0.0581466406583786 0.01140000019222498
v -0.055205266922712326 0.0578133761882782 0.01140000019222498
v -0.055661022663116455 0.05734623968601227 0.01140000019222498
v -0.05598033592104912 0.05677706375718117 0.01140000019222498
v -0.05614146217703819 0.056144632399082184 0.01140000019222498
v -0.05613340809941292 0.05549205094575882 0.01140000019222498
v -0.05595673248171806 0.05486379191279411 0.01140000019222498
v -0.05562346801161766 0.05430266261100769 0.01140000019222498
v -0.05515632778406143 0.05384691432118416 0.01140000019222498
v -0.05458715185523033 0.0535275936126709 0.01140000019222498
v -0.053954724222421646 0.05336647108197212 0.01140000019222498
v -0.05330214276909828 0.0533745214343071 0.01140000019222498
v -0.05267388001084328 0.05355120077729225 0.01140000019222498
v -0.05211275443434715 0.053884461522102356 0.01140000019222498
v -0.05165700241923332 0.054351601749658585 0.01140000019222498
v -0.05133768543601036 0.054920777678489685 0.01140000019222498
v -0.051176562905311584 0.05555321276187897 0.01140000019222498
v -0.05118461325764656 0.05620579048991203 0.01140000019222498
v -0.051361292600631714 0.05683404952287674 0.01140000019222498
v -0.05169455334544182 0.057395175099372864 0.01140000019222498
v -0.05216168984770775 0.057850927114486694 0.01140000019222498
v -0.05273086950182915 0.058170247822999954 0.01140000019222498
v -0.05365901067852974 0.058348920196294785 0.01140000019222498
v -0.05336329713463783 0.05833137035369873 0.01140000019222498
v -0.054841164499521255 0.058606185019016266 0.01140000019222498
v -0.05408725142478943 0.05881820246577263 0.01140000019222498
v -0.05551452189683914 0.05820626765489578 0.01140000019222498
v -0.05606142058968544 0.057645704597234726 0.01140000019222498
v -0.056444600224494934 0.056962691247463226 0.01140000019222498
v -0.056637950241565704 0.056203775107860565 0.01140000019222498
v -0.056628286838531494 0.05542067810893059 0.01140000019222498
v -0.05641627311706543 0.05466676503419876 0.01140000019222498
v -0.056016359478235245 0.05399341136217117 0.01140000019222498
v -0.05545579269528389 0.053446512669324875 0.01140000019222498
v -0.05477278307080269 0.05306333303451538 0.01140000019222498
v -0.05401386693120003 0.05286998301744461 0.01140000019222498
v -0.05323076620697975 0.05287964269518852 0.01140000019222498
v -0.052476853132247925 0.05309165641665459 0.01140000019222498
v -0.051803503185510635 0.05349157005548477 0.01140000019222498
v -0.05125660076737404 0.05405213683843613 0.01140000019222498
v -0.050873417407274246 0.054735150188207626 0.01140000019222498
v -0.050680071115493774 0.05549406632781029 0.01140000019222498
v -0.050689730793237686 0.056277163326740265 0.01140000019222498
v -0.05090174451470375 0.05703107640147209 0.01140000019222498
v -0.051301661878824234 0.05770442634820938 0.01140000019222498
v -0.05186222493648529 0.058251332491636276 0.01140000019222498
v -0.05254524201154709 0.05863451212644577 0.01140000019222498
v -0.05330415442585945 0.05882786214351654 0.01140000019222498
v -0.05365901067852974 0.058848921209573746 0.01140000019222498
v -0.0636259987950325 0.05037228763103485 0.011500000022351742
v -0.06357147544622421 0.05078640207648277 0.011500000022351742
v -0.0634116381406784 0.05117228627204895 0.011500000022351742
v -0.06315736472606659 0.05150366201996803 0.011500000022351742
v -0.0628260001540184 0.05175792798399925 0.011500000022351742
v -0.062440112233161926 0.051917772740125656 0.011500000022351742
v -0.062025997787714005 0.051972292363643646 0.011500000022351742
v -0.06161188706755638 0.051917772740125656 0.011500000022351742
v -0.061226002871990204 0.05175792798399925 0.011500000022351742
v -0.06089462712407112 0.05150366201996803 0.011500000022351742
v -0.0606403574347496 0.05117228627204895 0.011500000022351742
v -0.0604805164039135 0.05078640207648277 0.011500000022351742
v -0.06042599678039551 0.05037228763103485 0.011500000022351742
v -0.0604805164039135 0.04995817691087723 0.011500000022351742
v -0.0606403574347496 0.049572285264730453 0.011500000022351742
v -0.06089462712407112 0.04924091696739197 0.011500000022351742
v -0.061226002871990204 0.04898664727807045 0.011500000022351742
v -0.06161188706755638 0.048826806247234344 0.011500000022351742
v -0.062025997787714005 0.048772286623716354 0.011500000022351742
v -0.062440112233161926 0.048826806247234344 0.011500000022351742
v -0.0628260001540184 0.04898664727807045 0.011500000022351742
v -0.06315736472606659 0.04924091696739197 0.011500000022351742
v -0.0634116381406784 0.049572285264730453 0.011500000022351742
v -0.06357147544622421 0.04995817691087723 0.011500000022351742
v -0.06347817927598953 0.050761397927999496 0.011425882577896118
v -0.06332798302173615 0.05112399160861969 0.011425882577896118
v -0.06308906525373459 0.051435355097055435 0.011425882577896118
v -0.06277769804000854 0.05167427659034729 0.011425882577896118
v -0.06241510808467865 0.05182446539402008 0.011425882577896118
v -0.062025997787714005 0.05187569558620453 0.011425882577896118
v -0.06163688749074936 0.05182446539402008 0.011425882577896118
v -0.061274293810129166 0.05167427659034729 0.011425882577896118
v -0.06096292659640312 0.051435355097055435 0.011425882577896118
v -0.060724012553691864 0.05112399160861969 0.011425882577896118
v -0.06057381629943848 0.050761397927999496 0.011425882577896118
v -0.06052258983254433 0.05037228763103485 0.011425882577896118
v -0.06057381629943848 0.049983177334070206 0.011425882577896118
v -0.060724012553691864 0.04962058365345001 0.011425882577896118
v -0.06096292659640312 0.04930921643972397 0.011425882577896118
v -0.061274293810129166 0.04907030239701271 0.011425882577896118
v -0.06163688749074936 0.04892010614275932 0.011425882577896118
v -0.062025997787714005 0.04886887967586517 0.011425882577896118
v -0.06241510808467865 0.04892010614275932 0.011425882577896118
v -0.06277769804000854 0.04907030239701271 0.011425882577896118
v -0.06308906525373459 0.04930921643972397 0.011425882577896118
v -0.06332798302173615 0.04962058365345001 0.011425882577896118
v -0.06347817927598953 0.049983177334070206 0.011425882577896118
v -0.06352940201759338 0.05037228763103485 0.011425882577896118
v -0.06348782777786255 0.05076398327946663 0.01145000010728836
v -0.06333664059638977 0.05112898722290993 0.01145000010728836
v -0.06309612840414047 0.05144242197275162 0.01145000010728836
v -0.06278270483016968 0.05168292671442032 0.01145000010728836
v -0.06241769343614578 0.051834117621183395 0.01145000010728836
v -0.062025997787714005 0.051885683089494705 0.01145000010728836
v -0.06163430213928223 0.051834117621183395 0.01145000010728836
v -0.06126930192112923 0.05168292671442032 0.01145000010728836
v -0.06095586344599724 0.05144242197275162 0.01145000010728836
v -0.060715362429618835 0.05112898722290993 0.01145000010728836
v -0.06056416779756546 0.05076398327946663 0.01145000010728836
v -0.06051260232925415 0.05037228763103485 0.01145000010728836
v -0.06056416779756546 0.04998059198260307 0.01145000010728836
v -0.060715362429618835 0.049615588039159775 0.01145000010728836
v -0.06095586344599724 0.049302153289318085 0.01145000010728836
v -0.06126930192112923 0.049061644822359085 0.01145000010728836
v -0.06163430213928223 0.04891045764088631 0.01145000010728836
v -0.062025997787714005 0.048858892172575 0.01145000010728836
v -0.06241769343614578 0.04891045764088631 0.01145000010728836
v -0.06278270483016968 0.049061644822359085 0.01145000010728836
v -0.06309612840414047 0.049302153289318085 0.01145000010728836
v -0.06333664059638977 0.049615588039159775 0.01145000010728836
v -0.06348782777786255 0.04998059198260307 0.01145000010728836
v -0.06353939324617386 0.05037228763103485 0.01145000010728836
v -0.06350317597389221 0.05076809599995613 0.01147071085870266
v -0.06335040181875229 0.05113693326711655 0.01147071085870266
v -0.06310737133026123 0.05145365744829178 0.01147071085870266
v -0.0627906396985054 0.051696691662073135 0.01147071085870266
v -0.062421806156635284 0.05184946581721306 0.01147071085870266
v -0.062025997787714005 0.051901575177907944 0.01147071085870266
v -0.06163019314408302 0.05184946581721306 0.01147071085870266
v -0.06126135215163231 0.051696691662073135 0.01147071085870266
v -0.06094462797045708 0.05145365744829178 0.01147071085870266
v -0.06070159375667572 0.05113693326711655 0.01147071085870266
v -0.0605488158762455 0.05076809599995613 0.01147071085870266
v -0.06049670651555061 0.05037228763103485 0.01147071085870266
v -0.0605488158762455 0.04997647926211357 0.01147071085870266
v -0.06070159375667572 0.049607641994953156 0.01147071085870266
v -0.06094462797045708 0.049290917813777924 0.01147071085870266
v -0.06126135215163231 0.04904788359999657 0.01147071085870266
v -0.06163019314408302 0.048895105719566345 0.01147071085870266
v -0.062025997787714005 0.04884299635887146 0.01147071085870266
v -0.062421806156635284 0.048895105719566345 0.01147071085870266
v -0.0627906396985054 0.04904788359999657 0.01147071085870266
v -0.06310737133026123 0.049290917813777924 0.01147071085870266
v -0.06335040181875229 0.049607641994953156 0.01147071085870266
v -0.06350317597389221 0.04997647926211357 0.01147071085870266
v -0.0635552853345871 0.05037228763103485 0.01147071085870266
v -0.06352318078279495 0.05077345669269562 0.011486602947115898
v -0.06336833536624908 0.05114728584885597 0.011486602947115898
v -0.06312201172113419 0.05146830156445503 0.011486602947115898
v -0.06280099600553513 0.05171462520956993 0.011486602947115898
v -0.06242716684937477 0.0518694706261158 0.011486602947115898
v -0.062025997787714005 0.05192228779196739 0.011486602947115898
v -0.061624832451343536 0.0518694706261158 0.011486602947115898
v -0.061250995844602585 0.05171462520956993 0.011486602947115898
v -0.06092998385429382 0.05146830156445503 0.011486602947115898
v -0.060683656483888626 0.05114728584885597 0.011486602947115898
v -0.06052881106734276 0.05077345669269562 0.011486602947115898
v -0.060475997626781464 0.05037228763103485 0.011486602947115898
v -0.06052881106734276 0.04997112229466438 0.011486602947115898
v -0.060683656483888626 0.04959728568792343 0.011486602947115898
v -0.06092998385429382 0.04927626997232437 0.011486602947115898
v -0.061250995844602585 0.04902994632720947 0.011486602947115898
v -0.061624832451343536 0.048875100910663605 0.011486602947115898
v -0.062025997787714005 0.04882228747010231 0.011486602947115898
v -0.06242716684937477 0.048875100910663605 0.011486602947115898
v -0.06280099600553513 0.04902994632720947 0.011486602947115898
v -0.06312201172113419 0.04927626997232437 0.011486602947115898
v -0.06336833536624908 0.04959728568792343 0.011486602947115898
v -0.06352318078279495 0.04997112229466438 0.011486602947115898
v -0.06357599794864655 0.05037228763103485 0.011486602947115898
v -0.06354647874832153 0.05077970027923584 0.011496592313051224
v -0.06338923424482346 0.051159344613552094 0.011496592313051224
v -0.06313906610012054 0.05148535594344139 0.011496592313051224
v -0.06281305849552155 0.05173551291227341 0.011496592313051224
v -0.06243341043591499 0.05189277231693268 0.011496592313051224
v -0.062025997787714005 0.051946405321359634 0.011496592313051224
v -0.061618585139513016 0.05189277231693268 0.011496592313051224
v -0.061238937079906464 0.05173551291227341 0.011496592313051224
v -0.06091293320059776 0.05148535594344139 0.011496592313051224
v -0.06066277250647545 0.051159344613552094 0.011496592313051224
v -0.060505516827106476 0.05077970027923584 0.011496592313051224
v -0.06045188009738922 0.05037228763103485 0.011496592313051224
v -0.060505516827106476 0.04996487498283386 0.011496592313051224
v -0.06066277250647545 0.04958522692322731 0.011496592313051224
v -0.06091293320059776 0.04925921559333801 0.011496592313051224
v -0.061238937079906464 0.049009062349796295 0.011496592313051224
v -0.061618585139513016 0.04885180667042732 0.011496592313051224
v -0.062025997787714005 0.04879816994071007 0.011496592313051224
v -0.06243341043591499 0.04885180667042732 0.011496592313051224
v -0.06281305849552155 0.049009062349796295 0.011496592313051224
v -0.06313906610012054 0.04925921559333801 0.011496592313051224
v -0.06338923424482346 0.04958522692322731 0.011496592313051224
v -0.06354647874832153 0.04996487498283386 0.011496592313051224
v -0.06360011547803879 0.05037228763103485 0.011496592313051224
v -0.06351399421691895 0.05268494412302971 0.011500000022351742
v -0.06286472827196121 0.05299126356840134 0.011500000022351742
v -0.06406184285879135 0.05222102254629135 0.011500000022351742
v -0.06215830519795418 0.053119100630283356 0.011500000022351742
v -0.06447096168994904 0.05163111165165901 0.011500000022351742
v -0.061442870646715164 0.05305975303053856 0.011500000022351742
v -0.060767173767089844 0.05281725153326988 0.011500000022351742
v -0.060177262872457504 0.0524081327021122 0.011500000022351742
v -0.05971334129571915 0.051860276609659195 0.011500000022351742
v -0.0592791810631752 0.050504595041275024 0.011500000022351742
v -0.0593385323882103 0.04978915676474571 0.011500000022351742
v -0.05999015271663666 0.04852355271577835 0.011500000022351742
v -0.06053801253437996 0.048059627413749695 0.011500000022351742
v -0.05940702185034752 0.05121101438999176 0.011500000022351742
v -0.059581030160188675 0.04911345988512039 0.011500000022351742
v -0.061187271028757095 0.047753311693668365 0.011500000022351742
v -0.06189369037747383 0.04762547090649605 0.011500000022351742
v -0.06260912865400314 0.04768482223153114 0.011500000022351742
v -0.06328482180833817 0.04792732000350952 0.011500000022351742
v -0.0647759959101677 0.05037228763103485 0.011500000022351742
v -0.06471346318721771 0.05095541477203369 0.011500000022351742
v -0.0638747438788414 0.048336442559957504 0.011500000022351742
v -0.06433865427970886 0.048884302377700806 0.011500000022351742
v -0.06464496999979019 0.04953356087207794 0.011500000022351742
v -0.06477281451225281 0.05023998022079468 0.011500000022351742
v -0.0647759959101677 0.05037228763103485 0.013199999928474426
v -0.06475882232189178 0.05024182051420212 0.013199999928474426
v -0.06468228995800018 0.051084037870168686 0.013199999928474426
v -0.06469947099685669 0.05095357447862625 0.013199999928474426
v -0.06440756469964981 0.051747292280197144 0.013199999928474426
v -0.06445792317390442 0.05162571370601654 0.013199999928474426
v -0.06397054344415665 0.052316829562187195 0.013199999928474426
v -0.06405065208673477 0.0522124320268631 0.013199999928474426
v -0.063400998711586 0.052753861993551254 0.013199999928474426
v -0.0635053962469101 0.05267374962568283 0.013199999928474426
v -0.06273774802684784 0.05302858352661133 0.013199999928474426
v -0.06285933405160904 0.05297822505235672 0.013199999928474426
v -0.062025997787714005 0.05312228575348854 0.013199999928474426
v -0.06215646490454674 0.05310511216521263 0.013199999928474426
v -0.06131424382328987 0.05302858352661133 0.013199999928474426
v -0.061444710940122604 0.053045760840177536 0.013199999928474426
v -0.06065099686384201 0.052753861993551254 0.013199999928474426
v -0.060772571712732315 0.052804213017225266 0.013199999928474426
v -0.06008145213127136 0.052316829562187195 0.013199999928474426
v -0.06018585339188576 0.05239694193005562 0.013199999928474426
v -0.0596444271504879 0.051747292280197144 0.013199999928474426
v -0.059724535793066025 0.05185168609023094 0.013199999928474426
v -0.05936970189213753 0.051084037870168686 0.013199999928474426
v -0.059420060366392136 0.05120561271905899 0.013199999928474426
v -0.059275995939970016 0.05037228763103485 0.013199999928474426
v -0.059293173253536224 0.050502751022577286 0.013199999928474426
v -0.05936970189213753 0.04966053366661072 0.013199999928474426
v -0.05935252457857132 0.04979100078344345 0.013199999928474426
v -0.0596444271504879 0.04899728670716286 0.013199999928474426
v -0.05959407240152359 0.04911886155605316 0.013199999928474426
v -0.06008145213127136 0.04842774197459221 0.013199999928474426
v -0.060001347213983536 0.048532143235206604 0.013199999928474426
v -0.06065099686384201 0.047990716993808746 0.013199999928474426
v -0.06054660305380821 0.04807082563638687 0.013199999928474426
v -0.06131424382328987 0.047715991735458374 0.013199999928474426
v -0.061192672699689865 0.04776635020971298 0.013199999928474426
v -0.062025997787714005 0.04762228578329086 0.013199999928474426
v -0.06189553067088127 0.04763946309685707 0.013199999928474426
v -0.06273774802684784 0.047715991735458374 0.013199999928474426
v -0.0626072809100151 0.047698814421892166 0.013199999928474426
v -0.063400998711586 0.047990716993808746 0.013199999928474426
v -0.0632794201374054 0.04794036224484444 0.013199999928474426
v -0.06397054344415665 0.04842774197459221 0.013199999928474426
v -0.06386614590883255 0.04834763705730438 0.013199999928474426
v -0.06440756469964981 0.04899728670716286 0.013199999928474426
v -0.06432745605707169 0.04889289289712906 0.013199999928474426
v -0.06468228995800018 0.04966053366661072 0.013199999928474426
v -0.06463193893432617 0.04953896254301071 0.013199999928474426
v -0.05957599729299545 0.05037228763103485 0.013500000350177288
v -0.059659481048583984 0.051006391644477844 0.013500000350177288
v -0.05990423634648323 0.05159728601574898 0.013500000350177288
v -0.06029358506202698 0.05210469663143158 0.013500000350177288
v -0.060801003128290176 0.05249405279755592 0.013500000350177288
v -0.06139189004898071 0.05273880437016487 0.013500000350177288
v -0.062025997787714005 0.0528222881257534 0.013500000350177288
v -0.0626601055264473 0.05273880437016487 0.013500000350177288
v -0.06325099617242813 0.05249405279755592 0.013500000350177288
v -0.06375841051340103 0.05210469663143158 0.013500000350177288
v -0.06414776295423508 0.05159728601574898 0.013500000350177288
v -0.06439251452684402 0.051006391644477844 0.013500000350177288
v -0.06447599828243256 0.05037228763103485 0.013500000350177288
v -0.06439251452684402 0.04973817989230156 0.013500000350177288
v -0.06414776295423508 0.049147285521030426 0.013500000350177288
v -0.06375841051340103 0.048639874905347824 0.013500000350177288
v -0.06325099617242813 0.04825052618980408 0.013500000350177288
v -0.0626601055264473 0.04800576716661453 0.013500000350177288
v -0.062025997787714005 0.0479222871363163 0.013500000350177288
v -0.06139189004898071 0.04800576716661453 0.013500000350177288
v -0.060801003128290176 0.04825052618980408 0.013500000350177288
v -0.06029358506202698 0.048639874905347824 0.013500000350177288
v -0.05990423634648323 0.049147285521030426 0.013500000350177288
v -0.059659481048583984 0.04973817989230156 0.013500000350177288
v -0.05959499627351761 0.05102366954088211 0.013492478057742119
v -0.0598464235663414 0.051630664616823196 0.013492478057742119
v -0.06024638190865517 0.05215190351009369 0.013492478057742119
v -0.06076762080192566 0.052551861852407455 0.013492478057742119
v -0.06137461215257645 0.05280328541994095 0.013492478057742119
v -0.062025997787714005 0.05288904160261154 0.013492478057742119
v -0.06267738342285156 0.05280328541994095 0.013492478057742119
v -0.06328437477350235 0.052551861852407455 0.013492478057742119
v -0.06380560994148254 0.05215190351009369 0.013492478057742119
v -0.06420557200908661 0.051630664616823196 0.013492478057742119
v -0.0644569993019104 0.05102366954088211 0.013492478057742119
v -0.064542755484581 0.05037228763103485 0.013492478057742119
v -0.0644569993019104 0.04972090199589729 0.013492478057742119
v -0.06420557200908661 0.04911390691995621 0.013492478057742119
v -0.06380560994148254 0.04859267175197601 0.013492478057742119
v -0.06328437477350235 0.04819271340966225 0.013492478057742119
v -0.062025997787714005 0.04785552993416786 0.013492478057742119
v -0.06137461215257645 0.047941286116838455 0.013492478057742119
v -0.06076762080192566 0.04819271340966225 0.013492478057742119
v -0.06024638190865517 0.04859267175197601 0.013492478057742119
v -0.0598464235663414 0.04911390691995621 0.013492478057742119
v -0.05959499627351761 0.04972090199589729 0.013492478057742119
v -0.059509240090847015 0.05037228763103485 0.013492478057742119
v -0.06135820224881172 0.04788004234433174 0.01347029022872448
v -0.06073591485619545 0.04813780263066292 0.01347029022872448
v -0.06070747226476669 0.04808853566646576 0.01343455072492361
v -0.060161322355270386 0.04850761219859123 0.01343455072492361
v -0.06012773513793945 0.0484740249812603 0.013387047685682774
v -0.059701111167669296 0.049030013382434845 0.013387047685682774
v -0.059670157730579376 0.04901214316487312 0.013330165296792984
v -0.05939839780330658 0.04966822266578674 0.013330165296792984
v -0.05937696620821953 0.04966248199343681 0.01326675619930029
v -0.05928352102637291 0.05037228763103485 0.01326675619930029
v -0.05965094268321991 0.049001049250364304 0.01326675619930029
v -0.06010246276855469 0.048448752611875534 0.013330165296792984
v -0.060683723539114 0.048047397285699844 0.013387047685682774
v -0.0613434799015522 0.04782509431242943 0.01343455072492361
v -0.062025997787714005 0.04779212176799774 0.01347029022872448
v -0.06267738342285156 0.047941286116838455 0.013492478057742119
v -0.060086771845817566 0.04843306168913841 0.01326675619930029
v -0.06269380450248718 0.04788004234433174 0.01347029022872448
v -0.062025997787714005 0.04773524031043053 0.01343455072492361
v -0.061331186443567276 0.04777920991182327 0.013387047685682774
v -0.06066585332155228 0.04801644757390022 0.013330165296792984
v -0.060654763132333755 0.047997232526540756 0.01326675619930029
v -0.06331608444452286 0.04813780263066292 0.01347029022872448
v -0.06270851194858551 0.04782509431242943 0.01343455072492361
v -0.062025997787714005 0.04768774285912514 0.013387047685682774
v -0.0613219328224659 0.047744687646627426 0.013330165296792984
v -0.06131619215011597 0.047723256051540375 0.01326675619930029
v -0.06385045498609543 0.048547834157943726 0.01347029022872448
v -0.06334452331066132 0.04808853566646576 0.01343455072492361
v -0.06272081285715103 0.04777920991182327 0.013387047685682774
v -0.062025997787714005 0.0476519949734211 0.013330165296792984
v -0.062025997787714005 0.04762980714440346 0.01326675619930029
v -0.06426048278808594 0.049082204699516296 0.01347029022872448
v -0.06389067322015762 0.04850761219859123 0.01343455072492361
v -0.06336827576160431 0.048047397285699844 0.013387047685682774
v -0.06273005902767181 0.047744687646627426 0.013330165296792984
v -0.06273580342531204 0.047723256051540375 0.01326675619930029
v -0.06451824307441711 0.04970449209213257 0.01347029022872448
v -0.0643097460269928 0.04905376210808754 0.01343455072492361
v -0.06392426043748856 0.0484740249812603 0.013387047685682774
v -0.06338614225387573 0.04801644757390022 0.013330165296792984
v -0.06339723616838455 0.047997232526540756 0.01326675619930029
v -0.06460615992546082 0.05037228763103485 0.01347029022872448
v -0.06457319110631943 0.04968976974487305 0.01343455072492361
v -0.06435088813304901 0.049030013382434845 0.013387047685682774
v -0.06394953280687332 0.048448752611875534 0.013330165296792984
v -0.06396522372961044 0.04843306168913841 0.01326675619930029
v -0.06451824307441711 0.051040083169937134 0.01347029022872448
v -0.06466304510831833 0.05037228763103485 0.01343455072492361
v -0.06461907178163528 0.049677472561597824 0.013387047685682774
v -0.06438183784484863 0.04901214316487312 0.013330165296792984
v -0.0644010528922081 0.049001049250364304 0.01326675619930029
v -0.06426048278808594 0.051662370562553406 0.01347029022872448
v -0.06457319110631943 0.051054805517196655 0.01343455072492361
v -0.06471055001020432 0.05037228763103485 0.013387047685682774
v -0.06465359777212143 0.04966822266578674 0.013330165296792984
v -0.06467502564191818 0.04966248199343681 0.01326675619930029
v -0.06385045498609543 0.05219673737883568 0.01347029022872448
v -0.0643097460269928 0.051690809428691864 0.01343455072492361
v -0.06461907178163528 0.05106710270047188 0.013387047685682774
v -0.06474629044532776 0.05037228763103485 0.013330165296792984
v -0.0647684782743454 0.05037228763103485 0.01326675619930029
v -0.06331608444452286 0.05260677635669708 0.01347029022872448
v -0.06389067322015762 0.05223695933818817 0.01343455072492361
v -0.06435088813304901 0.05171456187963486 0.013387047685682774
v -0.06465359777212143 0.05107635259628296 0.013330165296792984
v -0.06467502564191818 0.05108209326863289 0.01326675619930029
v -0.06269380450248718 0.05286453664302826 0.01347029022872448
v -0.06334452331066132 0.052656035870313644 0.01343455072492361
v -0.06392426043748856 0.0522705502808094 0.013387047685682774
v -0.06438183784484863 0.05173243209719658 0.013330165296792984
v -0.0644010528922081 0.0517435260117054 0.01326675619930029
v -0.062025997787714005 0.05295245349407196 0.01347029022872448
v -0.06270851194858551 0.052919477224349976 0.01343455072492361
v -0.06336827576160431 0.05269717425107956 0.013387047685682774
v -0.06394953280687332 0.05229582265019417 0.013330165296792984
v -0.06396522372961044 0.05231151357293129 0.01326675619930029
v -0.06135820224881172 0.05286453664302826 0.01347029022872448
v -0.062025997787714005 0.053009334951639175 0.01343455072492361
v -0.06272081285715103 0.05296536162495613 0.013387047685682774
v -0.06338614225387573 0.05272812768816948 0.013330165296792984
v -0.06339723616838455 0.052747342735528946 0.01326675619930029
v -0.06073591485619545 0.05260677635669708 0.01347029022872448
v -0.0613434799015522 0.052919477224349976 0.01343455072492361
v -0.062025997787714005 0.05305683612823486 0.013387047685682774
v -0.06273005902767181 0.052999887615442276 0.013330165296792984
v -0.06273580342531204 0.053021322935819626 0.01326675619930029
v -0.06020154431462288 0.05219673737883568 0.01347029022872448
v -0.06070747226476669 0.052656035870313644 0.01343455072492361
v -0.061331186443567276 0.05296536162495613 0.013387047685682774
v -0.062025997787714005 0.05309257656335831 0.013330165296792984
v -0.062025997787714005 0.053114764392375946 0.01326675619930029
v -0.05979151278734207 0.051662370562553406 0.01347029022872448
v -0.060161322355270386 0.05223695933818817 0.01343455072492361
v -0.060683723539114 0.05269717425107956 0.013387047685682774
v -0.0613219328224659 0.052999887615442276 0.013330165296792984
v -0.06131619215011597 0.053021322935819626 0.01326675619930029
v -0.059533752501010895 0.051040083169937134 0.01347029022872448
v -0.05974224954843521 0.051690809428691864 0.01343455072492361
v -0.06012773513793945 0.0522705502808094 0.013387047685682774
v -0.06066585332155228 0.05272812768816948 0.013330165296792984
v -0.060654763132333755 0.052747342735528946 0.01326675619930029
v -0.059445831924676895 0.05037228763103485 0.01347029022872448
v -0.05947880446910858 0.051054805517196655 0.01343455072492361
v -0.059701111167669296 0.05171456187963486 0.013387047685682774
v -0.06010246276855469 0.05229582265019417 0.013330165296792984
v -0.060086771845817566 0.05231151357293129 0.01326675619930029
v -0.059533752501010895 0.04970449209213257 0.01347029022872448
v -0.05938895046710968 0.05037228763103485 0.01343455072492361
v -0.059432923793792725 0.05106710270047188 0.013387047685682774
v -0.059670157730579376 0.05173243209719658 0.013330165296792984
v -0.05965094268321991 0.0517435260117054 0.01326675619930029
v -0.05979151278734207 0.049082204699516296 0.01347029022872448
v -0.05947880446910858 0.04968976974487305 0.01343455072492361
v -0.05934145301580429 0.05037228763103485 0.013387047685682774
v -0.05939839780330658 0.05107635259628296 0.013330165296792984
v -0.05937696620821953 0.05108209326863289 0.01326675619930029
v -0.06020154431462288 0.048547834157943726 0.01347029022872448
v -0.05974224954843521 0.04905376210808754 0.01343455072492361
v -0.059432923793792725 0.049677472561597824 0.013387047685682774
v -0.05930570513010025 0.05037228763103485 0.013330165296792984
v -0.06151818484067917 0.06967120617628098 -0.011599999852478504
v -0.08820721507072449 0.11943173408508301 -0.011599999852478504
v -0.08820721507072449 0.11943173408508301 -0.009200000204145908
v -0.09777012467384338 0.121393583714962 -0.009200000204145908
v -0.08903146535158157 0.12135421484708786 -0.009200000204145908
v -0.08950935304164886 0.12339062988758087 -0.009200000204145908
v -0.08983514457941055 0.12564951181411743 -0.009200000204145908
v -0.08903146535158157 0.12135421484708786 -0.011599999852478504
v -0.08950935304164886 0.12339062988758087 -0.011599999852478504
v -0.08995570987462997 0.12648552656173706 -0.009100000374019146
v -0.09814528375864029 0.12209305167198181 -0.009100000374019146
v -0.08957751095294952 0.11869676411151886 -0.013549855910241604
v -0.06282451003789902 0.06897056102752686 -0.013531852513551712
v -0.06328067928552628 0.06872589886188507 -0.01360000018030405
v -0.089969702064991 0.11848641186952591 -0.01360000018030405
v -0.08920498192310333 0.11889657378196716 -0.0134019386023283
v -0.06239943206310272 0.06919855624437332 -0.01333205122500658
v -0.0895155742764473 0.11872998625040054 -0.013525261543691158
v -0.08887080103158951 0.11907580494880676 -0.013163662515580654
v -0.06203440576791763 0.06939433515071869 -0.013014213182032108
v -0.08909369260072708 0.11895626038312912 -0.013322587125003338
v -0.08873127400875092 0.11915064603090286 -0.01300532091408968
v -0.08859172463417053 0.11922549456357956 -0.012846979312598705
v -0.06175431236624718 0.06954456120729446 -0.012600000016391277
v -0.08845167607069016 0.11930060386657715 -0.012594053521752357
v -0.08838175237178802 0.11933811008930206 -0.012467767111957073
v -0.06157824024558067 0.06963900476694107 -0.012117638252675533
v -0.0882730707526207 0.1193963959813118 -0.01211533136665821
v -0.08825140446424484 0.1194080337882042 -0.012045042589306831
v -0.06037261709570885 0.06792106479406357 -0.011599999852478504
v -0.05894054099917412 0.06639641523361206 -0.011599999852478504
v -0.0572962649166584 0.06509393453598022 -0.012043949216604233
v -0.057265471667051315 0.06514361500740051 -0.011599999852478504
v -0.057376619428396225 0.06496430188417435 -0.012462424114346504
v -0.05730137601494789 0.06508569419384003 -0.012117638252675533
v -0.05750236287713051 0.0647614449262619 -0.012836777605116367
v -0.05740664154291153 0.06491587311029434 -0.012600000016391277
v -0.057667579501867294 0.06449490785598755 -0.013150366023182869
v -0.05757409334182739 0.06464572250843048 -0.013014213182032108
v -0.05786480754613876 0.06417672336101532 -0.013389036990702152
v -0.05779232457280159 0.06429366022348404 -0.01333205122500658
v -0.061944182962179184 0.0666840523481369 -0.01360000018030405
v -0.058085281401872635 0.06382104009389877 -0.013541553169488907
v -0.060273427516222 0.06490530073642731 -0.01360000018030405
v -0.05804646015167236 0.06388366967439651 -0.013531852513551712
v -0.058319177478551865 0.06344370543956757 -0.01360000018030405
v -0.05992845073342323 0.06529123336076736 -0.013531852513551712
v -0.05960698425769806 0.06565085798501968 -0.01333205122500658
v -0.059330932796001434 0.06595968455076218 -0.013014213182032108
v -0.05911911278963089 0.06619664281606674 -0.012600000016391277
v -0.058985959738492966 0.06634560972452164 -0.012117638252675533
v -0.06153742969036102 0.06700421124696732 -0.013531852513551712
v -0.061158400028944016 0.06730255484580994 -0.01333205122500658
v -0.0608329176902771 0.06755874305963516 -0.013014213182032108
v -0.060583166778087616 0.0677553340792656 -0.012600000016391277
v -0.060426171869039536 0.06787890195846558 -0.012117638252675533
v -0.08955898880958557 0.12338346987962723 -0.012045042589306831
v -0.08970538526773453 0.12336235493421555 -0.012467767111957073
v -0.08994122594594955 0.12332834303379059 -0.012846979312598705
v -0.09025466442108154 0.12328314036130905 -0.013163662515580654
v -0.09062999486923218 0.1232290118932724 -0.0134019386023283
v -0.09104838967323303 0.12316866219043732 -0.013549855910241604
v -0.09148887544870377 0.12310514599084854 -0.01360000018030405
v -0.09093133360147476 0.12072931975126266 -0.01360000018030405
v -0.09050857275724411 0.12086836993694305 -0.013549855910241604
v -0.0901070088148117 0.12100045382976532 -0.0134019386023283
v -0.08974678069353104 0.1211189329624176 -0.013163662515580654
v -0.08944594860076904 0.12121788412332535 -0.012846979312598705
v -0.08921961486339569 0.12129233032464981 -0.012467767111957073
v -0.0890791043639183 0.12133855372667313 -0.012045042589306831
v -0.09009971469640732 0.12748390436172485 -0.011599999852478504
v -0.09009971469640732 0.12748390436172485 -0.009100000374019146
v -0.09207922220230103 0.12719841301441193 -0.01360000018030405
v -0.09163982421159744 0.12726178765296936 -0.013541553169488907
v -0.09156688302755356 0.12727230787277222 -0.013531852513551712
v -0.09108946472406387 0.1273411512374878 -0.01333205122500658
v -0.09122563153505325 0.1273215115070343 -0.013389036990702152
v -0.09067948907613754 0.12740027904510498 -0.013014213182032108
v -0.09085511416196823 0.12737496197223663 -0.013150366023182869
v -0.09036491066217422 0.12744565308094025 -0.012600000016391277
v -0.09054473042488098 0.12741973996162415 -0.012836777605116367
v -0.09030850976705551 0.1274537891149521 -0.012462424114346504
v -0.09016716480255127 0.12747417390346527 -0.012117638252675533
v -0.09015755355358124 0.1274755597114563 -0.012043949216604233
v -0.09033865481615067 0.12850211560726166 -0.011599999852478504
v -0.09033865481615067 0.12850211560726166 -0.009100000374019146
v -0.09075077623128891 0.12946335971355438 -0.011599999852478504
v -0.09075077623128891 0.12946335971355438 -0.009100000374019146
v -0.09223852306604385 0.12787722051143646 -0.01360000018030405
v -0.09251327067613602 0.12851804494857788 -0.01360000018030405
v -0.09205710142850876 0.12876270711421967 -0.013531852513551712
v -0.09163202345371246 0.12899070978164673 -0.01333205122500658
v -0.09126700460910797 0.1291864812374115 -0.013014213182032108
v -0.09098691493272781 0.12933671474456787 -0.012600000016391277
v -0.09081083536148071 0.12943114340305328 -0.012117638252675533
v -0.09040338546037674 0.12848082184791565 -0.012117638252675533
v -0.09059318900108337 0.12841838598251343 -0.012600000016391277
v -0.09089510887861252 0.12831908464431763 -0.013014213182032108
v -0.09128858894109726 0.12818966805934906 -0.01333205122500658
v -0.09174679964780807 0.1280389428138733 -0.013531852513551712
v -0.09216874837875366 0.13210710883140564 -0.011599999852478504
v -0.09216874837875366 0.13210710883140564 -0.009100000374019146
v -0.09393124282360077 0.13116177916526794 -0.01360000018030405
v -0.09347507357597351 0.13140645623207092 -0.013531852513551712
v -0.09304999560117722 0.1316344439983368 -0.01333205122500658
v -0.09268496930599213 0.13183023035526276 -0.013014213182032108
v -0.09240487217903137 0.13198044896125793 -0.012600000016391277
v -0.09222880005836487 0.13207489252090454 -0.012117638252675533
v -0.09454068541526794 0.13200969994068146 -0.01360000018030405
v -0.09534881263971329 0.13267098367214203 -0.01360000018030405
v -0.09630056470632553 0.13310058414936066 -0.01360000018030405
v -0.09733106195926666 0.13326920568943024 -0.01360000018030405
v -0.09837010502815247 0.1331653743982315 -0.01360000018030405
v -0.09934685379266739 0.13279615342617035 -0.01360000018030405
v -0.09959151595830917 0.1332523226737976 -0.013531852513551712
v -0.09981951117515564 0.1336774080991745 -0.01333205122500658
v -0.10001529008150101 0.134042426943779 -0.013014213182032108
v -0.10016551613807678 0.13432250916957855 -0.012600000016391277
v -0.09308290481567383 0.13337896764278412 -0.011599999852478504
v -0.09429511427879333 0.13437090814113617 -0.011599999852478504
v -0.0957227349281311 0.13501527905464172 -0.011599999852478504
v -0.0972684845328331 0.1352682262659073 -0.011599999852478504
v -0.09882703423500061 0.135112464427948 -0.011599999852478504
v -0.10025995224714279 0.13449858129024506 -0.012117638252675533
v -0.10029216855764389 0.13455864787101746 -0.011599999852478504
v -0.09881146252155304 0.135046124458313 -0.012117638252675533
v -0.09876581281423569 0.1348516047000885 -0.012600000016391277
v -0.09869319945573807 0.13454218208789825 -0.013014213182032108
v -0.09859856218099594 0.13413891196250916 -0.01333205122500658
v -0.09848836064338684 0.13366931676864624 -0.013531852513551712
v -0.09727061539888382 0.1352001130580902 -0.012117638252675533
v -0.09727687388658524 0.13500040769577026 -0.012600000016391277
v -0.09728681296110153 0.13468272984027863 -0.013014213182032108
v -0.09729976952075958 0.13426871597766876 -0.01333205122500658
v -0.09731486439704895 0.13378658890724182 -0.013531852513551712
v -0.09574241191148758 0.13495004177093506 -0.012117638252675533
v -0.09580013900995255 0.13475877046585083 -0.012600000016391277
v -0.09589197486639023 0.13445447385311127 -0.013014213182032108
v -0.09601163864135742 0.1340579241514206 -0.01333205122500658
v -0.09615100175142288 0.13359613716602325 -0.013531852513551712
v -0.09433101117610931 0.1343129724264145 -0.012117638252675533
v -0.09443627297878265 0.1341431438922882 -0.012600000016391277
v -0.09460372477769852 0.13387300074100494 -0.013014213182032108
v -0.09482195973396301 0.1335209459066391 -0.01333205122500658
v -0.09507609158754349 0.13311097025871277 -0.013531852513551712
v -0.09313258528709412 0.13333231210708618 -0.012117638252675533
v -0.09327821433544159 0.13319551944732666 -0.012600000016391277
v -0.09350988268852234 0.1329779177904129 -0.013014213182032108
v -0.09381179511547089 0.1326943337917328 -0.01333205122500658
v -0.09416338056325912 0.13236410915851593 -0.013531852513551712
v -0.09308290481567383 0.13337896764278412 -0.009100000374019146
v -0.09429511427879333 0.13437090814113617 -0.009100000374019146
v -0.0957227349281311 0.13501527905464172 -0.009100000374019146
v -0.0972684845328331 0.1352682262659073 -0.009100000374019146
v -0.09882703423500061 0.135112464427948 -0.009100000374019146
v -0.10029216855764389 0.13455864787101746 -0.009100000374019146
v -0.10249528288841248 0.13337700068950653 -0.009100000374019146
v -0.104759082198143 0.13125064969062805 -0.009100000374019146
v -0.10376714915037155 0.13246284425258636 -0.009100000374019146
v -0.10376714915037155 0.13246284425258636 0.009100000374019146
v -0.104759082198143 0.13125064969062805 0.009100000374019146
v -0.10494539141654968 0.1309281289577484 -0.009100000374019146
v -0.10494539141654968 0.1309281289577484 0.009100000374019146
v -0.10466637462377548 0.13107778131961823 0.009100000374019146
v -0.10466637462377548 0.13107778131961823 -0.009100000374019146
v -0.058185335248708725 0.0657748132944107 -0.005600000265985727
v -0.057265471667051315 0.06514361500740051 -0.005600000265985727
v -0.050497885793447495 0.060948655009269714 -0.011599999852478504
v -0.050497885793447495 0.060948655009269714 -0.005600000265985727
v -0.05155159533023834 0.05924874171614647 -0.01360000018030405
v -0.051094405353069305 0.059986311942338943 -0.0134019386023283
v -0.05131712183356285 0.05962700769305229 -0.013549855910241604
v -0.05089461803436279 0.06030862033367157 -0.013163662515580654
v -0.05072776973247528 0.06057778745889664 -0.012846979312598705
v -0.05060223489999771 0.06078031286597252 -0.012467767111957073
v -0.050524305552244186 0.06090603396296501 -0.012045042589306831
v -0.05037303268909454 0.050828732550144196 -0.005600000265985727
v -0.05037303268909454 0.050828732550144196 -0.011599999852478504
v -0.049229562282562256 0.05180170387029648 -0.011599999852478504
v -0.049229562282562256 0.05180170387029648 -0.005600000265985727
v -0.048363447189331055 0.05302810296416283 -0.011599999852478504
v -0.048363447189331055 0.05302810296416283 -0.005600000265985727
v -0.047828927636146545 0.05443113297224045 -0.011599999852478504
v -0.047828927636146545 0.05443113297224045 -0.005600000265985727
v -0.04765946790575981 0.055922940373420715 -0.011599999852478504
v -0.04765946790575981 0.055922940373420715 -0.005600000265985727
v -0.04786567762494087 0.057410113513469696 -0.011599999852478504
v -0.04786567762494087 0.057410113513469696 -0.005600000265985727
v -0.048434652388095856 0.05879952758550644 -0.011599999852478504
v -0.048434652388095856 0.05879952758550644 -0.005600000265985727
v -0.049330759793519974 0.060004185885190964 -0.011599999852478504
v -0.049330759793519974 0.060004185885190964 -0.005600000265985727
v -0.05165700241923332 0.054351601749658585 -0.005600000265985727
v -0.05211275443434715 0.053884461522102356 -0.005600000265985727
v -0.05118461325764656 0.05620579048991203 -0.005600000265985727
v -0.051176562905311584 0.05555321276187897 -0.005600000265985727
v -0.05267388001084328 0.05355120077729225 -0.005600000265985727
v -0.05330214276909828 0.0533745214343071 -0.005600000265985727
v -0.05554180219769478 0.047445494681596756 -0.005600000265985727
v -0.05133768543601036 0.054920777678489685 -0.005600000265985727
v -0.051361292600631714 0.05683404952287674 -0.005600000265985727
v -0.055661022663116455 0.05734623968601227 -0.005600000265985727
v -0.055205266922712326 0.0578133761882782 -0.005600000265985727
v -0.05169455334544182 0.057395175099372864 -0.005600000265985727
v -0.0546441413462162 0.0581466406583786 -0.005600000265985727
v -0.05598033592104912 0.05677706375718117 -0.005600000265985727
v -0.05613340809941292 0.05549205094575882 -0.005600000265985727
v -0.05515632778406143 0.05384691432118416 -0.005600000265985727
v -0.05562346801161766 0.05430266261100769 -0.005600000265985727
v -0.05216168984770775 0.057850927114486694 -0.005600000265985727
v -0.05595673248171806 0.05486379191279411 -0.005600000265985727
v -0.05458715185523033 0.0535275936126709 -0.005600000265985727
v -0.05336329713463783 0.05833137035369873 -0.005600000265985727
v -0.05273086950182915 0.058170247822999954 -0.005600000265985727
v -0.054015882313251495 0.058323320001363754 -0.005600000265985727
v -0.05614146217703819 0.056144632399082184 -0.005600000265985727
v -0.053954724222421646 0.05336647108197212 -0.005600000265985727
v -0.05122462287545204 0.05212976038455963 -0.013549855910241604
v -0.05146835744380951 0.05250212550163269 -0.01360000018030405
v -0.05070604383945465 0.05315077677369118 -0.01360000018030405
v -0.05012863501906395 0.05396837368607521 -0.01360000018030405
v -0.049772292375564575 0.054903727024793625 -0.01360000018030405
v -0.04965931549668312 0.055898267775774 -0.01360000018030405
v -0.04979678988456726 0.056889716535806656 -0.01360000018030405
v -0.05017610639333725 0.05781599134206772 -0.01360000018030405
v -0.050773512572050095 0.058619096875190735 -0.01360000018030405
v -0.051186129450798035 0.05207095295190811 -0.013525261543691158
v -0.05099311098456383 0.05177606642246246 -0.0134019386023283
v -0.05092395097017288 0.05167040228843689 -0.013322587125003338
v -0.050785429775714874 0.051458779722452164 -0.013163662515580654
v -0.05069871246814728 0.051326293498277664 -0.01300532091408968
v -0.05061199516057968 0.05119381099939346 -0.012846979312598705
v -0.05052495747804642 0.051060840487480164 -0.012594053521752357
v -0.05048150196671486 0.05099444463849068 -0.012467767111957073
v -0.050413962453603745 0.05089126154780388 -0.01211533136665821
v -0.050400491803884506 0.050870683044195175 -0.012045042589306831
v -0.05045246705412865 0.05892731249332428 -0.013549855910241604
v -0.05014752224087715 0.05922006443142891 -0.0134019386023283
v -0.049873966723680496 0.05948268622159958 -0.013163662515580654
v -0.049473635852336884 0.059867020696401596 -0.012467767111957073
v -0.04936693236231804 0.059969462454319 -0.012045042589306831
v -0.04847831279039383 0.05877486988902092 -0.012045042589306831
v -0.04791409522294998 0.057397063821554184 -0.012045042589306831
v -0.04770960658788681 0.05592232197523117 -0.012045042589306831
v -0.04787765070796013 0.054442983120679855 -0.012045042589306831
v -0.04840770363807678 0.053051676601171494 -0.012045042589306831
v -0.04926657676696777 0.051835525780916214 -0.012045042589306831
v -0.04937577620148659 0.05193530395627022 -0.012467767111957073
v -0.04853825643658638 0.05312122032046318 -0.012467767111957073
v -0.048021379858255386 0.054477933794260025 -0.012467767111957073
v -0.047857511788606644 0.055920496582984924 -0.012467767111957073
v -0.04805692285299301 0.057358577847480774 -0.012467767111957073
v -0.04860711097717285 0.05870212987065315 -0.012467767111957073
v -0.049645520746707916 0.05970200523734093 -0.012846979312598705
v -0.04881458356976509 0.05858495086431503 -0.012846979312598705
v -0.048286985605955124 0.05729657784104347 -0.012846979312598705
v -0.04809577018022537 0.05591755732893944 -0.012846979312598705
v -0.048252906650304794 0.05453423783183098 -0.012846979312598705
v -0.04874855652451515 0.05323323979973793 -0.012846979312598705
v -0.04955168068408966 0.05209602788090706 -0.012846979312598705
v -0.04978547245264053 0.05230964347720146 -0.013163662515580654
v -0.04902805760502815 0.05338212475180626 -0.013163662515580654
v -0.048560623079538345 0.05460907146334648 -0.013163662515580654
v -0.04841243103146553 0.05591364949941635 -0.013163662515580654
v -0.048592761158943176 0.05721418187022209 -0.013163662515580654
v -0.04909032583236694 0.05842922255396843 -0.013163662515580654
v -0.049420516937971115 0.058242734521627426 -0.0134019386023283
v -0.0489589124917984 0.05711550638079643 -0.0134019386023283
v -0.048791613429784775 0.05590897426009178 -0.0134019386023283
v -0.04892909526824951 0.054698675870895386 -0.0134019386023283
v -0.049362752586603165 0.05356040596961975 -0.0134019386023283
v -0.05006542056798935 0.05256543681025505 -0.0134019386023283
v -0.049788594245910645 0.058034852147102356 -0.013549855910241604
v -0.04936707764863968 0.057005513459444046 -0.013549855910241604
v -0.049214307218790054 0.05590376257896423 -0.013549855910241604
v -0.04933984950184822 0.054798565804958344 -0.013549855910241604
v -0.049735844135284424 0.053759146481752396 -0.013549855910241604
v -0.0503774955868721 0.05285057798027992 -0.013549855910241604
v -0.05955185368657112 0.046592384576797485 -0.013531852513551712
v -0.059835344552993774 0.047025490552186966 -0.01360000018030405
v -0.05928768217563629 0.04618879407644272 -0.01333205122500658
v -0.05906083062291145 0.04584222286939621 -0.013014213182032108
v -0.05888676270842552 0.04557628557085991 -0.012600000016391277
v -0.0587773397564888 0.04540911316871643 -0.012117638252675533
v -0.05874001607298851 0.04535209387540817 -0.011599999852478504
v -0.06138111650943756 0.04590091481804848 -0.013531852513551712
v -0.06145500764250755 0.046413250267505646 -0.01360000018030405
v -0.060611650347709656 0.046630680561065674 -0.01360000018030405
v -0.06131226196885109 0.045423492789268494 -0.01333205122500658
v -0.0612531341612339 0.04501352086663246 -0.013014213182032108
v -0.061207763850688934 0.044698942452669144 -0.012600000016391277
v -0.06117924302816391 0.044501181691884995 -0.012117638252675533
v -0.06116951256990433 0.04443373158574104 -0.011599999852478504
v -0.05990448221564293 0.044759877026081085 -0.011599999852478504
v -0.05992857366800308 0.044823624193668365 -0.012117638252675533
v -0.059999220073223114 0.0450105220079422 -0.012600000016391277
v -0.06011160463094711 0.04530782252550125 -0.013014213182032108
v -0.06025806441903114 0.04569528251886368 -0.01333205122500658
v -0.06042862311005592 0.04614648222923279 -0.013531852513551712
v -0.05874001607298851 0.04535209387540817 -0.005499999970197678
v -0.05554180219769478 0.047445494681596756 -0.005499999970197678
v -0.06116951256990433 0.04443373158574104 -0.005499999970197678
v -0.05990448221564293 0.044759877026081085 -0.005499999970197678
v -0.0636439099907875 0.044076863676309586 -0.005499999970197678
v -0.06630536913871765 0.0442933514714241 0.005499999970197678
v -0.06498683989048004 0.0440351702272892 0.005499999970197678
v -0.06498683989048004 0.0440351702272892 -0.005499999970197678
v -0.06630536913871765 0.0442933514714241 -0.005499999970197678
v -0.06706932187080383 0.04459318146109581 0.005499999970197678
v -0.06706932187080383 0.04459318146109581 -0.005499999970197678
v -0.06675593554973602 0.04463838040828705 -0.005499999970197678
v -0.06675593554973602 0.04463838040828705 0.005499999970197678
v -0.0546441413462162 0.0581466406583786 -0.01140000019222498
v -0.054015882313251495 0.058323320001363754 -0.01140000019222498
v -0.055205266922712326 0.0578133761882782 -0.01140000019222498
v -0.055661022663116455 0.05734623968601227 -0.01140000019222498
v -0.05598033592104912 0.05677706375718117 -0.01140000019222498
v -0.05614146217703819 0.056144632399082184 -0.01140000019222498
v -0.05613340809941292 0.05549205094575882 -0.01140000019222498
v -0.05595673248171806 0.05486379191279411 -0.01140000019222498
v -0.05562346801161766 0.05430266261100769 -0.01140000019222498
v -0.05515632778406143 0.05384691432118416 -0.01140000019222498
v -0.05458715185523033 0.0535275936126709 -0.01140000019222498
v -0.053954724222421646 0.05336647108197212 -0.01140000019222498
v -0.05365901067852974 0.05334892123937607 -0.01140000019222498
v -0.05330214276909828 0.0533745214343071 -0.01140000019222498
v -0.05267388001084328 0.05355120077729225 -0.01140000019222498
v -0.05211275443434715 0.053884461522102356 -0.01140000019222498
v -0.05165700241923332 0.054351601749658585 -0.01140000019222498
v -0.05133768543601036 0.054920777678489685 -0.01140000019222498
v -0.051176562905311584 0.05555321276187897 -0.01140000019222498
v -0.05118461325764656 0.05620579048991203 -0.01140000019222498
v -0.051361292600631714 0.05683404952287674 -0.01140000019222498
v -0.05169455334544182 0.057395175099372864 -0.01140000019222498
v -0.05216168984770775 0.057850927114486694 -0.01140000019222498
v -0.05273086950182915 0.058170247822999954 -0.01140000019222498
v -0.05336329713463783 0.05833137035369873 -0.01140000019222498
v -0.05323076620697975 0.05287964269518852 -0.01140000019222498
v -0.05365901067852974 0.05284892022609711 -0.01140000019222498
v -0.05125660076737404 0.05405213683843613 -0.01140000019222498
v -0.051803503185510635 0.05349157005548477 -0.01140000019222498
v -0.05401386693120003 0.05286998301744461 -0.01140000019222498
v -0.050873417407274246 0.054735150188207626 -0.01140000019222498
v -0.052476853132247925 0.05309165641665459 -0.01140000019222498
v -0.05477278307080269 0.05306333303451538 -0.01140000019222498
v -0.05545579269528389 0.053446512669324875 -0.01140000019222498
v -0.056016359478235245 0.05399341136217117 -0.01140000019222498
v -0.05090174451470375 0.05703107640147209 -0.01140000019222498
v -0.050689730793237686 0.056277163326740265 -0.01140000019222498
v -0.05641627311706543 0.05466676503419876 -0.01140000019222498
v -0.056628286838531494 0.05542067810893059 -0.01140000019222498
v -0.05606142058968544 0.057645704597234726 -0.01140000019222498
v -0.05551452189683914 0.05820626765489578 -0.01140000019222498
v -0.051301661878824234 0.05770442634820938 -0.01140000019222498
v -0.050680071115493774 0.05549406632781029 -0.01140000019222498
v -0.056637950241565704 0.056203775107860565 -0.01140000019222498
v -0.056444600224494934 0.056962691247463226 -0.01140000019222498
v -0.054841164499521255 0.058606185019016266 -0.01140000019222498
v -0.05408725142478943 0.05881820246577263 -0.01140000019222498
v -0.05186222493648529 0.058251332491636276 -0.01140000019222498
v -0.05330415442585945 0.05882786214351654 -0.01140000019222498
v -0.05254524201154709 0.05863451212644577 -0.01140000019222498
v -0.054841164499521255 0.058606185019016266 -0.01360000018030405
v -0.05408725142478943 0.05881820246577263 -0.01360000018030405
v -0.05551452189683914 0.05820626765489578 -0.01360000018030405
v -0.05606142058968544 0.057645704597234726 -0.01360000018030405
v -0.056444600224494934 0.056962691247463226 -0.01360000018030405
v -0.056637950241565704 0.056203775107860565 -0.01360000018030405
v -0.056628286838531494 0.05542067810893059 -0.01360000018030405
v -0.05641627311706543 0.05466676503419876 -0.01360000018030405
v -0.056016359478235245 0.05399341136217117 -0.01360000018030405
v -0.05545579269528389 0.053446512669324875 -0.01360000018030405
v -0.05477278307080269 0.05306333303451538 -0.01360000018030405
v -0.05401386693120003 0.05286998301744461 -0.01360000018030405
v -0.05323076620697975 0.05287964269518852 -0.01360000018030405
v -0.052476853132247925 0.05309165641665459 -0.01360000018030405
v -0.051803503185510635 0.05349157005548477 -0.01360000018030405
v -0.05125660076737404 0.05405213683843613 -0.01360000018030405
v -0.050873417407274246 0.054735150188207626 -0.01360000018030405
v -0.050680071115493774 0.05549406632781029 -0.01360000018030405
v -0.050689730793237686 0.056277163326740265 -0.01360000018030405
v -0.05090174451470375 0.05703107640147209 -0.01360000018030405
v -0.051301661878824234 0.05770442634820938 -0.01360000018030405
v -0.05186222493648529 0.058251332491636276 -0.01360000018030405
v -0.05254524201154709 0.05863451212644577 -0.01360000018030405
v -0.05330415442585945 0.05882786214351654 -0.01360000018030405
v -0.09635288268327713 0.12669771909713745 -0.01360000018030405
v -0.06388150155544281 0.052729636430740356 -0.01360000018030405
v -0.059623587876558304 0.0485755018889904 -0.01360000018030405
v -0.06238085404038429 0.047393348067998886 -0.01360000018030405
v -0.062025997787714005 0.04737228527665138 -0.01360000018030405
v -0.06320815533399582 0.05312955006957054 -0.01360000018030405
v -0.06245424225926399 0.053341563791036606 -0.01360000018030405
v -0.0601704902946949 0.048014942556619644 -0.01360000018030405
v -0.097056545317173 0.12649983167648315 -0.01360000018030405
v -0.09572441875934601 0.12707096338272095 -0.01360000018030405
v -0.061671141535043716 0.053351227194070816 -0.01360000018030405
v -0.10005611181259155 0.13031068444252014 -0.01360000018030405
v -0.10023657232522964 0.1296023577451706 -0.01360000018030405
v -0.09969848394393921 0.13094815611839294 -0.01360000018030405
v -0.09918804466724396 0.13147135078907013 -0.01360000018030405
v -0.06084384024143219 0.04761502146720886 -0.01360000018030405
v -0.061597757041454315 0.0474030077457428 -0.01360000018030405
v -0.06313977390527725 0.04758669435977936 -0.01360000018030405
v -0.09485634416341782 0.12823164463043213 -0.01360000018030405
v -0.09521397948265076 0.12759415805339813 -0.01360000018030405
v -0.06382278352975845 0.04796987771987915 -0.01360000018030405
v -0.0596686527132988 0.052227795124053955 -0.01360000018030405
v -0.059268731623888016 0.05155444145202637 -0.01360000018030405
v -0.05904706194996834 0.05001743137836456 -0.01360000018030405
v -0.05905672162771225 0.05080053210258484 -0.01360000018030405
v -0.05924041196703911 0.0492585152387619 -0.01360000018030405
v -0.09525604546070099 0.13100296258926392 -0.01360000018030405
v -0.0948827788233757 0.1303745061159134 -0.01360000018030405
v -0.09467588365077972 0.12893995642662048 -0.01360000018030405
v -0.0648115947842598 0.0514860562980175 -0.01360000018030405
v -0.09778742492198944 0.12649081647396088 -0.01360000018030405
v -0.10022756457328796 0.12887147068977356 -0.01360000018030405
v -0.10002968460321426 0.12816782295703888 -0.01360000018030405
v -0.06438334286212921 0.04851678013801575 -0.01360000018030405
v -0.0647832602262497 0.049190130084753036 -0.01360000018030405
v -0.06091223284602165 0.053157877177000046 -0.01360000018030405
v -0.060229215770959854 0.05277469754219055 -0.01360000018030405
v -0.094684898853302 0.1296708583831787 -0.01360000018030405
v -0.0644284039735794 0.052169069647789 -0.01360000018030405
v -0.09913322329521179 0.1270289123058319 -0.01360000018030405
v -0.09849574416875839 0.12667126953601837 -0.01360000018030405
v -0.09965642541646957 0.12753935158252716 -0.01360000018030405
v -0.09641671180725098 0.1318710446357727 -0.01360000018030405
v -0.09577923268079758 0.13151341676712036 -0.01360000018030405
v -0.06499527394771576 0.04994404315948486 -0.01360000018030405
v -0.09785592555999756 0.13204248249530792 -0.01360000018030405
v -0.09855957329273224 0.13184460997581482 -0.01360000018030405
v -0.06500494480133057 0.05072714388370514 -0.01360000018030405
v -0.09712503105401993 0.1320514976978302 -0.01360000018030405
v -0.06238085404038429 0.047393348067998886 -0.01140000019222498
v -0.062025997787714005 0.04737228527665138 -0.01140000019222498
v -0.061597757041454315 0.0474030077457428 -0.01140000019222498
v -0.06313977390527725 0.04758669435977936 -0.01140000019222498
v -0.06382278352975845 0.04796987771987915 -0.01140000019222498
v -0.06438334286212921 0.04851678013801575 -0.01140000019222498
v -0.0647832602262497 0.049190130084753036 -0.01140000019222498
v -0.06499527394771576 0.04994404315948486 -0.01140000019222498
v -0.06500494480133057 0.05072714388370514 -0.01140000019222498
v -0.0648115947842598 0.0514860562980175 -0.01140000019222498
v -0.0644284039735794 0.052169069647789 -0.01140000019222498
v -0.06388150155544281 0.052729636430740356 -0.01140000019222498
v -0.06320815533399582 0.05312955006957054 -0.01140000019222498
v -0.06245424225926399 0.053341563791036606 -0.01140000019222498
v -0.061671141535043716 0.053351227194070816 -0.01140000019222498
v -0.06091223284602165 0.053157877177000046 -0.01140000019222498
v -0.060229215770959854 0.05277469754219055 -0.01140000019222498
v -0.0596686527132988 0.052227795124053955 -0.01140000019222498
v -0.059268731623888016 0.05155444145202637 -0.01140000019222498
v -0.05905672162771225 0.05080053210258484 -0.01140000019222498
v -0.05904706194996834 0.05001743137836456 -0.01140000019222498
v -0.05924041196703911 0.0492585152387619 -0.01140000019222498
v -0.059623587876558304 0.0485755018889904 -0.01140000019222498
v -0.0601704902946949 0.048014942556619644 -0.01140000019222498
v -0.06084384024143219 0.04761502146720886 -0.01140000019222498
v -0.06121436506509781 0.049110837280750275 -0.01140000019222498
v -0.06156850978732109 0.04894375428557396 -0.01140000019222498
v -0.06091553345322609 0.0493638850748539 -0.01140000019222498
v -0.06056010723114014 0.050054214894771576 -0.01140000019222498
v -0.060692381113767624 0.049685653299093246 -0.01140000019222498
v -0.0619538314640522 0.04887402430176735 -0.01140000019222498
v -0.06234406679868698 0.04890639707446098 -0.01140000019222498
v -0.06271263211965561 0.04903866723179817 -0.01140000019222498
v -0.0605277344584465 0.050444453954696655 -0.01140000019222498
v -0.06303440034389496 0.049261823296546936 -0.01140000019222498
v -0.06328744441270828 0.049560654908418655 -0.01140000019222498
v -0.0634545311331749 0.04991479963064194 -0.01140000019222498
v -0.0635242611169815 0.05030011758208275 -0.01140000019222498
v -0.061707932502031326 0.05183817446231842 -0.01140000019222498
v -0.0613393671810627 0.05170590430498123 -0.01140000019222498
v -0.06101759523153305 0.051482751965522766 -0.01140000019222498
v -0.06076454743742943 0.05118391662836075 -0.01140000019222498
v -0.06349188834428787 0.05069035664200783 -0.01140000019222498
v -0.06335961818695068 0.051058921962976456 -0.01140000019222498
v -0.06313645839691162 0.05138068646192551 -0.01140000019222498
v -0.0628376305103302 0.05163373798131943 -0.01140000019222498
v -0.06248348578810692 0.05180082097649574 -0.01140000019222498
v -0.06209816411137581 0.05187055096030235 -0.01140000019222498
v -0.06059746444225311 0.050829775631427765 -0.01140000019222498
v -0.09716052561998367 0.131753608584404 -0.013300000689923763
v -0.0965280830860138 0.13159248232841492 -0.013300000689923763
v -0.09595891088247299 0.13127318024635315 -0.013300000689923763
v -0.09549177438020706 0.13081741333007812 -0.013300000689923763
v -0.09515850991010666 0.1302563101053238 -0.013300000689923763
v -0.0949818342924118 0.1296280324459076 -0.013300000689923763
v -0.09497378021478653 0.12897545099258423 -0.013300000689923763
v -0.09513489902019501 0.12834301590919495 -0.013300000689923763
v -0.09545422345399857 0.12777383625507355 -0.013300000689923763
v -0.0959099754691124 0.12730669975280762 -0.013300000689923763
v -0.09647110104560852 0.1269734501838684 -0.013300000689923763
v -0.09709936380386353 0.12679676711559296 -0.013300000689923763
v -0.09775194525718689 0.12678870558738708 -0.013300000689923763
v -0.09838437288999557 0.12694983184337616 -0.013300000689923763
v -0.09895354509353638 0.12726914882659912 -0.013300000689923763
v -0.09942068159580231 0.12772490084171295 -0.013300000689923763
v -0.09975394606590271 0.12828603386878967 -0.013300000689923763
v -0.09993062913417816 0.12891429662704468 -0.013300000689923763
v -0.09993867576122284 0.12956687808036804 -0.013300000689923763
v -0.09977756440639496 0.13019929826259613 -0.013300000689923763
v -0.0994582325220108 0.13076847791671753 -0.013300000689923763
v -0.09900248050689697 0.13123561441898346 -0.013300000689923763
v -0.09844135493040085 0.13156887888908386 -0.013300000689923763
v -0.09781309962272644 0.13174556195735931 -0.013300000689923763
v -0.09745622426271439 0.12927116453647614 -0.013300000689923763
v -0.06042785197496414 0.05044926702976227 -0.011500000022351742
v -0.06050223112106323 0.05086027458310127 -0.011500000022351742
v -0.06068045273423195 0.05123802646994591 -0.011500000022351742
v -0.060950372368097305 0.0515567809343338 -0.011500000022351742
v -0.0612935908138752 0.051794812083244324 -0.011500000022351742
v -0.06168672442436218 0.05193590372800827 -0.011500000022351742
v -0.06210297718644142 0.051970433443784714 -0.011500000022351742
v -0.06251398473978043 0.05189605429768562 -0.011500000022351742
v -0.06289174407720566 0.05171783268451691 -0.011500000022351742
v -0.06321049481630325 0.05144791677594185 -0.011500000022351742
v -0.06344852596521378 0.05110469460487366 -0.011500000022351742
v -0.06358961015939713 0.05071156099438667 -0.011500000022351742
v -0.06362414360046387 0.05029531195759773 -0.011500000022351742
v -0.06354976445436478 0.04988430067896843 -0.011500000022351742
v -0.06337155401706696 0.04950655251741409 -0.011500000022351742
v -0.0631016343832016 0.0491877943277359 -0.011500000022351742
v -0.06275840848684311 0.04894975945353508 -0.011500000022351742
v -0.062365271151065826 0.04880867153406143 -0.011500000022351742
v -0.061949022114276886 0.04877413809299469 -0.011500000022351742
v -0.06153801083564758 0.04884851723909378 -0.011500000022351742
v -0.061160262674093246 0.049026742577552795 -0.011500000022351742
v -0.060841504484415054 0.04929666221141815 -0.011500000022351742
v -0.06060347333550453 0.049639880657196045 -0.011500000022351742
v -0.060462381690740585 0.05003301054239273 -0.011500000022351742
v -0.06059421971440315 0.050830814987421036 -0.011425882577896118
v -0.06076168268918991 0.05118576064705849 -0.011425882577896118
v -0.061015304177999496 0.051485270261764526 -0.011425882577896118
v -0.06133780628442764 0.05170893296599388 -0.011425882577896118
v -0.061707206070423126 0.051841504871845245 -0.011425882577896118
v -0.06209832802414894 0.05187395215034485 -0.011425882577896118
v -0.06248452514410019 0.0518040657043457 -0.011425882577896118
v -0.06283947080373764 0.051636602729558945 -0.011425882577896118
v -0.06313898414373398 0.05138297751545906 -0.011425882577896118
v -0.06336264312267303 0.05106048285961151 -0.011425882577896118
v -0.0634952187538147 0.05069107934832573 -0.011425882577896118
v -0.0635276660323143 0.050299953669309616 -0.011425882577896118
v -0.06345777213573456 0.049913760274648666 -0.011425882577896118
v -0.0632903128862381 0.04955881088972092 -0.011425882577896118
v -0.06303669512271881 0.04925930127501488 -0.011425882577896118
v -0.06271418929100037 0.04903564229607582 -0.011425882577896118
v -0.06234479323029518 0.04890306666493416 -0.011425882577896118
v -0.06195366755127907 0.048870619386434555 -0.011425882577896118
v -0.06156747043132782 0.048940509557724 -0.011425882577896118
v -0.06121252477169037 0.04910797253251076 -0.011425882577896118
v -0.06091301143169403 0.04936159402132034 -0.011425882577896118
v -0.060689352452754974 0.04968409612774849 -0.011425882577896118
v -0.06055677682161331 0.05005349591374397 -0.011425882577896118
v -0.06052432954311371 0.05044461786746979 -0.011425882577896118
v -0.06058470532298088 0.05083386227488518 -0.01145000010728836
v -0.06075328215956688 0.051191166043281555 -0.01145000010728836
v -0.06100859120488167 0.05149267241358757 -0.01145000010728836
v -0.06133323162794113 0.05171781778335571 -0.01145000010728836
v -0.0617050863802433 0.05185127258300781 -0.01145000010728836
v -0.06209881231188774 0.05188393220305443 -0.01145000010728836
v -0.06248757243156433 0.051813580095767975 -0.01145000010728836
v -0.06284487992525101 0.051645003259181976 -0.01145000010728836
v -0.06314637511968613 0.05138969421386719 -0.01145000010728836
v -0.06337152421474457 0.051065050065517426 -0.01145000010728836
v -0.06350497901439667 0.05069320276379585 -0.01145000010728836
v -0.06353764235973358 0.050299473106861115 -0.01145000010728836
v -0.06346729397773743 0.049910712987184525 -0.01145000010728836
v -0.06329872459173203 0.04955340549349785 -0.01145000010728836
v -0.06304340809583664 0.04925190657377243 -0.01145000010728836
v -0.06271876394748688 0.04902675747871399 -0.01145000010728836
v -0.062346912920475006 0.04889330640435219 -0.01145000010728836
v -0.06195318326354027 0.048860643059015274 -0.01145000010728836
v -0.06156442314386368 0.04893099516630173 -0.01145000010728836
v -0.0612071231007576 0.049099572002887726 -0.01145000010728836
v -0.060905616730451584 0.049354877322912216 -0.01145000010728836
v -0.06068046763539314 0.04967952147126198 -0.01145000010728836
v -0.06054701656103134 0.05005137622356415 -0.01145000010728836
v -0.06051435321569443 0.05044510215520859 -0.01145000010728836
v -0.06056957319378853 0.050838712602853775 -0.01147071085870266
v -0.060739915817976 0.051199764013290405 -0.01147071085870266
v -0.06099790707230568 0.051504433155059814 -0.01147071085870266
v -0.061325959861278534 0.05173194408416748 -0.01147071085870266
v -0.06170171499252319 0.0518667995929718 -0.01147071085870266
v -0.062099575996398926 0.051899805665016174 -0.01147071085870266
v -0.06249242275953293 0.05182871222496033 -0.01147071085870266
v -0.06285347789525986 0.05165836960077286 -0.01147071085870266
v -0.06315813958644867 0.051400382071733475 -0.01147071085870266
v -0.06338565796613693 0.05107232555747032 -0.01147071085870266
v -0.06352051347494125 0.050696566700935364 -0.01147071085870266
v -0.06355351954698563 0.05029870942234993 -0.01147071085870266
v -0.06348242610692978 0.049905866384506226 -0.01147071085870266
v -0.06331207603216171 0.049544807523489 -0.01147071085870266
v -0.06305409222841263 0.04924014210700989 -0.01147071085870266
v -0.06272603571414948 0.04901262745261192 -0.01147071085870266
v -0.06235027685761452 0.0488777756690979 -0.01147071085870266
v -0.06195241957902908 0.04884476959705353 -0.01147071085870266
v -0.06155957654118538 0.04891585931181908 -0.01147071085870266
v -0.06119851768016815 0.049086205661296844 -0.01147071085870266
v -0.06089385226368904 0.049344196915626526 -0.01147071085870266
v -0.06066633760929108 0.04967224597930908 -0.01147071085870266
v -0.060531485825777054 0.05004800483584404 -0.01147071085870266
v -0.06049847975373268 0.050445862114429474 -0.01147071085870266
v -0.06054984778165817 0.05084502324461937 -0.011486602947115898
v -0.06072250008583069 0.05121097341179848 -0.011486602947115898
v -0.06098398193717003 0.051519762724637985 -0.011486602947115898
v -0.06131648272275925 0.051750361919403076 -0.011486602947115898
v -0.061697326600551605 0.051887042820453644 -0.011486602947115898
v -0.062100570648908615 0.05192049220204353 -0.011486602947115898
v -0.06249873340129852 0.05184843763709068 -0.011486602947115898
v -0.06286468356847763 0.05167578533291817 -0.011486602947115898
v -0.06317347288131714 0.05141429975628853 -0.011486602947115898
v -0.06340406835079193 0.05108180642127991 -0.011486602947115898
v -0.0635407492518425 0.05070096254348755 -0.011486602947115898
v -0.06357420235872269 0.05029771476984024 -0.011486602947115898
v -0.06350214779376984 0.04989955201745033 -0.011486602947115898
v -0.06332949548959732 0.049533601850271225 -0.011486602947115898
v -0.06306800991296768 0.04922481253743172 -0.011486602947115898
v -0.06273552030324936 0.048994213342666626 -0.011486602947115898
v -0.0623546727001667 0.04885753616690636 -0.011486602947115898
v -0.061951424926519394 0.04882408306002617 -0.011486602947115898
v -0.061553262174129486 0.04889613762497902 -0.011486602947115898
v -0.06118731200695038 0.049068789929151535 -0.011486602947115898
v -0.06087852269411087 0.049330271780490875 -0.011486602947115898
v -0.06064792722463608 0.049662765115499496 -0.011486602947115898
v -0.06051124632358551 0.05004361271858215 -0.011486602947115898
v -0.06047779321670532 0.05044686049222946 -0.011486602947115898
v -0.060526877641677856 0.05085238069295883 -0.011496592313051224
v -0.06070221588015556 0.05122402310371399 -0.011496592313051224
v -0.06096777319908142 0.05153761804103851 -0.011496592313051224
v -0.06130543723702431 0.051771800965070724 -0.011496592313051224
v -0.06169221177697182 0.05191061273217201 -0.011496592313051224
v -0.062101732939481735 0.051944583654403687 -0.011496592313051224
v -0.06250609457492828 0.051871407777071 -0.011496592313051224
v -0.06287772953510284 0.051696065813302994 -0.011496592313051224
v -0.06319133192300797 0.05143051594495773 -0.011496592313051224
v -0.06342551112174988 0.05109285190701485 -0.011496592313051224
v -0.06356432288885117 0.05070607364177704 -0.011496592313051224
v -0.06359829008579254 0.05029655247926712 -0.011496592313051224
v -0.06352511793375015 0.04989219456911087 -0.011496592313051224
v -0.06334977596998215 0.04952055215835571 -0.011496592313051224
v -0.06308422982692719 0.04920695349574089 -0.011496592313051224
v -0.0627465546131134 0.04897277057170868 -0.011496592313051224
v -0.06235978379845619 0.04883396625518799 -0.011496592313051224
v -0.061950262635946274 0.048799991607666016 -0.011496592313051224
v -0.061545904725790024 0.0488731674849987 -0.011496592313051224
v -0.061174262315034866 0.04904850572347641 -0.011496592313051224
v -0.060860663652420044 0.04931405931711197 -0.011496592313051224
v -0.06062648445367813 0.049651727080345154 -0.011496592313051224
v -0.06048767641186714 0.050038501620292664 -0.011496592313051224
v -0.06045370176434517 0.05044802278280258 -0.011496592313051224
v -0.06447096168994904 0.05163111165165901 -0.011500000022351742
v -0.06471346318721771 0.05095541477203369 -0.011500000022351742
v -0.06215830519795418 0.053119100630283356 -0.011500000022351742
v -0.06286472827196121 0.05299126356840134 -0.011500000022351742
v -0.06406184285879135 0.05222102254629135 -0.011500000022351742
v -0.06477281451225281 0.05023998022079468 -0.011500000022351742
v -0.060767173767089844 0.05281725153326988 -0.011500000022351742
v -0.061442870646715164 0.05305975303053856 -0.011500000022351742
v -0.06351399421691895 0.05268494412302971 -0.011500000022351742
v -0.06433865427970886 0.048884302377700806 -0.011500000022351742
v -0.0638747438788414 0.048336442559957504 -0.011500000022351742
v -0.05940702185034752 0.05121101438999176 -0.011500000022351742
v -0.05971334129571915 0.051860276609659195 -0.011500000022351742
v -0.060177262872457504 0.0524081327021122 -0.011500000022351742
v -0.06464496999979019 0.04953356087207794 -0.011500000022351742
v -0.06328482180833817 0.04792732000350952 -0.011500000022351742
v -0.06260912865400314 0.04768482223153114 -0.011500000022351742
v -0.059581030160188675 0.04911345988512039 -0.011500000022351742
v -0.0593385323882103 0.04978915676474571 -0.011500000022351742
v -0.0592791810631752 0.050504595041275024 -0.011500000022351742
v -0.06189369037747383 0.04762547090649605 -0.011500000022351742
v -0.061187271028757095 0.047753311693668365 -0.011500000022351742
v -0.06053801253437996 0.048059627413749695 -0.011500000022351742
v -0.05999015271663666 0.04852355271577835 -0.011500000022351742
v -0.06477281451225281 0.05023998022079468 -0.013199999928474426
v -0.06471346318721771 0.05095541477203369 -0.013199999928474426
v -0.06447096168994904 0.05163111165165901 -0.013199999928474426
v -0.06406184285879135 0.05222102254629135 -0.013199999928474426
v -0.06351399421691895 0.05268494412302971 -0.013199999928474426
v -0.06286472827196121 0.05299126356840134 -0.013199999928474426
v -0.06215830519795418 0.053119100630283356 -0.013199999928474426
v -0.061442870646715164 0.05305975303053856 -0.013199999928474426
v -0.060767173767089844 0.05281725153326988 -0.013199999928474426
v -0.060177262872457504 0.0524081327021122 -0.013199999928474426
v -0.05971334129571915 0.051860276609659195 -0.013199999928474426
v -0.05940702185034752 0.05121101438999176 -0.013199999928474426
v -0.0592791810631752 0.050504595041275024 -0.013199999928474426
v -0.0593385323882103 0.04978915676474571 -0.013199999928474426
v -0.059581030160188675 0.04911345988512039 -0.013199999928474426
v -0.05999015271663666 0.04852355271577835 -0.013199999928474426
v -0.06053801253437996 0.048059627413749695 -0.013199999928474426
v -0.061187271028757095 0.047753311693668365 -0.013199999928474426
v -0.06189369037747383 0.04762547090649605 -0.013199999928474426
v -0.06260912865400314 0.04768482223153114 -0.013199999928474426
v -0.06328482180833817 0.04792732000350952 -0.013199999928474426
v -0.0638747438788414 0.048336442559957504 -0.013199999928474426
v -0.06433865427970886 0.048884302377700806 -0.013199999928474426
v -0.06464496999979019 0.04953356087207794 -0.013199999928474426
v -0.06447315961122513 0.05025441199541092 -0.013500000350177288
v -0.06442028284072876 0.050891801714897156 -0.013500000350177288
v -0.06420423835515976 0.05149378627538681 -0.013500000350177288
v -0.06383975595235825 0.05201934278011322 -0.013500000350177288
v -0.06335166096687317 0.05243265628814697 -0.013500000350177288
v -0.06277322769165039 0.0527055561542511 -0.013500000350177288
v -0.062143873423337936 0.052819449454545975 -0.013500000350177288
v -0.0615064837038517 0.052766572684049606 -0.013500000350177288
v -0.060904502868652344 0.052550531923770905 -0.013500000350177288
v -0.060378942638635635 0.052186042070388794 -0.013500000350177288
v -0.05996563285589218 0.051697950810194016 -0.013500000350177288
v -0.059692732989788055 0.05111951753497124 -0.013500000350177288
v -0.05957883596420288 0.050490159541368484 -0.013500000350177288
v -0.05963171273469925 0.049852773547172546 -0.013500000350177288
v -0.05984775349497795 0.04925079271197319 -0.013500000350177288
v -0.06021224334836006 0.04872523248195648 -0.013500000350177288
v -0.06070033460855484 0.04831192269921303 -0.013500000350177288
v -0.06127876788377762 0.048039015382528305 -0.013500000350177288
v -0.06190812215209007 0.04792512580752373 -0.013500000350177288
v -0.06254551559686661 0.047978002578020096 -0.013500000350177288
v -0.06314750015735626 0.0481940433382988 -0.013500000350177288
v -0.06367306411266327 0.04855853319168091 -0.013500000350177288
v -0.06408636271953583 0.04904662445187569 -0.013500000350177288
v -0.06435927003622055 0.049625057727098465 -0.013500000350177288
v -0.06449617445468903 0.05090826749801636 -0.013489778153598309
v -0.06427327543497086 0.051529332995414734 -0.013489778153598309
v -0.06389724463224411 0.05207154154777527 -0.013489778153598309
v -0.06339367479085922 0.05249795317649841 -0.013489778153598309
v -0.06279690563678741 0.05277950316667557 -0.013489778153598309
v -0.062147606164216995 0.05289700627326965 -0.013489778153598309
v -0.0614900179207325 0.05284245312213898 -0.013489778153598309
v -0.06086895614862442 0.052619561553001404 -0.013489778153598309
v -0.06032674387097359 0.05224352329969406 -0.013489778153598309
v -0.05990033224225044 0.05173996463418007 -0.013489778153598309
v -0.05961878225207329 0.05114320293068886 -0.013489778153598309
v -0.0595012828707695 0.05049389600753784 -0.013489778153598309
v -0.05955583229660988 0.049836307764053345 -0.013489778153598309
v -0.05977872386574745 0.04921524599194527 -0.013489778153598309
v -0.060154762119054794 0.048673033714294434 -0.013489778153598309
v -0.06065832078456879 0.04824662208557129 -0.013489778153598309
v -0.061255086213350296 0.047965072095394135 -0.013489778153598309
v -0.06190439313650131 0.04784757271409035 -0.013489778153598309
v -0.06256197392940521 0.047902122139930725 -0.013489778153598309
v -0.06318303942680359 0.048125009983778 -0.013489778153598309
v -0.06372525542974472 0.04850105196237564 -0.013489778153598309
v -0.06415165960788727 0.04900461062788963 -0.013489778153598309
v -0.06443322449922562 0.04960137605667114 -0.013489778153598309
v -0.06455071270465851 0.05025067552924156 -0.013489778153598309
v -0.06456687301397324 0.05092361196875572 -0.013459807261824608
v -0.0643376037478447 0.05156245082616806 -0.013459807261824608
v -0.0639507994055748 0.052120182663202286 -0.013459807261824608
v -0.06343283504247665 0.05255880206823349 -0.013459807261824608
v -0.0628189742565155 0.05284840986132622 -0.013459807261824608
v -0.062151093035936356 0.052969276905059814 -0.013459807261824608
v -0.06147467717528343 0.05291316285729408 -0.013459807261824608
v -0.060835834592580795 0.052683889865875244 -0.013459807261824608
v -0.06027810275554657 0.052297092974185944 -0.013459807261824608
v -0.059839483350515366 0.051779113709926605 -0.013459807261824608
v -0.05954987555742264 0.05116526409983635 -0.013459807261824608
v -0.05942901223897934 0.0504973828792572 -0.013459807261824608
v -0.05948512256145477 0.04982096701860428 -0.013459807261824608
v -0.05971439182758331 0.04918212443590164 -0.013459807261824608
v -0.06010119616985321 0.048624392598867416 -0.013459807261824608
v -0.06061917170882225 0.04818577319383621 -0.013459807261824608
v -0.06123301759362221 0.047896165400743484 -0.013459807261824608
v -0.06190090626478195 0.047775302082300186 -0.013459807261824608
v -0.06257732212543488 0.04783141240477562 -0.013459807261824608
v -0.06321616470813751 0.04806068167090416 -0.013459807261824608
v -0.06377389281988144 0.04844748601317406 -0.013459807261824608
v -0.06421250849962234 0.0489654615521431 -0.013459807261824608
v -0.06450212001800537 0.049579307436943054 -0.013459807261824608
v -0.06462298333644867 0.0502471961081028 -0.013459807261824608
v -0.06462758779525757 0.05093678459525108 -0.013412131927907467
v -0.06439284235239029 0.05159088969230652 -0.013412131927907467
v -0.0639967992901802 0.05216195061802864 -0.013412131927907467
v -0.06346644461154938 0.05261105298995972 -0.013412131927907467
v -0.06283792853355408 0.05290758237242699 -0.013412131927907467
v -0.062154076993465424 0.05303133651614189 -0.013412131927907467
v -0.06146150082349777 0.05297388136386871 -0.013412131927907467
v -0.06080739572644234 0.052739132195711136 -0.013412131927907467
v -0.060236331075429916 0.052343085408210754 -0.013412131927907467
v -0.05978723242878914 0.051812730729579926 -0.013412131927907467
v -0.05949070304632187 0.051184214651584625 -0.013412131927907467
v -0.05936695262789726 0.05050036683678627 -0.013412131927907467
v -0.05942440405488014 0.04980779066681862 -0.013412131927907467
v -0.05965915322303772 0.049153681844472885 -0.013412131927907467
v -0.0600552000105381 0.04858262091875076 -0.013412131927907467
v -0.06058555096387863 0.048133522272109985 -0.013412131927907467
v -0.06121406704187393 0.047836992889642715 -0.013412131927907467
v -0.061897922307252884 0.04771324247121811 -0.013412131927907467
v -0.06259049475193024 0.04777069389820099 -0.013412131927907467
v -0.06324460357427597 0.048005443066358566 -0.013412131927907467
v -0.0638156607747078 0.04840148985385895 -0.013412131927907467
v -0.06426475942134857 0.04893184080719948 -0.013412131927907467
v -0.06456129252910614 0.04956035688519478 -0.013412131927907467
v -0.06468505412340164 0.050244204699993134 -0.013412131927907467
v -0.06467418372631073 0.05094689130783081 -0.013350000604987144
v -0.06443522870540619 0.05161271244287491 -0.013350000604987144
v -0.06403209269046783 0.05219400301575661 -0.013350000604987144
v -0.06349223852157593 0.052651144564151764 -0.013350000604987144
v -0.06285246461629868 0.05295298621058464 -0.013350000604987144
v -0.062156371772289276 0.05307895690202713 -0.013350000604987144
v -0.06145139038562775 0.05302047356963158 -0.013350000604987144
v -0.06078557297587395 0.052781522274017334 -0.013350000604987144
v -0.06020428240299225 0.05237838253378868 -0.013350000604987144
v -0.05974714085459709 0.05183853209018707 -0.013350000604987144
v -0.059445302933454514 0.05119875445961952 -0.013350000604987144
v -0.059319332242012024 0.05050266161561012 -0.013350000604987144
v -0.05937781184911728 0.04979768022894859 -0.013350000604987144
v -0.05961676687002182 0.049131862819194794 -0.013350000604987144
v -0.060019902884960175 0.048550572246313095 -0.013350000604987144
v -0.06055975705385208 0.04809343069791794 -0.013350000604987144
v -0.061199527233839035 0.04779159277677536 -0.013350000604987144
v -0.06189562380313873 0.04766562208533287 -0.013350000604987144
v -0.06260060518980026 0.047724101692438126 -0.013350000604987144
v -0.06326643377542496 0.04796305671334267 -0.013350000604987144
v -0.06384771317243576 0.04836619272828102 -0.013350000604987144
v -0.06430485844612122 0.04890604317188263 -0.013350000604987144
v -0.06460670381784439 0.04954581707715988 -0.013350000604987144
v -0.06473267078399658 0.05024191364645958 -0.013350000604987144
v -0.06470347195863724 0.05095324665307999 -0.013277646154165268
v -0.06446187198162079 0.051626432687044144 -0.013277646154165268
v -0.06405428051948547 0.05221414938569069 -0.013277646154165268
v -0.06350845843553543 0.05267634987831116 -0.013277646154165268
v -0.0628616139292717 0.052981529384851456 -0.013277646154165268
v -0.06215781345963478 0.05310889333486557 -0.013277646154165268
v -0.06144503504037857 0.053049761801958084 -0.013277646154165268
v -0.06077185273170471 0.052808165550231934 -0.013277646154165268
v -0.06018413230776787 0.05240056663751602 -0.013277646154165268
v -0.0597219355404377 0.05185474455356598 -0.013277646154165268
v -0.0594167560338974 0.05120789632201195 -0.013277646154165268
v -0.059289392083883286 0.05050410330295563 -0.013277646154165268
v -0.05934852361679077 0.04979132488369942 -0.013277646154165268
v -0.05959011986851692 0.04911814257502556 -0.013277646154165268
v -0.05999772250652313 0.048530422151088715 -0.013277646154165268
v -0.06054354086518288 0.048068225383758545 -0.013277646154165268
v -0.061190392822027206 0.047763045877218246 -0.013277646154165268
v -0.06189418211579323 0.04763568192720413 -0.013277646154165268
v -0.06260696053504944 0.04769481346011162 -0.013277646154165268
v -0.0632801428437233 0.04793640971183777 -0.013277646154165268
v -0.06386785954236984 0.04834401234984398 -0.013277646154165268
v -0.06433006376028061 0.048889826983213425 -0.013277646154165268
v -0.06463523954153061 0.049536675214767456 -0.013277646154165268
v -0.06476259976625443 0.050240471959114075 -0.013277646154165268
v -0.09743629395961761 0.12077118456363678 0.007500000298023224
v -0.09746206551790237 0.12081922590732574 0.007914110086858273
v -0.09743629395961761 0.12077118456363678 -0.007500000298023224
v -0.09746206551790237 0.12081922590732574 -0.007914110086858273
v -0.09753761440515518 0.12096009403467178 -0.008299999870359898
v -0.09765779227018356 0.12118416279554367 0.008631370961666107
v -0.09781442582607269 0.1214761808514595 0.0088856415823102
v -0.09753761440515518 0.12096009403467178 0.008299999870359898
v -0.09781442582607269 0.1214761808514595 -0.0088856415823102
v -0.09799680858850479 0.1218162551522255 0.009045482613146305
v -0.09819254279136658 0.12218118458986282 0.009100000374019146
v -0.09765779227018356 0.12118416279554367 -0.008631370961666107
v -0.09799680858850479 0.1218162551522255 -0.009045482613146305
v -0.09819254279136658 0.12218118458986282 -0.009100000374019146
v -0.10039566457271576 0.1209995448589325 -0.009100000374019146
v -0.10019993036985397 0.12063461542129517 -0.009045482613146305
v -0.10001753270626068 0.12029454112052917 -0.0088856415823102
v -0.09986091405153275 0.12000252306461334 -0.008631370961666107
v -0.09974072873592377 0.11977845430374146 -0.008299999870359898
v -0.09966517984867096 0.11963758617639542 -0.007914110086858273
v -0.0996394157409668 0.11958954483270645 -0.007500000298023224
v -0.0996394157409668 0.11958954483270645 0.007500000298023224
v -0.09966517984867096 0.11963758617639542 0.007914110086858273
v -0.09974072873592377 0.11977845430374146 0.008299999870359898
v -0.09986091405153275 0.12000252306461334 0.008631370961666107
v -0.10001753270626068 0.12029454112052917 0.0088856415823102
v -0.10019993036985397 0.12063461542129517 0.009045482613146305
v -0.10039566457271576 0.1209995448589325 0.009100000374019146
v -0.10343746095895767 0.12878654897212982 -0.009100000374019146
v -0.1034054309129715 0.12766896188259125 -0.009100000374019146
v -0.10387808084487915 0.1285502165555954 -0.009100000374019146
v -0.10384605079889297 0.12743264436721802 -0.009100000374019146
v -0.10417475551366806 0.13016118109226227 -0.007856033742427826
v -0.10419370979070663 0.13019654154777527 -0.007500000298023224
v -0.1046343445777893 0.12996020913124084 -0.007500000298023224
v -0.10411882400512695 0.13005690276622772 -0.00819421373307705
v -0.10461537539958954 0.12992486357688904 -0.007856033742427826
v -0.10402872413396835 0.12988892197608948 -0.008497584611177444
v -0.10455944389104843 0.1298205703496933 -0.00819421373307705
v -0.10390898585319519 0.12966565787792206 -0.008750930428504944
v -0.10446934401988983 0.12965258955955505 -0.008497584611177444
v -0.1037655845284462 0.12939831614494324 -0.008941549807786942
v -0.10434960573911667 0.12942934036254883 -0.008750930428504944
v -0.1036057397723198 0.12910030782222748 -0.009059885516762733
v -0.10420621186494827 0.1291619837284088 -0.008941549807786942
v -0.10404637455940247 0.12886399030685425 -0.009059885516762733
v -0.10419370979070663 0.13019654154777527 0.007500000298023224
v -0.1037655845284462 0.12939831614494324 0.008941549807786942
v -0.10390898585319519 0.12966565787792206 0.008750930428504944
v -0.10343746095895767 0.12878654897212982 0.009100000374019146
v -0.1036057397723198 0.12910030782222748 0.009059885516762733
v -0.10402872413396835 0.12988892197608948 0.008497584611177444
v -0.10411882400512695 0.13005690276622772 0.00819421373307705
v -0.10417475551366806 0.13016118109226227 0.007856033742427826
v -0.10387808084487915 0.1285502165555954 0.009100000374019146
v -0.10404637455940247 0.12886399030685425 0.009059885516762733
v -0.10420621186494827 0.1291619837284088 0.008941549807786942
v -0.10434960573911667 0.12942934036254883 0.008750930428504944
v -0.10446934401988983 0.12965258955955505 0.008497584611177444
v -0.10455944389104843 0.1298205703496933 0.00819421373307705
v -0.10461537539958954 0.12992486357688904 0.007856033742427826
v -0.1046343445777893 0.12996020913124084 0.007500000298023224
v -0.1034054309129715 0.12766896188259125 0.009100000374019146
v -0.10384605079889297 0.12743264436721802 0.009100000374019146
v -0.10452741384506226 0.12870299816131592 -0.00819421373307705
v -0.10458334535360336 0.12880729138851166 -0.007856033742427826
v -0.1043175756931305 0.12831175327301025 -0.008750930428504944
v -0.1040143296122551 0.12774638831615448 -0.009059885516762733
v -0.10443731397390366 0.12853501737117767 0.008497584611177444
v -0.1043175756931305 0.12831175327301025 0.008750930428504944
v -0.10460229963064194 0.12884263694286346 0.007500000298023224
v -0.10458334535360336 0.12880729138851166 0.007856033742427826
v -0.10443731397390366 0.12853501737117767 -0.008497584611177444
v -0.1041741743683815 0.12804441154003143 -0.008941549807786942
v -0.10460229963064194 0.12884263694286346 -0.007500000298023224
v -0.1041741743683815 0.12804441154003143 0.008941549807786942
v -0.10452741384506226 0.12870299816131592 0.00819421373307705
v -0.1040143296122551 0.12774638831615448 0.009059885516762733
v -0.10399669408798218 0.1287713497877121 0.008497584611177444
v -0.10408679395914078 0.12893933057785034 0.00819421373307705
v -0.10387694090604782 0.12854808568954468 0.008750930428504944
v -0.10373355448246002 0.12828074395656586 0.008941549807786942
v -0.10387694090604782 0.12854808568954468 -0.008750930428504944
v -0.10373355448246002 0.12828074395656586 -0.008941549807786942
v -0.10399669408798218 0.1287713497877121 -0.008497584611177444
v -0.10408679395914078 0.12893933057785034 -0.00819421373307705
v -0.10416167974472046 0.1290789693593979 -0.007500000298023224
v -0.10414272546768188 0.1290436089038849 -0.007856033742427826
v -0.10416167974472046 0.1290789693593979 0.007500000298023224
v -0.10414272546768188 0.1290436089038849 0.007856033742427826
v -0.10357370972633362 0.1279827207326889 0.009059885516762733
v -0.10357370972633362 0.1279827207326889 -0.009059885516762733
v -0.05721514672040939 0.059047866612672806 -0.005499999970197678
v -0.05726597085595131 0.05940025672316551 -0.005459884647279978
v -0.05721514672040939 0.059047866612672806 0.005499999970197678
v -0.05731424316763878 0.059734974056482315 -0.005341550335288048
v -0.05743781477212906 0.06059177964925766 -0.004256033338606358
v -0.05742092430591583 0.06047465652227402 -0.0045942142605781555
v -0.05744354426860809 0.06063148379325867 0.003900000127032399
v -0.05744354426860809 0.06063148379325867 -0.003900000127032399
v -0.0573575496673584 0.060035236179828644 -0.005150930490344763
v -0.05739371478557587 0.06028599292039871 -0.004897583741694689
v -0.05731424316763878 0.059734974056482315 0.005341550335288048
v -0.0573575496673584 0.060035236179828644 0.005150930490344763
v -0.05726597085595131 0.05940025672316551 0.005459884647279978
v -0.05743781477212906 0.06059177964925766 0.004256033338606358
v -0.05739371478557587 0.06028599292039871 0.004897583741694689
v -0.05742092430591583 0.06047465652227402 0.0045942142605781555
v -0.058433301746845245 0.060488734394311905 -0.003900000127032399
v -0.05842757597565651 0.0604490302503109 -0.004256033338606358
v -0.05841068550944328 0.060331907123327255 -0.0045942142605781555
v -0.05838347226381302 0.06014323979616165 -0.004897583741694689
v -0.05834730714559555 0.05989248678088188 -0.005150930490344763
v -0.05830400437116623 0.05959222465753555 -0.005341550335288048
v -0.05825573205947876 0.05925750732421875 -0.005459884647279978
v -0.058204907923936844 0.05890512093901634 -0.005499999970197678
v -0.05837210267782211 0.0600644126534462 -0.003900000127032399
v -0.058299511671066284 0.05956107750535011 -0.004562741611152887
v -0.058204907923936844 0.05890512093901634 -0.0050712814554572105
v -0.05841773748397827 0.06038081645965576 -0.0031282210256904364
v -0.05809473618865013 0.05814124643802643 -0.005390962585806847
v -0.058433301746845245 0.060488734394311905 -0.002300000051036477
v -0.057976510375738144 0.05732150748372078 -0.005499999970197678
v -0.06981553137302399 0.05884714052081108 -0.002300000051036477
v -0.06979997456073761 0.05873922258615494 -0.0031282210256904364
v -0.06975433230400085 0.05842281132936478 -0.003900000127032399
v -0.06968174129724503 0.05791947990655899 -0.004562741611152887
v -0.06958713382482529 0.05726352706551552 -0.0050712814554572105
v -0.06947696954011917 0.056499652564525604 -0.005390962585806847
v -0.06935874372720718 0.05567990988492966 -0.005499999970197678
v -0.058204907923936844 0.05890512093901634 0.005499999970197678
v -0.05825573205947876 0.05925750732421875 0.005459884647279978
v -0.05830400437116623 0.05959222465753555 0.005341550335288048
v -0.05834730714559555 0.05989248678088188 0.005150930490344763
v -0.05838347226381302 0.06014323979616165 0.004897583741694689
v -0.05841068550944328 0.060331907123327255 0.0045942142605781555
v -0.05842757597565651 0.0604490302503109 0.004256033338606358
v -0.058433301746845245 0.060488734394311905 0.003900000127032399
v -0.058433301746845245 0.060488734394311905 0.002300000051036477
v -0.06981553137302399 0.05884714052081108 0.002300000051036477
v -0.05809473618865013 0.05814124643802643 0.005390962585806847
v -0.057976510375738144 0.05732150748372078 0.005499999970197678
v -0.06935874372720718 0.05567990988492966 0.005499999970197678
v -0.058204907923936844 0.05890512093901634 0.0050712814554572105
v -0.06947696954011917 0.056499652564525604 0.005390962585806847
v -0.058299511671066284 0.05956107750535011 0.004562741611152887
v -0.06958713382482529 0.05726352706551552 0.0050712814554572105
v -0.05837210267782211 0.0600644126534462 0.003900000127032399
v -0.06968174129724503 0.05791947990655899 0.004562741611152887
v -0.05841773748397827 0.06038081645965576 0.0031282210256904364
v -0.06975433230400085 0.05842281132936478 0.003900000127032399
v -0.06979997456073761 0.05873922258615494 0.0031282210256904364
v -0.06806179136037827 0.04668731614947319 -0.004699999932199717
v -0.06809808313846588 0.04693898186087608 -0.005031371023505926
v -0.06814539432525635 0.04726696014404297 -0.005285640712827444
v -0.06820046901702881 0.047648895531892776 -0.005445481278002262
v -0.0682595893740654 0.04805876687169075 -0.005499999970197678
v -0.06803897023200989 0.04652911052107811 -0.004314110614359379
v -0.0680311918258667 0.04647514969110489 -0.003900000127032399
v -0.0682595893740654 0.04805876687169075 0.005499999970197678
v -0.06814539432525635 0.04726696014404297 0.005285640712827444
v -0.06809808313846588 0.04693898186087608 0.005031371023505926
v -0.0680311918258667 0.04647514969110489 0.003900000127032399
v -0.06806179136037827 0.04668731614947319 0.004699999932199717
v -0.06803897023200989 0.04652911052107811 0.004314110614359379
v -0.06820046901702881 0.047648895531892776 0.005445481278002262
v -0.06770559400320053 0.04772027209401131 -0.005445481278002262
v -0.06776471436023712 0.04813013970851898 -0.005499999970197678
v -0.06765051186084747 0.0473383329808712 -0.005285640712827444
v -0.0676032081246376 0.047010354697704315 -0.005031371023505926
v -0.06756690889596939 0.04675869271159172 -0.004699999932199717
v -0.06754409521818161 0.04660048708319664 -0.004314110614359379
v -0.06753630936145782 0.04654652625322342 -0.003900000127032399
v -0.06753630936145782 0.04654652625322342 0.003900000127032399
v -0.06754409521818161 0.04660048708319664 0.004314110614359379
v -0.06756690889596939 0.04675869271159172 0.004699999932199717
v -0.0676032081246376 0.047010354697704315 0.005031371023505926
v -0.06765051186084747 0.0473383329808712 0.005285640712827444
v -0.06770559400320053 0.04772027209401131 0.005445481278002262
v -0.06776471436023712 0.04813013970851898 0.005499999970197678
v -0.056528881192207336 0.05055036023259163 0.005499999970197678
v -0.05676227807998657 0.05196705088019371 0.005499999970197678
v -0.060431234538555145 0.04510856792330742 0.005499999970197678
v -0.06184792518615723 0.04487517103552818 0.005499999970197678
v -0.0573543906211853 0.053275059908628464 0.005499999970197678
v -0.05826486647129059 0.05438525229692459 0.005499999970197678
v -0.05912322178483009 0.04570068046450615 0.005499999970197678
v -0.06578712910413742 0.04635932296514511 0.005499999970197678
v -0.06462033838033676 0.04552260786294937 0.005499999970197678
v -0.0666976049542427 0.04746951162815094 0.005499999970197678
v -0.05943165719509125 0.05522196739912033 0.005499999970197678
v -0.05667010322213173 0.04912153258919716 0.005499999970197678
v -0.058013033121824265 0.046611156314611435 0.005499999970197678
v -0.057176318019628525 0.047777943313121796 0.005499999970197678
v -0.0632767528295517 0.045016393065452576 0.005499999970197678
v -0.06712707877159119 0.04721175506711006 0.005499999970197678
v -0.06077524647116661 0.055728182196617126 0.005499999970197678
v -0.06492877006530762 0.055043891072273254 0.005499999970197678
v -0.06603896617889404 0.054133422672748566 0.005499999970197678
v -0.06220407038927078 0.05586940422654152 0.005499999970197678
v -0.06728972494602203 0.04877752438187599 0.005499999970197678
v -0.06752311438322067 0.05019421502947807 0.005499999970197678
v -0.06738189607858658 0.05162304267287254 0.005499999970197678
v -0.06687567383050919 0.052966631948947906 0.005499999970197678
v -0.06362076103687286 0.055636003613471985 0.005499999970197678
v -0.06762196123600006 0.04714038223028183 0.005499999970197678
v -0.06690647453069687 0.04568210244178772 0.004314110614359379
v -0.06689868122339249 0.0456281378865242 0.003900000127032399
v -0.06739356368780136 0.04555676504969597 0.003900000127032399
v -0.06692928075790405 0.0458403043448925 0.004699999932199717
v -0.06740134209394455 0.04561072587966919 0.004314110614359379
v -0.06696557998657227 0.046091970056295395 0.005031371023505926
v -0.06742416322231293 0.04576893150806427 0.004699999932199717
v -0.06701288372278214 0.04641995206475258 0.005285640712827444
v -0.06746045500040054 0.04602059721946716 0.005031371023505926
v -0.06706796586513519 0.04680188372731209 0.005445481278002262
v -0.06750775873661041 0.04634857177734375 0.005285640712827444
v -0.06756284832954407 0.046730510890483856 0.005445481278002262
v -0.06740134209394455 0.04561072587966919 -0.004314110614359379
v -0.06739356368780136 0.04555676504969597 -0.003900000127032399
v -0.06742416322231293 0.04576893150806427 -0.004699999932199717
v -0.06750775873661041 0.04634857177734375 -0.005285640712827444
v -0.06746045500040054 0.04602059721946716 -0.005031371023505926
v -0.06756284832954407 0.046730510890483856 -0.005445481278002262
v -0.06762196123600006 0.04714038223028183 -0.005499999970197678
v -0.06689868122339249 0.0456281378865242 -0.003900000127032399
v -0.06690647453069687 0.04568210244178772 -0.004314110614359379
v -0.06692928075790405 0.0458403043448925 -0.004699999932199717
v -0.06696557998657227 0.046091970056295395 -0.005031371023505926
v -0.06712707877159119 0.04721175506711006 -0.005499999970197678
v -0.06706796586513519 0.04680188372731209 -0.005445481278002262
v -0.06701288372278214 0.04641995206475258 -0.005285640712827444
v -0.06603896617889404 0.054133422672748566 -0.005499999970197678
v -0.06581822037696838 0.05435588210821152 -0.005499999970197678
v -0.05676227807998657 0.05196705088019371 -0.005499999970197678
v -0.06687567383050919 0.052966631948947906 -0.005499999970197678
v -0.0573543906211853 0.053275059908628464 -0.005499999970197678
v -0.06362076103687286 0.055636003613471985 -0.005499999970197678
v -0.06220407038927078 0.05586940422654152 -0.005499999970197678
v -0.06492877006530762 0.055043891072273254 -0.005499999970197678
v -0.06462033838033676 0.04552260786294937 -0.005499999970197678
v -0.06578712910413742 0.04635932296514511 -0.005499999970197678
v -0.05826486647129059 0.05438525229692459 -0.005499999970197678
v -0.06077524647116661 0.055728182196617126 -0.005499999970197678
v -0.05943165719509125 0.05522196739912033 -0.005499999970197678
v -0.0632767528295517 0.045016393065452576 -0.005499999970197678
v -0.060431234538555145 0.04510856792330742 -0.005499999970197678
v -0.05912322178483009 0.04570068046450615 -0.005499999970197678
v -0.05667010322213173 0.04912153258919716 -0.005499999970197678
v -0.057176318019628525 0.047777943313121796 -0.005499999970197678
v -0.056528881192207336 0.05055036023259163 -0.005499999970197678
v -0.06738189607858658 0.05162304267287254 -0.005499999970197678
v -0.058013033121824265 0.046611156314611435 -0.005499999970197678
v -0.06184792518615723 0.04487517103552818 -0.005499999970197678
v -0.06728972494602203 0.04877752438187599 -0.005499999970197678
v -0.06752311438322067 0.05019421502947807 -0.005499999970197678
v -0.0666976049542427 0.04746951162815094 -0.005499999970197678
v -0.05943165719509125 0.05522196739912033 0.004500000271946192
v -0.05826486647129059 0.05438525229692459 0.004500000271946192
v -0.0573543906211853 0.053275059908628464 0.004500000271946192
v -0.05676227807998657 0.05196705088019371 0.004500000271946192
v -0.05652599781751633 0.05037228763103485 0.004500000271946192
v -0.05667010322213173 0.04912153258919716 0.004500000271946192
v -0.057176318019628525 0.047777943313121796 0.004500000271946192
v -0.058013033121824265 0.046611156314611435 0.004500000271946192
v -0.05912322178483009 0.04570068046450615 0.004500000271946192
v -0.060431234538555145 0.04510856792330742 0.004500000271946192
v -0.06184792518615723 0.04487517103552818 0.004500000271946192
v -0.0632767528295517 0.045016393065452576 0.004500000271946192
v -0.06462033838033676 0.04552260786294937 0.004500000271946192
v -0.06578712910413742 0.04635932296514511 0.004500000271946192
v -0.0666976049542427 0.04746951162815094 0.004500000271946192
v -0.06728972494602203 0.04877752438187599 0.004500000271946192
v -0.06752311438322067 0.05019421502947807 0.004500000271946192
v -0.06738189607858658 0.05162304267287254 0.004500000271946192
v -0.06687567383050919 0.052966631948947906 0.004500000271946192
v -0.06603896617889404 0.054133422672748566 0.004500000271946192
v -0.06492877006530762 0.055043891072273254 0.004500000271946192
v -0.06362076103687286 0.055636003613471985 0.004500000271946192
v -0.06220407038927078 0.05586940422654152 0.004500000271946192
v -0.06077524647116661 0.055728182196617126 0.004500000271946192
v -0.056528881192207336 0.05055036023259163 0.004500000271946192
v -0.062025997787714005 0.05037228763103485 0.004500000271946192
v -0.05943165719509125 0.05522196739912033 -0.004699999932199717
v -0.05826486647129059 0.05438525229692459 -0.004699999932199717
v -0.0573543906211853 0.053275059908628464 -0.004699999932199717
v -0.05676227807998657 0.05196705088019371 -0.004699999932199717
v -0.056528881192207336 0.05055036023259163 -0.004699999932199717
v -0.05667010322213173 0.04912153258919716 -0.004699999932199717
v -0.057176318019628525 0.047777943313121796 -0.004699999932199717
v -0.058013033121824265 0.046611156314611435 -0.004699999932199717
v -0.05912322178483009 0.04570068046450615 -0.004699999932199717
v -0.060431234538555145 0.04510856792330742 -0.004699999932199717
v -0.06184792518615723 0.04487517103552818 -0.004699999932199717
v -0.062025997787714005 0.04487228766083717 -0.004699999932199717
v -0.0632767528295517 0.045016393065452576 -0.004699999932199717
v -0.06462033838033676 0.04552260786294937 -0.004699999932199717
v -0.06578712910413742 0.04635932296514511 -0.004699999932199717
v -0.0666976049542427 0.04746951162815094 -0.004699999932199717
v -0.06728972494602203 0.04877752438187599 -0.004699999932199717
v -0.06752311438322067 0.05019421502947807 -0.004699999932199717
v -0.06738189607858658 0.05162304267287254 -0.004699999932199717
v -0.06687567383050919 0.052966631948947906 -0.004699999932199717
v -0.06603896617889404 0.054133422672748566 -0.004699999932199717
v -0.06492877006530762 0.055043891072273254 -0.004699999932199717
v -0.06362076103687286 0.055636003613471985 -0.004699999932199717
v -0.06220407038927078 0.05586940422654152 -0.004699999932199717
v -0.06077524647116661 0.055728182196617126 -0.004699999932199717
v -0.062025997787714005 0.05037228763103485 -0.004699999932199717
v -0.06197044253349304 0.04921892285346985 -0.013500000350177288
v -0.06099938228726387 0.049843717366456985 -0.013500000350177288
v -0.06305262446403503 0.05090085789561272 -0.013500000350177288
v -0.06299706548452377 0.049747493118047714 -0.013500000350177288
v -0.06208155304193497 0.051525652408599854 -0.013500000350177288
v -0.061054933816194534 0.05099708214402199 -0.013500000350177288
v -0.0625670850276947 0.051213253289461136 -0.012000000104308128
v -0.06208155304193497 0.051525652408599854 -0.012000000104308128
v -0.06305262446403503 0.05090085789561272 -0.012000000104308128
v -0.0630248412489891 0.050324175506830215 -0.012000000104308128
v -0.06299706548452377 0.049747493118047714 -0.012000000104308128
v -0.06248375400900841 0.04948320984840393 -0.012000000104308128
v -0.06197044253349304 0.04921892285346985 -0.012000000104308128
v -0.06148491054773331 0.049531321972608566 -0.012000000104308128
v -0.06099938228726387 0.049843717366456985 -0.012000000104308128
v -0.061027154326438904 0.05042039975523949 -0.012000000104308128
v -0.061054933816194534 0.05099708214402199 -0.012000000104308128
v -0.0615682415664196 0.05126136541366577 -0.012000000104308128
v -0.06286696344614029 0.04983120039105415 -0.012000000104308128
v -0.06269827485084534 0.04963197931647301 -0.012000000104308128
v -0.0629783496260643 0.050067294389009476 -0.012000000104308128
v -0.062238045036792755 0.04939503222703934 -0.012000000104308128
v -0.06197788566350937 0.04937344416975975 -0.012000000104308128
v -0.06172100454568863 0.04941993206739426 -0.012000000104308128
v -0.06128569319844246 0.049700018018484116 -0.012000000104308128
v -0.061136920005083084 0.04991453140974045 -0.012000000104308128
v -0.06104874238371849 0.0501602403819561 -0.012000000104308128
v -0.06107364222407341 0.05067727714776993 -0.012000000104308128
v -0.06118503212928772 0.05091337487101555 -0.012000000104308128
v -0.06135373190045357 0.051112595945596695 -0.012000000104308128
v -0.061813950538635254 0.05134954676032066 -0.012000000104308128
v -0.06207410991191864 0.05137112736701965 -0.012000000104308128
v -0.06233099102973938 0.051324643194675446 -0.012000000104308128
v -0.06276630610227585 0.05104455351829529 -0.012000000104308128
v -0.06291507929563522 0.050830040127038956 -0.012000000104308128
v -0.06300326436758041 0.0505843348801136 -0.012000000104308128
v -0.062025997787714005 0.05037228763103485 -0.011422649957239628
v -0.062025997787714005 0.0515269860625267 0.013500000350177288
v -0.06102599576115608 0.05094963684678078 0.013500000350177288
v -0.06302599608898163 0.05094963684678078 0.013500000350177288
v -0.06302599608898163 0.04979493468999863 0.013500000350177288
v -0.062025997787714005 0.0492175854742527 0.013500000350177288
v -0.06102599576115608 0.04979493468999863 0.013500000350177288
v -0.06152599677443504 0.05123831331729889 0.012000000104308128
v -0.062025997787714005 0.0515269860625267 0.012000000104308128
v -0.06102599576115608 0.05094963684678078 0.012000000104308128
v -0.06102599576115608 0.05037228763103485 0.012000000104308128
v -0.06102599576115608 0.04979493468999863 0.012000000104308128
v -0.06152599677443504 0.04950626194477081 0.012000000104308128
v -0.062025997787714005 0.0492175854742527 0.012000000104308128
v -0.06252599507570267 0.04950626194477081 0.012000000104308128
v -0.06302599608898163 0.04979493468999863 0.012000000104308128
v -0.06302599608898163 0.05037228763103485 0.012000000104308128
v -0.06302599608898163 0.05094963684678078 0.012000000104308128
v -0.06252599507570267 0.05123831331729889 0.012000000104308128
v -0.061159972101449966 0.04987228661775589 0.012000000104308128
v -0.06131889298558235 0.0496651828289032 0.012000000104308128
v -0.06106007099151611 0.05011346936225891 0.012000000104308128
v -0.061767179518938065 0.04940636083483696 0.012000000104308128
v -0.062025997787714005 0.04937228560447693 0.012000000104308128
v -0.062284816056489944 0.04940636083483696 0.012000000104308128
v -0.06273311376571655 0.0496651828289032 0.012000000104308128
v -0.06289201974868774 0.04987228661775589 0.012000000104308128
v -0.0629919245839119 0.05011346936225891 0.012000000104308128
v -0.0629919245839119 0.05063110589981079 0.012000000104308128
v -0.06289201974868774 0.05087229236960411 0.012000000104308128
v -0.06273311376571655 0.051079392433166504 0.012000000104308128
v -0.062284816056489944 0.05133821442723274 0.012000000104308128
v -0.062025997787714005 0.051372285932302475 0.012000000104308128
v -0.061767179518938065 0.05133821442723274 0.012000000104308128
v -0.06131889298558235 0.051079392433166504 0.012000000104308128
v -0.061159972101449966 0.05087229236960411 0.012000000104308128
v -0.06106007099151611 0.05063110589981079 0.012000000104308128
v -0.062025997787714005 0.05037228763103485 0.011422649957239628
usemtl Gray
f 2325 2345 2244
f 2345 2324 2244
f 2244 2324 2245
f 2324 2323 2245
f 2245 2323 2248
f 2323 2322 2248
f 2248 2322 2249
f 2322 2321 2249
f 2249 2321 2254
f 2321 2344 2254
f 2254 2344 2260
f 2344 2343 2260
f 2260 2343 2263
f 2343 2342 2263
f 2263 2342 2268
f 2342 2341 2268
f 2268 2341 2261
f 2341 2340 2261
f 2261 2340 2262
f 2340 2339 2262
f 2262 2339 2267
f 2339 2338 2267
f 2267 2338 2266
f 2338 2337 2266
f 2266 2337 2265
f 2337 2336 2265
f 2265 2336 2264
f 2336 2335 2264
f 2264 2335 2253
f 2335 2334 2253
f 2253 2334 2251
f 2334 2333 2251
f 2251 2333 2252
f 2333 2332 2252
f 2252 2332 2258
f 2332 2331 2258
f 2258 2331 2247
f 2331 2330 2247
f 2247 2330 2246
f 2330 2329 2246
f 2246 2329 2250
f 2329 2328 2250
f 2250 2328 2256
f 2328 2327 2256
f 2256 2327 2257
f 2327 2326 2257
f 2257 2326 2255
f 2326 2325 2255
f 2255 2325 2244
f 2309 2360 2304
f 2360 2361 2304
f 2304 2361 2305
f 2361 2362 2305
f 2305 2362 2320
f 2362 2363 2320
f 2320 2363 2318
f 2363 2364 2318
f 2318 2364 2319
f 2364 2365 2319
f 2319 2365 2315
f 2365 2366 2315
f 2315 2366 2299
f 2366 2367 2299
f 2299 2367 2296
f 2296 2367 2297
f 2367 2368 2297
f 2297 2368 2303
f 2368 2369 2303
f 2303 2369 2301
f 2369 2370 2301
f 2301 2370 2302
f 2370 2371 2302
f 2302 2371 2307
f 2371 2347 2307
f 2307 2347 2308
f 2347 2348 2308
f 2308 2348 2306
f 2348 2349 2306
f 2306 2349 2300
f 2349 2350 2300
f 2300 2350 2298
f 2350 2351 2298
f 2298 2351 2314
f 2351 2352 2314
f 2314 2352 2312
f 2352 2353 2312
f 2312 2353 2313
f 2353 2354 2313
f 2313 2354 2316
f 2354 2355 2316
f 2316 2355 2311
f 2355 2356 2311
f 2311 2356 2310
f 2356 2357 2310
f 2310 2357 2317
f 2357 2358 2317
f 2317 2358 2309
f 2358 2359 2309
f 2309 2359 2360
usemtl Geyser
f 1934 2374 1933
f 2374 1932 1933
f 2373 1938 1939
f 1942 2376 1941
f 2376 2373 1941
f 1941 2373 1940
f 2373 1939 1940
f 1932 2374 1931
f 2374 2378 1931
f 1931 2378 1930
f 1926 1927 2377
f 1927 1928 2377
f 2377 1928 2378
f 1928 1929 2378
f 2378 1929 1930
f 1922 1923 2375
f 1923 1924 2375
f 2375 1924 2377
f 1924 1925 2377
f 2377 1925 1926
f 1942 1943 2376
f 1943 1920 2376
f 2376 1920 2375
f 1920 1921 2375
f 2375 1921 1922
f 1934 1935 2374
f 1935 1936 2374
f 2374 1936 2373
f 1936 1937 2373
f 2373 1937 1938
f 1739 1873 1740
f 1873 1877 1740
f 1740 1877 1741
f 1877 1886 1741
f 1741 1886 1742
f 1886 1881 1742
f 1742 1881 1743
f 1881 1882 1743
f 1743 1882 1744
f 1882 1887 1744
f 1744 1887 1745
f 1887 1888 1745
f 1745 1888 1746
f 1888 1892 1746
f 1746 1892 1747
f 1892 1893 1747
f 1747 1893 1748
f 1893 1894 1748
f 1748 1894 1749
f 1894 1895 1749
f 1749 1895 1750
f 1895 1889 1750
f 1750 1889 1751
f 1889 1890 1751
f 1751 1890 1728
f 1890 1891 1728
f 1728 1891 1729
f 1891 1883 1729
f 1729 1883 1730
f 1883 1884 1730
f 1730 1884 1731
f 1884 1885 1731
f 1731 1885 1732
f 1885 1878 1732
f 1732 1878 1733
f 1878 1879 1733
f 1733 1879 1734
f 1879 1874 1734
f 1734 1874 1735
f 1874 1875 1735
f 1735 1875 1736
f 1875 1880 1736
f 1736 1880 1737
f 1880 1876 1737
f 1737 1876 1738
f 1876 1872 1738
f 1738 1872 1739
f 1872 1873 1739
f 2381 2375 2379
f 2375 2377 2379
f 2379 2377 2380
f 2383 2376 2382
f 2376 2375 2382
f 2382 2375 2381
f 2385 2373 2384
f 2373 2376 2384
f 2384 2376 2383
f 2387 2374 2386
f 2374 2373 2386
f 2386 2373 2385
f 2389 2378 2388
f 2378 2374 2388
f 2388 2374 2387
f 2380 2377 2390
f 2377 2378 2390
f 2390 2378 2389
f 2383 2382 2393
f 2393 2391 2383
f 2391 2392 2383
f 2383 2392 2384
f 2396 2386 2385
f 2384 2394 2385
f 2394 2395 2385
f 2385 2395 2396
f 2387 2386 2397
f 2397 2398 2387
f 2398 2399 2387
f 2387 2399 2388
f 2389 2388 2400
f 2400 2401 2389
f 2401 2402 2389
f 2389 2402 2390
f 2405 2379 2380
f 2390 2403 2380
f 2403 2404 2380
f 2380 2404 2405
f 2381 2379 2406
f 2406 2407 2381
f 2407 2408 2381
f 2381 2408 2382
f 2446 2445 2444
f 2419 2445 2446
f 2446 2416 2442
f 2443 2416 2446
f 2444 2443 2446
f 2446 2440 2427
f 2441 2440 2446
f 2442 2441 2446
f 2446 2438 2437
f 2439 2438 2446
f 2427 2439 2446
f 2446 2436 2435
f 2425 2436 2446
f 2437 2425 2446
f 2446 2423 2433
f 2434 2423 2446
f 2435 2434 2446
f 2446 2431 2421
f 2432 2431 2446
f 2433 2432 2446
f 2446 2428 2430
f 2429 2428 2446
f 2421 2429 2446
f 2430 2419 2446
f 1075 1052 1051
f 1076 1053 1052
f 1077 1054 1053
f 1078 1055 1054
f 1079 1056 1055
f 1080 1057 1056
f 1081 1058 1057
f 1082 1059 1058
f 1083 1060 1059
f 1084 1061 1060
f 1085 1062 1061
f 1086 1063 1062
f 1087 1064 1063
f 1088 1065 1064
f 1089 1066 1065
f 1090 1067 1066
f 1091 1069 1068
f 1092 1070 1069
f 1093 1071 1070
f 1094 1072 1071
f 1095 1073 1072
f 1096 1074 1073
f 1097 1051 1074
f 1069 1091 1092
f 1091 1098 1092
f 1092 1098 1099
f 1098 1100 1099
f 1099 1100 1101
f 1100 1102 1101
f 1101 1102 1103
f 1102 1104 1103
f 1103 1104 1105
f 1104 1106 1105
f 1105 1106 1107
f 1108 1031 1032
f 1032 1106 1108
f 1106 1104 1108
f 1108 1104 1109
f 1104 1102 1109
f 1109 1102 1110
f 1102 1100 1110
f 1110 1100 1111
f 1100 1098 1111
f 1111 1098 1112
f 1098 1091 1112
f 1112 1091 1113
f 1091 1068 1113
f 1113 1068 1067
f 1114 1033 1034
f 1067 1090 1113
f 1090 1115 1113
f 1113 1115 1112
f 1115 1116 1112
f 1112 1116 1111
f 1116 1117 1111
f 1111 1117 1110
f 1117 1118 1110
f 1110 1118 1109
f 1118 1114 1109
f 1109 1114 1108
f 1114 1034 1108
f 1108 1034 1031
f 1119 1035 1036
f 1066 1089 1090
f 1089 1120 1090
f 1090 1120 1115
f 1120 1121 1115
f 1115 1121 1116
f 1121 1122 1116
f 1116 1122 1117
f 1122 1123 1117
f 1117 1123 1118
f 1123 1119 1118
f 1118 1119 1114
f 1119 1036 1114
f 1114 1036 1033
f 1124 1037 1038
f 1065 1088 1089
f 1088 1125 1089
f 1089 1125 1120
f 1125 1126 1120
f 1120 1126 1121
f 1126 1127 1121
f 1121 1127 1122
f 1127 1128 1122
f 1122 1128 1123
f 1128 1124 1123
f 1123 1124 1119
f 1124 1038 1119
f 1119 1038 1035
f 1129 1039 1040
f 1064 1087 1088
f 1087 1130 1088
f 1088 1130 1125
f 1130 1131 1125
f 1125 1131 1126
f 1131 1132 1126
f 1126 1132 1127
f 1132 1133 1127
f 1127 1133 1128
f 1133 1129 1128
f 1128 1129 1124
f 1129 1040 1124
f 1124 1040 1037
f 1134 1041 1042
f 1063 1086 1087
f 1086 1135 1087
f 1087 1135 1130
f 1135 1136 1130
f 1130 1136 1131
f 1136 1137 1131
f 1131 1137 1132
f 1137 1138 1132
f 1132 1138 1133
f 1138 1134 1133
f 1133 1134 1129
f 1134 1042 1129
f 1129 1042 1039
f 1139 1043 1044
f 1062 1085 1086
f 1085 1140 1086
f 1086 1140 1135
f 1140 1141 1135
f 1135 1141 1136
f 1141 1142 1136
f 1136 1142 1137
f 1142 1143 1137
f 1137 1143 1138
f 1143 1139 1138
f 1138 1139 1134
f 1139 1044 1134
f 1134 1044 1041
f 1144 1045 1046
f 1061 1084 1085
f 1084 1145 1085
f 1085 1145 1140
f 1145 1146 1140
f 1140 1146 1141
f 1146 1147 1141
f 1141 1147 1142
f 1147 1148 1142
f 1142 1148 1143
f 1148 1144 1143
f 1143 1144 1139
f 1144 1046 1139
f 1139 1046 1043
f 1149 1047 1048
f 1060 1083 1084
f 1083 1150 1084
f 1084 1150 1145
f 1150 1151 1145
f 1145 1151 1146
f 1151 1152 1146
f 1146 1152 1147
f 1152 1153 1147
f 1147 1153 1148
f 1153 1149 1148
f 1148 1149 1144
f 1149 1048 1144
f 1144 1048 1045
f 1154 1049 1050
f 1059 1082 1083
f 1082 1155 1083
f 1083 1155 1150
f 1155 1156 1150
f 1150 1156 1151
f 1156 1157 1151
f 1151 1157 1152
f 1157 1158 1152
f 1152 1158 1153
f 1158 1154 1153
f 1153 1154 1149
f 1154 1050 1149
f 1149 1050 1047
f 1159 1003 1004
f 1058 1081 1082
f 1081 1160 1082
f 1082 1160 1155
f 1160 1161 1155
f 1155 1161 1156
f 1161 1162 1156
f 1156 1162 1157
f 1162 1163 1157
f 1157 1163 1158
f 1163 1159 1158
f 1158 1159 1154
f 1159 1004 1154
f 1154 1004 1049
f 1164 1005 1006
f 1057 1080 1081
f 1080 1165 1081
f 1081 1165 1160
f 1165 1166 1160
f 1160 1166 1161
f 1166 1167 1161
f 1161 1167 1162
f 1167 1168 1162
f 1162 1168 1163
f 1168 1164 1163
f 1163 1164 1159
f 1164 1006 1159
f 1159 1006 1003
f 1169 1007 1008
f 1056 1079 1080
f 1079 1170 1080
f 1080 1170 1165
f 1170 1171 1165
f 1165 1171 1166
f 1171 1172 1166
f 1166 1172 1167
f 1172 1173 1167
f 1167 1173 1168
f 1173 1169 1168
f 1168 1169 1164
f 1169 1008 1164
f 1164 1008 1005
f 1174 1009 1010
f 1055 1078 1079
f 1078 1175 1079
f 1079 1175 1170
f 1175 1176 1170
f 1170 1176 1171
f 1176 1177 1171
f 1171 1177 1172
f 1177 1178 1172
f 1172 1178 1173
f 1178 1174 1173
f 1173 1174 1169
f 1174 1010 1169
f 1169 1010 1007
f 1179 1011 1012
f 1054 1077 1078
f 1077 1180 1078
f 1078 1180 1175
f 1180 1181 1175
f 1175 1181 1176
f 1181 1182 1176
f 1176 1182 1177
f 1182 1183 1177
f 1177 1183 1178
f 1183 1179 1178
f 1178 1179 1174
f 1179 1012 1174
f 1174 1012 1009
f 1184 1013 1014
f 1053 1076 1077
f 1076 1185 1077
f 1077 1185 1180
f 1185 1186 1180
f 1180 1186 1181
f 1186 1187 1181
f 1181 1187 1182
f 1187 1188 1182
f 1182 1188 1183
f 1188 1184 1183
f 1183 1184 1179
f 1184 1014 1179
f 1179 1014 1011
f 1189 1015 1016
f 1052 1075 1076
f 1075 1190 1076
f 1076 1190 1185
f 1190 1191 1185
f 1185 1191 1186
f 1191 1192 1186
f 1186 1192 1187
f 1192 1193 1187
f 1187 1193 1188
f 1193 1189 1188
f 1188 1189 1184
f 1189 1016 1184
f 1184 1016 1013
f 1194 1017 1018
f 1051 1097 1075
f 1097 1195 1075
f 1075 1195 1190
f 1195 1196 1190
f 1190 1196 1191
f 1196 1197 1191
f 1191 1197 1192
f 1197 1198 1192
f 1192 1198 1193
f 1198 1194 1193
f 1193 1194 1189
f 1194 1018 1189
f 1189 1018 1015
f 1199 1019 1020
f 1074 1096 1097
f 1096 1200 1097
f 1097 1200 1195
f 1200 1201 1195
f 1195 1201 1196
f 1201 1202 1196
f 1196 1202 1197
f 1202 1203 1197
f 1197 1203 1198
f 1203 1199 1198
f 1198 1199 1194
f 1199 1020 1194
f 1194 1020 1017
f 1204 1021 1022
f 1073 1095 1096
f 1095 1205 1096
f 1096 1205 1200
f 1205 1206 1200
f 1200 1206 1201
f 1206 1207 1201
f 1201 1207 1202
f 1207 1208 1202
f 1202 1208 1203
f 1208 1204 1203
f 1203 1204 1199
f 1204 1022 1199
f 1199 1022 1019
f 1209 1023 1024
f 1072 1094 1095
f 1094 1210 1095
f 1095 1210 1205
f 1210 1211 1205
f 1205 1211 1206
f 1211 1212 1206
f 1206 1212 1207
f 1212 1213 1207
f 1207 1213 1208
f 1213 1209 1208
f 1208 1209 1204
f 1209 1024 1204
f 1204 1024 1021
f 1214 1025 1026
f 1071 1093 1094
f 1093 1215 1094
f 1094 1215 1210
f 1215 1216 1210
f 1210 1216 1211
f 1216 1217 1211
f 1211 1217 1212
f 1217 1218 1212
f 1212 1218 1213
f 1218 1214 1213
f 1213 1214 1209
f 1214 1026 1209
f 1209 1026 1023
f 1032 1029 1106
f 1029 1030 1106
f 1106 1030 1107
f 1030 1027 1107
f 1107 1027 1028
f 1070 1092 1093
f 1092 1099 1093
f 1093 1099 1215
f 1099 1101 1215
f 1215 1101 1216
f 1101 1103 1216
f 1216 1103 1217
f 1103 1105 1217
f 1217 1105 1218
f 1105 1107 1218
f 1218 1107 1214
f 1107 1028 1214
f 1214 1028 1025
f 1001 1000 1047
f 999 1045 1000
f 1045 1048 1000
f 1000 1048 1047
f 996 1043 999
f 1043 1046 999
f 999 1046 1045
f 995 1041 996
f 1041 1044 996
f 996 1044 1043
f 994 1039 995
f 1039 1042 995
f 995 1042 1041
f 993 1037 994
f 1037 1040 994
f 994 1040 1039
f 990 1035 993
f 1035 1038 993
f 993 1038 1037
f 989 1033 990
f 1033 1036 990
f 990 1036 1035
f 992 1031 989
f 1031 1034 989
f 989 1034 1033
f 988 1029 992
f 1029 1032 992
f 992 1032 1031
f 987 1027 988
f 1027 1030 988
f 988 1030 1029
f 991 1025 987
f 1025 1028 987
f 987 1028 1027
f 986 1023 991
f 1023 1026 991
f 991 1026 1025
f 985 1021 986
f 1021 1024 986
f 986 1024 1023
f 984 1019 985
f 1019 1022 985
f 985 1022 1021
f 983 1017 984
f 1017 1020 984
f 984 1020 1019
f 981 1015 983
f 1015 1018 983
f 983 1018 1017
f 979 1013 981
f 1013 1016 981
f 981 1016 1015
f 978 1011 979
f 1011 1014 979
f 979 1014 1013
f 980 1009 978
f 1009 1012 978
f 978 1012 1011
f 982 1007 980
f 1007 1010 980
f 980 1010 1009
f 998 1005 982
f 1005 1008 982
f 982 1008 1007
f 1047 1050 1001
f 1050 1049 1001
f 1001 1049 1002
f 1049 1004 1002
f 1002 1004 997
f 1004 1003 997
f 997 1003 998
f 1003 1006 998
f 998 1006 1005
f 1072 1073 2415
f 1073 1074 2415
f 1074 1051 2415
f 2415 1051 2411
f 1051 1052 2411
f 2411 1052 1053
f 1072 2415 1071
f 2415 2414 1071
f 1071 2414 1070
f 1066 1067 2413
f 1067 1068 2413
f 2413 1068 2414
f 1068 1069 2414
f 2414 1069 1070
f 1062 1063 2412
f 1063 1064 2412
f 2412 1064 2413
f 1064 1065 2413
f 2413 1065 1066
f 2410 1057 1058
f 1058 1059 2410
f 1059 1060 2410
f 2410 1060 2412
f 1060 1061 2412
f 2412 1061 1062
f 1053 1054 2411
f 1054 1055 2411
f 2411 1055 2410
f 1055 1056 2410
f 2410 1056 1057
f 1000 1001 857
f 1001 1002 857
f 857 1002 834
f 1002 997 834
f 834 997 835
f 997 998 835
f 835 998 836
f 998 982 836
f 836 982 837
f 982 980 837
f 837 980 838
f 980 978 838
f 838 978 839
f 978 979 839
f 839 979 840
f 979 981 840
f 840 981 841
f 981 983 841
f 841 983 842
f 983 984 842
f 842 984 843
f 984 985 843
f 843 985 844
f 985 986 844
f 844 986 845
f 986 991 845
f 845 991 846
f 991 987 846
f 846 987 847
f 987 988 847
f 847 988 848
f 988 992 848
f 848 992 849
f 992 989 849
f 849 989 850
f 989 990 850
f 850 990 851
f 990 993 851
f 851 993 852
f 993 994 852
f 852 994 853
f 994 995 853
f 853 995 854
f 995 996 854
f 854 996 855
f 996 999 855
f 855 999 856
f 999 1000 856
f 856 1000 857
f 2417 2427 2440
f 2440 2441 2417
f 2441 2442 2417
f 2417 2442 2416
f 2418 2416 2443
f 2443 2444 2418
f 2444 2445 2418
f 2418 2445 2419
f 2426 2425 2437
f 2437 2438 2426
f 2438 2439 2426
f 2426 2439 2427
f 2424 2423 2434
f 2434 2435 2424
f 2435 2436 2424
f 2424 2436 2425
f 2422 2421 2431
f 2431 2432 2422
f 2432 2433 2422
f 2422 2433 2423
f 2420 2419 2430
f 2430 2428 2420
f 2428 2429 2420
f 2420 2429 2421
f 2417 2410 2427
f 2410 2412 2427
f 2427 2412 2426
f 2426 2412 2425
f 2412 2413 2425
f 2425 2413 2424
f 2424 2413 2423
f 2413 2414 2423
f 2423 2414 2422
f 2422 2414 2421
f 2414 2415 2421
f 2421 2415 2420
f 2420 2415 2419
f 2415 2411 2419
f 2419 2411 2418
f 2418 2411 2416
f 2411 2410 2416
f 2416 2410 2417
f 1896 1873 1897
f 1873 1872 1897
f 1897 1872 1898
f 1872 1876 1898
f 1898 1876 1899
f 1876 1880 1899
f 1899 1880 1900
f 1880 1875 1900
f 1900 1875 1901
f 1875 1874 1901
f 1901 1874 1902
f 1874 1879 1902
f 1902 1879 1903
f 1879 1878 1903
f 1903 1878 1904
f 1878 1885 1904
f 1904 1885 1905
f 1885 1884 1905
f 1905 1884 1906
f 1884 1883 1906
f 1906 1883 1907
f 1883 1891 1907
f 1907 1891 1908
f 1891 1890 1908
f 1908 1890 1909
f 1890 1889 1909
f 1909 1889 1910
f 1889 1895 1910
f 1910 1895 1911
f 1895 1894 1911
f 1911 1894 1912
f 1894 1893 1912
f 1912 1893 1913
f 1893 1892 1913
f 1913 1892 1914
f 1892 1888 1914
f 1914 1888 1915
f 1888 1887 1915
f 1915 1887 1916
f 1887 1882 1916
f 1916 1882 1917
f 1882 1881 1917
f 1917 1881 1918
f 1881 1886 1918
f 1918 1886 1919
f 1886 1877 1919
f 1919 1877 1896
f 1877 1873 1896
f 1920 1944 1921
f 1944 1945 1921
f 1921 1945 1922
f 1945 1946 1922
f 1922 1946 1923
f 1946 1947 1923
f 1923 1947 1924
f 1947 1948 1924
f 1924 1948 1925
f 1948 1949 1925
f 1925 1949 1926
f 1949 1950 1926
f 1926 1950 1927
f 1950 1951 1927
f 1927 1951 1928
f 1951 1952 1928
f 1928 1952 1929
f 1952 1953 1929
f 1929 1953 1930
f 1953 1954 1930
f 1930 1954 1931
f 1954 1955 1931
f 1931 1955 1932
f 1955 1956 1932
f 1932 1956 1933
f 1956 1957 1933
f 1933 1957 1934
f 1957 1958 1934
f 1934 1958 1935
f 1958 1959 1935
f 1935 1959 1936
f 1959 1960 1936
f 1936 1960 1937
f 1960 1961 1937
f 1937 1961 1938
f 1961 1962 1938
f 1938 1962 1939
f 1962 1963 1939
f 1939 1963 1940
f 1963 1964 1940
f 1940 1964 1941
f 1964 1965 1941
f 1941 1965 1942
f 1965 1966 1942
f 1942 1966 1943
f 1966 1967 1943
f 1943 1967 1920
f 1967 1944 1920
f 1967 1968 1944
f 1968 1969 1944
f 1944 1969 1945
f 1969 1970 1945
f 1945 1970 1946
f 1970 1971 1946
f 1946 1971 1947
f 1971 1972 1947
f 1947 1972 1948
f 1972 1973 1948
f 1948 1973 1949
f 1973 1974 1949
f 1949 1974 1950
f 1974 1975 1950
f 1950 1975 1951
f 1975 1976 1951
f 1951 1976 1952
f 1976 1977 1952
f 1952 1977 1953
f 1977 1978 1953
f 1953 1978 1954
f 1978 1979 1954
f 1954 1979 1955
f 1979 1980 1955
f 1955 1980 1956
f 1980 1981 1956
f 1956 1981 1957
f 1981 1982 1957
f 1957 1982 1958
f 1982 1983 1958
f 1958 1983 1959
f 1983 1984 1959
f 1959 1984 1960
f 1984 1985 1960
f 1960 1985 1961
f 1985 1986 1961
f 1961 1986 1962
f 1986 1987 1962
f 1962 1987 1963
f 1987 1988 1963
f 1963 1988 1964
f 1988 1989 1964
f 1964 1989 1965
f 1989 1990 1965
f 1965 1990 1966
f 1990 1991 1966
f 1966 1991 1967
f 1991 1968 1967
f 1991 1992 1968
f 1992 1993 1968
f 1968 1993 1969
f 1993 1994 1969
f 1969 1994 1970
f 1994 1995 1970
f 1970 1995 1971
f 1995 1996 1971
f 1971 1996 1972
f 1996 1997 1972
f 1972 1997 1973
f 1997 1998 1973
f 1973 1998 1974
f 1998 1999 1974
f 1974 1999 1975
f 1999 2000 1975
f 1975 2000 1976
f 2000 2001 1976
f 1976 2001 1977
f 2001 2002 1977
f 1977 2002 1978
f 2002 2003 1978
f 1978 2003 1979
f 2003 2004 1979
f 1979 2004 1980
f 2004 2005 1980
f 1980 2005 1981
f 2005 2006 1981
f 1981 2006 1982
f 2006 2007 1982
f 1982 2007 1983
f 2007 2008 1983
f 1983 2008 1984
f 2008 2009 1984
f 1984 2009 1985
f 2009 2010 1985
f 1985 2010 1986
f 2010 2011 1986
f 1986 2011 1987
f 2011 2012 1987
f 1987 2012 1988
f 2012 2013 1988
f 1988 2013 1989
f 2013 2014 1989
f 1989 2014 1990
f 2014 2015 1990
f 1990 2015 1991
f 2015 1992 1991
f 2015 2016 1992
f 2016 2017 1992
f 1992 2017 1993
f 2017 2018 1993
f 1993 2018 1994
f 2018 2019 1994
f 1994 2019 1995
f 2019 2020 1995
f 1995 2020 1996
f 2020 2021 1996
f 1996 2021 1997
f 2021 2022 1997
f 1997 2022 1998
f 2022 2023 1998
f 1998 2023 1999
f 2023 2024 1999
f 1999 2024 2000
f 2024 2025 2000
f 2000 2025 2001
f 2025 2026 2001
f 2001 2026 2002
f 2026 2027 2002
f 2002 2027 2003
f 2027 2028 2003
f 2003 2028 2004
f 2028 2029 2004
f 2004 2029 2005
f 2029 2030 2005
f 2005 2030 2006
f 2030 2031 2006
f 2006 2031 2007
f 2031 2032 2007
f 2007 2032 2008
f 2032 2033 2008
f 2008 2033 2009
f 2033 2034 2009
f 2009 2034 2010
f 2034 2035 2010
f 2010 2035 2011
f 2035 2036 2011
f 2011 2036 2012
f 2036 2037 2012
f 2012 2037 2013
f 2037 2038 2013
f 2013 2038 2014
f 2038 2039 2014
f 2014 2039 2015
f 2039 2016 2015
f 2039 2040 2016
f 2040 2041 2016
f 2016 2041 2017
f 2041 2042 2017
f 2017 2042 2018
f 2042 2043 2018
f 2018 2043 2019
f 2043 2044 2019
f 2019 2044 2020
f 2044 2045 2020
f 2020 2045 2021
f 2045 2046 2021
f 2021 2046 2022
f 2046 2047 2022
f 2022 2047 2023
f 2047 2048 2023
f 2023 2048 2024
f 2048 2049 2024
f 2024 2049 2025
f 2049 2050 2025
f 2025 2050 2026
f 2050 2051 2026
f 2026 2051 2027
f 2051 2052 2027
f 2027 2052 2028
f 2052 2053 2028
f 2028 2053 2029
f 2053 2054 2029
f 2029 2054 2030
f 2054 2055 2030
f 2030 2055 2031
f 2055 2056 2031
f 2031 2056 2032
f 2056 2057 2032
f 2032 2057 2033
f 2057 2058 2033
f 2033 2058 2034
f 2058 2059 2034
f 2034 2059 2035
f 2059 2060 2035
f 2035 2060 2036
f 2060 2061 2036
f 2036 2061 2037
f 2061 2062 2037
f 2037 2062 2038
f 2062 2063 2038
f 2038 2063 2039
f 2063 2040 2039
f 2063 1897 2040
f 1897 1898 2040
f 2040 1898 2041
f 1898 1899 2041
f 2041 1899 2042
f 1899 1900 2042
f 2042 1900 2043
f 1900 1901 2043
f 2043 1901 2044
f 1901 1902 2044
f 2044 1902 2045
f 1902 1903 2045
f 2045 1903 2046
f 1903 1904 2046
f 2046 1904 2047
f 1904 1905 2047
f 2047 1905 2048
f 1905 1906 2048
f 2048 1906 2049
f 1906 1907 2049
f 2049 1907 2050
f 1907 1908 2050
f 2050 1908 2051
f 1908 1909 2051
f 2051 1909 2052
f 1909 1910 2052
f 2052 1910 2053
f 1910 1911 2053
f 2053 1911 2054
f 1911 1912 2054
f 2054 1912 2055
f 1912 1913 2055
f 2055 1913 2056
f 1913 1914 2056
f 2056 1914 2057
f 1914 1915 2057
f 2057 1915 2058
f 1915 1916 2058
f 2058 1916 2059
f 1916 1917 2059
f 2059 1917 2060
f 1917 1918 2060
f 2060 1918 2061
f 1918 1919 2061
f 2061 1919 2062
f 1919 1896 2062
f 2062 1896 2063
f 1896 1897 2063
f 2409 2408 2407
f 2382 2408 2409
f 2409 2379 2405
f 2406 2379 2409
f 2407 2406 2409
f 2409 2403 2390
f 2404 2403 2409
f 2405 2404 2409
f 2409 2401 2400
f 2402 2401 2409
f 2390 2402 2409
f 2409 2399 2398
f 2388 2399 2409
f 2400 2388 2409
f 2409 2386 2396
f 2397 2386 2409
f 2398 2397 2409
f 2409 2394 2384
f 2395 2394 2409
f 2396 2395 2409
f 2409 2391 2393
f 2392 2391 2409
f 2384 2392 2409
f 2393 2382 2409
usemtl Cod_Gray
f 760 736 761
f 736 759 761
f 761 759 762
f 759 758 762
f 762 758 763
f 758 757 763
f 763 757 770
f 757 756 770
f 770 756 771
f 756 755 771
f 771 755 772
f 755 754 772
f 772 754 773
f 754 753 773
f 773 753 777
f 753 752 777
f 777 752 774
f 752 751 774
f 774 751 764
f 751 750 764
f 764 750 765
f 750 749 765
f 765 749 766
f 749 748 766
f 766 748 767
f 748 747 767
f 767 747 768
f 747 746 768
f 768 746 769
f 746 745 769
f 769 745 778
f 745 744 778
f 778 744 775
f 744 743 775
f 775 743 776
f 743 742 776
f 776 742 781
f 742 741 781
f 781 741 782
f 741 740 782
f 782 740 783
f 740 739 783
f 783 739 779
f 739 738 779
f 779 738 780
f 738 737 780
f 780 737 760
f 737 736 760
f 1677 1678 1680
f 1678 1656 1680
f 1680 1656 1684
f 1656 1655 1684
f 1684 1655 1685
f 1655 1654 1685
f 1685 1654 1686
f 1654 1657 1686
f 1686 1657 1688
f 1657 1658 1688
f 1688 1658 1689
f 1658 1659 1689
f 1689 1659 1690
f 1659 1660 1690
f 1690 1660 1691
f 1660 1661 1691
f 1691 1661 1696
f 1661 1662 1696
f 1696 1662 1697
f 1662 1663 1697
f 1697 1663 1698
f 1663 1664 1698
f 1698 1664 1699
f 1664 1665 1699
f 1699 1665 1700
f 1665 1666 1700
f 1700 1666 1701
f 1666 1667 1701
f 1701 1667 1692
f 1667 1668 1692
f 1692 1668 1693
f 1668 1669 1693
f 1693 1669 1694
f 1669 1670 1694
f 1694 1670 1695
f 1670 1671 1695
f 1695 1671 1702
f 1671 1672 1702
f 1702 1672 1687
f 1672 1673 1687
f 1687 1673 1682
f 1673 1674 1682
f 1682 1674 1683
f 1674 1675 1683
f 1683 1675 1681
f 1675 1676 1681
f 1681 1676 1679
f 1676 1677 1679
f 1679 1677 1680
f 1609 1655 1621
f 1655 1656 1621
f 1621 1656 1620
f 1656 1678 1620
f 1620 1678 1612
f 1678 1677 1612
f 1612 1677 1607
f 1677 1676 1607
f 1607 1676 1630
f 1676 1675 1630
f 1630 1675 1628
f 1675 1674 1628
f 1628 1674 1629
f 1674 1673 1629
f 1629 1673 1627
f 1673 1672 1627
f 1627 1672 1626
f 1672 1671 1626
f 1626 1671 1641
f 1671 1670 1641
f 1641 1670 1640
f 1670 1669 1640
f 1640 1669 1615
f 1669 1668 1615
f 1615 1668 1611
f 1668 1667 1611
f 1611 1667 1610
f 1667 1666 1610
f 1610 1666 1606
f 1666 1665 1606
f 1606 1665 1643
f 1665 1664 1643
f 1643 1664 1634
f 1664 1663 1634
f 1634 1663 1652
f 1663 1662 1652
f 1652 1662 1649
f 1662 1661 1649
f 1649 1661 1639
f 1661 1660 1639
f 1639 1660 1638
f 1660 1659 1638
f 1638 1659 1625
f 1659 1658 1625
f 1625 1658 1622
f 1658 1657 1622
f 1622 1657 1608
f 1657 1654 1608
f 1608 1654 1609
f 1654 1655 1609
f 1703 1653 1704
f 1653 1647 1704
f 1704 1647 1705
f 1647 1648 1705
f 1705 1648 1706
f 1648 1631 1706
f 1706 1631 1707
f 1631 1632 1707
f 1707 1632 1708
f 1632 1642 1708
f 1708 1642 1709
f 1642 1633 1709
f 1709 1633 1710
f 1633 1623 1710
f 1710 1623 1711
f 1623 1624 1711
f 1711 1624 1712
f 1624 1614 1712
f 1712 1614 1713
f 1614 1605 1713
f 1713 1605 1714
f 1605 1613 1714
f 1714 1613 1715
f 1613 1635 1715
f 1715 1635 1716
f 1635 1645 1716
f 1716 1645 1717
f 1645 1644 1717
f 1717 1644 1718
f 1644 1646 1718
f 1718 1646 1719
f 1646 1637 1719
f 1719 1637 1720
f 1637 1636 1720
f 1720 1636 1721
f 1636 1617 1721
f 1721 1617 1722
f 1617 1616 1722
f 1722 1616 1723
f 1616 1618 1723
f 1723 1618 1724
f 1618 1619 1724
f 1724 1619 1725
f 1619 1651 1725
f 1725 1651 1726
f 1651 1650 1726
f 1726 1650 1703
f 1650 1653 1703
f 14 27 15
f 27 28 15
f 15 28 16
f 28 29 16
f 16 29 17
f 29 30 17
f 17 30 18
f 30 31 18
f 18 31 19
f 31 32 19
f 19 32 20
f 32 33 20
f 20 33 21
f 33 34 21
f 21 34 22
f 34 35 22
f 22 35 23
f 35 36 23
f 23 36 24
f 36 37 24
f 24 37 1
f 37 38 1
f 1 38 2
f 38 39 2
f 2 39 3
f 39 40 3
f 3 40 4
f 40 41 4
f 4 41 5
f 41 42 5
f 5 42 6
f 42 43 6
f 6 43 7
f 43 44 7
f 7 44 8
f 44 45 8
f 8 45 9
f 45 46 9
f 9 46 10
f 46 47 10
f 10 47 11
f 47 48 11
f 11 48 12
f 48 49 12
f 12 49 13
f 49 26 13
f 13 26 14
f 26 27 14
f 736 119 759
f 119 120 759
f 759 120 758
f 120 103 758
f 758 103 757
f 103 114 757
f 757 114 756
f 114 83 756
f 756 83 755
f 83 104 755
f 755 104 754
f 104 73 754
f 754 73 753
f 73 72 753
f 753 72 752
f 72 100 752
f 752 100 751
f 100 95 751
f 751 95 750
f 95 113 750
f 750 113 749
f 113 84 749
f 749 84 748
f 84 65 748
f 748 65 747
f 65 59 747
f 747 59 746
f 59 66 746
f 746 66 745
f 66 107 745
f 745 107 744
f 107 109 744
f 744 109 743
f 109 108 743
f 743 108 742
f 108 135 742
f 742 135 741
f 135 134 741
f 741 134 740
f 134 125 740
f 740 125 739
f 125 124 739
f 739 124 738
f 124 140 738
f 738 140 737
f 140 145 737
f 737 145 736
f 145 119 736
f 806 808 498
f 808 807 498
f 498 807 492
f 807 784 492
f 492 784 490
f 784 785 490
f 490 785 491
f 785 786 491
f 491 786 497
f 786 787 497
f 497 787 504
f 787 788 504
f 504 788 488
f 788 789 488
f 488 789 489
f 789 790 489
f 489 790 485
f 790 791 485
f 485 791 486
f 791 792 486
f 486 792 496
f 792 793 496
f 496 793 503
f 793 794 503
f 503 794 506
f 794 795 506
f 506 795 502
f 795 796 502
f 502 796 495
f 796 797 495
f 495 797 484
f 797 798 484
f 484 798 494
f 798 799 494
f 494 799 500
f 799 800 500
f 500 800 483
f 800 801 483
f 483 801 482
f 801 802 482
f 482 802 493
f 802 803 493
f 493 803 499
f 803 804 499
f 499 804 505
f 804 805 505
f 505 805 501
f 805 806 501
f 501 806 498
f 820 819 82
f 82 819 74
f 819 818 74
f 74 818 98
f 818 817 98
f 98 817 99
f 817 816 99
f 99 816 112
f 816 815 112
f 112 815 96
f 815 814 96
f 96 814 97
f 814 813 97
f 97 813 101
f 813 812 101
f 101 812 94
f 812 811 94
f 94 811 92
f 811 809 92
f 92 809 93
f 82 122 820
f 122 121 820
f 820 121 821
f 121 90 821
f 821 90 822
f 90 89 822
f 822 89 823
f 89 116 823
f 823 116 824
f 116 52 824
f 824 52 825
f 52 53 825
f 825 53 826
f 53 55 826
f 826 55 827
f 55 54 827
f 827 54 828
f 54 63 828
f 828 63 829
f 63 70 829
f 829 70 830
f 70 71 830
f 830 71 831
f 71 80 831
f 831 80 832
f 80 79 832
f 832 79 833
f 79 93 833
f 833 93 810
f 93 809 810
f 1545 1544 1416
f 1544 1543 1416
f 1416 1543 1435
f 1543 1542 1435
f 1435 1542 1430
f 1542 1541 1430
f 1430 1541 1426
f 1541 1540 1426
f 1426 1540 1427
f 1540 1539 1427
f 1427 1539 1429
f 1539 1538 1429
f 1429 1538 1425
f 1538 1537 1425
f 1425 1537 1434
f 1537 1536 1434
f 1434 1536 1424
f 1536 1535 1424
f 1424 1535 1420
f 1535 1534 1420
f 1420 1534 1421
f 1534 1533 1421
f 1421 1533 1423
f 1533 1531 1423
f 1423 1531 1433
f 1531 1532 1433
f 1433 1532 1431
f 1532 1555 1431
f 1431 1555 1432
f 1555 1554 1432
f 1432 1554 1428
f 1554 1553 1428
f 1428 1553 1422
f 1553 1552 1422
f 1422 1552 1419
f 1552 1551 1419
f 1419 1551 1413
f 1551 1550 1413
f 1413 1550 1414
f 1550 1549 1414
f 1414 1549 1418
f 1549 1548 1418
f 1418 1548 1411
f 1548 1547 1411
f 1411 1547 1412
f 1547 1546 1412
f 1412 1546 1415
f 1546 1545 1415
f 1415 1545 1416
f 1563 1560 1592
f 1560 1557 1592
f 1592 1557 1593
f 1557 1556 1593
f 1593 1556 1594
f 1556 1562 1594
f 1594 1562 1595
f 1562 1559 1595
f 1595 1559 1596
f 1559 1558 1596
f 1596 1558 1597
f 1558 1561 1597
f 1597 1561 1598
f 1561 1573 1598
f 1598 1573 1599
f 1573 1567 1599
f 1599 1567 1600
f 1567 1566 1600
f 1600 1566 1601
f 1566 1572 1601
f 1601 1572 1602
f 1572 1578 1602
f 1602 1578 1603
f 1578 1580 1603
f 1603 1580 1604
f 1580 1579 1604
f 1604 1579 1582
f 1579 1577 1582
f 1582 1577 1581
f 1577 1576 1581
f 1581 1576 1583
f 1576 1571 1583
f 1583 1571 1584
f 1571 1570 1584
f 1584 1570 1585
f 1570 1575 1585
f 1585 1575 1586
f 1575 1574 1586
f 1586 1574 1587
f 1574 1569 1587
f 1587 1569 1588
f 1569 1568 1588
f 1588 1568 1589
f 1568 1565 1589
f 1589 1565 1590
f 1565 1564 1590
f 1590 1564 1591
f 1564 1563 1591
f 1591 1563 1592
f 2203 2202 2215
f 2202 2213 2215
f 2215 2213 2214
f 2213 2211 2214
f 2214 2211 2212
f 2211 2209 2212
f 2212 2209 2210
f 2209 2207 2210
f 2210 2207 2208
f 2207 2204 2208
f 2208 2204 2206
f 2204 2205 2206
f 2193 2186 2192
f 2186 2184 2192
f 2192 2184 2191
f 2184 2182 2191
f 2191 2182 2190
f 2182 2181 2190
f 2190 2181 2189
f 2181 2180 2189
f 2189 2180 2188
f 2180 2183 2188
f 2188 2183 2187
f 2183 2185 2187
f 1387 1386 1385
f 1386 1251 1385
f 2163 2162 2202
f 2162 2201 2202
f 2172 2163 2185
f 2163 2202 2185
f 2185 2202 2187
f 2202 2203 2187
f 2259 2269 2243
f 1523 1527 1530
f 2206 2266 2265
f 2194 2158 2205
f 2158 481 2205
f 2205 2263 2206
f 2263 2268 2206
f 2206 2268 2261
f 2261 2262 2206
f 2262 2267 2206
f 2206 2267 2266
f 2255 481 2257
f 481 2256 2257
f 2249 2254 2205
f 2254 2260 2205
f 2205 2260 2263
f 2252 1523 2251
f 1523 1530 2251
f 2251 1530 2253
f 1530 2259 2253
f 2253 2259 2264
f 2259 2243 2264
f 2264 2243 2265
f 2243 2223 2265
f 2265 2223 2206
f 2256 481 2250
f 481 479 2250
f 2250 479 2246
f 479 478 2246
f 2246 478 2247
f 478 477 2247
f 2247 477 2258
f 477 507 2258
f 2258 507 2252
f 507 1524 2252
f 2252 1524 1523
f 2255 2244 481
f 2244 2245 481
f 481 2245 2205
f 2245 2248 2205
f 2205 2248 2249
f 1529 1528 1526
f 1519 2156 2186
f 2156 2179 2186
f 2231 2318 2220
f 2318 2319 2220
f 2220 2319 2193
f 2231 2288 2318
f 2288 2293 2318
f 2318 2293 2320
f 2293 2305 2320
f 2306 2186 2308
f 2186 2307 2308
f 2312 2313 1519
f 2313 2316 1519
f 1519 2316 1518
f 2316 2311 1518
f 1518 2311 1521
f 2311 2310 1521
f 1521 2310 1520
f 2310 2317 1520
f 1520 2317 1522
f 2317 2309 1522
f 1522 2309 1525
f 2309 2304 1525
f 1525 2304 1526
f 2304 2305 1526
f 1526 2305 1529
f 2305 2293 1529
f 2307 2186 2302
f 2186 2193 2302
f 2302 2193 2301
f 2319 2315 2193
f 2315 2299 2193
f 2193 2299 2296
f 2306 2300 2186
f 2300 2298 2186
f 2186 2298 1519
f 2298 2314 1519
f 1519 2314 2312
f 2296 2297 2193
f 2297 2303 2193
f 2193 2303 2301
f 280 215 234
f 280 234 289
f 234 233 289
f 289 233 288
f 233 232 288
f 288 232 287
f 232 231 287
f 287 231 286
f 231 230 286
f 286 230 285
f 230 229 285
f 285 229 284
f 229 226 284
f 284 226 283
f 226 244 283
f 283 244 282
f 282 244 480
f 244 301 480
f 480 301 481
f 301 479 481
f 479 301 461
f 479 461 478
f 461 460 478
f 478 460 477
f 507 477 476
f 477 460 476
f 2094 2092 2109
f 2092 2107 2109
f 2109 2107 2108
f 2107 2105 2108
f 2108 2105 2106
f 2105 2103 2106
f 2106 2103 2104
f 2103 2101 2104
f 2104 2101 2102
f 2101 2099 2102
f 2102 2099 2100
f 2099 2096 2100
f 2100 2096 2098
f 2096 2097 2098
f 2125 2110 2124
f 2110 2117 2124
f 2124 2117 2123
f 2117 2116 2123
f 2123 2116 2122
f 2116 2115 2122
f 2122 2115 2121
f 2115 2112 2121
f 2121 2112 2120
f 2112 2111 2120
f 2120 2111 2119
f 2111 2114 2119
f 2119 2114 2118
f 2114 2113 2118
f 2098 2097 2125
f 2097 2110 2125
f 2095 2093 2131
f 2093 2155 2131
f 2131 2155 2137
f 2155 2147 2137
f 2137 2147 2130
f 2147 2146 2130
f 2130 2146 2136
f 2146 2148 2136
f 2136 2148 2128
f 2148 2149 2128
f 2128 2149 2129
f 2149 2151 2129
f 2129 2151 2138
f 2151 2150 2138
f 2134 2152 2135
f 2152 2153 2135
f 2135 2153 2140
f 2153 2143 2140
f 2140 2143 2132
f 2143 2142 2132
f 2132 2142 2133
f 2142 2144 2133
f 2133 2144 2139
f 2144 2145 2139
f 2139 2145 2141
f 2145 2154 2141
f 2141 2154 2127
f 2154 2126 2127
f 2138 2150 2134
f 2150 2152 2134
f 449 2075 2068
f 430 2073 429
f 2073 2074 429
f 2075 449 2072
f 449 1222 2072
f 2072 1222 2076
f 1222 1229 2076
f 2076 1229 2077
f 2071 2069 431
f 443 441 2064
f 431 2069 430
f 2069 2070 430
f 430 2070 2073
f 443 2064 444
f 453 451 2066
f 451 449 2066
f 2066 449 2067
f 449 2068 2067
f 2064 435 2066
f 435 446 2066
f 2066 446 458
f 458 457 2066
f 457 455 2066
f 2066 455 453
f 444 2064 431
f 2064 2065 431
f 431 2065 2071
f 441 439 2064
f 439 437 2064
f 2064 437 435
f 1343 1374 1373
f 1343 1373 1341
f 1373 1372 1341
f 1341 1372 1340
f 1372 1371 1340
f 1340 1371 1339
f 1371 1370 1339
f 1339 1370 1338
f 1370 1369 1338
f 1338 1369 1337
f 1369 1320 1337
f 1337 1320 1319
f 1306 1305 1320
f 1305 1319 1320
f 1305 1306 1304
f 1305 1304 1303
f 1304 1290 1303
f 1303 1290 1289
f 1224 1227 1225
f 1227 1289 1225
f 1225 1289 1228
f 1289 1290 1228
f 1227 1224 1226
f 1224 1223 1226
f 1226 1223 1220
f 1223 1221 1220
f 1375 1374 688
f 1374 1343 688
f 374 338 337
f 374 337 373
f 337 336 373
f 373 336 372
f 336 335 372
f 372 335 371
f 335 334 371
f 371 334 370
f 334 333 370
f 370 333 369
f 333 326 369
f 369 326 332
f 303 329 326
f 329 332 326
f 329 303 302
f 329 302 328
f 302 222 328
f 328 222 327
f 222 198 225
f 225 330 222
f 330 331 222
f 222 331 327
f 225 198 224
f 198 197 224
f 224 197 223
f 197 163 223
f 436 438 162
f 436 162 433
f 1221 448 1220
f 448 447 1220
f 1220 447 1219
f 447 450 1219
f 450 452 1219
f 1219 452 454
f 438 440 162
f 440 442 162
f 162 442 163
f 442 432 163
f 163 432 223
f 454 456 1219
f 456 445 1219
f 1219 445 162
f 445 434 162
f 162 434 433
f 171 173 281
f 1385 1251 1384
f 1251 1249 1384
f 1384 1249 487
f 1219 162 1248
f 162 170 1248
f 1248 170 1249
f 170 171 1249
f 1249 171 487
f 171 281 487
f 215 280 173
f 280 281 173
f 1386 1387 1410
f 1386 1410 1409
f 1410 1408 1409
f 1409 1408 1407
f 1408 1406 1407
f 1407 1406 1405
f 1406 1404 1405
f 1405 1404 1403
f 1404 1402 1403
f 1403 1402 1401
f 1402 1400 1401
f 1401 1400 1399
f 1400 1398 1399
f 1399 1398 1397
f 1398 1395 1397
f 1397 1395 1396
f 1519 1518 1417
f 1518 1503 1417
f 1417 1503 1395
f 1503 1396 1395
f 1503 1518 1521
f 1503 1521 1512
f 1521 1520 1512
f 1512 1520 1511
f 632 1511 1522
f 1511 1520 1522
f 632 1522 1525
f 1528 627 626
f 1528 626 1526
f 515 1527 518
f 1527 1523 518
f 518 1523 517
f 626 629 1526
f 629 628 1526
f 1526 628 1525
f 628 630 1525
f 1525 630 632
f 517 1523 520
f 1523 1524 520
f 520 1524 519
f 1524 507 519
f 519 507 476
f 1528 1527 627
f 1527 515 627
f 627 515 625
f 515 516 625
f 625 516 624
f 516 514 624
f 624 514 623
f 514 513 623
f 623 513 622
f 513 512 622
f 622 512 621
f 512 511 621
f 621 511 620
f 511 508 620
f 508 510 620
f 620 510 569
f 510 555 569
f 555 568 569
f 568 555 571
f 555 562 571
f 571 562 570
f 562 561 570
f 561 393 570
f 393 572 570
f 1376 691 1380
f 691 693 1380
f 1380 693 1381
f 1378 1379 385
f 380 381 382
f 381 1378 382
f 382 1378 383
f 1378 385 383
f 688 699 1375
f 699 1377 1375
f 699 689 1377
f 689 690 1377
f 1377 690 1376
f 690 692 1376
f 1376 692 691
f 572 393 698
f 393 392 698
f 698 392 697
f 392 390 697
f 697 390 696
f 390 391 696
f 696 391 695
f 391 389 695
f 695 389 694
f 389 388 694
f 694 388 693
f 388 387 693
f 693 387 1381
f 387 386 1381
f 1381 386 1379
f 386 384 1379
f 1379 384 385
f 380 338 381
f 338 374 381
f 604 1649 610
f 1649 1639 610
f 1581 1583 1262
f 1583 1584 1262
f 1637 1646 660
f 1646 1644 660
f 660 1644 597
f 1644 1645 597
f 615 614 1625
f 614 613 1625
f 1625 613 1638
f 613 612 1638
f 1638 612 1639
f 612 611 1639
f 1639 611 610
f 1388 1602 1603
f 660 677 1637
f 677 676 1637
f 1637 676 1636
f 676 675 1636
f 1636 675 1617
f 594 1634 604
f 1634 1652 604
f 604 1652 1649
f 1623 1633 1308
f 1633 1642 1308
f 1308 1642 1321
f 1642 1632 1321
f 1321 1632 1327
f 1632 1631 1327
f 1327 1631 1328
f 1631 1648 1328
f 1328 1648 1329
f 1648 1647 1329
f 1329 1647 1330
f 1647 1653 1330
f 1330 1653 1331
f 1653 1650 1331
f 1331 1650 1332
f 1628 1629 1589
f 1629 1627 1589
f 1589 1627 1588
f 1627 1626 1588
f 1588 1626 1587
f 1626 1641 1587
f 1587 1641 1586
f 1591 1592 1498
f 1592 1593 1498
f 1498 1593 1437
f 1282 1614 1281
f 1614 1624 1281
f 1281 1624 1291
f 1624 1623 1291
f 1291 1623 1307
f 1623 1308 1307
f 1388 1603 1264
f 1603 1604 1264
f 1264 1604 1262
f 1604 1582 1262
f 1262 1582 1581
f 1650 1651 1332
f 1651 1619 1332
f 1332 1619 671
f 1619 1618 671
f 671 1618 672
f 1618 1616 672
f 672 1616 673
f 1616 1617 673
f 673 1617 674
f 1617 675 674
f 1611 1260 1615
f 1260 1262 1615
f 1615 1262 1640
f 1262 1584 1640
f 1640 1584 1641
f 1584 1585 1641
f 1641 1585 1586
f 1645 1635 597
f 1635 1613 597
f 597 1613 1605
f 1625 1622 615
f 1622 1608 615
f 615 1608 1505
f 1610 1233 1611
f 1233 1232 1611
f 1611 1232 1260
f 595 1606 594
f 1606 1643 594
f 594 1643 1634
f 1608 1609 1505
f 1609 1621 1505
f 1505 1621 1506
f 1621 1620 1506
f 1506 1620 1498
f 1620 1612 1498
f 1498 1612 1607
f 1591 1498 1590
f 1498 1607 1590
f 1590 1607 1589
f 1607 1630 1589
f 1589 1630 1628
f 1598 1440 1597
f 1440 1439 1597
f 1597 1439 1596
f 1439 1438 1596
f 1596 1438 1595
f 1438 1437 1595
f 1595 1437 1594
f 1437 1593 1594
f 1602 1388 1601
f 1388 1444 1601
f 1601 1444 1600
f 1444 1443 1600
f 1600 1443 1599
f 1443 1442 1599
f 1599 1442 1598
f 1442 1441 1598
f 1598 1441 1440
f 595 597 1606
f 597 1605 1606
f 1606 1605 1610
f 1605 1614 1610
f 1610 1614 1233
f 1614 1282 1233
f 60 27 26
f 42 41 141
f 26 49 60
f 49 48 60
f 60 48 131
f 141 41 144
f 30 29 105
f 44 143 45
f 143 130 45
f 45 130 46
f 130 131 46
f 46 131 47
f 131 48 47
f 141 128 42
f 128 127 42
f 42 127 43
f 127 129 43
f 43 129 44
f 129 142 44
f 44 142 143
f 117 140 139
f 140 124 139
f 139 124 126
f 124 125 126
f 82 81 122
f 81 121 122
f 50 116 89
f 95 112 96
f 109 106 108
f 106 115 108
f 108 115 135
f 115 136 135
f 135 136 134
f 136 137 134
f 134 137 125
f 137 138 125
f 125 138 126
f 81 103 102
f 103 120 102
f 102 120 118
f 120 119 118
f 118 119 117
f 119 145 117
f 117 145 140
f 96 97 95
f 97 101 95
f 95 101 75
f 101 94 75
f 75 94 91
f 94 92 91
f 92 93 91
f 93 79 91
f 91 79 78
f 50 89 81
f 89 90 81
f 81 90 121
f 41 40 144
f 40 39 144
f 144 39 133
f 39 38 133
f 133 38 132
f 38 37 132
f 132 37 123
f 37 36 123
f 123 36 111
f 36 35 111
f 111 35 88
f 35 34 88
f 88 34 87
f 34 33 87
f 87 33 110
f 59 29 28
f 65 84 75
f 84 113 75
f 75 113 95
f 82 83 81
f 83 114 81
f 81 114 103
f 33 32 110
f 32 31 110
f 110 31 77
f 31 30 77
f 77 30 86
f 30 105 86
f 112 95 99
f 95 100 99
f 99 100 98
f 100 72 98
f 98 72 74
f 72 73 74
f 74 73 82
f 73 104 82
f 82 104 83
f 109 107 106
f 107 66 106
f 106 66 67
f 66 59 67
f 67 59 60
f 59 28 60
f 60 28 27
f 75 76 65
f 76 57 65
f 65 57 59
f 57 58 59
f 59 58 29
f 58 85 29
f 29 85 105
f 79 80 78
f 80 71 78
f 78 71 69
f 71 70 69
f 69 70 68
f 70 63 68
f 68 63 64
f 63 54 64
f 64 54 56
f 54 55 56
f 116 50 52
f 50 51 52
f 52 51 53
f 51 61 53
f 53 61 55
f 61 62 55
f 55 62 56
f 1229 1222 1228
f 1222 1225 1228
f 430 429 330
f 429 331 330
f 1225 1222 1224
f 1222 1223 1224
f 1223 1222 1221
f 1222 449 1221
f 1221 449 448
f 446 445 458
f 445 456 458
f 458 456 457
f 456 454 457
f 457 454 455
f 454 452 455
f 455 452 453
f 452 450 453
f 453 450 451
f 450 447 451
f 451 447 449
f 447 448 449
f 435 434 446
f 434 445 446
f 431 432 444
f 432 442 444
f 444 442 443
f 442 440 443
f 443 440 441
f 440 438 441
f 441 438 439
f 438 436 439
f 439 436 437
f 436 433 437
f 437 433 435
f 433 434 435
f 330 225 430
f 225 224 430
f 430 224 431
f 224 223 431
f 431 223 432
f 1376 1380 1383
f 1229 1228 2077
f 1228 1290 2077
f 2077 1374 1375
f 2092 2094 2093
f 1290 1304 2077
f 1304 1306 2077
f 2077 1306 1320
f 1320 1369 2077
f 1369 1370 2077
f 2077 1370 1371
f 1371 1372 2077
f 1372 1373 2077
f 2077 1373 1374
f 2095 2078 2093
f 2078 2077 2093
f 2093 2077 2092
f 2077 1375 2092
f 2092 1375 1383
f 1375 1377 1383
f 1383 1377 1376
f 331 429 327
f 429 2074 327
f 327 2074 328
f 2074 329 328
f 2118 2113 2126
f 2113 2074 2126
f 2126 2074 2127
f 2074 2091 2127
f 370 369 2074
f 369 332 2074
f 2074 332 329
f 1381 1379 1382
f 1379 1378 1382
f 1382 1378 2113
f 1378 381 2113
f 2113 381 2074
f 381 374 2074
f 2074 374 373
f 373 372 2074
f 372 371 2074
f 2074 371 370
f 2084 2066 2083
f 2066 2067 2083
f 2083 2067 2082
f 2067 2068 2082
f 2082 2068 2081
f 2068 2075 2081
f 2081 2075 2080
f 2075 2072 2080
f 2080 2072 2079
f 2072 2076 2079
f 2079 2076 2078
f 2076 2077 2078
f 2085 2064 2084
f 2064 2066 2084
f 2091 2074 2090
f 2074 2073 2090
f 2090 2073 2089
f 2073 2070 2089
f 2089 2070 2088
f 2070 2069 2088
f 2088 2069 2087
f 2069 2071 2087
f 2087 2071 2086
f 2071 2065 2086
f 2086 2065 2085
f 2065 2064 2085
f 2086 2085 2091
f 2140 2132 2127
f 2091 2085 2127
f 2095 2136 2128
f 2132 2133 2127
f 2133 2139 2127
f 2127 2139 2141
f 2136 2095 2130
f 2095 2131 2130
f 2130 2131 2137
f 2128 2129 2095
f 2129 2138 2095
f 2095 2138 2078
f 2091 2090 2086
f 2090 2089 2086
f 2086 2089 2087
f 2089 2088 2087
f 2081 2080 2082
f 2080 2079 2082
f 2082 2079 2083
f 2079 2078 2083
f 2083 2078 2084
f 2078 2138 2084
f 2084 2138 2085
f 2138 2134 2085
f 2085 2134 2127
f 2134 2135 2127
f 2127 2135 2140
f 2155 2093 2094
f 2143 2153 2123
f 2123 2153 2124
f 2153 2152 2124
f 2124 2152 2125
f 2125 2152 2098
f 2152 2150 2098
f 2098 2150 2100
f 2150 2151 2100
f 2100 2151 2102
f 2102 2151 2104
f 2151 2149 2104
f 2104 2149 2106
f 2149 2148 2106
f 2106 2148 2108
f 2108 2148 2109
f 2148 2146 2109
f 2109 2146 2094
f 2146 2147 2094
f 2094 2147 2155
f 2126 2154 2118
f 2154 2145 2118
f 2118 2145 2119
f 2145 2144 2119
f 2119 2144 2120
f 2144 2142 2120
f 2120 2142 2121
f 2142 2143 2121
f 2121 2143 2122
f 2143 2123 2122
f 2096 2099 1383
f 2099 2101 1383
f 1383 2101 2103
f 2111 1382 2114
f 1382 2113 2114
f 2111 2112 1382
f 2112 2115 1382
f 1382 2115 2116
f 2116 2117 1382
f 2117 2110 1382
f 1382 2110 1383
f 2110 2097 1383
f 1383 2097 2096
f 2103 2105 1383
f 2105 2107 1383
f 1383 2107 2092
f 2273 2275 1530
f 1529 2293 2294
f 2273 1530 2270
f 2294 2295 1529
f 2295 2292 1529
f 1529 2292 2291
f 2275 2277 1530
f 2277 2279 1530
f 1530 2279 2259
f 2291 2290 1529
f 2290 2289 1529
f 1529 2289 1530
f 2289 2271 1530
f 1530 2271 2270
f 480 506 502
f 280 505 501
f 497 504 487
f 480 502 282
f 280 501 281
f 497 487 491
f 486 496 480
f 496 503 480
f 480 503 506
f 505 280 499
f 280 289 499
f 499 289 493
f 289 288 493
f 493 288 482
f 501 498 281
f 498 492 281
f 281 492 487
f 492 490 487
f 487 490 491
f 504 488 487
f 488 489 487
f 487 489 480
f 489 485 480
f 480 485 486
f 502 495 282
f 495 484 282
f 282 484 283
f 484 494 283
f 283 494 284
f 494 500 284
f 284 500 285
f 500 483 285
f 285 483 286
f 483 482 286
f 286 482 287
f 482 288 287
f 1387 1385 1431
f 1435 1430 1417
f 1430 1426 1417
f 1417 1426 1427
f 1427 1429 1417
f 1429 1425 1417
f 1417 1425 1384
f 1425 1434 1384
f 1434 1424 1384
f 1384 1424 1420
f 1420 1421 1384
f 1421 1423 1384
f 1384 1423 1385
f 1423 1433 1385
f 1385 1433 1431
f 1395 1415 1417
f 1415 1416 1417
f 1417 1416 1435
f 1431 1432 1387
f 1432 1428 1387
f 1387 1428 1410
f 1428 1422 1410
f 1410 1422 1408
f 1422 1419 1408
f 1408 1419 1406
f 1419 1413 1406
f 1406 1413 1404
f 1413 1414 1404
f 1404 1414 1402
f 1402 1414 1400
f 1414 1418 1400
f 1400 1418 1398
f 1418 1411 1398
f 1398 1411 1395
f 1411 1412 1395
f 1395 1412 1415
f 2168 2166 487
f 2166 2167 487
f 2167 2170 487
f 487 2170 2171
f 1384 2164 2159
f 2171 2169 487
f 2169 2162 487
f 487 2162 1384
f 2162 2163 1384
f 1384 2163 2160
f 2160 2161 1384
f 2161 2165 1384
f 1384 2165 2164
f 2168 487 2158
f 487 480 2158
f 2158 480 481
f 1519 1417 2156
f 1417 1384 2156
f 2156 1384 2157
f 1384 2159 2157
f 2283 2289 2282
f 2289 2290 2282
f 2282 2290 2284
f 2290 2291 2284
f 2284 2291 2286
f 2291 2292 2286
f 2286 2292 2285
f 2292 2295 2285
f 2285 2295 2287
f 2295 2294 2287
f 2287 2294 2288
f 2294 2293 2288
f 2272 2271 2283
f 2271 2289 2283
f 2269 2259 2281
f 2259 2279 2281
f 2281 2279 2280
f 2279 2277 2280
f 2280 2277 2278
f 2277 2275 2278
f 2278 2275 2276
f 2275 2273 2276
f 2276 2273 2274
f 2273 2270 2274
f 2274 2270 2272
f 2270 2271 2272
f 2242 2243 2269
f 2231 2230 2288
f 2230 2232 2288
f 2288 2232 2287
f 2232 2233 2287
f 2287 2233 2285
f 2233 2234 2285
f 2238 2239 2278
f 2278 2239 2280
f 2239 2240 2280
f 2280 2240 2281
f 2281 2240 2269
f 2240 2241 2269
f 2269 2241 2242
f 2236 2282 2235
f 2282 2284 2235
f 2235 2284 2234
f 2284 2286 2234
f 2234 2286 2285
f 2278 2276 2238
f 2276 2274 2238
f 2238 2274 2237
f 2274 2272 2237
f 2237 2272 2236
f 2272 2283 2236
f 2236 2283 2282
f 2222 2236 2221
f 2236 2235 2221
f 2221 2235 2216
f 2235 2234 2216
f 2216 2234 2217
f 2234 2233 2217
f 2217 2233 2218
f 2233 2232 2218
f 2218 2232 2219
f 2232 2230 2219
f 2219 2230 2220
f 2230 2231 2220
f 2226 2237 2222
f 2237 2236 2222
f 2223 2243 2229
f 2243 2242 2229
f 2229 2242 2224
f 2242 2241 2224
f 2224 2241 2225
f 2241 2240 2225
f 2225 2240 2227
f 2240 2239 2227
f 2227 2239 2228
f 2239 2238 2228
f 2228 2238 2226
f 2238 2237 2226
f 2228 2226 2223
f 2188 2187 2193
f 2223 2226 2206
f 2226 2215 2206
f 2206 2215 2214
f 2223 2229 2224
f 2226 2220 2215
f 2220 2193 2215
f 2215 2193 2203
f 2193 2187 2203
f 2224 2225 2223
f 2225 2227 2223
f 2223 2227 2228
f 2212 2210 2214
f 2210 2208 2214
f 2214 2208 2206
f 2226 2222 2220
f 2222 2221 2220
f 2220 2221 2216
f 2193 2192 2191
f 2191 2190 2193
f 2190 2189 2193
f 2193 2189 2188
f 2217 2218 2216
f 2218 2219 2216
f 2216 2219 2220
f 2179 2156 2178
f 2156 2157 2178
f 2178 2157 2177
f 2157 2159 2177
f 2177 2159 2176
f 2159 2164 2176
f 2176 2164 2175
f 2164 2165 2175
f 2175 2165 2174
f 2165 2161 2174
f 2174 2161 2173
f 2161 2160 2173
f 2173 2160 2172
f 2160 2163 2172
f 2184 2186 2179
f 2185 2183 2172
f 2183 2180 2172
f 2184 2179 2182
f 2179 2178 2182
f 2182 2178 2181
f 2178 2177 2181
f 2181 2177 2176
f 2176 2175 2181
f 2175 2174 2181
f 2181 2174 2180
f 2174 2173 2180
f 2180 2173 2172
f 2207 2194 2204
f 2194 2205 2204
f 2198 2197 2209
f 2197 2196 2209
f 2209 2196 2207
f 2196 2195 2207
f 2207 2195 2194
f 2198 2209 2199
f 2209 2211 2199
f 2199 2211 2200
f 2200 2211 2201
f 2211 2213 2201
f 2201 2213 2202
f 2201 2162 2200
f 2162 2169 2200
f 2200 2169 2199
f 2169 2171 2199
f 2199 2171 2198
f 2171 2170 2198
f 2198 2170 2197
f 2170 2167 2197
f 2197 2167 2196
f 2167 2166 2196
f 2196 2166 2195
f 2166 2168 2195
f 2195 2168 2194
f 2168 2158 2194
f 158 161 159
f 161 162 159
f 159 162 163
f 159 160 158
f 160 156 158
f 158 156 154
f 156 157 154
f 157 155 154
f 155 153 154
f 154 153 151
f 153 152 151
f 152 150 151
f 151 150 148
f 150 149 148
f 149 147 148
f 148 147 146
f 147 164 146
f 164 58 146
f 146 58 57
f 173 171 172
f 171 174 172
f 172 174 169
f 174 175 169
f 169 175 168
f 175 176 168
f 168 176 167
f 176 177 167
f 167 177 166
f 177 178 166
f 166 178 165
f 178 179 165
f 165 179 91
f 179 75 91
f 171 170 174
f 170 180 174
f 174 180 175
f 180 181 175
f 175 181 176
f 181 182 176
f 176 182 177
f 182 183 177
f 177 183 178
f 183 184 178
f 178 184 179
f 184 185 179
f 179 185 75
f 185 76 75
f 170 162 180
f 162 161 180
f 180 161 181
f 161 158 181
f 181 158 182
f 158 154 182
f 182 154 183
f 154 151 183
f 183 151 184
f 151 148 184
f 184 148 185
f 148 146 185
f 185 146 76
f 146 57 76
f 186 105 85
f 164 147 199
f 188 187 199
f 149 150 200
f 190 189 200
f 152 153 201
f 192 191 201
f 155 157 202
f 194 193 202
f 156 160 203
f 196 195 203
f 159 163 197
f 198 196 197
f 196 203 197
f 197 203 159
f 203 160 159
f 195 194 203
f 194 202 203
f 203 202 156
f 202 157 156
f 193 192 202
f 192 201 202
f 202 201 155
f 201 153 155
f 191 190 201
f 190 200 201
f 201 200 152
f 200 150 152
f 189 188 200
f 188 199 200
f 200 199 149
f 199 147 149
f 187 186 199
f 186 85 199
f 199 85 164
f 85 58 164
f 173 172 215
f 172 214 215
f 214 172 212
f 172 169 212
f 212 169 213
f 213 169 210
f 169 168 210
f 210 168 211
f 211 168 208
f 168 167 208
f 208 167 209
f 209 167 206
f 167 166 206
f 206 166 207
f 207 166 205
f 166 165 205
f 205 165 204
f 165 91 204
f 204 91 78
f 778 858 769
f 858 859 769
f 769 859 768
f 859 860 768
f 768 860 767
f 860 861 767
f 767 861 766
f 861 862 766
f 766 862 765
f 862 863 765
f 765 863 764
f 863 864 764
f 764 864 774
f 864 865 774
f 774 865 777
f 865 866 777
f 777 866 773
f 866 867 773
f 773 867 772
f 867 868 772
f 772 868 771
f 868 869 771
f 771 869 770
f 869 870 770
f 770 870 763
f 870 871 763
f 763 871 762
f 871 872 762
f 762 872 761
f 872 873 761
f 761 873 760
f 873 874 760
f 760 874 780
f 874 875 780
f 780 875 779
f 875 876 779
f 779 876 783
f 876 877 783
f 783 877 782
f 877 878 782
f 782 878 781
f 878 879 781
f 781 879 776
f 879 880 776
f 776 880 775
f 880 881 775
f 775 881 778
f 881 858 778
f 858 882 859
f 882 883 859
f 859 883 860
f 883 884 860
f 860 884 861
f 884 885 861
f 861 885 862
f 885 886 862
f 862 886 863
f 886 887 863
f 863 887 864
f 887 888 864
f 864 888 865
f 888 889 865
f 865 889 866
f 889 890 866
f 866 890 867
f 890 891 867
f 867 891 868
f 891 892 868
f 868 892 869
f 892 893 869
f 869 893 870
f 893 894 870
f 870 894 871
f 894 895 871
f 871 895 872
f 895 896 872
f 872 896 873
f 896 897 873
f 873 897 874
f 897 898 874
f 874 898 875
f 898 899 875
f 875 899 876
f 899 900 876
f 876 900 877
f 900 901 877
f 877 901 878
f 901 902 878
f 878 902 879
f 902 903 879
f 879 903 880
f 903 904 880
f 880 904 881
f 904 905 881
f 881 905 858
f 905 882 858
f 882 906 883
f 906 907 883
f 883 907 884
f 907 908 884
f 884 908 885
f 908 909 885
f 885 909 886
f 909 910 886
f 886 910 887
f 910 911 887
f 887 911 888
f 911 912 888
f 888 912 889
f 912 913 889
f 889 913 890
f 913 914 890
f 890 914 891
f 914 915 891
f 891 915 892
f 915 916 892
f 892 916 893
f 916 917 893
f 893 917 894
f 917 918 894
f 894 918 895
f 918 919 895
f 895 919 896
f 919 920 896
f 896 920 897
f 920 921 897
f 897 921 898
f 921 922 898
f 898 922 899
f 922 923 899
f 899 923 900
f 923 924 900
f 900 924 901
f 924 925 901
f 901 925 902
f 925 926 902
f 902 926 903
f 926 927 903
f 903 927 904
f 927 928 904
f 904 928 905
f 928 929 905
f 905 929 882
f 929 906 882
f 906 930 907
f 930 931 907
f 907 931 908
f 931 932 908
f 908 932 909
f 932 933 909
f 909 933 910
f 933 934 910
f 910 934 911
f 934 935 911
f 911 935 912
f 935 936 912
f 912 936 913
f 936 937 913
f 913 937 914
f 937 938 914
f 914 938 915
f 938 939 915
f 915 939 916
f 939 940 916
f 916 940 917
f 940 941 917
f 917 941 918
f 941 942 918
f 918 942 919
f 942 943 919
f 919 943 920
f 943 944 920
f 920 944 921
f 944 945 921
f 921 945 922
f 945 946 922
f 922 946 923
f 946 947 923
f 923 947 924
f 947 948 924
f 924 948 925
f 948 949 925
f 925 949 926
f 949 950 926
f 926 950 927
f 950 951 927
f 927 951 928
f 951 952 928
f 928 952 929
f 952 953 929
f 929 953 906
f 953 930 906
f 930 954 931
f 954 955 931
f 931 955 932
f 955 956 932
f 932 956 933
f 956 957 933
f 933 957 934
f 957 958 934
f 934 958 935
f 958 959 935
f 935 959 936
f 959 960 936
f 936 960 937
f 960 961 937
f 937 961 938
f 961 962 938
f 938 962 939
f 962 963 939
f 939 963 940
f 963 964 940
f 940 964 941
f 964 965 941
f 941 965 942
f 965 966 942
f 942 966 943
f 966 967 943
f 943 967 944
f 967 968 944
f 944 968 945
f 968 969 945
f 945 969 946
f 969 970 946
f 946 970 947
f 970 971 947
f 947 971 948
f 971 972 948
f 948 972 949
f 972 973 949
f 949 973 950
f 973 974 950
f 950 974 951
f 974 975 951
f 951 975 952
f 975 976 952
f 952 976 953
f 976 977 953
f 953 977 930
f 977 954 930
f 954 835 955
f 835 836 955
f 955 836 956
f 836 837 956
f 956 837 957
f 837 838 957
f 957 838 958
f 838 839 958
f 958 839 959
f 839 840 959
f 959 840 960
f 840 841 960
f 960 841 961
f 841 842 961
f 961 842 962
f 842 843 962
f 962 843 963
f 843 844 963
f 963 844 964
f 844 845 964
f 964 845 965
f 845 846 965
f 965 846 966
f 846 847 966
f 966 847 967
f 847 848 967
f 967 848 968
f 848 849 968
f 968 849 969
f 849 850 969
f 969 850 970
f 850 851 970
f 970 851 971
f 851 852 971
f 971 852 972
f 852 853 972
f 972 853 973
f 853 854 973
f 973 854 974
f 854 855 974
f 974 855 975
f 855 856 975
f 975 856 976
f 856 857 976
f 976 857 977
f 857 834 977
f 977 834 954
f 834 835 954
f 2345 2325 2346
f 2322 2323 2346
f 2323 2324 2346
f 2346 2324 2345
f 2343 2344 2346
f 2344 2321 2346
f 2346 2321 2322
f 2340 2341 2346
f 2341 2342 2346
f 2346 2342 2343
f 2337 2338 2346
f 2338 2339 2346
f 2346 2339 2340
f 2334 2335 2346
f 2335 2336 2346
f 2346 2336 2337
f 2331 2332 2346
f 2332 2333 2346
f 2346 2333 2334
f 2328 2329 2346
f 2329 2330 2346
f 2346 2330 2331
f 2325 2326 2346
f 2326 2327 2346
f 2346 2327 2328
f 2359 2358 2372
f 2362 2361 2372
f 2361 2360 2372
f 2372 2360 2359
f 2365 2364 2372
f 2364 2363 2372
f 2372 2363 2362
f 2368 2367 2372
f 2367 2366 2372
f 2372 2366 2365
f 2371 2370 2372
f 2370 2369 2372
f 2372 2369 2368
f 2349 2348 2372
f 2348 2347 2372
f 2372 2347 2371
f 2352 2351 2372
f 2351 2350 2372
f 2372 2350 2349
f 2355 2354 2372
f 2354 2353 2372
f 2372 2353 2352
f 2358 2357 2372
f 2357 2356 2372
f 2372 2356 2355
f 1702 1752 1695
f 1752 1753 1695
f 1695 1753 1694
f 1753 1754 1694
f 1694 1754 1693
f 1754 1755 1693
f 1693 1755 1692
f 1755 1756 1692
f 1692 1756 1701
f 1756 1757 1701
f 1701 1757 1700
f 1757 1758 1700
f 1700 1758 1699
f 1758 1759 1699
f 1699 1759 1698
f 1759 1760 1698
f 1698 1760 1697
f 1760 1761 1697
f 1697 1761 1696
f 1761 1762 1696
f 1696 1762 1691
f 1762 1763 1691
f 1691 1763 1690
f 1763 1764 1690
f 1690 1764 1689
f 1764 1765 1689
f 1689 1765 1688
f 1765 1766 1688
f 1688 1766 1686
f 1766 1767 1686
f 1686 1767 1685
f 1767 1768 1685
f 1685 1768 1684
f 1768 1769 1684
f 1684 1769 1680
f 1769 1770 1680
f 1680 1770 1679
f 1770 1771 1679
f 1679 1771 1681
f 1771 1772 1681
f 1681 1772 1683
f 1772 1773 1683
f 1683 1773 1682
f 1773 1774 1682
f 1682 1774 1687
f 1774 1775 1687
f 1687 1775 1702
f 1775 1752 1702
f 1752 1776 1753
f 1776 1777 1753
f 1753 1777 1754
f 1777 1778 1754
f 1754 1778 1755
f 1778 1779 1755
f 1755 1779 1756
f 1779 1780 1756
f 1756 1780 1757
f 1780 1781 1757
f 1757 1781 1758
f 1781 1782 1758
f 1758 1782 1759
f 1782 1783 1759
f 1759 1783 1760
f 1783 1784 1760
f 1760 1784 1761
f 1784 1785 1761
f 1761 1785 1762
f 1785 1786 1762
f 1762 1786 1763
f 1786 1787 1763
f 1763 1787 1764
f 1787 1788 1764
f 1764 1788 1765
f 1788 1789 1765
f 1765 1789 1766
f 1789 1790 1766
f 1766 1790 1767
f 1790 1791 1767
f 1767 1791 1768
f 1791 1792 1768
f 1768 1792 1769
f 1792 1793 1769
f 1769 1793 1770
f 1793 1794 1770
f 1770 1794 1771
f 1794 1795 1771
f 1771 1795 1772
f 1795 1796 1772
f 1772 1796 1773
f 1796 1797 1773
f 1773 1797 1774
f 1797 1798 1774
f 1774 1798 1775
f 1798 1799 1775
f 1775 1799 1752
f 1799 1776 1752
f 1776 1800 1777
f 1800 1801 1777
f 1777 1801 1778
f 1801 1802 1778
f 1778 1802 1779
f 1802 1803 1779
f 1779 1803 1780
f 1803 1804 1780
f 1780 1804 1781
f 1804 1805 1781
f 1781 1805 1782
f 1805 1806 1782
f 1782 1806 1783
f 1806 1807 1783
f 1783 1807 1784
f 1807 1808 1784
f 1784 1808 1785
f 1808 1809 1785
f 1785 1809 1786
f 1809 1810 1786
f 1786 1810 1787
f 1810 1811 1787
f 1787 1811 1788
f 1811 1812 1788
f 1788 1812 1789
f 1812 1813 1789
f 1789 1813 1790
f 1813 1814 1790
f 1790 1814 1791
f 1814 1815 1791
f 1791 1815 1792
f 1815 1816 1792
f 1792 1816 1793
f 1816 1817 1793
f 1793 1817 1794
f 1817 1818 1794
f 1794 1818 1795
f 1818 1819 1795
f 1795 1819 1796
f 1819 1820 1796
f 1796 1820 1797
f 1820 1821 1797
f 1797 1821 1798
f 1821 1822 1798
f 1798 1822 1799
f 1822 1823 1799
f 1799 1823 1776
f 1823 1800 1776
f 1800 1824 1801
f 1824 1825 1801
f 1801 1825 1802
f 1825 1826 1802
f 1802 1826 1803
f 1826 1827 1803
f 1803 1827 1804
f 1827 1828 1804
f 1804 1828 1805
f 1828 1829 1805
f 1805 1829 1806
f 1829 1830 1806
f 1806 1830 1807
f 1830 1831 1807
f 1807 1831 1808
f 1831 1832 1808
f 1808 1832 1809
f 1832 1833 1809
f 1809 1833 1810
f 1833 1834 1810
f 1810 1834 1811
f 1834 1835 1811
f 1811 1835 1812
f 1835 1836 1812
f 1812 1836 1813
f 1836 1837 1813
f 1813 1837 1814
f 1837 1838 1814
f 1814 1838 1815
f 1838 1839 1815
f 1815 1839 1816
f 1839 1840 1816
f 1816 1840 1817
f 1840 1841 1817
f 1817 1841 1818
f 1841 1842 1818
f 1818 1842 1819
f 1842 1843 1819
f 1819 1843 1820
f 1843 1844 1820
f 1820 1844 1821
f 1844 1845 1821
f 1821 1845 1822
f 1845 1846 1822
f 1822 1846 1823
f 1846 1847 1823
f 1823 1847 1800
f 1847 1824 1800
f 1824 1848 1825
f 1848 1849 1825
f 1825 1849 1826
f 1849 1850 1826
f 1826 1850 1827
f 1850 1851 1827
f 1827 1851 1828
f 1851 1852 1828
f 1828 1852 1829
f 1852 1853 1829
f 1829 1853 1830
f 1853 1854 1830
f 1830 1854 1831
f 1854 1855 1831
f 1831 1855 1832
f 1855 1856 1832
f 1832 1856 1833
f 1856 1857 1833
f 1833 1857 1834
f 1857 1858 1834
f 1834 1858 1835
f 1858 1859 1835
f 1835 1859 1836
f 1859 1860 1836
f 1836 1860 1837
f 1860 1861 1837
f 1837 1861 1838
f 1861 1862 1838
f 1838 1862 1839
f 1862 1863 1839
f 1839 1863 1840
f 1863 1864 1840
f 1840 1864 1841
f 1864 1865 1841
f 1841 1865 1842
f 1865 1866 1842
f 1842 1866 1843
f 1866 1867 1843
f 1843 1867 1844
f 1867 1868 1844
f 1844 1868 1845
f 1868 1869 1845
f 1845 1869 1846
f 1869 1870 1846
f 1846 1870 1847
f 1870 1871 1847
f 1847 1871 1824
f 1871 1848 1824
f 1848 1729 1849
f 1729 1730 1849
f 1849 1730 1850
f 1730 1731 1850
f 1850 1731 1851
f 1731 1732 1851
f 1851 1732 1852
f 1732 1733 1852
f 1852 1733 1853
f 1733 1734 1853
f 1853 1734 1854
f 1734 1735 1854
f 1854 1735 1855
f 1735 1736 1855
f 1855 1736 1856
f 1736 1737 1856
f 1856 1737 1857
f 1737 1738 1857
f 1857 1738 1858
f 1738 1739 1858
f 1858 1739 1859
f 1739 1740 1859
f 1859 1740 1860
f 1740 1741 1860
f 1860 1741 1861
f 1741 1742 1861
f 1861 1742 1862
f 1742 1743 1862
f 1862 1743 1863
f 1743 1744 1863
f 1863 1744 1864
f 1744 1745 1864
f 1864 1745 1865
f 1745 1746 1865
f 1865 1746 1866
f 1746 1747 1866
f 1866 1747 1867
f 1747 1748 1867
f 1867 1748 1868
f 1748 1749 1868
f 1868 1749 1869
f 1749 1750 1869
f 1869 1750 1870
f 1750 1751 1870
f 1870 1751 1871
f 1751 1728 1871
f 1871 1728 1848
f 1728 1729 1848
f 1723 1724 1727
f 1724 1725 1727
f 1727 1725 1726
f 1720 1721 1727
f 1721 1722 1727
f 1727 1722 1723
f 1717 1718 1727
f 1718 1719 1727
f 1727 1719 1720
f 1714 1715 1727
f 1715 1716 1727
f 1727 1716 1717
f 1711 1712 1727
f 1712 1713 1727
f 1727 1713 1714
f 1708 1709 1727
f 1709 1710 1727
f 1727 1710 1711
f 1705 1706 1727
f 1706 1707 1727
f 1727 1707 1708
f 1726 1703 1727
f 1703 1704 1727
f 1727 1704 1705
f 22 23 25
f 23 24 25
f 25 24 1
f 19 20 25
f 20 21 25
f 25 21 22
f 16 17 25
f 17 18 25
f 25 18 19
f 13 14 25
f 14 15 25
f 25 15 16
f 10 11 25
f 11 12 25
f 25 12 13
f 7 8 25
f 8 9 25
f 25 9 10
f 4 5 25
f 5 6 25
f 25 6 7
f 1 2 25
f 2 3 25
f 25 3 4
f 807 833 784
f 833 810 784
f 784 810 785
f 810 809 785
f 785 809 786
f 809 811 786
f 786 811 787
f 811 812 787
f 787 812 788
f 812 813 788
f 788 813 789
f 813 814 789
f 789 814 790
f 814 815 790
f 790 815 791
f 815 816 791
f 791 816 792
f 816 817 792
f 792 817 793
f 817 818 793
f 793 818 794
f 818 819 794
f 794 819 795
f 819 820 795
f 795 820 796
f 820 821 796
f 796 821 797
f 821 822 797
f 797 822 798
f 822 823 798
f 798 823 799
f 823 824 799
f 799 824 800
f 824 825 800
f 800 825 801
f 825 826 801
f 801 826 802
f 826 827 802
f 802 827 803
f 827 828 803
f 803 828 804
f 828 829 804
f 804 829 805
f 829 830 805
f 805 830 806
f 830 831 806
f 806 831 808
f 831 832 808
f 808 832 807
f 832 833 807
f 1543 1557 1542
f 1557 1560 1542
f 1542 1560 1541
f 1560 1563 1541
f 1541 1563 1540
f 1563 1564 1540
f 1540 1564 1539
f 1564 1565 1539
f 1539 1565 1538
f 1565 1568 1538
f 1538 1568 1537
f 1568 1569 1537
f 1537 1569 1536
f 1569 1574 1536
f 1536 1574 1535
f 1574 1575 1535
f 1535 1575 1534
f 1575 1570 1534
f 1534 1570 1533
f 1570 1571 1533
f 1533 1571 1531
f 1571 1576 1531
f 1531 1576 1532
f 1576 1577 1532
f 1532 1577 1555
f 1577 1579 1555
f 1555 1579 1554
f 1579 1580 1554
f 1554 1580 1553
f 1580 1578 1553
f 1553 1578 1552
f 1578 1572 1552
f 1552 1572 1551
f 1572 1566 1551
f 1551 1566 1550
f 1566 1567 1550
f 1550 1567 1549
f 1567 1573 1549
f 1549 1573 1548
f 1573 1561 1548
f 1548 1561 1547
f 1561 1558 1547
f 1547 1558 1546
f 1558 1559 1546
f 1546 1559 1545
f 1559 1562 1545
f 1545 1562 1544
f 1562 1556 1544
f 1544 1556 1543
f 1556 1557 1543
f 1528 1529 1527
f 1529 1530 1527
f 1381 1382 1380
f 1382 1383 1380
f 598 595 594
f 597 595 596
f 595 598 596
f 596 598 592
f 598 599 592
f 594 591 598
f 591 590 598
f 598 590 599
f 600 588 599
f 588 593 599
f 599 593 592
f 590 587 599
f 587 586 599
f 599 586 600
f 601 584 600
f 584 589 600
f 600 589 588
f 586 583 600
f 583 582 600
f 600 582 601
f 602 580 601
f 580 585 601
f 601 585 584
f 582 579 601
f 579 578 601
f 601 578 602
f 603 576 602
f 576 581 602
f 602 581 580
f 571 570 603
f 570 577 603
f 603 577 576
f 578 575 602
f 575 574 602
f 602 574 603
f 574 573 603
f 603 573 571
f 573 568 571
f 570 572 577
f 572 669 577
f 577 669 576
f 669 667 576
f 576 667 581
f 667 668 581
f 581 668 580
f 668 665 580
f 580 665 585
f 665 666 585
f 585 666 584
f 666 664 584
f 584 664 589
f 664 663 589
f 589 663 588
f 663 661 588
f 588 661 593
f 661 662 593
f 593 662 592
f 662 658 592
f 592 658 596
f 658 659 596
f 596 659 597
f 659 660 597
f 568 573 569
f 573 609 569
f 573 574 609
f 574 575 609
f 609 575 608
f 575 578 608
f 578 579 608
f 608 579 607
f 579 582 607
f 582 583 607
f 607 583 606
f 583 586 606
f 586 587 606
f 606 587 605
f 594 604 591
f 604 605 591
f 591 605 590
f 605 587 590
f 669 572 698
f 669 698 700
f 698 697 700
f 700 697 701
f 697 696 701
f 696 695 701
f 701 695 702
f 695 694 702
f 694 693 702
f 702 693 703
f 693 691 703
f 703 691 704
f 691 692 704
f 699 705 689
f 705 704 689
f 689 704 690
f 704 692 690
f 665 668 706
f 668 667 706
f 699 688 705
f 688 687 705
f 705 687 686
f 686 707 705
f 707 708 705
f 705 708 704
f 708 709 704
f 704 709 703
f 709 710 703
f 703 710 702
f 710 711 702
f 702 711 701
f 711 706 701
f 701 706 700
f 706 667 700
f 700 667 669
f 712 666 665
f 665 706 712
f 706 711 712
f 712 711 713
f 711 710 713
f 713 710 714
f 710 709 714
f 714 709 715
f 709 708 715
f 715 708 716
f 708 707 716
f 716 707 717
f 661 663 718
f 663 664 718
f 686 685 707
f 685 684 707
f 707 684 717
f 684 683 717
f 717 683 682
f 682 719 717
f 719 720 717
f 717 720 716
f 720 721 716
f 716 721 715
f 721 722 715
f 715 722 714
f 722 723 714
f 714 723 713
f 723 718 713
f 713 718 712
f 718 664 712
f 712 664 666
f 658 662 724
f 662 661 724
f 661 718 724
f 718 723 724
f 724 723 725
f 723 722 725
f 725 722 726
f 722 721 726
f 726 721 727
f 721 720 727
f 727 720 728
f 720 719 728
f 728 719 729
f 660 659 730
f 659 658 730
f 682 681 719
f 681 680 719
f 719 680 729
f 680 679 729
f 729 679 678
f 658 724 730
f 724 725 730
f 730 725 731
f 725 726 731
f 731 726 732
f 726 727 732
f 732 727 733
f 727 728 733
f 733 728 734
f 728 729 734
f 734 729 735
f 729 678 735
f 735 678 670
f 660 730 677
f 730 731 677
f 677 731 676
f 731 732 676
f 676 732 675
f 732 733 675
f 675 733 674
f 733 734 674
f 674 734 673
f 734 735 673
f 673 735 672
f 735 670 672
f 672 670 671
f 620 569 609
f 622 621 633
f 624 623 634
f 627 625 635
f 628 629 636
f 627 635 626
f 632 630 631
f 630 637 631
f 631 637 619
f 637 638 619
f 619 638 618
f 638 639 618
f 618 639 617
f 639 640 617
f 617 640 616
f 640 641 616
f 616 641 615
f 641 614 615
f 630 628 637
f 628 636 637
f 637 636 638
f 636 642 638
f 638 642 639
f 642 643 639
f 639 643 640
f 643 644 640
f 640 644 641
f 644 645 641
f 641 645 614
f 645 613 614
f 629 626 636
f 626 635 636
f 636 635 642
f 635 646 642
f 642 646 643
f 646 647 643
f 643 647 644
f 647 648 644
f 644 648 645
f 648 649 645
f 645 649 613
f 649 612 613
f 625 624 635
f 624 634 635
f 635 634 646
f 634 650 646
f 646 650 647
f 650 651 647
f 647 651 648
f 651 652 648
f 648 652 649
f 652 653 649
f 649 653 612
f 653 611 612
f 623 622 634
f 622 633 634
f 634 633 650
f 633 654 650
f 650 654 651
f 654 655 651
f 651 655 652
f 655 656 652
f 652 656 653
f 656 657 653
f 653 657 611
f 657 610 611
f 621 620 633
f 620 609 633
f 633 609 654
f 609 608 654
f 654 608 655
f 608 607 655
f 655 607 656
f 607 606 656
f 656 606 657
f 606 605 657
f 657 605 610
f 605 604 610
f 688 1343 687
f 1343 1342 687
f 687 1342 686
f 686 1342 685
f 1342 1336 685
f 685 1336 684
f 684 1336 683
f 1336 1335 683
f 683 1335 682
f 682 1335 681
f 1335 1334 681
f 681 1334 680
f 680 1334 679
f 1334 1333 679
f 679 1333 678
f 678 1333 670
f 1333 1332 670
f 670 1332 671
f 1511 632 631
f 1511 631 1510
f 631 619 1510
f 1510 619 1509
f 619 618 1509
f 1509 618 1508
f 618 617 1508
f 1508 617 1507
f 617 616 1507
f 1507 616 1504
f 616 615 1504
f 1504 615 1505
f 1343 1341 1342
f 1341 1344 1342
f 1342 1344 1336
f 1344 1345 1336
f 1336 1345 1335
f 1345 1346 1335
f 1335 1346 1334
f 1346 1347 1334
f 1334 1347 1333
f 1347 1348 1333
f 1333 1348 1332
f 1348 1331 1332
f 1341 1340 1344
f 1340 1349 1344
f 1344 1349 1345
f 1349 1350 1345
f 1345 1350 1346
f 1350 1351 1346
f 1346 1351 1347
f 1351 1352 1347
f 1347 1352 1348
f 1352 1353 1348
f 1348 1353 1331
f 1353 1330 1331
f 1340 1339 1349
f 1339 1354 1349
f 1349 1354 1350
f 1354 1355 1350
f 1350 1355 1351
f 1355 1356 1351
f 1351 1356 1352
f 1356 1357 1352
f 1352 1357 1353
f 1357 1358 1353
f 1353 1358 1330
f 1358 1329 1330
f 1339 1338 1354
f 1338 1359 1354
f 1354 1359 1355
f 1359 1360 1355
f 1355 1360 1356
f 1360 1361 1356
f 1356 1361 1357
f 1361 1362 1357
f 1357 1362 1358
f 1362 1363 1358
f 1358 1363 1329
f 1363 1328 1329
f 1338 1337 1359
f 1337 1364 1359
f 1359 1364 1360
f 1364 1365 1360
f 1360 1365 1361
f 1365 1366 1361
f 1361 1366 1362
f 1366 1367 1362
f 1362 1367 1363
f 1367 1368 1363
f 1363 1368 1328
f 1368 1327 1328
f 1337 1319 1364
f 1319 1326 1364
f 1364 1326 1365
f 1326 1325 1365
f 1365 1325 1366
f 1325 1324 1366
f 1366 1324 1367
f 1324 1323 1367
f 1367 1323 1368
f 1323 1322 1368
f 1368 1322 1327
f 1322 1321 1327
f 1503 1512 1502
f 1512 1513 1502
f 1502 1513 1501
f 1513 1514 1501
f 1501 1514 1500
f 1514 1515 1500
f 1500 1515 1499
f 1515 1516 1499
f 1499 1516 1497
f 1516 1517 1497
f 1497 1517 1498
f 1517 1506 1498
f 1512 1511 1513
f 1511 1510 1513
f 1513 1510 1514
f 1510 1509 1514
f 1514 1509 1515
f 1509 1508 1515
f 1515 1508 1516
f 1508 1507 1516
f 1516 1507 1517
f 1507 1504 1517
f 1517 1504 1506
f 1504 1505 1506
f 1319 1305 1313
f 1319 1313 1326
f 1313 1312 1326
f 1326 1312 1325
f 1312 1311 1325
f 1325 1311 1324
f 1311 1310 1324
f 1324 1310 1323
f 1310 1309 1323
f 1323 1309 1322
f 1309 1308 1322
f 1322 1308 1321
f 1396 1503 1454
f 1503 1502 1454
f 1454 1502 1453
f 1453 1502 1452
f 1502 1501 1452
f 1452 1501 1451
f 1451 1501 1450
f 1501 1500 1450
f 1450 1500 1449
f 1449 1500 1448
f 1500 1499 1448
f 1448 1499 1447
f 1447 1499 1446
f 1499 1497 1446
f 1446 1497 1445
f 1445 1497 1436
f 1497 1498 1436
f 1436 1498 1437
f 1303 1289 1314
f 1289 1302 1314
f 1302 1301 1314
f 1301 1300 1314
f 1314 1300 1315
f 1300 1298 1315
f 1298 1299 1315
f 1315 1299 1316
f 1299 1296 1316
f 1296 1297 1316
f 1316 1297 1317
f 1297 1294 1317
f 1294 1295 1317
f 1317 1295 1318
f 1305 1303 1313
f 1303 1314 1313
f 1313 1314 1312
f 1314 1315 1312
f 1312 1315 1311
f 1315 1316 1311
f 1311 1316 1310
f 1316 1317 1310
f 1310 1317 1309
f 1317 1318 1309
f 1309 1318 1308
f 1318 1307 1308
f 1291 1307 1292
f 1307 1318 1292
f 1292 1318 1293
f 1318 1295 1293
f 1388 1390 1455
f 1390 1389 1456
f 1389 1391 1457
f 1392 1393 1458
f 1394 1386 1409
f 1394 1409 1459
f 1409 1407 1459
f 1459 1407 1460
f 1407 1405 1460
f 1460 1405 1461
f 1405 1403 1461
f 1461 1403 1462
f 1403 1401 1462
f 1462 1401 1463
f 1401 1399 1463
f 1463 1399 1464
f 1399 1397 1464
f 1464 1397 1465
f 1397 1396 1465
f 1396 1454 1465
f 1465 1454 1453
f 1453 1466 1465
f 1466 1467 1465
f 1465 1467 1464
f 1467 1468 1464
f 1464 1468 1463
f 1468 1469 1463
f 1463 1469 1462
f 1469 1470 1462
f 1462 1470 1461
f 1470 1471 1461
f 1461 1471 1460
f 1471 1458 1460
f 1460 1458 1459
f 1458 1393 1459
f 1459 1393 1394
f 1392 1458 1472
f 1458 1471 1472
f 1472 1471 1473
f 1471 1470 1473
f 1473 1470 1474
f 1470 1469 1474
f 1474 1469 1475
f 1469 1468 1475
f 1475 1468 1476
f 1468 1467 1476
f 1476 1467 1477
f 1467 1466 1477
f 1477 1466 1478
f 1453 1452 1466
f 1452 1451 1466
f 1466 1451 1478
f 1451 1450 1478
f 1478 1450 1449
f 1449 1479 1478
f 1479 1480 1478
f 1478 1480 1477
f 1480 1481 1477
f 1477 1481 1476
f 1481 1482 1476
f 1476 1482 1475
f 1482 1483 1475
f 1475 1483 1474
f 1483 1484 1474
f 1474 1484 1473
f 1484 1457 1473
f 1473 1457 1472
f 1457 1391 1472
f 1472 1391 1392
f 1389 1457 1456
f 1457 1484 1456
f 1456 1484 1485
f 1484 1483 1485
f 1485 1483 1486
f 1483 1482 1486
f 1486 1482 1487
f 1482 1481 1487
f 1487 1481 1488
f 1481 1480 1488
f 1488 1480 1489
f 1480 1479 1489
f 1489 1479 1490
f 1449 1448 1479
f 1448 1447 1479
f 1479 1447 1490
f 1447 1446 1490
f 1490 1446 1445
f 1390 1456 1455
f 1456 1485 1455
f 1455 1485 1491
f 1485 1486 1491
f 1491 1486 1492
f 1486 1487 1492
f 1492 1487 1493
f 1487 1488 1493
f 1493 1488 1494
f 1488 1489 1494
f 1494 1489 1495
f 1489 1490 1495
f 1495 1490 1496
f 1490 1445 1496
f 1496 1445 1436
f 1388 1455 1444
f 1455 1491 1444
f 1444 1491 1443
f 1491 1492 1443
f 1443 1492 1442
f 1492 1493 1442
f 1442 1493 1441
f 1493 1494 1441
f 1441 1494 1440
f 1494 1495 1440
f 1440 1495 1439
f 1495 1496 1439
f 1439 1496 1438
f 1496 1436 1438
f 1438 1436 1437
f 1301 1302 1275
f 1302 1289 1275
f 1275 1289 1227
f 1301 1275 1300
f 1275 1276 1300
f 1300 1276 1298
f 1276 1277 1298
f 1298 1277 1299
f 1299 1277 1296
f 1277 1278 1296
f 1296 1278 1297
f 1297 1278 1294
f 1278 1279 1294
f 1294 1279 1295
f 1295 1279 1293
f 1279 1280 1293
f 1293 1280 1292
f 1280 1281 1292
f 1292 1281 1291
f 1386 1394 1251
f 1394 1250 1251
f 1250 1394 1253
f 1394 1393 1253
f 1253 1393 1252
f 1252 1393 1255
f 1393 1392 1255
f 1255 1392 1254
f 1254 1392 1257
f 1392 1391 1257
f 1257 1391 1256
f 1256 1391 1259
f 1391 1389 1259
f 1259 1389 1258
f 1258 1389 1263
f 1389 1390 1263
f 1263 1390 1261
f 1390 1388 1261
f 1261 1388 1264
f 1233 1282 1230
f 1282 1283 1230
f 1230 1283 1236
f 1283 1284 1236
f 1285 1239 1284
f 1239 1234 1284
f 1284 1234 1236
f 1286 1240 1285
f 1240 1237 1285
f 1285 1237 1239
f 1287 1243 1286
f 1243 1241 1286
f 1286 1241 1240
f 1288 1246 1287
f 1246 1244 1287
f 1287 1244 1243
f 1226 1220 1288
f 1220 1247 1288
f 1288 1247 1246
f 1282 1281 1283
f 1281 1280 1283
f 1283 1280 1284
f 1280 1279 1284
f 1284 1279 1285
f 1279 1278 1285
f 1285 1278 1286
f 1278 1277 1286
f 1286 1277 1287
f 1277 1276 1287
f 1287 1276 1288
f 1276 1275 1288
f 1288 1275 1226
f 1275 1227 1226
f 1264 1262 1261
f 1262 1265 1261
f 1261 1265 1263
f 1263 1265 1258
f 1265 1266 1258
f 1258 1266 1259
f 1259 1266 1256
f 1266 1267 1256
f 1256 1267 1257
f 1257 1267 1254
f 1267 1268 1254
f 1254 1268 1255
f 1255 1268 1252
f 1268 1269 1252
f 1252 1269 1253
f 1253 1269 1250
f 1269 1249 1250
f 1250 1249 1251
f 1262 1260 1265
f 1260 1270 1265
f 1265 1270 1266
f 1270 1271 1266
f 1266 1271 1267
f 1271 1272 1267
f 1267 1272 1268
f 1272 1273 1268
f 1268 1273 1269
f 1273 1274 1269
f 1269 1274 1249
f 1274 1248 1249
f 1260 1232 1270
f 1232 1231 1270
f 1270 1231 1271
f 1231 1235 1271
f 1271 1235 1272
f 1235 1238 1272
f 1272 1238 1273
f 1238 1242 1273
f 1273 1242 1274
f 1242 1245 1274
f 1274 1245 1248
f 1245 1219 1248
f 1247 1220 1219
f 1247 1219 1246
f 1219 1245 1246
f 1246 1245 1244
f 1244 1245 1243
f 1245 1242 1243
f 1243 1242 1241
f 1241 1242 1240
f 1242 1238 1240
f 1240 1238 1237
f 1238 1235 1237
f 1237 1235 1239
f 1239 1235 1234
f 1235 1231 1234
f 1234 1231 1236
f 1236 1231 1230
f 1231 1232 1230
f 1230 1232 1233
f 561 562 560
f 562 563 560
f 560 563 559
f 563 564 559
f 559 564 558
f 564 565 558
f 558 565 557
f 565 566 557
f 557 566 556
f 566 567 556
f 556 567 60
f 567 67 60
f 562 555 563
f 555 554 563
f 563 554 564
f 554 553 564
f 564 553 565
f 553 552 565
f 565 552 566
f 552 551 566
f 566 551 567
f 551 550 567
f 567 550 67
f 550 106 67
f 393 561 560
f 393 560 394
f 560 559 394
f 394 559 395
f 559 558 395
f 395 558 396
f 558 557 396
f 396 557 397
f 557 556 397
f 397 556 398
f 556 60 398
f 398 60 131
f 555 510 509
f 555 509 554
f 509 521 554
f 554 521 553
f 521 522 553
f 553 522 552
f 522 523 552
f 552 523 551
f 523 524 551
f 551 524 550
f 524 115 550
f 550 115 106
f 383 385 399
f 390 392 400
f 143 142 401
f 142 402 401
f 401 402 403
f 402 404 403
f 403 404 405
f 404 406 405
f 405 406 407
f 406 408 407
f 407 408 409
f 408 410 409
f 131 130 398
f 130 411 398
f 398 411 397
f 411 412 397
f 397 412 396
f 412 413 396
f 396 413 395
f 413 414 395
f 395 414 394
f 414 400 394
f 394 400 393
f 400 392 393
f 391 390 409
f 390 400 409
f 409 400 407
f 400 414 407
f 407 414 405
f 414 413 405
f 405 413 403
f 413 412 403
f 403 412 401
f 412 411 401
f 401 411 143
f 411 130 143
f 384 386 415
f 386 410 415
f 415 410 416
f 410 408 416
f 416 408 417
f 408 406 417
f 417 406 418
f 406 404 418
f 418 404 419
f 404 402 419
f 419 402 129
f 402 142 129
f 386 387 410
f 387 388 410
f 410 388 409
f 388 389 409
f 409 389 391
f 385 384 399
f 384 415 399
f 399 415 420
f 415 416 420
f 420 416 421
f 416 417 421
f 421 417 422
f 417 418 422
f 422 418 423
f 418 419 423
f 423 419 127
f 419 129 127
f 382 383 424
f 383 399 424
f 424 399 425
f 399 420 425
f 425 420 426
f 420 421 426
f 426 421 427
f 421 422 427
f 427 422 428
f 422 423 428
f 428 423 128
f 423 127 128
f 128 141 428
f 141 375 428
f 428 375 427
f 375 376 427
f 427 376 426
f 376 377 426
f 426 377 425
f 377 378 425
f 425 378 424
f 378 379 424
f 424 379 382
f 379 380 382
f 515 518 525
f 517 520 526
f 519 476 475
f 138 137 527
f 137 528 527
f 527 528 529
f 528 530 529
f 529 530 531
f 530 532 531
f 531 532 533
f 532 534 533
f 533 534 535
f 534 536 535
f 520 519 526
f 519 475 526
f 526 475 537
f 475 474 537
f 537 474 538
f 474 473 538
f 538 473 539
f 473 472 539
f 539 472 540
f 472 471 540
f 540 471 139
f 471 117 139
f 518 517 525
f 517 526 525
f 525 526 541
f 526 537 541
f 541 537 542
f 537 538 542
f 542 538 543
f 538 539 543
f 543 539 544
f 539 540 544
f 544 540 126
f 540 139 126
f 516 515 535
f 515 525 535
f 535 525 533
f 525 541 533
f 533 541 531
f 541 542 531
f 531 542 529
f 542 543 529
f 529 543 527
f 543 544 527
f 527 544 138
f 544 126 138
f 508 511 545
f 511 536 545
f 545 536 546
f 536 534 546
f 546 534 547
f 534 532 547
f 547 532 548
f 532 530 548
f 548 530 549
f 530 528 549
f 549 528 136
f 528 137 136
f 511 512 536
f 512 513 536
f 536 513 535
f 513 514 535
f 535 514 516
f 510 508 509
f 508 545 509
f 509 545 521
f 545 546 521
f 521 546 522
f 546 547 522
f 522 547 523
f 547 548 523
f 523 548 524
f 548 549 524
f 524 549 115
f 549 136 115
f 338 380 379
f 338 379 339
f 379 378 339
f 339 378 340
f 378 377 340
f 340 377 341
f 377 376 341
f 341 376 342
f 376 375 342
f 342 375 343
f 375 141 343
f 343 141 144
f 476 460 459
f 476 459 475
f 459 462 475
f 475 462 474
f 462 463 474
f 474 463 473
f 463 464 473
f 473 464 472
f 464 465 472
f 472 465 471
f 465 118 471
f 471 118 117
f 144 133 343
f 133 344 343
f 343 344 342
f 344 345 342
f 342 345 341
f 345 346 341
f 341 346 340
f 346 347 340
f 340 347 339
f 347 348 339
f 339 348 338
f 348 337 338
f 133 132 344
f 132 349 344
f 344 349 345
f 349 350 345
f 345 350 346
f 350 351 346
f 346 351 347
f 351 352 347
f 347 352 348
f 352 353 348
f 348 353 337
f 353 336 337
f 132 123 349
f 123 354 349
f 349 354 350
f 354 355 350
f 350 355 351
f 355 356 351
f 351 356 352
f 356 357 352
f 352 357 353
f 357 358 353
f 353 358 336
f 358 335 336
f 123 111 354
f 111 359 354
f 354 359 355
f 359 360 355
f 355 360 356
f 360 361 356
f 356 361 357
f 361 362 357
f 357 362 358
f 362 363 358
f 358 363 335
f 363 334 335
f 111 88 359
f 88 364 359
f 359 364 360
f 364 365 360
f 360 365 361
f 365 366 361
f 361 366 362
f 366 367 362
f 362 367 363
f 367 368 363
f 363 368 334
f 368 333 334
f 88 87 364
f 87 321 364
f 364 321 365
f 321 322 365
f 365 322 366
f 322 323 366
f 366 323 367
f 323 324 367
f 367 324 368
f 324 325 368
f 368 325 333
f 325 326 333
f 81 102 290
f 102 466 290
f 290 466 291
f 291 466 292
f 466 467 292
f 292 467 293
f 293 467 294
f 467 468 294
f 294 468 295
f 295 468 296
f 468 469 296
f 296 469 297
f 297 469 298
f 469 470 298
f 298 470 299
f 299 470 300
f 470 461 300
f 300 461 301
f 102 118 466
f 118 465 466
f 466 465 467
f 465 464 467
f 467 464 468
f 464 463 468
f 468 463 469
f 463 462 469
f 469 462 470
f 462 459 470
f 470 459 461
f 459 460 461
f 303 326 305
f 326 325 305
f 305 325 304
f 304 325 307
f 325 324 307
f 307 324 306
f 306 324 309
f 324 323 309
f 309 323 308
f 308 323 311
f 323 322 311
f 311 322 310
f 310 322 313
f 322 321 313
f 313 321 312
f 312 321 314
f 321 87 314
f 314 87 110
f 244 227 301
f 227 300 301
f 300 227 299
f 227 228 299
f 299 228 298
f 228 235 298
f 298 235 297
f 235 236 297
f 297 236 296
f 236 237 296
f 296 237 295
f 237 238 295
f 295 238 294
f 238 239 294
f 294 239 293
f 239 240 293
f 293 240 292
f 240 241 292
f 292 241 291
f 241 242 291
f 291 242 290
f 242 243 290
f 243 50 290
f 290 50 81
f 110 77 314
f 77 315 314
f 314 315 312
f 315 316 312
f 317 310 316
f 310 313 316
f 316 313 312
f 318 308 317
f 308 311 317
f 317 311 310
f 319 306 318
f 306 309 318
f 318 309 308
f 320 304 319
f 304 307 319
f 319 307 306
f 302 303 320
f 303 305 320
f 320 305 304
f 77 86 315
f 86 217 315
f 315 217 316
f 217 216 316
f 316 216 317
f 216 218 317
f 317 218 318
f 218 219 318
f 318 219 319
f 219 220 319
f 319 220 320
f 220 221 320
f 320 221 302
f 221 222 302
f 204 78 69
f 245 205 204
f 204 69 245
f 69 68 245
f 245 68 246
f 68 64 246
f 246 64 247
f 64 56 247
f 247 56 248
f 56 62 248
f 248 62 249
f 62 61 249
f 249 61 250
f 61 51 250
f 250 51 251
f 51 50 243
f 209 206 252
f 206 207 252
f 51 243 251
f 243 242 251
f 251 242 241
f 241 253 251
f 253 254 251
f 251 254 250
f 254 255 250
f 250 255 249
f 255 256 249
f 249 256 248
f 256 257 248
f 248 257 247
f 257 258 247
f 247 258 246
f 258 252 246
f 246 252 245
f 252 207 245
f 245 207 205
f 259 208 209
f 209 252 259
f 252 258 259
f 259 258 260
f 258 257 260
f 260 257 261
f 257 256 261
f 261 256 262
f 256 255 262
f 262 255 263
f 255 254 263
f 263 254 264
f 254 253 264
f 264 253 265
f 213 210 266
f 210 211 266
f 241 240 253
f 240 239 253
f 253 239 265
f 239 238 265
f 265 238 237
f 237 267 265
f 267 268 265
f 265 268 264
f 268 269 264
f 264 269 263
f 269 270 263
f 263 270 262
f 270 271 262
f 262 271 261
f 271 272 261
f 261 272 260
f 272 266 260
f 260 266 259
f 266 211 259
f 259 211 208
f 214 212 273
f 212 213 273
f 213 266 273
f 266 272 273
f 273 272 274
f 272 271 274
f 274 271 275
f 271 270 275
f 275 270 276
f 270 269 276
f 276 269 277
f 269 268 277
f 277 268 278
f 268 267 278
f 278 267 279
f 234 215 214
f 237 236 267
f 236 235 267
f 267 235 279
f 235 228 279
f 279 228 227
f 214 273 234
f 273 274 234
f 234 274 233
f 274 275 233
f 233 275 232
f 275 276 232
f 232 276 231
f 276 277 231
f 231 277 230
f 277 278 230
f 230 278 229
f 278 279 229
f 229 279 226
f 279 227 226
f 226 227 244
f 222 221 198
f 221 196 198
f 196 221 195
f 221 220 195
f 195 220 194
f 194 220 193
f 220 219 193
f 193 219 192
f 192 219 191
f 219 218 191
f 191 218 190
f 190 218 189
f 218 216 189
f 189 216 188
f 188 216 187
f 216 217 187
f 187 217 186
f 217 86 186
f 186 86 105
