mtllib right_inner_knuckle_visuals_robotiq_arg2f_140_inner_knuckle_node_STL_BINARY__mesh.mtl
v -0.0075500020757317595 0.09991993010044098 -0.004717910196632146
v -0.0075500020757317595 0.09984227269887924 -0.008217048831284044
v 0.007449998520314699 0.09991993010044098 -0.004717910196632146
v 0.007449998520314699 0.09991993010044098 -0.004717910196632146
v -0.0075500020757317595 0.09984227269887924 -0.008217048831284044
v 0.007449998520314699 0.09984227269887924 -0.008217048831284044
v 0.01945000141859056 0.09984227269887924 -0.008217048831284044
v 0.01945000141859056 0.09986668080091476 -0.007117319386452436
v 0.011950000189244756 0.09984227269887924 -0.008217048831284044
v 0.011950000189244756 0.09984227269887924 -0.008217048831284044
v 0.01945000141859056 0.09986668080091476 -0.007117319386452436
v 0.012050001882016667 0.09986668080091476 -0.007117319386452436
v 0.011950000189244756 0.09984227269887924 -0.008217048831284044
v 0.012050001882016667 0.09986668080091476 -0.007117319386452436
v 0.011950000189244756 0.09992213547229767 -0.004617935512214898
v 0.011950000189244756 0.09992213547229767 -0.004617935512214898
v 0.012050001882016667 0.09986668080091476 -0.007117319386452436
v 0.012050001882016667 0.09990166872739792 -0.005540505051612853
v 0.011950000189244756 0.09992213547229767 -0.004617935512214898
v 0.012050001882016667 0.09990166872739792 -0.005540505051612853
v 0.012050001882016667 0.09992213547229767 -0.004617935512214898
v 0.012050001882016667 0.1000840961933136 0.0026802690699696536
v 0.01945000141859056 0.1000840961933136 0.0026802690699696536
v 0.01945000141859056 0.10010850429534912 0.0037799992132931943
v 0.012050001882016667 0.1000286415219307 0.00018088468641508368
v 0.012050001882016667 0.10004159808158875 0.0007652965141460298
v 0.011950000189244756 0.1000286415219307 0.00018088468641508368
v 0.011950000189244756 0.1000286415219307 0.00018088468641508368
v 0.012050001882016667 0.10004159808158875 0.0007652965141460298
v 0.012050001882016667 0.1000840961933136 0.0026802690699696536
v 0.011950000189244756 0.1000286415219307 0.00018088468641508368
v 0.012050001882016667 0.1000840961933136 0.0026802690699696536
v 0.011950000189244756 0.10010850429534912 0.0037799992132931943
v 0.011950000189244756 0.10010850429534912 0.0037799992132931943
v 0.012050001882016667 0.1000840961933136 0.0026802690699696536
v 0.01945000141859056 0.10010850429534912 0.0037799992132931943
v 0.012649997137486943 0.10003084689378738 0.00028085953090339894
v 0.012649997137486943 0.10004159808158875 0.0007652965141460298
v 0.012649997137486943 0.09894091635942459 5.7406778068980195e-05
v 0.012649997137486943 0.09894091635942459 5.7406778068980195e-05
v 0.012649997137486943 0.10004159808158875 0.0007652965141460298
v 0.012649997137486943 0.09874457120895386 0.0006427741609513759
v 0.012649997137486943 0.09894091635942459 5.7406778068980195e-05
v 0.012649997137486943 0.09874457120895386 0.0006427741609513759
v 0.012649997137486943 0.0980558767914772 -0.000616821169387549
v 0.012649997137486943 0.0980558767914772 -0.000616821169387549
v 0.012649997137486943 0.09874457120895386 0.0006427741609513759
v 0.012649997137486943 0.09739138185977936 -0.00019728818733710793
v 0.012649997137486943 0.0980558767914772 -0.000616821169387549
v 0.012649997137486943 0.09739138185977936 -0.00019728818733710793
v 0.012649997137486943 0.09755101054906845 -0.0016082871006801722
v 0.012649997137486943 0.09755101054906845 -0.0016082871006801722
v 0.012649997137486943 0.09739138185977936 -0.00019728818733710793
v 0.012649997137486943 0.09661828726530075 -0.0015898216515779493
v 0.012649997137486943 0.09755101054906845 -0.0016082871006801722
v 0.012649997137486943 0.09661828726530075 -0.0015898216515779493
v 0.012649997137486943 0.09752631932497025 -0.0027206186205148693
v 0.012649997137486943 0.09752631932497025 -0.0027206186205148693
v 0.012649997137486943 0.09661828726530075 -0.0015898216515779493
v 0.012649997137486943 0.09662086516618729 -0.003182559041306376
v 0.012649997137486943 0.09752631932497025 -0.0027206186205148693
v 0.012649997137486943 0.09662086516618729 -0.003182559041306376
v 0.012649997137486943 0.09798670560121536 -0.003733504097908735
v 0.012649997137486943 0.09798670560121536 -0.003733504097908735
v 0.012649997137486943 0.09662086516618729 -0.003182559041306376
v 0.012649997137486943 0.09739845991134644 -0.00457258429378271
v 0.012649997137486943 0.09798670560121536 -0.003733504097908735
v 0.012649997137486943 0.09739845991134644 -0.00457258429378271
v 0.012649997137486943 0.09884096682071686 -0.0044463290832936755
v 0.012649997137486943 0.09884096682071686 -0.0044463290832936755
v 0.012649997137486943 0.09739845991134644 -0.00457258429378271
v 0.012649997137486943 0.09875436127185822 -0.005408264696598052
v 0.012649997137486943 0.09884096682071686 -0.0044463290832936755
v 0.012649997137486943 0.09875436127185822 -0.005408264696598052
v 0.012649997137486943 0.09991993010044098 -0.004717910196632146
v 0.012649997137486943 0.09991993010044098 -0.004717910196632146
v 0.012649997137486943 0.09875436127185822 -0.005408264696598052
v 0.012649997137486943 0.09990166872739792 -0.005540505051612853
v 0.012050001882016667 0.09992213547229767 -0.004617935512214898
v 0.012050001882016667 0.09990166872739792 -0.005540505051612853
v 0.012050001882016667 0.09888634830713272 -0.004357216879725455
v 0.012050001882016667 0.09888634830713272 -0.004357216879725455
v 0.012050001882016667 0.09990166872739792 -0.005540505051612853
v 0.012050001882016667 0.09875436127185822 -0.005408264696598052
v 0.012050001882016667 0.09888634830713272 -0.004357216879725455
v 0.012050001882016667 0.09875436127185822 -0.005408264696598052
v 0.012050001882016667 0.09806626290082932 -0.0036729036364704366
v 0.012050001882016667 0.09806626290082932 -0.0036729036364704366
v 0.012050001882016667 0.09875436127185822 -0.005408264696598052
v 0.012050001882016667 0.09739845991134644 -0.00457258429378271
v 0.012050001882016667 0.09806626290082932 -0.0036729036364704366
v 0.012050001882016667 0.09739845991134644 -0.00457258429378271
v 0.012050001882016667 0.0976242870092392 -0.002700534416362643
v 0.012050001882016667 0.0976242870092392 -0.002700534416362643
v 0.012050001882016667 0.09739845991134644 -0.00457258429378271
v 0.012050001882016667 0.09662086516618729 -0.003182559041306376
v 0.012050001882016667 0.0976242870092392 -0.002700534416362643
v 0.012050001882016667 0.09662086516618729 -0.003182559041306376
v 0.012050001882016667 0.09764798730611801 -0.0016326968325302003
v 0.012050001882016667 0.09764798730611801 -0.0016326968325302003
v 0.012050001882016667 0.09662086516618729 -0.003182559041306376
v 0.012050001882016667 0.09661828726530075 -0.0015898216515779493
v 0.012050001882016667 0.09764798730611801 -0.0016326968325302003
v 0.012050001882016667 0.09661828726530075 -0.0015898216515779493
v 0.012050001882016667 0.0981326475739479 -0.0006808897596783935
v 0.012050001882016667 0.0981326475739479 -0.0006808897596783935
v 0.012050001882016667 0.09661828726530075 -0.0015898216515779493
v 0.012050001882016667 0.09739138185977936 -0.00019728818733710793
v 0.012050001882016667 0.0981326475739479 -0.0006808897596783935
v 0.012050001882016667 0.09739138185977936 -0.00019728818733710793
v 0.012050001882016667 0.0989823043346405 -3.363024006830528e-05
v 0.012050001882016667 0.0989823043346405 -3.363024006830528e-05
v 0.012050001882016667 0.09739138185977936 -0.00019728818733710793
v 0.012050001882016667 0.09874457120895386 0.0006427741609513759
v 0.012050001882016667 0.0989823043346405 -3.363024006830528e-05
v 0.012050001882016667 0.09874457120895386 0.0006427741609513759
v 0.012050001882016667 0.1000286415219307 0.00018088468641508368
v 0.012050001882016667 0.1000286415219307 0.00018088468641508368
v 0.012050001882016667 0.09874457120895386 0.0006427741609513759
v 0.012050001882016667 0.10004159808158875 0.0007652965141460298
v -0.012749993242323407 0.10028261691331863 0.0008802188676781951
v -0.012149997986853131 0.10028261691331863 0.0008802188676781951
v -0.012749993242323407 0.10022205114364624 0.0002692767011467367
v -0.012749993242323407 0.10022205114364624 0.0002692767011467367
v -0.012149997986853131 0.10028261691331863 0.0008802188676781951
v -0.012149997986853131 0.10021217912435532 0.00016976459301076827
v -0.012749993242323407 0.10022205114364624 0.0002692767011467367
v -0.012149997986853131 0.10021217912435532 0.00016976459301076827
v -0.012749993242323407 0.10021217912435532 0.00016976459301076827
v -0.012149997986853131 0.09941520541906357 0.002649348229169845
v -0.012149997986853131 0.10045883804559708 0.002657566219568252
v -0.012749993242323407 0.09941520541906357 0.002649348229169845
v -0.012749993242323407 0.09941520541906357 0.002649348229169845
v -0.012149997986853131 0.10045883804559708 0.002657566219568252
v -0.012749993242323407 0.10045883804559708 0.002657566219568252
v -0.012149997986853131 0.10075633227825165 0.002618842059746384
v -0.012749993242323407 0.10075633227825165 0.002618842059746384
v -0.012149997986853131 0.10063113272190094 0.001843290403485298
v -0.012149997986853131 0.10063113272190094 0.001843290403485298
v -0.012749993242323407 0.10075633227825165 0.002618842059746384
v -0.012749993242323407 0.10063113272190094 0.001843290403485298
v 0.012649997137486943 0.10004159808158875 0.0007652965141460298
v 0.012649997137486943 0.10003084689378738 0.00028085953090339894
v 0.01345000322908164 0.10003084689378738 0.00028085953090339894
v 0.012649997137486943 0.09991993010044098 -0.004717910196632146
v 0.012649997137486943 0.09990166872739792 -0.005540505051612853
v 0.01345000322908164 0.09991993010044098 -0.004717910196632146
v 0.01345000322908164 0.09991993010044098 -0.004717910196632146
v 0.012649997137486943 0.09990166872739792 -0.005540505051612853
v 0.01945000141859056 0.09990166872739792 -0.005540505051612853
v 0.01345000322908164 0.09991993010044098 -0.004717910196632146
v 0.01945000141859056 0.09990166872739792 -0.005540505051612853
v 0.01345000322908164 0.10003084689378738 0.00028085953090339894
v 0.01345000322908164 0.10003084689378738 0.00028085953090339894
v 0.01945000141859056 0.09990166872739792 -0.005540505051612853
v 0.01945000141859056 0.10004159808158875 0.0007652965141460298
v 0.01345000322908164 0.10003084689378738 0.00028085953090339894
v 0.01945000141859056 0.10004159808158875 0.0007652965141460298
v 0.012649997137486943 0.10004159808158875 0.0007652965141460298
v 0.012050001882016667 0.1000286415219307 0.00018088468641508368
v 0.011950000189244756 0.1000286415219307 0.00018088468641508368
v 0.011950000189244756 0.0989823043346405 -3.363024006830528e-05
v 0.012050001882016667 0.1000286415219307 0.00018088468641508368
v 0.011950000189244756 0.0989823043346405 -3.363024006830528e-05
v 0.012050001882016667 0.0989823043346405 -3.363024006830528e-05
v 0.012050001882016667 0.0989823043346405 -3.363024006830528e-05
v 0.011950000189244756 0.0989823043346405 -3.363024006830528e-05
v 0.011950000189244756 0.0981326475739479 -0.0006808897596783935
v 0.012050001882016667 0.0989823043346405 -3.363024006830528e-05
v 0.011950000189244756 0.0981326475739479 -0.0006808897596783935
v 0.012050001882016667 0.0981326475739479 -0.0006808897596783935
v 0.012050001882016667 0.0981326475739479 -0.0006808897596783935
v 0.011950000189244756 0.0981326475739479 -0.0006808897596783935
v 0.011950000189244756 0.09764798730611801 -0.0016326968325302003
v 0.012050001882016667 0.0981326475739479 -0.0006808897596783935
v 0.011950000189244756 0.09764798730611801 -0.0016326968325302003
v 0.012050001882016667 0.09764798730611801 -0.0016326968325302003
v 0.012050001882016667 0.09764798730611801 -0.0016326968325302003
v 0.011950000189244756 0.09764798730611801 -0.0016326968325302003
v 0.011950000189244756 0.0976242870092392 -0.002700534416362643
v 0.012050001882016667 0.09764798730611801 -0.0016326968325302003
v 0.011950000189244756 0.0976242870092392 -0.002700534416362643
v 0.012050001882016667 0.0976242870092392 -0.002700534416362643
v 0.012050001882016667 0.0976242870092392 -0.002700534416362643
v 0.011950000189244756 0.0976242870092392 -0.002700534416362643
v 0.011950000189244756 0.09806626290082932 -0.0036729036364704366
v 0.012050001882016667 0.0976242870092392 -0.002700534416362643
v 0.011950000189244756 0.09806626290082932 -0.0036729036364704366
v 0.012050001882016667 0.09806626290082932 -0.0036729036364704366
v 0.012050001882016667 0.09806626290082932 -0.0036729036364704366
v 0.011950000189244756 0.09806626290082932 -0.0036729036364704366
v 0.011950000189244756 0.09888634830713272 -0.004357216879725455
v 0.012050001882016667 0.09806626290082932 -0.0036729036364704366
v 0.011950000189244756 0.09888634830713272 -0.004357216879725455
v 0.012050001882016667 0.09888634830713272 -0.004357216879725455
v 0.012050001882016667 0.09888634830713272 -0.004357216879725455
v 0.011950000189244756 0.09888634830713272 -0.004357216879725455
v 0.011950000189244756 0.09992213547229767 -0.004617935512214898
v 0.012050001882016667 0.09888634830713272 -0.004357216879725455
v 0.011950000189244756 0.09992213547229767 -0.004617935512214898
v 0.012050001882016667 0.09992213547229767 -0.004617935512214898
v 0.016950003802776347 0.01298615988343954 -0.006289648823440074
v 0.016950003802776347 0.03250901773571968 -0.006722875870764255
v 0.016950003802776347 0.013252380304038525 0.00570739759132266
v 0.016950003802776347 0.013252380304038525 0.00570739759132266
v 0.016950003802776347 0.03250901773571968 -0.006722875870764255
v 0.016950003802776347 0.032775238156318665 0.005274170543998479
v 0.01945000141859056 0.10239390283823013 0.0032724484335631128
v 0.01945000141859056 0.10010850429534912 0.0037799992132931943
v 0.01945000141859056 0.1000840961933136 0.0026802690699696536
v 0.01945000141859056 0.1039404571056366 -0.0021967713255435224
v 0.01945000141859056 0.10429394245147705 -0.002223247662186622
v 0.01945000141859056 0.10556823760271072 -4.596900907927192e-05
v 0.01945000141859056 0.10556823760271072 -4.596900907927192e-05
v 0.01945000141859056 0.10429394245147705 -0.002223247662186622
v 0.01945000141859056 0.10459577292203903 -0.0024090968072414394
v 0.01945000141859056 0.10556823760271072 -4.596900907927192e-05
v 0.01945000141859056 0.10459577292203903 -0.0024090968072414394
v 0.01945000141859056 0.10597391426563263 -0.002351637231186032
v 0.01945000141859056 0.09986668080091476 -0.007117319386452436
v 0.01945000141859056 0.09984227269887924 -0.008217048831284044
v 0.01945000141859056 0.1021103709936142 -0.00662894919514656
v 0.01945000141859056 0.1021103709936142 -0.00662894919514656
v 0.01945000141859056 0.09984227269887924 -0.008217048831284044
v 0.01945000141859056 0.10214795172214508 -0.0078113777562975875
v 0.01945000141859056 0.1021103709936142 -0.00662894919514656
v 0.01945000141859056 0.10214795172214508 -0.0078113777562975875
v 0.01945000141859056 0.1038852110505104 -0.005172038916498422
v 0.01945000141859056 0.10176952928304672 -0.004764693789184093
v 0.01945000141859056 0.10090277343988419 0.0006834904779680072
v 0.01945000141859056 0.10034555941820145 -0.005478197708725928
v 0.01945000141859056 0.10034555941820145 -0.005478197708725928
v 0.01945000141859056 0.10090277343988419 0.0006834904779680072
v 0.01945000141859056 0.10033553838729858 0.0007178542437031864
v 0.01945000141859056 0.10034555941820145 -0.005478197708725928
v 0.01945000141859056 0.10033553838729858 0.0007178542437031864
v 0.01945000141859056 0.09990166872739792 -0.005540505051612853
v 0.01945000141859056 0.09990166872739792 -0.005540505051612853
v 0.01945000141859056 0.10033553838729858 0.0007178542437031864
v 0.01945000141859056 0.10004159808158875 0.0007652965141460298
v 0.01945000141859056 0.10459577292203903 -0.0024090968072414394
v 0.01945000141859056 0.10477855801582336 -0.002712802495807409
v 0.01945000141859056 0.10597391426563263 -0.002351637231186032
v 0.01945000141859056 0.10597391426563263 -0.002351637231186032
v 0.01945000141859056 0.10477855801582336 -0.002712802495807409
v 0.01945000141859056 0.10480144619941711 -0.0030665283557027574
v 0.01945000141859056 0.10597391426563263 -0.002351637231186032
v 0.01945000141859056 0.10480144619941711 -0.0030665283557027574
v 0.01945000141859056 0.10546635836362839 -0.004637039266526698
v 0.01945000141859056 0.10546635836362839 -0.004637039266526698
v 0.01945000141859056 0.10480144619941711 -0.0030665283557027574
v 0.01945000141859056 0.1038852110505104 -0.005172038916498422
v 0.01945000141859056 0.10546635836362839 -0.004637039266526698
v 0.01945000141859056 0.1038852110505104 -0.005172038916498422
v 0.01945000141859056 0.10412285476922989 -0.006554245948791503
v 0.01945000141859056 0.10412285476922989 -0.006554245948791503
v 0.01945000141859056 0.1038852110505104 -0.005172038916498422
v 0.01945000141859056 0.10214795172214508 -0.0078113777562975875
v 0.01945000141859056 0.1000840961933136 0.0026802690699696536
v 0.01945000141859056 0.10177826881408691 0.002337750047445297
v 0.01945000141859056 0.10239390283823013 0.0032724484335631128
v 0.01945000141859056 0.10239390283823013 0.0032724484335631128
v 0.01945000141859056 0.10177826881408691 0.002337750047445297
v 0.01945000141859056 0.10206770151853561 0.002133135218173265
v 0.01945000141859056 0.10239390283823013 0.0032724484335631128
v 0.01945000141859056 0.10206770151853561 0.002133135218173265
v 0.01945000141859056 0.10431110858917236 0.0019289467018097637
v 0.01945000141859056 0.10431110858917236 0.0019289467018097637
v 0.01945000141859056 0.10206770151853561 0.002133135218173265
v 0.01945000141859056 0.10223086923360825 0.0018184497021138666
v 0.01945000141859056 0.10431110858917236 0.0019289467018097637
v 0.01945000141859056 0.10223086923360825 0.0018184497021138666
v 0.01945000141859056 0.10556823760271072 -4.596900907927192e-05
v 0.01945000141859056 0.10556823760271072 -4.596900907927192e-05
v 0.01945000141859056 0.10223086923360825 0.0018184497021138666
v 0.01945000141859056 0.10223127156496048 0.0014639840228483079
v 0.01945000141859056 0.10556823760271072 -4.596900907927192e-05
v 0.01945000141859056 0.10223127156496048 0.0014639840228483079
v 0.01945000141859056 0.1039404571056366 -0.0021967713255435224
v 0.01945000141859056 0.1039404571056366 -0.0021967713255435224
v 0.01945000141859056 0.10223127156496048 0.0014639840228483079
v 0.01945000141859056 0.10206886380910873 0.0011489157332107423
v 0.01945000141859056 0.1039404571056366 -0.0021967713255435224
v 0.01945000141859056 0.10206886380910873 0.0011489157332107423
v 0.01945000141859056 0.10361430794000626 -0.002335579134523868
v 0.01945000141859056 0.10361430794000626 -0.002335579134523868
v 0.01945000141859056 0.10206886380910873 0.0011489157332107423
v 0.01945000141859056 0.10177990794181824 0.0009436222608201205
v 0.01945000141859056 0.10361430794000626 -0.002335579134523868
v 0.01945000141859056 0.10177990794181824 0.0009436222608201205
v 0.01945000141859056 0.10333463549613953 -0.002544217742979526
v 0.01945000141859056 0.10333463549613953 -0.002544217742979526
v 0.01945000141859056 0.10177990794181824 0.0009436222608201205
v 0.01945000141859056 0.10145574808120728 0.0008144780294969677
v 0.01945000141859056 0.10333463549613953 -0.002544217742979526
v 0.01945000141859056 0.10145574808120728 0.0008144780294969677
v 0.01945000141859056 0.10293363779783249 -0.002946890657767653
v 0.01945000141859056 0.10293363779783249 -0.002946890657767653
v 0.01945000141859056 0.10145574808120728 0.0008144780294969677
v 0.01945000141859056 0.10090277343988419 0.0006834904779680072
v 0.01945000141859056 0.10293363779783249 -0.002946890657767653
v 0.01945000141859056 0.10090277343988419 0.0006834904779680072
v 0.01945000141859056 0.10266607254743576 -0.003448246512562036
v 0.01945000141859056 0.10266607254743576 -0.003448246512562036
v 0.01945000141859056 0.10090277343988419 0.0006834904779680072
v 0.01945000141859056 0.10176952928304672 -0.004764693789184093
v -0.0135500067844987 0.1011054590344429 1.1481241017463615e-05
v -0.012749993242323407 0.10206906497478485 -0.0008523208089172839
v -0.0135500067844987 0.10206906497478485 -0.0008523208089172839
v -0.0135500067844987 0.10206906497478485 -0.0008523208089172839
v -0.012749993242323407 0.10206906497478485 -0.0008523208089172839
v -0.012749993242323407 0.10247166454792023 -0.002082196064293384
v -0.0135500067844987 0.10206906497478485 -0.0008523208089172839
v -0.012749993242323407 0.10247166454792023 -0.002082196064293384
v -0.0135500067844987 0.10247166454792023 -0.002082196064293384
v -0.0135500067844987 0.10247166454792023 -0.002082196064293384
v -0.012749993242323407 0.10247166454792023 -0.002082196064293384
v -0.012749993242323407 0.10220539569854736 -0.0033486012835055585
v -0.0135500067844987 0.10247166454792023 -0.002082196064293384
v -0.012749993242323407 0.10220539569854736 -0.0033486012835055585
v -0.0135500067844987 0.10220539569854736 -0.0033486012835055585
v -0.0135500067844987 0.10220539569854736 -0.0033486012835055585
v -0.012749993242323407 0.10220539569854736 -0.0033486012835055585
v -0.012749993242323407 0.10134159028530121 -0.0043122032657265654
v -0.0135500067844987 0.10220539569854736 -0.0033486012835055585
v -0.012749993242323407 0.10134159028530121 -0.0043122032657265654
v -0.0135500067844987 0.10134159028530121 -0.0043122032657265654
v -0.0135500067844987 0.10134159028530121 -0.0043122032657265654
v -0.012749993242323407 0.10134159028530121 -0.0043122032657265654
v -0.012749993242323407 0.1001117154955864 -0.004714805632829665
v -0.0135500067844987 0.10134159028530121 -0.0043122032657265654
v -0.012749993242323407 0.1001117154955864 -0.004714805632829665
v -0.0135500067844987 0.1001117154955864 -0.004714805632829665
v -0.0135500067844987 0.1001117154955864 -0.004714805632829665
v -0.012749993242323407 0.1001117154955864 -0.004714805632829665
v -0.012749993242323407 0.09884531050920486 -0.004448532126843928
v -0.0135500067844987 0.1001117154955864 -0.004714805632829665
v -0.012749993242323407 0.09884531050920486 -0.004448532126843928
v -0.0135500067844987 0.09884531050920486 -0.004448532126843928
v -0.0135500067844987 0.09884531050920486 -0.004448532126843928
v -0.012749993242323407 0.09884531050920486 -0.004448532126843928
v -0.012749993242323407 0.09788171201944351 -0.0035847299732267852
v -0.0135500067844987 0.09884531050920486 -0.004448532126843928
v -0.012749993242323407 0.09788171201944351 -0.0035847299732267852
v -0.0135500067844987 0.09788171201944351 -0.0035847299732267852
v -0.0135500067844987 0.09788171201944351 -0.0035847299732267852
v -0.012749993242323407 0.09788171201944351 -0.0035847299732267852
v -0.012749993242323407 0.09747911244630814 -0.0023548535536974664
v -0.0135500067844987 0.09788171201944351 -0.0035847299732267852
v -0.012749993242323407 0.09747911244630814 -0.0023548535536974664
v -0.0135500067844987 0.09747911244630814 -0.0023548535536974664
v -0.0135500067844987 0.09747911244630814 -0.0023548535536974664
v -0.012749993242323407 0.09747911244630814 -0.0023548535536974664
v -0.012749993242323407 0.097745381295681 -0.0010884493822231887
v -0.0135500067844987 0.09747911244630814 -0.0023548535536974664
v -0.012749993242323407 0.097745381295681 -0.0010884493822231887
v -0.0135500067844987 0.097745381295681 -0.0010884493822231887
v -0.0135500067844987 0.097745381295681 -0.0010884493822231887
v -0.012749993242323407 0.097745381295681 -0.0010884493822231887
v -0.012749993242323407 0.09860918670892715 -0.00012484748731367287
v -0.0135500067844987 0.097745381295681 -0.0010884493822231887
v -0.012749993242323407 0.09860918670892715 -0.00012484748731367287
v -0.0135500067844987 0.09860918670892715 -0.00012484748731367287
v -0.0135500067844987 0.09860918670892715 -0.00012484748731367287
v -0.012749993242323407 0.09860918670892715 -0.00012484748731367287
v -0.012749993242323407 0.09983906149864197 0.00027775470516644413
v -0.0135500067844987 0.09860918670892715 -0.00012484748731367287
v -0.012749993242323407 0.09983906149864197 0.00027775470516644413
v -0.0135500067844987 0.09983906149864197 0.00027775470516644413
v -0.0135500067844987 0.09983906149864197 0.00027775470516644413
v -0.012749993242323407 0.09983906149864197 0.00027775470516644413
v -0.012749993242323407 0.10022205114364624 0.0002692767011467367
v -0.012749993242323407 0.10022205114364624 0.0002692767011467367
v -0.012749993242323407 0.10029808431863785 0.0002605595218483358
v -0.0135500067844987 0.09983906149864197 0.00027775470516644413
v -0.0135500067844987 0.09983906149864197 0.00027775470516644413
v -0.012749993242323407 0.10029808431863785 0.0002605595218483358
v -0.012749993242323407 0.10037382692098618 0.0002495189546607434
v -0.0135500067844987 0.09983906149864197 0.00027775470516644413
v -0.012749993242323407 0.10037382692098618 0.0002495189546607434
v -0.0135500067844987 0.1011054590344429 1.1481241017463615e-05
v -0.0135500067844987 0.1011054590344429 1.1481241017463615e-05
v -0.012749993242323407 0.10037382692098618 0.0002495189546607434
v -0.012749993242323407 0.1011054590344429 1.1481241017463615e-05
v -0.0135500067844987 0.1011054590344429 1.1481241017463615e-05
v -0.012749993242323407 0.1011054590344429 1.1481241017463615e-05
v -0.012749993242323407 0.10206906497478485 -0.0008523208089172839
v -0.0135500067844987 0.097745381295681 -0.0010884493822231887
v -0.0135500067844987 0.09860918670892715 -0.00012484748731367287
v -0.0135500067844987 0.09997538477182388 -0.002218524925410747
v -0.0135500067844987 0.09997538477182388 -0.002218524925410747
v -0.0135500067844987 0.09860918670892715 -0.00012484748731367287
v -0.0135500067844987 0.09983906149864197 0.00027775470516644413
v -0.0135500067844987 0.09997538477182388 -0.002218524925410747
v -0.0135500067844987 0.09983906149864197 0.00027775470516644413
v -0.0135500067844987 0.1011054590344429 1.1481241017463615e-05
v -0.0135500067844987 0.09884531050920486 -0.004448532126843928
v -0.0135500067844987 0.09788171201944351 -0.0035847299732267852
v -0.0135500067844987 0.09997538477182388 -0.002218524925410747
v -0.0135500067844987 0.09997538477182388 -0.002218524925410747
v -0.0135500067844987 0.09788171201944351 -0.0035847299732267852
v -0.0135500067844987 0.09747911244630814 -0.0023548535536974664
v -0.0135500067844987 0.09997538477182388 -0.002218524925410747
v -0.0135500067844987 0.09747911244630814 -0.0023548535536974664
v -0.0135500067844987 0.097745381295681 -0.0010884493822231887
v -0.0135500067844987 0.10220539569854736 -0.0033486012835055585
v -0.0135500067844987 0.10134159028530121 -0.0043122032657265654
v -0.0135500067844987 0.09997538477182388 -0.002218524925410747
v -0.0135500067844987 0.09997538477182388 -0.002218524925410747
v -0.0135500067844987 0.10134159028530121 -0.0043122032657265654
v -0.0135500067844987 0.1001117154955864 -0.004714805632829665
v -0.0135500067844987 0.09997538477182388 -0.002218524925410747
v -0.0135500067844987 0.1001117154955864 -0.004714805632829665
v -0.0135500067844987 0.09884531050920486 -0.004448532126843928
v -0.0135500067844987 0.1011054590344429 1.1481241017463615e-05
v -0.0135500067844987 0.10206906497478485 -0.0008523208089172839
v -0.0135500067844987 0.09997538477182388 -0.002218524925410747
v -0.0135500067844987 0.09997538477182388 -0.002218524925410747
v -0.0135500067844987 0.10206906497478485 -0.0008523208089172839
v -0.0135500067844987 0.10247166454792023 -0.002082196064293384
v -0.0135500067844987 0.09997538477182388 -0.002218524925410747
v -0.0135500067844987 0.10247166454792023 -0.002082196064293384
v -0.0135500067844987 0.10220539569854736 -0.0033486012835055585
v -0.012149997986853131 0.10075633227825165 0.002618842059746384
v -0.012149997986853131 0.10176309198141098 0.0023437263444066043
v -0.012749993242323407 0.10075633227825165 0.002618842059746384
v -0.012749993242323407 0.10075633227825165 0.002618842059746384
v -0.012149997986853131 0.10176309198141098 0.0023437263444066043
v -0.012749993242323407 0.10176309198141098 0.0023437263444066043
v -0.012149997986853131 0.10038132965564728 0.0018758060177788136
v -0.012149997986853131 0.10045883804559708 0.002657566219568252
v -0.012149997986853131 0.09971291571855545 0.0019628128502517934
v -0.012149997986853131 0.09971291571855545 0.0019628128502517934
v -0.012149997986853131 0.10045883804559708 0.002657566219568252
v -0.012149997986853131 0.09941520541906357 0.002649348229169845
v -0.012149997986853131 0.09971291571855545 0.0019628128502517934
v -0.012149997986853131 0.09941520541906357 0.002649348229169845
v -0.012149997986853131 0.09945636987686157 0.0019286563619971273
v -0.012149997986853131 0.09877622127532959 0.0020973242353647943
v -0.012149997986853131 0.09925126284360886 0.0017707980005070565
v -0.012149997986853131 0.09890797734260559 0.0023634925018995996
v -0.012149997986853131 0.09890797734260559 0.0023634925018995996
v -0.012149997986853131 0.09925126284360886 0.0017707980005070565
v -0.012149997986853131 0.09945636987686157 0.0019286563619971273
v -0.012149997986853131 0.09890797734260559 0.0023634925018995996
v -0.012149997986853131 0.09945636987686157 0.0019286563619971273
v -0.012149997986853131 0.0991327315568924 0.0025576499756425615
v -0.012149997986853131 0.0991327315568924 0.0025576499756425615
v -0.012149997986853131 0.09945636987686157 0.0019286563619971273
v -0.012149997986853131 0.09941520541906357 0.002649348229169845
v -0.012149997986853131 0.10075633227825165 0.002618842059746384
v -0.012149997986853131 0.10063113272190094 0.001843290403485298
v -0.012149997986853131 0.10176309198141098 0.0023437263444066043
v -0.012149997986853131 0.10176309198141098 0.0023437263444066043
v -0.012149997986853131 0.10063113272190094 0.001843290403485298
v -0.012149997986853131 0.10129953920841217 0.001756283571012318
v -0.012149997986853131 0.10176309198141098 0.0023437263444066043
v -0.012149997986853131 0.10129953920841217 0.001756283571012318
v -0.012149997986853131 0.10201268643140793 0.002182766096666455
v -0.012149997986853131 0.10201268643140793 0.002182766096666455
v -0.012149997986853131 0.10129953920841217 0.001756283571012318
v -0.012149997986853131 0.10153879225254059 0.0016575860790908334
v -0.012149997986853131 0.10201268643140793 0.002182766096666455
v -0.012149997986853131 0.10153879225254059 0.0016575860790908334
v -0.012149997986853131 0.10218023508787155 0.0019375450210645793
v -0.012149997986853131 0.10218023508787155 0.0019375450210645793
v -0.012149997986853131 0.10153879225254059 0.0016575860790908334
v -0.012149997986853131 0.10169666260480881 0.0014524817233905194
v -0.012149997986853131 0.10218023508787155 0.0019375450210645793
v -0.012149997986853131 0.10169666260480881 0.0014524817233905194
v -0.012149997986853131 0.1022394523024559 0.0016465153312310574
v -0.012149997986853131 0.1022394523024559 0.0016465153312310574
v -0.012149997986853131 0.10169666260480881 0.0014524817233905194
v -0.012149997986853131 0.1017308160662651 0.0011959268013015387
v -0.012149997986853131 0.1022394523024559 0.0016465153312310574
v -0.012149997986853131 0.1017308160662651 0.0011959268013015387
v -0.012149997986853131 0.10224144160747528 0.00028259103419259185
v -0.012149997986853131 0.10224144160747528 0.00028259103419259185
v -0.012149997986853131 0.1017308160662651 0.0011959268013015387
v -0.012149997986853131 0.10163211077451706 0.0009566644439473747
v -0.012149997986853131 0.10224144160747528 0.00028259103419259185
v -0.012149997986853131 0.10163211077451706 0.0009566644439473747
v -0.012149997986853131 0.10232525318861008 -0.00027947683702223
v -0.012149997986853131 0.10308916866779327 -0.002298379316926002
v -0.012149997986853131 0.10256786644458771 -0.0007933648885227739
v -0.012149997986853131 0.10237181186676025 -0.002087649423629045
v -0.012149997986853131 0.10237181186676025 -0.002087649423629045
v -0.012149997986853131 0.10256786644458771 -0.0007933648885227739
v -0.012149997986853131 0.10232525318861008 -0.00027947683702223
v -0.012149997986853131 0.10237181186676025 -0.002087649423629045
v -0.012149997986853131 0.10232525318861008 -0.00027947683702223
v -0.012149997986853131 0.10142701119184494 0.000798806024249643
v -0.012149997986853131 0.10142701119184494 0.000798806024249643
v -0.012149997986853131 0.10232525318861008 -0.00027947683702223
v -0.012149997986853131 0.10163211077451706 0.0009566644439473747
v -0.012149997986853131 0.10021217912435532 0.00016976459301076827
v -0.012149997986853131 0.10028261691331863 0.0008802188676781951
v -0.012149997986853131 0.09984451532363892 0.00017790366837289182
v -0.012149997986853131 0.09984451532363892 0.00017790366837289182
v -0.012149997986853131 0.10028261691331863 0.0008802188676781951
v -0.012149997986853131 0.09958384186029434 0.0009711787570267915
v -0.012149997986853131 0.09984451532363892 0.00017790366837289182
v -0.012149997986853131 0.09958384186029434 0.0009711787570267915
v -0.012149997986853131 0.098663829267025 -0.00020859515643678603
v -0.012149997986853131 0.098663829267025 -0.00020859515643678603
v -0.012149997986853131 0.09958384186029434 0.0009711787570267915
v -0.012149997986853131 0.09934457391500473 0.001069875434041023
v -0.012149997986853131 0.098663829267025 -0.00020859515643678603
v -0.012149997986853131 0.09934457391500473 0.001069875434041023
v -0.012149997986853131 0.09783458709716797 -0.0011336521711200474
v -0.012149997986853131 0.10308916866779327 -0.002298379316926002
v -0.012149997986853131 0.10237181186676025 -0.002087649423629045
v -0.012149997986853131 0.10281188786029816 -0.0038667968474328514
v -0.012149997986853131 0.10281188786029816 -0.0038667968474328514
v -0.012149997986853131 0.10237181186676025 -0.002087649423629045
v -0.012149997986853131 0.1021161898970604 -0.0033033986110240217
v -0.012149997986853131 0.10281188786029816 -0.0038667968474328514
v -0.012149997986853131 0.1021161898970604 -0.0033033986110240217
v -0.012149997986853131 0.1018061637878418 -0.005101855378597974
v -0.012149997986853131 0.1018061637878418 -0.005101855378597974
v -0.012149997986853131 0.1021161898970604 -0.0033033986110240217
v -0.012149997986853131 0.10128694772720337 -0.0042284554801881305
v -0.012149997986853131 0.1018061637878418 -0.005101855378597974
v -0.012149997986853131 0.10128694772720337 -0.0042284554801881305
v -0.012149997986853131 0.10032644867897034 -0.005691121332347392
v -0.012149997986853131 0.10032644867897034 -0.005691121332347392
v -0.012149997986853131 0.10128694772720337 -0.0042284554801881305
v -0.012149997986853131 0.10010626167058945 -0.004614954348653554
v -0.012149997986853131 0.10032644867897034 -0.005691121332347392
v -0.012149997986853131 0.10010626167058945 -0.004614954348653554
v -0.012149997986853131 0.09874702990055084 -0.005485529545694589
v -0.012149997986853131 0.09874702990055084 -0.005485529545694589
v -0.012149997986853131 0.10010626167058945 -0.004614954348653554
v -0.012149997986853131 0.0988905131816864 -0.004359331913292407
v -0.012149997986853131 0.09874702990055084 -0.005485529545694589
v -0.012149997986853131 0.0988905131816864 -0.004359331913292407
v -0.012149997986853131 0.09746746718883514 -0.004537087865173816
v -0.012149997986853131 0.09746746718883514 -0.004537087865173816
v -0.012149997986853131 0.0988905131816864 -0.004359331913292407
v -0.012149997986853131 0.09796545654535294 -0.0035300815943628545
v -0.012149997986853131 0.09746746718883514 -0.004537087865173816
v -0.012149997986853131 0.09796545654535294 -0.0035300815943628545
v -0.012149997986853131 0.09681146591901779 -0.0030857222154736515
v -0.012149997986853131 0.09681146591901779 -0.0030857222154736515
v -0.012149997986853131 0.09796545654535294 -0.0035300815943628545
v -0.012149997986853131 0.09757896512746811 -0.002349400427192449
v -0.012149997986853131 0.09681146591901779 -0.0030857222154736515
v -0.012149997986853131 0.09757896512746811 -0.002349400427192449
v -0.012149997986853131 0.09694493561983109 -0.0014985867310315368
v -0.012149997986853131 0.09694493561983109 -0.0014985867310315368
v -0.012149997986853131 0.09757896512746811 -0.002349400427192449
v -0.012149997986853131 0.09783458709716797 -0.0011336521711200474
v -0.012149997986853131 0.09694493561983109 -0.0014985867310315368
v -0.012149997986853131 0.09783458709716797 -0.0011336521711200474
v -0.012149997986853131 0.09783414751291275 -0.00017717684386298058
v -0.012149997986853131 0.10047168284654617 0.0008556095999665557
v -0.012149997986853131 0.10035789757966995 0.00015079810691531745
v -0.012149997986853131 0.10117045044898987 0.0007646487792953848
v -0.012149997986853131 0.10117045044898987 0.0007646487792953848
v -0.012149997986853131 0.10035789757966995 0.00015079810691531745
v -0.012149997986853131 0.10106026381254196 -7.771886885166167e-05
v -0.012149997986853131 0.10117045044898987 0.0007646487792953848
v -0.012149997986853131 0.10106026381254196 -7.771886885166167e-05
v -0.012149997986853131 0.10142701119184494 0.000798806024249643
v -0.012149997986853131 0.10142701119184494 0.000798806024249643
v -0.012149997986853131 0.10106026381254196 -7.771886885166167e-05
v -0.012149997986853131 0.10198531299829483 -0.0009069690713658928
v -0.012149997986853131 0.10142701119184494 0.000798806024249643
v -0.012149997986853131 0.10198531299829483 -0.0009069690713658928
v -0.012149997986853131 0.10237181186676025 -0.002087649423629045
v -0.012149997986853131 0.09783414751291275 -0.00017717684386298058
v -0.012149997986853131 0.09783458709716797 -0.0011336521711200474
v -0.012149997986853131 0.0982002392411232 0.00025747518520802254
v -0.012149997986853131 0.0982002392411232 0.00025747518520802254
v -0.012149997986853131 0.09783458709716797 -0.0011336521711200474
v -0.012149997986853131 0.09934457391500473 0.001069875434041023
v -0.012149997986853131 0.0982002392411232 0.00025747518520802254
v -0.012149997986853131 0.09934457391500473 0.001069875434041023
v -0.012149997986853131 0.09842513501644135 0.0007793605909682809
v -0.012149997986853131 0.09842513501644135 0.0007793605909682809
v -0.012149997986853131 0.09934457391500473 0.001069875434041023
v -0.012149997986853131 0.0991867259144783 0.0012749815359711645
v -0.012149997986853131 0.09842513501644135 0.0007793605909682809
v -0.012149997986853131 0.0991867259144783 0.0012749815359711645
v -0.012149997986853131 0.09877622127532959 0.0020973242353647943
v -0.012149997986853131 0.09877622127532959 0.0020973242353647943
v -0.012149997986853131 0.0991867259144783 0.0012749815359711645
v -0.012149997986853131 0.0991525650024414 0.001531536574475467
v -0.012149997986853131 0.09877622127532959 0.0020973242353647943
v -0.012149997986853131 0.0991525650024414 0.001531536574475467
v -0.012149997986853131 0.09925126284360886 0.0017707980005070565
v -0.012749993242323407 0.10035789757966995 0.00015079810691531745
v -0.012149997986853131 0.10035789757966995 0.00015079810691531745
v -0.012749993242323407 0.10037382692098618 0.0002495189546607434
v -0.012749993242323407 0.10037382692098618 0.0002495189546607434
v -0.012149997986853131 0.10035789757966995 0.00015079810691531745
v -0.012149997986853131 0.10047168284654617 0.0008556095999665557
v -0.012749993242323407 0.10037382692098618 0.0002495189546607434
v -0.012149997986853131 0.10047168284654617 0.0008556095999665557
v -0.012749993242323407 0.10047168284654617 0.0008556095999665557
v -0.012749993242323407 0.10045883804559708 0.002657566219568252
v -0.012149997986853131 0.10045883804559708 0.002657566219568252
v -0.012749993242323407 0.10038132965564728 0.0018758060177788136
v -0.012749993242323407 0.10038132965564728 0.0018758060177788136
v -0.012149997986853131 0.10045883804559708 0.002657566219568252
v -0.012149997986853131 0.10038132965564728 0.0018758060177788136
v -0.012149997986853131 0.10035789757966995 0.00015079810691531745
v -0.012749993242323407 0.10035789757966995 0.00015079810691531745
v -0.012749993242323407 0.10021217912435532 0.00016976459301076827
v -0.01204999629408122 0.09984451532363892 0.00017790366837289182
v -0.01204999629408122 0.10106026381254196 -7.771886885166167e-05
v -0.012149997986853131 0.10021217912435532 0.00016976459301076827
v -0.012749993242323407 0.10021217912435532 0.00016976459301076827
v -0.012149997986853131 0.10021217912435532 0.00016976459301076827
v -0.012149997986853131 0.10035789757966995 0.00015079810691531745
v -0.012149997986853131 0.10035789757966995 0.00015079810691531745
v -0.012149997986853131 0.10021217912435532 0.00016976459301076827
v -0.01204999629408122 0.10106026381254196 -7.771886885166167e-05
v -0.012149997986853131 0.10035789757966995 0.00015079810691531745
v -0.01204999629408122 0.10106026381254196 -7.771886885166167e-05
v -0.012149997986853131 0.10106026381254196 -7.771886885166167e-05
v -0.012149997986853131 0.10106026381254196 -7.771886885166167e-05
v -0.01204999629408122 0.10106026381254196 -7.771886885166167e-05
v -0.01204999629408122 0.10198531299829483 -0.0009069690713658928
v -0.012149997986853131 0.10106026381254196 -7.771886885166167e-05
v -0.01204999629408122 0.10198531299829483 -0.0009069690713658928
v -0.012149997986853131 0.10198531299829483 -0.0009069690713658928
v -0.012149997986853131 0.10198531299829483 -0.0009069690713658928
v -0.01204999629408122 0.10198531299829483 -0.0009069690713658928
v -0.01204999629408122 0.10237181186676025 -0.002087649423629045
v -0.012149997986853131 0.10198531299829483 -0.0009069690713658928
v -0.01204999629408122 0.10237181186676025 -0.002087649423629045
v -0.012149997986853131 0.10237181186676025 -0.002087649423629045
v -0.012149997986853131 0.10237181186676025 -0.002087649423629045
v -0.01204999629408122 0.10237181186676025 -0.002087649423629045
v -0.01204999629408122 0.1021161898970604 -0.0033033986110240217
v -0.012149997986853131 0.10237181186676025 -0.002087649423629045
v -0.01204999629408122 0.1021161898970604 -0.0033033986110240217
v -0.012149997986853131 0.1021161898970604 -0.0033033986110240217
v -0.012149997986853131 0.1021161898970604 -0.0033033986110240217
v -0.01204999629408122 0.1021161898970604 -0.0033033986110240217
v -0.01204999629408122 0.10128694772720337 -0.0042284554801881305
v -0.012149997986853131 0.1021161898970604 -0.0033033986110240217
v -0.01204999629408122 0.10128694772720337 -0.0042284554801881305
v -0.012149997986853131 0.10128694772720337 -0.0042284554801881305
v -0.012149997986853131 0.10128694772720337 -0.0042284554801881305
v -0.01204999629408122 0.10128694772720337 -0.0042284554801881305
v -0.01204999629408122 0.10010626167058945 -0.004614954348653554
v -0.012149997986853131 0.10128694772720337 -0.0042284554801881305
v -0.01204999629408122 0.10010626167058945 -0.004614954348653554
v -0.012149997986853131 0.10010626167058945 -0.004614954348653554
v -0.012149997986853131 0.10010626167058945 -0.004614954348653554
v -0.01204999629408122 0.10010626167058945 -0.004614954348653554
v -0.01204999629408122 0.0988905131816864 -0.004359331913292407
v -0.012149997986853131 0.10010626167058945 -0.004614954348653554
v -0.01204999629408122 0.0988905131816864 -0.004359331913292407
v -0.012149997986853131 0.0988905131816864 -0.004359331913292407
v -0.012149997986853131 0.0988905131816864 -0.004359331913292407
v -0.01204999629408122 0.0988905131816864 -0.004359331913292407
v -0.01204999629408122 0.09796545654535294 -0.0035300815943628545
v -0.012149997986853131 0.0988905131816864 -0.004359331913292407
v -0.01204999629408122 0.09796545654535294 -0.0035300815943628545
v -0.012149997986853131 0.09796545654535294 -0.0035300815943628545
v -0.012149997986853131 0.09796545654535294 -0.0035300815943628545
v -0.01204999629408122 0.09796545654535294 -0.0035300815943628545
v -0.01204999629408122 0.09757896512746811 -0.002349400427192449
v -0.012149997986853131 0.09796545654535294 -0.0035300815943628545
v -0.01204999629408122 0.09757896512746811 -0.002349400427192449
v -0.012149997986853131 0.09757896512746811 -0.002349400427192449
v -0.012149997986853131 0.09757896512746811 -0.002349400427192449
v -0.01204999629408122 0.09757896512746811 -0.002349400427192449
v -0.01204999629408122 0.09783458709716797 -0.0011336521711200474
v -0.012149997986853131 0.09757896512746811 -0.002349400427192449
v -0.01204999629408122 0.09783458709716797 -0.0011336521711200474
v -0.012149997986853131 0.09783458709716797 -0.0011336521711200474
v -0.012149997986853131 0.09783458709716797 -0.0011336521711200474
v -0.01204999629408122 0.09783458709716797 -0.0011336521711200474
v -0.01204999629408122 0.098663829267025 -0.00020859515643678603
v -0.012149997986853131 0.09783458709716797 -0.0011336521711200474
v -0.01204999629408122 0.098663829267025 -0.00020859515643678603
v -0.012149997986853131 0.098663829267025 -0.00020859515643678603
v -0.012149997986853131 0.098663829267025 -0.00020859515643678603
v -0.01204999629408122 0.098663829267025 -0.00020859515643678603
v -0.01204999629408122 0.09984451532363892 0.00017790366837289182
v -0.012149997986853131 0.098663829267025 -0.00020859515643678603
v -0.01204999629408122 0.09984451532363892 0.00017790366837289182
v -0.012149997986853131 0.09984451532363892 0.00017790366837289182
v -0.012149997986853131 0.09984451532363892 0.00017790366837289182
v -0.01204999629408122 0.09984451532363892 0.00017790366837289182
v -0.012149997986853131 0.10021217912435532 0.00016976459301076827
v 0.012000001035630712 0.026660289615392685 -0.006593087688088416
v 0.011571279726922519 0.028259901329874992 -0.0066285841166973105
v 0.016950003802776347 0.03250901773571968 -0.006722875870764255
v 0.012000001035630712 -0.0001331119128735736 -0.0059985234402120105
v 0.017203979194164287 0.011737074702978134 -0.006261930800974368
v 0.01792561262845994 0.010686270892620087 -0.0062386132776737204
v 0.016950003802776347 0.03250901773571968 -0.006722875870764255
v 0.011571279726922519 0.028259901329874992 -0.0066285841166973105
v 0.01657460629940034 0.034409333020448685 -0.006765044759958982
v 0.01657460629940034 0.034409333020448685 -0.006765044759958982
v 0.011571279726922519 0.028259901329874992 -0.0066285841166973105
v 0.010399996303021915 0.029430896043777466 -0.006654569413512944
v 0.01657460629940034 0.034409333020448685 -0.006765044759958982
v 0.010399996303021915 0.029430896043777466 -0.006654569413512944
v 0.015504798851907264 0.0360243134200573 -0.006800882052630185
v -0.01204999629408122 0.09984227269887924 -0.008217048831284044
v -0.0075500020757317595 0.09984227269887924 -0.008217048831284044
v -0.0075500020757317595 0.09004468470811844 -0.00799963343888521
v 0.012000001035630712 0.026660289615392685 -0.006593087688088416
v 0.016950003802776347 0.03250901773571968 -0.006722875870764255
v 0.012000001035630712 -0.0001331119128735736 -0.0059985234402120105
v 0.012000001035630712 -0.0001331119128735736 -0.0059985234402120105
v 0.016950003802776347 0.03250901773571968 -0.006722875870764255
v 0.016950003802776347 0.01298615988343954 -0.006289648823440074
v 0.012000001035630712 -0.0001331119128735736 -0.0059985234402120105
v 0.016950003802776347 0.01298615988343954 -0.006289648823440074
v 0.017203979194164287 0.011737074702978134 -0.006261930800974368
v 0.01792561262845994 0.010686270892620087 -0.0062386132776737204
v 0.01905315369367601 0.009044389240443707 -0.006202178541570901
v 0.012000001035630712 -0.0001331119128735736 -0.0059985234402120105
v 0.012000001035630712 -0.0001331119128735736 -0.0059985234402120105
v 0.01905315369367601 0.009044389240443707 -0.006202178541570901
v 0.01945000141859056 0.007092697080224752 -0.006158869247883557
v 0.012000001035630712 -0.0001331119128735736 -0.0059985234402120105
v 0.01945000141859056 0.007092697080224752 -0.006158869247883557
v 0.01945000141859056 -0.0001331119128735736 -0.0059985234402120105
v -0.01204999629408122 0.09984227269887924 -0.008217048831284044
v -0.0075500020757317595 0.09004468470811844 -0.00799963343888521
v -0.01204999629408122 0.040056996047496796 -0.006890370044857263
v 0.011950000189244756 0.040056996047496796 -0.006890370044857263
v 0.012190251611173162 0.03884078934788704 -0.006863382179290055
v 0.010399996303021915 0.029430896043777466 -0.006654569413512944
v 0.012190251611173162 0.03884078934788704 -0.006863382179290055
v 0.012874922715127477 0.03780720382928848 -0.006840446032583713
v 0.010399996303021915 0.029430896043777466 -0.006654569413512944
v 0.010399996303021915 0.029430896043777466 -0.006654569413512944
v 0.012874922715127477 0.03780720382928848 -0.006840446032583713
v 0.013901217840611943 0.03711143881082535 -0.006825007032603025
v 0.010399996303021915 0.029430896043777466 -0.006654569413512944
v 0.013901217840611943 0.03711143881082535 -0.006825007032603025
v 0.015504798851907264 0.0360243134200573 -0.006800882052630185
v -0.0075500020757317595 0.09004468470811844 -0.00799963343888521
v -0.007121280767023568 0.08844507485628128 -0.007964137010276316
v -0.01204999629408122 0.040056996047496796 -0.006890370044857263
v -0.01204999629408122 0.040056996047496796 -0.006890370044857263
v -0.007121280767023568 0.08844507485628128 -0.007964137010276316
v -0.0059499973431229635 0.08727408200502396 -0.007938151247799395
v -0.01204999629408122 0.040056996047496796 -0.006890370044857263
v -0.0059499973431229635 0.08727408200502396 -0.007938151247799395
v -0.0043500000610947635 0.08684547245502472 -0.007928640581667422
v -0.01915315538644792 0.009044389240443707 -0.006202178541570901
v -0.018025614321231852 0.010686270892620087 -0.0062386132776737204
v -0.01955000311136247 0.007092697080224752 -0.006158869247883557
v -0.01955000311136247 0.007092697080224752 -0.006158869247883557
v -0.018025614321231852 0.010686270892620087 -0.0062386132776737204
v -0.012100004591047772 -0.0001331119128735736 -0.0059985234402120105
v -0.01955000311136247 0.007092697080224752 -0.006158869247883557
v -0.012100004591047772 -0.0001331119128735736 -0.0059985234402120105
v -0.01955000311136247 -0.0001331119128735736 -0.0059985234402120105
v -0.018025614321231852 0.010686270892620087 -0.0062386132776737204
v -0.017303980886936198 0.011737074702978134 -0.006261930800974368
v -0.012100004591047772 -0.0001331119128735736 -0.0059985234402120105
v -0.012100004591047772 -0.0001331119128735736 -0.0059985234402120105
v -0.017303980886936198 0.011737074702978134 -0.006261930800974368
v -0.01705000549554826 0.01298615988343954 -0.006289648823440074
v -0.012100004591047772 -0.0001331119128735736 -0.0059985234402120105
v -0.01705000549554826 0.01298615988343954 -0.006289648823440074
v -0.012100004591047772 0.026660289615392685 -0.006593087688088416
v -0.012100004591047772 0.026660289615392685 -0.006593087688088416
v -0.01705000549554826 0.01298615988343954 -0.006289648823440074
v -0.01705000549554826 0.03250901773571968 -0.006722875870764255
v -0.012100004591047772 0.026660289615392685 -0.006593087688088416
v -0.01705000549554826 0.03250901773571968 -0.006722875870764255
v -0.01167128328233958 0.028259901329874992 -0.0066285841166973105
v -0.01167128328233958 0.028259901329874992 -0.0066285841166973105
v -0.01705000549554826 0.03250901773571968 -0.006722875870764255
v -0.01667461544275285 0.034409333020448685 -0.006765044759958982
v -0.01167128328233958 0.028259901329874992 -0.0066285841166973105
v -0.01667461544275285 0.034409333020448685 -0.006765044759958982
v -0.010499999858438976 0.029430896043777466 -0.006654569413512944
v 0.004249996505677703 0.08684547245502472 -0.007928640581667422
v 0.005850001238286499 0.08727408200502396 -0.007938151247799395
v 0.010399996303021915 0.029430896043777466 -0.006654569413512944
v 0.010399996303021915 0.029430896043777466 -0.006654569413512944
v 0.005850001238286499 0.08727408200502396 -0.007938151247799395
v 0.007021284662187104 0.08844507485628128 -0.007964137010276316
v 0.010399996303021915 0.029430896043777466 -0.006654569413512944
v 0.007021284662187104 0.08844507485628128 -0.007964137010276316
v 0.011950000189244756 0.040056996047496796 -0.006890370044857263
v 0.011950000189244756 0.040056996047496796 -0.006890370044857263
v 0.007021284662187104 0.08844507485628128 -0.007964137010276316
v 0.007449998520314699 0.09004468470811844 -0.00799963343888521
v 0.011950000189244756 0.040056996047496796 -0.006890370044857263
v 0.007449998520314699 0.09004468470811844 -0.00799963343888521
v 0.011950000189244756 0.09984227269887924 -0.008217048831284044
v 0.011950000189244756 0.09984227269887924 -0.008217048831284044
v 0.007449998520314699 0.09004468470811844 -0.00799963343888521
v 0.007449998520314699 0.09984227269887924 -0.008217048831284044
v -0.0043500000610947635 0.08684547245502472 -0.007928640581667422
v 0.004249996505677703 0.08684547245502472 -0.007928640581667422
v -0.01204999629408122 0.040056996047496796 -0.006890370044857263
v -0.01204999629408122 0.040056996047496796 -0.006890370044857263
v 0.004249996505677703 0.08684547245502472 -0.007928640581667422
v 0.010399996303021915 0.029430896043777466 -0.006654569413512944
v -0.01204999629408122 0.040056996047496796 -0.006890370044857263
v 0.010399996303021915 0.029430896043777466 -0.006654569413512944
v -0.012290247716009626 0.03884078934788704 -0.006863382179290055
v -0.012290247716009626 0.03884078934788704 -0.006863382179290055
v 0.010399996303021915 0.029430896043777466 -0.006654569413512944
v 0.008799999020993715 0.029859505593776703 -0.006664081010967492
v -0.012290247716009626 0.03884078934788704 -0.006863382179290055
v 0.008799999020993715 0.029859505593776703 -0.006664081010967492
v -0.012974926270544538 0.03780720382928848 -0.006840446032583713
v -0.012974926270544538 0.03780720382928848 -0.006840446032583713
v 0.008799999020993715 0.029859505593776703 -0.006664081010967492
v -0.008900002576410776 0.029859505593776703 -0.006664081010967492
v -0.012974926270544538 0.03780720382928848 -0.006840446032583713
v -0.008900002576410776 0.029859505593776703 -0.006664081010967492
v -0.014001213945448407 0.03711143881082535 -0.006825007032603025
v -0.014001213945448407 0.03711143881082535 -0.006825007032603025
v -0.008900002576410776 0.029859505593776703 -0.006664081010967492
v -0.010499999858438976 0.029430896043777466 -0.006654569413512944
v -0.014001213945448407 0.03711143881082535 -0.006825007032603025
v -0.010499999858438976 0.029430896043777466 -0.006654569413512944
v -0.015604802407324325 0.0360243134200573 -0.006800882052630185
v -0.015604802407324325 0.0360243134200573 -0.006800882052630185
v -0.010499999858438976 0.029430896043777466 -0.006654569413512944
v -0.01667461544275285 0.034409333020448685 -0.006765044759958982
v -0.01955000311136247 0.0073589179664850235 0.005838178098201751
v -0.01955000311136247 0.007092697080224752 -0.006158869247883557
v -0.01955000311136247 0.00013311291695572436 0.005998522974550723
v -0.01955000311136247 0.00013311291695572436 0.005998522974550723
v -0.01955000311136247 0.007092697080224752 -0.006158869247883557
v -0.01955000311136247 -0.0001331119128735736 -0.0059985234402120105
v -0.01955000311136247 -0.005490974523127079 0.0024185134097933765
v -0.01955000311136247 -0.004147474188357592 0.004335720092058181
v -0.01955000311136247 -0.005998524837195873 0.0001331114181084558
v -0.01955000311136247 -0.005998524837195873 0.0001331114181084558
v -0.01955000311136247 -0.004147474188357592 0.004335720092058181
v -0.01955000311136247 -0.0021725574042648077 0.005592852365225553
v -0.01955000311136247 -0.005998524837195873 0.0001331114181084558
v -0.01955000311136247 -0.0021725574042648077 0.005592852365225553
v -0.01955000311136247 0.00013311291695572436 0.005998522974550723
v -0.01955000311136247 -0.005592852830886841 -0.00217255693860352
v -0.01955000311136247 -0.005998524837195873 0.0001331114181084558
v -0.01955000311136247 -0.004335722420364618 -0.004147472791373729
v -0.01955000311136247 -0.004335722420364618 -0.004147472791373729
v -0.01955000311136247 -0.005998524837195873 0.0001331114181084558
v -0.01955000311136247 0.00013311291695572436 0.005998522974550723
v -0.01955000311136247 -0.004335722420364618 -0.004147472791373729
v -0.01955000311136247 0.00013311291695572436 0.005998522974550723
v -0.01955000311136247 -0.002418515970930457 -0.005490973126143216
v -0.01955000311136247 -0.002418515970930457 -0.005490973126143216
v -0.01955000311136247 0.00013311291695572436 0.005998522974550723
v -0.01955000311136247 -0.0001331119128735736 -0.0059985234402120105
v -0.01955000311136247 0.007092697080224752 -0.006158869247883557
v -0.01955000311136247 0.0073589179664850235 0.005838178098201751
v -0.01915315538644792 0.009310610592365265 0.005794867407530545
v -0.01955000311136247 0.007092697080224752 -0.006158869247883557
v -0.01915315538644792 0.009310610592365265 0.005794867407530545
v -0.01915315538644792 0.009044389240443707 -0.006202178541570901
v -0.01915315538644792 0.009044389240443707 -0.006202178541570901
v -0.01915315538644792 0.009310610592365265 0.005794867407530545
v -0.018025614321231852 0.010952492244541645 0.005758432671427726
v -0.01915315538644792 0.009044389240443707 -0.006202178541570901
v -0.018025614321231852 0.010952492244541645 0.005758432671427726
v -0.018025614321231852 0.010686270892620087 -0.0062386132776737204
v -0.01705000549554826 0.013252380304038525 0.00570739759132266
v -0.01705000549554826 0.032775238156318665 0.005274170543998479
v -0.01705000549554826 0.01298615988343954 -0.006289648823440074
v -0.01705000549554826 0.01298615988343954 -0.006289648823440074
v -0.01705000549554826 0.032775238156318665 0.005274170543998479
v -0.01705000549554826 0.03250901773571968 -0.006722875870764255
v -0.01705000549554826 0.03250901773571968 -0.006722875870764255
v -0.01705000549554826 0.032775238156318665 0.005274170543998479
v -0.01667461544275285 0.034675564616918564 0.005232001654803752
v -0.01705000549554826 0.03250901773571968 -0.006722875870764255
v -0.01667461544275285 0.034675564616918564 0.005232001654803752
v -0.01667461544275285 0.034409333020448685 -0.006765044759958982
v -0.01667461544275285 0.034409333020448685 -0.006765044759958982
v -0.01667461544275285 0.034675564616918564 0.005232001654803752
v -0.015604802407324325 0.03629053384065628 0.005196164362132548
v -0.01667461544275285 0.034409333020448685 -0.006765044759958982
v -0.015604802407324325 0.03629053384065628 0.005196164362132548
v -0.015604802407324325 0.0360243134200573 -0.006800882052630185
v -0.015604802407324325 0.0360243134200573 -0.006800882052630185
v -0.015604802407324325 0.03629053384065628 0.005196164362132548
v -0.014001213945448407 0.03737767040729523 0.005172039847820996
v -0.015604802407324325 0.0360243134200573 -0.006800882052630185
v -0.014001213945448407 0.03737767040729523 0.005172039847820996
v -0.014001213945448407 0.03711143881082535 -0.006825007032603025
v -0.01204999629408122 0.04032321646809578 0.005106675438582896
v -0.01204999629408122 0.10010850429534912 0.0037799992132931943
v -0.01204999629408122 0.09984451532363892 0.00017790366837289182
v -0.01204999629408122 0.09984451532363892 0.00017790366837289182
v -0.01204999629408122 0.10010850429534912 0.0037799992132931943
v -0.01204999629408122 0.10106026381254196 -7.771886885166167e-05
v -0.01204999629408122 0.10106026381254196 -7.771886885166167e-05
v -0.01204999629408122 0.10010850429534912 0.0037799992132931943
v -0.01204999629408122 0.10239390283823013 0.0032724484335631128
v -0.01204999629408122 0.10106026381254196 -7.771886885166167e-05
v -0.01204999629408122 0.10239390283823013 0.0032724484335631128
v -0.01204999629408122 0.10198531299829483 -0.0009069690713658928
v -0.01204999629408122 0.09984227269887924 -0.008217048831284044
v -0.01204999629408122 0.040056996047496796 -0.006890370044857263
v -0.01204999629408122 0.09796545654535294 -0.0035300815943628545
v -0.01204999629408122 0.09796545654535294 -0.0035300815943628545
v -0.01204999629408122 0.0988905131816864 -0.004359331913292407
v -0.01204999629408122 0.09984227269887924 -0.008217048831284044
v -0.01204999629408122 0.09984227269887924 -0.008217048831284044
v -0.01204999629408122 0.0988905131816864 -0.004359331913292407
v -0.01204999629408122 0.10010626167058945 -0.004614954348653554
v -0.01204999629408122 0.09984227269887924 -0.008217048831284044
v -0.01204999629408122 0.10010626167058945 -0.004614954348653554
v -0.01204999629408122 0.10214795172214508 -0.0078113777562975875
v -0.01204999629408122 0.10214795172214508 -0.0078113777562975875
v -0.01204999629408122 0.10010626167058945 -0.004614954348653554
v -0.01204999629408122 0.10128694772720337 -0.0042284554801881305
v -0.01204999629408122 0.09984451532363892 0.00017790366837289182
v -0.01204999629408122 0.098663829267025 -0.00020859515643678603
v -0.01204999629408122 0.04032321646809578 0.005106675438582896
v -0.01204999629408122 0.04032321646809578 0.005106675438582896
v -0.01204999629408122 0.098663829267025 -0.00020859515643678603
v -0.01204999629408122 0.09783458709716797 -0.0011336521711200474
v -0.01204999629408122 0.04032321646809578 0.005106675438582896
v -0.01204999629408122 0.09783458709716797 -0.0011336521711200474
v -0.01204999629408122 0.040056996047496796 -0.006890370044857263
v -0.01204999629408122 0.040056996047496796 -0.006890370044857263
v -0.01204999629408122 0.09783458709716797 -0.0011336521711200474
v -0.01204999629408122 0.09757896512746811 -0.002349400427192449
v -0.01204999629408122 0.040056996047496796 -0.006890370044857263
v -0.01204999629408122 0.09757896512746811 -0.002349400427192449
v -0.01204999629408122 0.09796545654535294 -0.0035300815943628545
v -0.01204999629408122 0.10239390283823013 0.0032724484335631128
v -0.01204999629408122 0.10431110858917236 0.0019289467018097637
v -0.01204999629408122 0.10198531299829483 -0.0009069690713658928
v -0.01204999629408122 0.10198531299829483 -0.0009069690713658928
v -0.01204999629408122 0.10431110858917236 0.0019289467018097637
v -0.01204999629408122 0.10556823760271072 -4.596900907927192e-05
v -0.01204999629408122 0.10198531299829483 -0.0009069690713658928
v -0.01204999629408122 0.10556823760271072 -4.596900907927192e-05
v -0.01204999629408122 0.10237181186676025 -0.002087649423629045
v -0.01204999629408122 0.10237181186676025 -0.002087649423629045
v -0.01204999629408122 0.10556823760271072 -4.596900907927192e-05
v -0.01204999629408122 0.10597391426563263 -0.002351637231186032
v -0.01204999629408122 0.10237181186676025 -0.002087649423629045
v -0.01204999629408122 0.10597391426563263 -0.002351637231186032
v -0.01204999629408122 0.1021161898970604 -0.0033033986110240217
v -0.01204999629408122 0.1021161898970604 -0.0033033986110240217
v -0.01204999629408122 0.10597391426563263 -0.002351637231186032
v -0.01204999629408122 0.10546635836362839 -0.004637039266526698
v -0.01204999629408122 0.1021161898970604 -0.0033033986110240217
v -0.01204999629408122 0.10546635836362839 -0.004637039266526698
v -0.01204999629408122 0.10128694772720337 -0.0042284554801881305
v -0.01204999629408122 0.10128694772720337 -0.0042284554801881305
v -0.01204999629408122 0.10546635836362839 -0.004637039266526698
v -0.01204999629408122 0.10412285476922989 -0.006554245948791503
v -0.01204999629408122 0.10128694772720337 -0.0042284554801881305
v -0.01204999629408122 0.10412285476922989 -0.006554245948791503
v -0.01204999629408122 0.10214795172214508 -0.0078113777562975875
v 0.011950000189244756 0.10010850429534912 0.0037799992132931943
v 0.01945000141859056 0.10010850429534912 0.0037799992132931943
v 0.01945000141859056 0.10239390283823013 0.0032724484335631128
v -0.0075500020757317595 0.09984227269887924 -0.008217048831284044
v -0.01204999629408122 0.09984227269887924 -0.008217048831284044
v -0.01204999629408122 0.10214795172214508 -0.0078113777562975875
v 0.007449998520314699 0.09984227269887924 -0.008217048831284044
v 0.01945000141859056 0.10214795172214508 -0.0078113777562975875
v 0.011950000189244756 0.09984227269887924 -0.008217048831284044
v 0.011950000189244756 0.09984227269887924 -0.008217048831284044
v 0.01945000141859056 0.10214795172214508 -0.0078113777562975875
v 0.01945000141859056 0.09984227269887924 -0.008217048831284044
v -0.0075500020757317595 0.09984227269887924 -0.008217048831284044
v -0.01204999629408122 0.10214795172214508 -0.0078113777562975875
v 0.007449998520314699 0.09984227269887924 -0.008217048831284044
v -0.01204999629408122 0.10010850429534912 0.0037799992132931943
v -0.0075500020757317595 0.10010850429534912 0.0037799992132931943
v -0.01204999629408122 0.10239390283823013 0.0032724484335631128
v -0.01204999629408122 0.10239390283823013 0.0032724484335631128
v -0.0075500020757317595 0.10010850429534912 0.0037799992132931943
v 0.007449998520314699 0.10010850429534912 0.0037799992132931943
v 0.007449998520314699 0.09984227269887924 -0.008217048831284044
v -0.01204999629408122 0.10214795172214508 -0.0078113777562975875
v 0.01945000141859056 0.10214795172214508 -0.0078113777562975875
v 0.01945000141859056 0.10214795172214508 -0.0078113777562975875
v -0.01204999629408122 0.10214795172214508 -0.0078113777562975875
v -0.01204999629408122 0.10412285476922989 -0.006554245948791503
v 0.01945000141859056 0.10214795172214508 -0.0078113777562975875
v -0.01204999629408122 0.10412285476922989 -0.006554245948791503
v 0.01945000141859056 0.10412285476922989 -0.006554245948791503
v 0.01945000141859056 0.10412285476922989 -0.006554245948791503
v -0.01204999629408122 0.10412285476922989 -0.006554245948791503
v -0.01204999629408122 0.10546635836362839 -0.004637039266526698
v 0.01945000141859056 0.10412285476922989 -0.006554245948791503
v -0.01204999629408122 0.10546635836362839 -0.004637039266526698
v 0.01945000141859056 0.10546635836362839 -0.004637039266526698
v 0.01945000141859056 0.10546635836362839 -0.004637039266526698
v -0.01204999629408122 0.10546635836362839 -0.004637039266526698
v -0.01204999629408122 0.10597391426563263 -0.002351637231186032
v 0.01945000141859056 0.10546635836362839 -0.004637039266526698
v -0.01204999629408122 0.10597391426563263 -0.002351637231186032
v 0.01945000141859056 0.10597391426563263 -0.002351637231186032
v 0.01945000141859056 0.10597391426563263 -0.002351637231186032
v -0.01204999629408122 0.10597391426563263 -0.002351637231186032
v -0.01204999629408122 0.10556823760271072 -4.596900907927192e-05
v 0.01945000141859056 0.10597391426563263 -0.002351637231186032
v -0.01204999629408122 0.10556823760271072 -4.596900907927192e-05
v 0.01945000141859056 0.10556823760271072 -4.596900907927192e-05
v 0.01945000141859056 0.10556823760271072 -4.596900907927192e-05
v -0.01204999629408122 0.10556823760271072 -4.596900907927192e-05
v -0.01204999629408122 0.10431110858917236 0.0019289467018097637
v 0.01945000141859056 0.10556823760271072 -4.596900907927192e-05
v -0.01204999629408122 0.10431110858917236 0.0019289467018097637
v 0.01945000141859056 0.10431110858917236 0.0019289467018097637
v 0.01945000141859056 0.10431110858917236 0.0019289467018097637
v -0.01204999629408122 0.10431110858917236 0.0019289467018097637
v -0.01204999629408122 0.10239390283823013 0.0032724484335631128
v 0.01945000141859056 0.10431110858917236 0.0019289467018097637
v -0.01204999629408122 0.10239390283823013 0.0032724484335631128
v 0.01945000141859056 0.10239390283823013 0.0032724484335631128
v 0.01945000141859056 0.10239390283823013 0.0032724484335631128
v -0.01204999629408122 0.10239390283823013 0.0032724484335631128
v 0.007449998520314699 0.10010850429534912 0.0037799992132931943
v 0.01945000141859056 0.10239390283823013 0.0032724484335631128
v 0.007449998520314699 0.10010850429534912 0.0037799992132931943
v 0.011950000189244756 0.10010850429534912 0.0037799992132931943
v 0.01945000141859056 0.007092697080224752 -0.006158869247883557
v 0.01945000141859056 0.0073589179664850235 0.005838178098201751
v 0.01945000141859056 -0.0001331119128735736 -0.0059985234402120105
v 0.01945000141859056 -0.0001331119128735736 -0.0059985234402120105
v 0.01945000141859056 0.0073589179664850235 0.005838178098201751
v 0.01945000141859056 0.00013311291695572436 0.005998522974550723
v 0.01945000141859056 -0.0001331119128735736 -0.0059985234402120105
v 0.01945000141859056 0.00013311291695572436 0.005998522974550723
v 0.01945000141859056 -0.002418515970930457 -0.005490973126143216
v 0.01945000141859056 -0.002418515970930457 -0.005490973126143216
v 0.01945000141859056 0.00013311291695572436 0.005998522974550723
v 0.01945000141859056 -0.004335722420364618 -0.004147472791373729
v 0.01945000141859056 -0.004147474188357592 0.004335720092058181
v 0.01945000141859056 -0.005490974523127079 0.0024185134097933765
v 0.01945000141859056 -0.0021725574042648077 0.005592852365225553
v 0.01945000141859056 -0.0021725574042648077 0.005592852365225553
v 0.01945000141859056 -0.005490974523127079 0.0024185134097933765
v 0.01945000141859056 -0.005998524837195873 0.0001331114181084558
v 0.01945000141859056 -0.0021725574042648077 0.005592852365225553
v 0.01945000141859056 -0.005998524837195873 0.0001331114181084558
v 0.01945000141859056 0.00013311291695572436 0.005998522974550723
v 0.01945000141859056 0.00013311291695572436 0.005998522974550723
v 0.01945000141859056 -0.005998524837195873 0.0001331114181084558
v 0.01945000141859056 -0.005592852830886841 -0.00217255693860352
v 0.01945000141859056 0.00013311291695572436 0.005998522974550723
v 0.01945000141859056 -0.005592852830886841 -0.00217255693860352
v 0.01945000141859056 -0.004335722420364618 -0.004147472791373729
v -0.012100004591047772 0.00013311291695572436 0.005998522974550723
v -0.01955000311136247 0.00013311291695572436 0.005998522974550723
v -0.01955000311136247 -0.0021725574042648077 0.005592852365225553
v 0.01945000141859056 0.00013311291695572436 0.005998522974550723
v 0.012000001035630712 0.00013311291695572436 0.005998522974550723
v 0.01945000141859056 -0.0021725574042648077 0.005592852365225553
v 0.01945000141859056 -0.0021725574042648077 0.005592852365225553
v 0.012000001035630712 0.00013311291695572436 0.005998522974550723
v -0.012100004591047772 0.00013311291695572436 0.005998522974550723
v -0.012100004591047772 0.00013311291695572436 0.005998522974550723
v -0.01955000311136247 -0.0021725574042648077 0.005592852365225553
v 0.01945000141859056 -0.0021725574042648077 0.005592852365225553
v 0.01945000141859056 -0.0021725574042648077 0.005592852365225553
v -0.01955000311136247 -0.0021725574042648077 0.005592852365225553
v -0.01955000311136247 -0.004147474188357592 0.004335720092058181
v 0.01945000141859056 -0.0021725574042648077 0.005592852365225553
v -0.01955000311136247 -0.004147474188357592 0.004335720092058181
v 0.01945000141859056 -0.004147474188357592 0.004335720092058181
v 0.01945000141859056 -0.004147474188357592 0.004335720092058181
v -0.01955000311136247 -0.004147474188357592 0.004335720092058181
v -0.01955000311136247 -0.005490974523127079 0.0024185134097933765
v 0.01945000141859056 -0.004147474188357592 0.004335720092058181
v -0.01955000311136247 -0.005490974523127079 0.0024185134097933765
v 0.01945000141859056 -0.005490974523127079 0.0024185134097933765
v 0.01945000141859056 -0.005490974523127079 0.0024185134097933765
v -0.01955000311136247 -0.005490974523127079 0.0024185134097933765
v -0.01955000311136247 -0.005998524837195873 0.0001331114181084558
v 0.01945000141859056 -0.005490974523127079 0.0024185134097933765
v -0.01955000311136247 -0.005998524837195873 0.0001331114181084558
v 0.01945000141859056 -0.005998524837195873 0.0001331114181084558
v 0.01945000141859056 -0.005998524837195873 0.0001331114181084558
v -0.01955000311136247 -0.005998524837195873 0.0001331114181084558
v -0.01955000311136247 -0.005592852830886841 -0.00217255693860352
v 0.01945000141859056 -0.005998524837195873 0.0001331114181084558
v -0.01955000311136247 -0.005592852830886841 -0.00217255693860352
v 0.01945000141859056 -0.005592852830886841 -0.00217255693860352
v 0.01945000141859056 -0.005592852830886841 -0.00217255693860352
v -0.01955000311136247 -0.005592852830886841 -0.00217255693860352
v -0.01955000311136247 -0.004335722420364618 -0.004147472791373729
v 0.01945000141859056 -0.005592852830886841 -0.00217255693860352
v -0.01955000311136247 -0.004335722420364618 -0.004147472791373729
v 0.01945000141859056 -0.004335722420364618 -0.004147472791373729
v 0.01945000141859056 -0.004335722420364618 -0.004147472791373729
v -0.01955000311136247 -0.004335722420364618 -0.004147472791373729
v -0.01955000311136247 -0.002418515970930457 -0.005490973126143216
v 0.01945000141859056 -0.004335722420364618 -0.004147472791373729
v -0.01955000311136247 -0.002418515970930457 -0.005490973126143216
v 0.01945000141859056 -0.002418515970930457 -0.005490973126143216
v -0.01955000311136247 -0.0001331119128735736 -0.0059985234402120105
v -0.012100004591047772 -0.0001331119128735736 -0.0059985234402120105
v -0.01955000311136247 -0.002418515970930457 -0.005490973126143216
v -0.01955000311136247 -0.002418515970930457 -0.005490973126143216
v -0.012100004591047772 -0.0001331119128735736 -0.0059985234402120105
v 0.012000001035630712 -0.0001331119128735736 -0.0059985234402120105
v -0.01955000311136247 -0.002418515970930457 -0.005490973126143216
v 0.012000001035630712 -0.0001331119128735736 -0.0059985234402120105
v 0.01945000141859056 -0.002418515970930457 -0.005490973126143216
v 0.01945000141859056 -0.002418515970930457 -0.005490973126143216
v 0.012000001035630712 -0.0001331119128735736 -0.0059985234402120105
v 0.01945000141859056 -0.0001331119128735736 -0.0059985234402120105
v -0.012974926270544538 0.038073427975177765 0.005156599916517734
v -0.014001213945448407 0.03737767040729523 0.005172039847820996
v -0.010499999858438976 0.02969711646437645 0.005342477932572364
v 0.01657460629940034 0.034675564616918564 0.005232001654803752
v 0.015504798851907264 0.03629053384065628 0.005196164362132548
v 0.013901217840611943 0.03737767040729523 0.005172039847820996
v -0.012100004591047772 0.00013311291695572436 0.005998522974550723
v -0.017303980886936198 0.012003296054899693 0.005735114682465791
v -0.018025614321231852 0.010952492244541645 0.005758432671427726
v 0.011950000189244756 0.10010850429534912 0.0037799992132931943
v 0.007449998520314699 0.10010850429534912 0.0037799992132931943
v 0.007449998520314699 0.09381004422903061 0.003919765353202819
v -0.0059499973431229635 0.09103944897651672 0.003981245681643485
v -0.007121280767023568 0.09221044182777405 0.003955261316150426
v -0.010499999858438976 0.02969711646437645 0.005342477932572364
v -0.014001213945448407 0.03737767040729523 0.005172039847820996
v -0.015604802407324325 0.03629053384065628 0.005196164362132548
v -0.010499999858438976 0.02969711646437645 0.005342477932572364
v -0.010499999858438976 0.02969711646437645 0.005342477932572364
v -0.015604802407324325 0.03629053384065628 0.005196164362132548
v -0.01667461544275285 0.034675564616918564 0.005232001654803752
v -0.010499999858438976 0.02969711646437645 0.005342477932572364
v -0.01667461544275285 0.034675564616918564 0.005232001654803752
v -0.01167128328233958 0.028526123613119125 0.005368462298065423
v -0.01167128328233958 0.028526123613119125 0.005368462298065423
v -0.01667461544275285 0.034675564616918564 0.005232001654803752
v -0.01705000549554826 0.032775238156318665 0.005274170543998479
v -0.01167128328233958 0.028526123613119125 0.005368462298065423
v -0.01705000549554826 0.032775238156318665 0.005274170543998479
v -0.012100004591047772 0.026926519349217415 0.00540395826101303
v 0.011950000189244756 0.10010850429534912 0.0037799992132931943
v 0.007449998520314699 0.09381004422903061 0.003919765353202819
v 0.011950000189244756 0.04032321646809578 0.005106675438582896
v -0.0075500020757317595 0.09381004422903061 0.003919765353202819
v -0.0075500020757317595 0.10010850429534912 0.0037799992132931943
v -0.01204999629408122 0.10010850429534912 0.0037799992132931943
v -0.012100004591047772 0.026926519349217415 0.00540395826101303
v -0.01705000549554826 0.032775238156318665 0.005274170543998479
v -0.012100004591047772 0.00013311291695572436 0.005998522974550723
v -0.012100004591047772 0.00013311291695572436 0.005998522974550723
v -0.01705000549554826 0.032775238156318665 0.005274170543998479
v -0.01705000549554826 0.013252380304038525 0.00570739759132266
v -0.012100004591047772 0.00013311291695572436 0.005998522974550723
v -0.01705000549554826 0.013252380304038525 0.00570739759132266
v -0.017303980886936198 0.012003296054899693 0.005735114682465791
v -0.018025614321231852 0.010952492244541645 0.005758432671427726
v -0.01915315538644792 0.009310610592365265 0.005794867407530545
v -0.012100004591047772 0.00013311291695572436 0.005998522974550723
v -0.012100004591047772 0.00013311291695572436 0.005998522974550723
v -0.01915315538644792 0.009310610592365265 0.005794867407530545
v -0.01955000311136247 0.0073589179664850235 0.005838178098201751
v -0.012100004591047772 0.00013311291695572436 0.005998522974550723
v -0.01955000311136247 0.0073589179664850235 0.005838178098201751
v -0.01955000311136247 0.00013311291695572436 0.005998522974550723
v -0.0059499973431229635 0.09103944897651672 0.003981245681643485
v -0.010499999858438976 0.02969711646437645 0.005342477932572364
v -0.0043500000610947635 0.09061083942651749 0.003990757279098033
v 0.01905315369367601 0.009310610592365265 0.005794867407530545
v 0.01792561262845994 0.010952492244541645 0.005758432671427726
v 0.01945000141859056 0.0073589179664850235 0.005838178098201751
v 0.01945000141859056 0.0073589179664850235 0.005838178098201751
v 0.01792561262845994 0.010952492244541645 0.005758432671427726
v 0.012000001035630712 0.00013311291695572436 0.005998522974550723
v 0.01945000141859056 0.0073589179664850235 0.005838178098201751
v 0.012000001035630712 0.00013311291695572436 0.005998522974550723
v 0.01945000141859056 0.00013311291695572436 0.005998522974550723
v 0.010399996303021915 0.02969711646437645 0.005342477932572364
v 0.011571279726922519 0.028526123613119125 0.005368462298065423
v 0.016950003802776347 0.032775238156318665 0.005274170543998479
v 0.016950003802776347 0.032775238156318665 0.005274170543998479
v 0.011571279726922519 0.028526123613119125 0.005368462298065423
v 0.012000001035630712 0.026926519349217415 0.00540395826101303
v 0.016950003802776347 0.032775238156318665 0.005274170543998479
v 0.012000001035630712 0.026926519349217415 0.00540395826101303
v 0.016950003802776347 0.013252380304038525 0.00570739759132266
v 0.016950003802776347 0.013252380304038525 0.00570739759132266
v 0.012000001035630712 0.026926519349217415 0.00540395826101303
v 0.012000001035630712 0.00013311291695572436 0.005998522974550723
v 0.016950003802776347 0.013252380304038525 0.00570739759132266
v 0.012000001035630712 0.00013311291695572436 0.005998522974550723
v 0.017203979194164287 0.012003296054899693 0.005735114682465791
v 0.017203979194164287 0.012003296054899693 0.005735114682465791
v 0.012000001035630712 0.00013311291695572436 0.005998522974550723
v 0.01792561262845994 0.010952492244541645 0.005758432671427726
v 0.007449998520314699 0.09381004422903061 0.003919765353202819
v 0.007021284662187104 0.09221044182777405 0.003955261316150426
v 0.011950000189244756 0.04032321646809578 0.005106675438582896
v 0.011950000189244756 0.04032321646809578 0.005106675438582896
v 0.007021284662187104 0.09221044182777405 0.003955261316150426
v 0.005850001238286499 0.09103944897651672 0.003981245681643485
v 0.011950000189244756 0.04032321646809578 0.005106675438582896
v 0.005850001238286499 0.09103944897651672 0.003981245681643485
v 0.004249996505677703 0.09061083942651749 0.003990757279098033
v -0.0075500020757317595 0.09381004422903061 0.003919765353202819
v -0.01204999629408122 0.10010850429534912 0.0037799992132931943
v -0.007121280767023568 0.09221044182777405 0.003955261316150426
v -0.007121280767023568 0.09221044182777405 0.003955261316150426
v -0.01204999629408122 0.10010850429534912 0.0037799992132931943
v -0.01204999629408122 0.04032321646809578 0.005106675438582896
v -0.007121280767023568 0.09221044182777405 0.003955261316150426
v -0.01204999629408122 0.04032321646809578 0.005106675438582896
v -0.010499999858438976 0.02969711646437645 0.005342477932572364
v -0.010499999858438976 0.02969711646437645 0.005342477932572364
v -0.01204999629408122 0.04032321646809578 0.005106675438582896
v -0.012290247716009626 0.03910700976848602 0.005133663769811391
v -0.010499999858438976 0.02969711646437645 0.005342477932572364
v -0.012290247716009626 0.03910700976848602 0.005133663769811391
v -0.012974926270544538 0.038073427975177765 0.005156599916517734
v 0.004249996505677703 0.09061083942651749 0.003990757279098033
v -0.0043500000610947635 0.09061083942651749 0.003990757279098033
v 0.011950000189244756 0.04032321646809578 0.005106675438582896
v 0.011950000189244756 0.04032321646809578 0.005106675438582896
v -0.0043500000610947635 0.09061083942651749 0.003990757279098033
v -0.010499999858438976 0.02969711646437645 0.005342477932572364
v 0.011950000189244756 0.04032321646809578 0.005106675438582896
v -0.010499999858438976 0.02969711646437645 0.005342477932572364
v 0.012190251611173162 0.03910700976848602 0.005133663769811391
v 0.012190251611173162 0.03910700976848602 0.005133663769811391
v -0.010499999858438976 0.02969711646437645 0.005342477932572364
v -0.008900002576410776 0.030125727877020836 0.005332966335117816
v 0.012190251611173162 0.03910700976848602 0.005133663769811391
v -0.008900002576410776 0.030125727877020836 0.005332966335117816
v 0.012874922715127477 0.038073427975177765 0.005156599916517734
v 0.012874922715127477 0.038073427975177765 0.005156599916517734
v -0.008900002576410776 0.030125727877020836 0.005332966335117816
v 0.008799999020993715 0.030125727877020836 0.005332966335117816
v 0.012874922715127477 0.038073427975177765 0.005156599916517734
v 0.008799999020993715 0.030125727877020836 0.005332966335117816
v 0.013901217840611943 0.03737767040729523 0.005172039847820996
v 0.013901217840611943 0.03737767040729523 0.005172039847820996
v 0.008799999020993715 0.030125727877020836 0.005332966335117816
v 0.010399996303021915 0.02969711646437645 0.005342477932572364
v 0.013901217840611943 0.03737767040729523 0.005172039847820996
v 0.010399996303021915 0.02969711646437645 0.005342477932572364
v 0.01657460629940034 0.034675564616918564 0.005232001654803752
v 0.01657460629940034 0.034675564616918564 0.005232001654803752
v 0.010399996303021915 0.02969711646437645 0.005342477932572364
v 0.016950003802776347 0.032775238156318665 0.005274170543998479
v -0.012749993242323407 0.10153879225254059 0.0016575860790908334
v -0.012749993242323407 0.10218023508787155 0.0019375450210645793
v -0.012749993242323407 0.10169666260480881 0.0014524817233905194
v -0.012749993242323407 0.10169666260480881 0.0014524817233905194
v -0.012749993242323407 0.10218023508787155 0.0019375450210645793
v -0.012749993242323407 0.1022394523024559 0.0016465153312310574
v -0.012749993242323407 0.10169666260480881 0.0014524817233905194
v -0.012749993242323407 0.1022394523024559 0.0016465153312310574
v -0.012749993242323407 0.1017308160662651 0.0011959268013015387
v -0.012749993242323407 0.10063113272190094 0.001843290403485298
v -0.012749993242323407 0.10075633227825165 0.002618842059746384
v -0.012749993242323407 0.10129953920841217 0.001756283571012318
v -0.012749993242323407 0.10129953920841217 0.001756283571012318
v -0.012749993242323407 0.10075633227825165 0.002618842059746384
v -0.012749993242323407 0.10176309198141098 0.0023437263444066043
v -0.012749993242323407 0.10129953920841217 0.001756283571012318
v -0.012749993242323407 0.10176309198141098 0.0023437263444066043
v -0.012749993242323407 0.10153879225254059 0.0016575860790908334
v -0.012749993242323407 0.10153879225254059 0.0016575860790908334
v -0.012749993242323407 0.10176309198141098 0.0023437263444066043
v -0.012749993242323407 0.10201268643140793 0.002182766096666455
v -0.012749993242323407 0.10153879225254059 0.0016575860790908334
v -0.012749993242323407 0.10201268643140793 0.002182766096666455
v -0.012749993242323407 0.10218023508787155 0.0019375450210645793
v -0.012749993242323407 0.10028261691331863 0.0008802188676781951
v -0.012749993242323407 0.10022205114364624 0.0002692767011467367
v -0.012749993242323407 0.09958384186029434 0.0009711787570267915
v -0.012749993242323407 0.09958384186029434 0.0009711787570267915
v -0.012749993242323407 0.10022205114364624 0.0002692767011467367
v -0.012749993242323407 0.09983906149864197 0.00027775470516644413
v -0.012749993242323407 0.09958384186029434 0.0009711787570267915
v -0.012749993242323407 0.09983906149864197 0.00027775470516644413
v -0.012749993242323407 0.09934457391500473 0.001069875434041023
v -0.012749993242323407 0.10142701119184494 0.000798806024249643
v -0.012749993242323407 0.10206906497478485 -0.0008523208089172839
v -0.012749993242323407 0.1011054590344429 1.1481241017463615e-05
v -0.012749993242323407 0.10045883804559708 0.002657566219568252
v -0.012749993242323407 0.10038132965564728 0.0018758060177788136
v -0.012749993242323407 0.09941520541906357 0.002649348229169845
v -0.012749993242323407 0.09941520541906357 0.002649348229169845
v -0.012749993242323407 0.10038132965564728 0.0018758060177788136
v -0.012749993242323407 0.09971291571855545 0.0019628128502517934
v -0.012749993242323407 0.09941520541906357 0.002649348229169845
v -0.012749993242323407 0.09971291571855545 0.0019628128502517934
v -0.012749993242323407 0.0991327315568924 0.0025576499756425615
v -0.012749993242323407 0.0991327315568924 0.0025576499756425615
v -0.012749993242323407 0.09971291571855545 0.0019628128502517934
v -0.012749993242323407 0.09945636987686157 0.0019286563619971273
v -0.012749993242323407 0.0991327315568924 0.0025576499756425615
v -0.012749993242323407 0.09945636987686157 0.0019286563619971273
v -0.012749993242323407 0.09890797734260559 0.0023634925018995996
v -0.012749993242323407 0.09890797734260559 0.0023634925018995996
v -0.012749993242323407 0.09945636987686157 0.0019286563619971273
v -0.012749993242323407 0.09925126284360886 0.0017707980005070565
v -0.012749993242323407 0.09890797734260559 0.0023634925018995996
v -0.012749993242323407 0.09925126284360886 0.0017707980005070565
v -0.012749993242323407 0.09877622127532959 0.0020973242353647943
v -0.012749993242323407 0.09877622127532959 0.0020973242353647943
v -0.012749993242323407 0.09925126284360886 0.0017707980005070565
v -0.012749993242323407 0.0991525650024414 0.001531536574475467
v -0.012749993242323407 0.09877622127532959 0.0020973242353647943
v -0.012749993242323407 0.0991525650024414 0.001531536574475467
v -0.012749993242323407 0.09842513501644135 0.0007793605909682809
v -0.012749993242323407 0.09842513501644135 0.0007793605909682809
v -0.012749993242323407 0.0991525650024414 0.001531536574475467
v -0.012749993242323407 0.0991867259144783 0.0012749815359711645
v -0.012749993242323407 0.09842513501644135 0.0007793605909682809
v -0.012749993242323407 0.0991867259144783 0.0012749815359711645
v -0.012749993242323407 0.0982002392411232 0.00025747518520802254
v -0.012749993242323407 0.0982002392411232 0.00025747518520802254
v -0.012749993242323407 0.0991867259144783 0.0012749815359711645
v -0.012749993242323407 0.09934457391500473 0.001069875434041023
v -0.012749993242323407 0.10037382692098618 0.0002495189546607434
v -0.012749993242323407 0.10047168284654617 0.0008556095999665557
v -0.012749993242323407 0.1011054590344429 1.1481241017463615e-05
v -0.012749993242323407 0.1011054590344429 1.1481241017463615e-05
v -0.012749993242323407 0.10047168284654617 0.0008556095999665557
v -0.012749993242323407 0.10117045044898987 0.0007646487792953848
v -0.012749993242323407 0.1011054590344429 1.1481241017463615e-05
v -0.012749993242323407 0.10117045044898987 0.0007646487792953848
v -0.012749993242323407 0.10142701119184494 0.000798806024249643
v -0.012749993242323407 0.1017308160662651 0.0011959268013015387
v -0.012749993242323407 0.1022394523024559 0.0016465153312310574
v -0.012749993242323407 0.10163211077451706 0.0009566644439473747
v -0.012749993242323407 0.10163211077451706 0.0009566644439473747
v -0.012749993242323407 0.1022394523024559 0.0016465153312310574
v -0.012749993242323407 0.10224144160747528 0.00028259103419259185
v -0.012749993242323407 0.10163211077451706 0.0009566644439473747
v -0.012749993242323407 0.10224144160747528 0.00028259103419259185
v -0.012749993242323407 0.10142701119184494 0.000798806024249643
v -0.012749993242323407 0.10142701119184494 0.000798806024249643
v -0.012749993242323407 0.10224144160747528 0.00028259103419259185
v -0.012749993242323407 0.10232525318861008 -0.00027947683702223
v -0.012749993242323407 0.10142701119184494 0.000798806024249643
v -0.012749993242323407 0.10232525318861008 -0.00027947683702223
v -0.012749993242323407 0.10206906497478485 -0.0008523208089172839
v -0.012749993242323407 0.10206906497478485 -0.0008523208089172839
v -0.012749993242323407 0.10232525318861008 -0.00027947683702223
v -0.012749993242323407 0.10256786644458771 -0.0007933648885227739
v -0.012749993242323407 0.10206906497478485 -0.0008523208089172839
v -0.012749993242323407 0.10256786644458771 -0.0007933648885227739
v -0.012749993242323407 0.10247166454792023 -0.002082196064293384
v -0.012749993242323407 0.10247166454792023 -0.002082196064293384
v -0.012749993242323407 0.10256786644458771 -0.0007933648885227739
v -0.012749993242323407 0.10308916866779327 -0.002298379316926002
v -0.012749993242323407 0.10247166454792023 -0.002082196064293384
v -0.012749993242323407 0.10308916866779327 -0.002298379316926002
v -0.012749993242323407 0.10220539569854736 -0.0033486012835055585
v -0.012749993242323407 0.10220539569854736 -0.0033486012835055585
v -0.012749993242323407 0.10308916866779327 -0.002298379316926002
v -0.012749993242323407 0.10281188786029816 -0.0038667968474328514
v -0.012749993242323407 0.10220539569854736 -0.0033486012835055585
v -0.012749993242323407 0.10281188786029816 -0.0038667968474328514
v -0.012749993242323407 0.10134159028530121 -0.0043122032657265654
v -0.012749993242323407 0.10134159028530121 -0.0043122032657265654
v -0.012749993242323407 0.10281188786029816 -0.0038667968474328514
v -0.012749993242323407 0.1018061637878418 -0.005101855378597974
v -0.012749993242323407 0.10134159028530121 -0.0043122032657265654
v -0.012749993242323407 0.1018061637878418 -0.005101855378597974
v -0.012749993242323407 0.1001117154955864 -0.004714805632829665
v -0.012749993242323407 0.1001117154955864 -0.004714805632829665
v -0.012749993242323407 0.1018061637878418 -0.005101855378597974
v -0.012749993242323407 0.10032644867897034 -0.005691121332347392
v -0.012749993242323407 0.1001117154955864 -0.004714805632829665
v -0.012749993242323407 0.10032644867897034 -0.005691121332347392
v -0.012749993242323407 0.09884531050920486 -0.004448532126843928
v -0.012749993242323407 0.09884531050920486 -0.004448532126843928
v -0.012749993242323407 0.10032644867897034 -0.005691121332347392
v -0.012749993242323407 0.09874702990055084 -0.005485529545694589
v -0.012749993242323407 0.09884531050920486 -0.004448532126843928
v -0.012749993242323407 0.09874702990055084 -0.005485529545694589
v -0.012749993242323407 0.09788171201944351 -0.0035847299732267852
v -0.012749993242323407 0.09788171201944351 -0.0035847299732267852
v -0.012749993242323407 0.09874702990055084 -0.005485529545694589
v -0.012749993242323407 0.09746746718883514 -0.004537087865173816
v -0.012749993242323407 0.09788171201944351 -0.0035847299732267852
v -0.012749993242323407 0.09746746718883514 -0.004537087865173816
v -0.012749993242323407 0.09747911244630814 -0.0023548535536974664
v -0.012749993242323407 0.09747911244630814 -0.0023548535536974664
v -0.012749993242323407 0.09746746718883514 -0.004537087865173816
v -0.012749993242323407 0.09681146591901779 -0.0030857222154736515
v -0.012749993242323407 0.09747911244630814 -0.0023548535536974664
v -0.012749993242323407 0.09681146591901779 -0.0030857222154736515
v -0.012749993242323407 0.097745381295681 -0.0010884493822231887
v -0.012749993242323407 0.097745381295681 -0.0010884493822231887
v -0.012749993242323407 0.09681146591901779 -0.0030857222154736515
v -0.012749993242323407 0.09694493561983109 -0.0014985867310315368
v -0.012749993242323407 0.097745381295681 -0.0010884493822231887
v -0.012749993242323407 0.09694493561983109 -0.0014985867310315368
v -0.012749993242323407 0.09783414751291275 -0.00017717684386298058
v -0.012749993242323407 0.09983906149864197 0.00027775470516644413
v -0.012749993242323407 0.09860918670892715 -0.00012484748731367287
v -0.012749993242323407 0.09934457391500473 0.001069875434041023
v -0.012749993242323407 0.09934457391500473 0.001069875434041023
v -0.012749993242323407 0.09860918670892715 -0.00012484748731367287
v -0.012749993242323407 0.097745381295681 -0.0010884493822231887
v -0.012749993242323407 0.09934457391500473 0.001069875434041023
v -0.012749993242323407 0.097745381295681 -0.0010884493822231887
v -0.012749993242323407 0.0982002392411232 0.00025747518520802254
v -0.012749993242323407 0.0982002392411232 0.00025747518520802254
v -0.012749993242323407 0.097745381295681 -0.0010884493822231887
v -0.012749993242323407 0.09783414751291275 -0.00017717684386298058
v -0.012749993242323407 0.10035789757966995 0.00015079810691531745
v -0.012749993242323407 0.10037382692098618 0.0002495189546607434
v -0.012749993242323407 0.10021217912435532 0.00016976459301076827
v -0.012749993242323407 0.10021217912435532 0.00016976459301076827
v -0.012749993242323407 0.10037382692098618 0.0002495189546607434
v -0.012749993242323407 0.10029808431863785 0.0002605595218483358
v -0.012749993242323407 0.10021217912435532 0.00016976459301076827
v -0.012749993242323407 0.10029808431863785 0.0002605595218483358
v -0.012749993242323407 0.10022205114364624 0.0002692767011467367
v 0.01792561262845994 0.010686270892620087 -0.0062386132776737204
v 0.01792561262845994 0.010952492244541645 0.005758432671427726
v 0.01905315369367601 0.009310610592365265 0.005794867407530545
v 0.01792561262845994 0.010686270892620087 -0.0062386132776737204
v 0.01905315369367601 0.009310610592365265 0.005794867407530545
v 0.01905315369367601 0.009044389240443707 -0.006202178541570901
v 0.01905315369367601 0.009044389240443707 -0.006202178541570901
v 0.01905315369367601 0.009310610592365265 0.005794867407530545
v 0.01945000141859056 0.0073589179664850235 0.005838178098201751
v 0.01905315369367601 0.009044389240443707 -0.006202178541570901
v 0.01945000141859056 0.0073589179664850235 0.005838178098201751
v 0.01945000141859056 0.007092697080224752 -0.006158869247883557
v 0.013901217840611943 0.03711143881082535 -0.006825007032603025
v 0.013901217840611943 0.03737767040729523 0.005172039847820996
v 0.015504798851907264 0.03629053384065628 0.005196164362132548
v 0.013901217840611943 0.03711143881082535 -0.006825007032603025
v 0.015504798851907264 0.03629053384065628 0.005196164362132548
v 0.015504798851907264 0.0360243134200573 -0.006800882052630185
v 0.015504798851907264 0.0360243134200573 -0.006800882052630185
v 0.015504798851907264 0.03629053384065628 0.005196164362132548
v 0.01657460629940034 0.034675564616918564 0.005232001654803752
v 0.015504798851907264 0.0360243134200573 -0.006800882052630185
v 0.01657460629940034 0.034675564616918564 0.005232001654803752
v 0.01657460629940034 0.034409333020448685 -0.006765044759958982
v 0.01657460629940034 0.034409333020448685 -0.006765044759958982
v 0.01657460629940034 0.034675564616918564 0.005232001654803752
v 0.016950003802776347 0.032775238156318665 0.005274170543998479
v 0.01657460629940034 0.034409333020448685 -0.006765044759958982
v 0.016950003802776347 0.032775238156318665 0.005274170543998479
v 0.016950003802776347 0.03250901773571968 -0.006722875870764255
v 0.011950000189244756 0.09984227269887924 -0.008217048831284044
v 0.011950000189244756 0.09992213547229767 -0.004617935512214898
v 0.011950000189244756 0.09888634830713272 -0.004357216879725455
v 0.011950000189244756 0.09984227269887924 -0.008217048831284044
v 0.011950000189244756 0.09888634830713272 -0.004357216879725455
v 0.011950000189244756 0.040056996047496796 -0.006890370044857263
v 0.011950000189244756 0.04032321646809578 0.005106675438582896
v 0.011950000189244756 0.0981326475739479 -0.0006808897596783935
v 0.011950000189244756 0.10010850429534912 0.0037799992132931943
v 0.011950000189244756 0.10010850429534912 0.0037799992132931943
v 0.011950000189244756 0.0981326475739479 -0.0006808897596783935
v 0.011950000189244756 0.0989823043346405 -3.363024006830528e-05
v 0.011950000189244756 0.10010850429534912 0.0037799992132931943
v 0.011950000189244756 0.0989823043346405 -3.363024006830528e-05
v 0.011950000189244756 0.1000286415219307 0.00018088468641508368
v 0.011950000189244756 0.09888634830713272 -0.004357216879725455
v 0.011950000189244756 0.09806626290082932 -0.0036729036364704366
v 0.011950000189244756 0.040056996047496796 -0.006890370044857263
v 0.011950000189244756 0.040056996047496796 -0.006890370044857263
v 0.011950000189244756 0.09806626290082932 -0.0036729036364704366
v 0.011950000189244756 0.0976242870092392 -0.002700534416362643
v 0.011950000189244756 0.040056996047496796 -0.006890370044857263
v 0.011950000189244756 0.0976242870092392 -0.002700534416362643
v 0.011950000189244756 0.04032321646809578 0.005106675438582896
v 0.011950000189244756 0.04032321646809578 0.005106675438582896
v 0.011950000189244756 0.0976242870092392 -0.002700534416362643
v 0.011950000189244756 0.09764798730611801 -0.0016326968325302003
v 0.011950000189244756 0.04032321646809578 0.005106675438582896
v 0.011950000189244756 0.09764798730611801 -0.0016326968325302003
v 0.011950000189244756 0.0981326475739479 -0.0006808897596783935
v 0.01345000322908164 0.10003084689378738 0.00028085953090339894
v 0.01345000322908164 0.09894091635942459 5.7406778068980195e-05
v 0.01345000322908164 0.09991993010044098 -0.004717910196632146
v 0.01345000322908164 0.09991993010044098 -0.004717910196632146
v 0.01345000322908164 0.09894091635942459 5.7406778068980195e-05
v 0.01345000322908164 0.0980558767914772 -0.000616821169387549
v 0.01345000322908164 0.09884096682071686 -0.0044463290832936755
v 0.01345000322908164 0.09991993010044098 -0.004717910196632146
v 0.01345000322908164 0.09798670560121536 -0.003733504097908735
v 0.01345000322908164 0.09798670560121536 -0.003733504097908735
v 0.01345000322908164 0.09991993010044098 -0.004717910196632146
v 0.01345000322908164 0.0980558767914772 -0.000616821169387549
v 0.01345000322908164 0.09798670560121536 -0.003733504097908735
v 0.01345000322908164 0.0980558767914772 -0.000616821169387549
v 0.01345000322908164 0.09752631932497025 -0.0027206186205148693
v 0.01345000322908164 0.09752631932497025 -0.0027206186205148693
v 0.01345000322908164 0.0980558767914772 -0.000616821169387549
v 0.01345000322908164 0.09755101054906845 -0.0016082871006801722
v 0.01345000322908164 0.10003084689378738 0.00028085953090339894
v 0.012649997137486943 0.10003084689378738 0.00028085953090339894
v 0.012649997137486943 0.09894091635942459 5.7406778068980195e-05
v 0.01345000322908164 0.10003084689378738 0.00028085953090339894
v 0.012649997137486943 0.09894091635942459 5.7406778068980195e-05
v 0.01345000322908164 0.09894091635942459 5.7406778068980195e-05
v 0.01345000322908164 0.09894091635942459 5.7406778068980195e-05
v 0.012649997137486943 0.09894091635942459 5.7406778068980195e-05
v 0.012649997137486943 0.0980558767914772 -0.000616821169387549
v 0.01345000322908164 0.09894091635942459 5.7406778068980195e-05
v 0.012649997137486943 0.0980558767914772 -0.000616821169387549
v 0.01345000322908164 0.0980558767914772 -0.000616821169387549
v 0.01345000322908164 0.0980558767914772 -0.000616821169387549
v 0.012649997137486943 0.0980558767914772 -0.000616821169387549
v 0.012649997137486943 0.09755101054906845 -0.0016082871006801722
v 0.01345000322908164 0.0980558767914772 -0.000616821169387549
v 0.012649997137486943 0.09755101054906845 -0.0016082871006801722
v 0.01345000322908164 0.09755101054906845 -0.0016082871006801722
v 0.01345000322908164 0.09755101054906845 -0.0016082871006801722
v 0.012649997137486943 0.09755101054906845 -0.0016082871006801722
v 0.012649997137486943 0.09752631932497025 -0.0027206186205148693
v 0.01345000322908164 0.09755101054906845 -0.0016082871006801722
v 0.012649997137486943 0.09752631932497025 -0.0027206186205148693
v 0.01345000322908164 0.09752631932497025 -0.0027206186205148693
v 0.01345000322908164 0.09752631932497025 -0.0027206186205148693
v 0.012649997137486943 0.09752631932497025 -0.0027206186205148693
v 0.012649997137486943 0.09798670560121536 -0.003733504097908735
v 0.01345000322908164 0.09752631932497025 -0.0027206186205148693
v 0.012649997137486943 0.09798670560121536 -0.003733504097908735
v 0.01345000322908164 0.09798670560121536 -0.003733504097908735
v 0.01345000322908164 0.09798670560121536 -0.003733504097908735
v 0.012649997137486943 0.09798670560121536 -0.003733504097908735
v 0.012649997137486943 0.09884096682071686 -0.0044463290832936755
v 0.01345000322908164 0.09798670560121536 -0.003733504097908735
v 0.012649997137486943 0.09884096682071686 -0.0044463290832936755
v 0.01345000322908164 0.09884096682071686 -0.0044463290832936755
v 0.01345000322908164 0.09884096682071686 -0.0044463290832936755
v 0.012649997137486943 0.09884096682071686 -0.0044463290832936755
v 0.012649997137486943 0.09991993010044098 -0.004717910196632146
v 0.01345000322908164 0.09884096682071686 -0.0044463290832936755
v 0.012649997137486943 0.09991993010044098 -0.004717910196632146
v 0.01345000322908164 0.09991993010044098 -0.004717910196632146
v 0.007449998520314699 0.09884096682071686 -0.0044463290832936755
v 0.007449998520314699 0.09991993010044098 -0.004717910196632146
v 0.007449998520314699 0.09984227269887924 -0.008217048831284044
v 0.007449998520314699 0.09381004422903061 0.003919765353202819
v 0.007449998520314699 0.10010850429534912 0.0037799992132931943
v 0.007449998520314699 0.10003084689378738 0.00028085953090339894
v 0.007449998520314699 0.09884096682071686 -0.0044463290832936755
v 0.007449998520314699 0.09984227269887924 -0.008217048831284044
v 0.007449998520314699 0.09798670560121536 -0.003733504097908735
v 0.007449998520314699 0.09004468470811844 -0.00799963343888521
v 0.007449998520314699 0.09026654064655304 0.0019979050848633047
v 0.007449998520314699 0.09984227269887924 -0.008217048831284044
v 0.007449998520314699 0.09984227269887924 -0.008217048831284044
v 0.007449998520314699 0.09026654064655304 0.0019979050848633047
v 0.007449998520314699 0.09376568347215652 0.001920257695019245
v 0.007449998520314699 0.09984227269887924 -0.008217048831284044
v 0.007449998520314699 0.09376568347215652 0.001920257695019245
v 0.007449998520314699 0.09798670560121536 -0.003733504097908735
v 0.007449998520314699 0.09798670560121536 -0.003733504097908735
v 0.007449998520314699 0.09376568347215652 0.001920257695019245
v 0.007449998520314699 0.09752631932497025 -0.0027206186205148693
v 0.007449998520314699 0.10003084689378738 0.00028085953090339894
v 0.007449998520314699 0.09894091635942459 5.7406778068980195e-05
v 0.007449998520314699 0.09381004422903061 0.003919765353202819
v 0.007449998520314699 0.09381004422903061 0.003919765353202819
v 0.007449998520314699 0.09894091635942459 5.7406778068980195e-05
v 0.007449998520314699 0.0980558767914772 -0.000616821169387549
v 0.007449998520314699 0.09381004422903061 0.003919765353202819
v 0.007449998520314699 0.0980558767914772 -0.000616821169387549
v 0.007449998520314699 0.09376568347215652 0.001920257695019245
v 0.007449998520314699 0.09376568347215652 0.001920257695019245
v 0.007449998520314699 0.0980558767914772 -0.000616821169387549
v 0.007449998520314699 0.09755101054906845 -0.0016082871006801722
v 0.007449998520314699 0.09376568347215652 0.001920257695019245
v 0.007449998520314699 0.09755101054906845 -0.0016082871006801722
v 0.007449998520314699 0.09752631932497025 -0.0027206186205148693
v 0.004249996505677703 0.09056646376848221 0.001991249620914459
v -0.0043500000610947635 0.09056646376848221 0.001991249620914459
v 0.004249996505677703 0.09061083942651749 0.003990757279098033
v 0.004249996505677703 0.09061083942651749 0.003990757279098033
v -0.0043500000610947635 0.09056646376848221 0.001991249620914459
v -0.0043500000610947635 0.09061083942651749 0.003990757279098033
v -0.0075500020757317595 0.09004468470811844 -0.00799963343888521
v -0.0075500020757317595 0.09984227269887924 -0.008217048831284044
v -0.0075500020757317595 0.09991993010044098 -0.004717910196632146
v -0.0075500020757317595 0.09376568347215652 0.001920257695019245
v -0.0075500020757317595 0.09026654064655304 0.0019979050848633047
v -0.0075500020757317595 0.09798670560121536 -0.003733504097908735
v -0.0075500020757317595 0.09798670560121536 -0.003733504097908735
v -0.0075500020757317595 0.09026654064655304 0.0019979050848633047
v -0.0075500020757317595 0.09004468470811844 -0.00799963343888521
v -0.0075500020757317595 0.09798670560121536 -0.003733504097908735
v -0.0075500020757317595 0.09004468470811844 -0.00799963343888521
v -0.0075500020757317595 0.09884096682071686 -0.0044463290832936755
v -0.0075500020757317595 0.09884096682071686 -0.0044463290832936755
v -0.0075500020757317595 0.09004468470811844 -0.00799963343888521
v -0.0075500020757317595 0.09991993010044098 -0.004717910196632146
v -0.0075500020757317595 0.10003084689378738 0.00028085953090339894
v -0.0075500020757317595 0.10010850429534912 0.0037799992132931943
v -0.0075500020757317595 0.09894091635942459 5.7406778068980195e-05
v -0.0075500020757317595 0.09894091635942459 5.7406778068980195e-05
v -0.0075500020757317595 0.10010850429534912 0.0037799992132931943
v -0.0075500020757317595 0.09381004422903061 0.003919765353202819
v -0.0075500020757317595 0.09798670560121536 -0.003733504097908735
v -0.0075500020757317595 0.09752631932497025 -0.0027206186205148693
v -0.0075500020757317595 0.09376568347215652 0.001920257695019245
v -0.0075500020757317595 0.09376568347215652 0.001920257695019245
v -0.0075500020757317595 0.09752631932497025 -0.0027206186205148693
v -0.0075500020757317595 0.09755101054906845 -0.0016082871006801722
v -0.0075500020757317595 0.09376568347215652 0.001920257695019245
v -0.0075500020757317595 0.09755101054906845 -0.0016082871006801722
v -0.0075500020757317595 0.09381004422903061 0.003919765353202819
v -0.0075500020757317595 0.09381004422903061 0.003919765353202819
v -0.0075500020757317595 0.09755101054906845 -0.0016082871006801722
v -0.0075500020757317595 0.0980558767914772 -0.000616821169387549
v -0.0075500020757317595 0.09381004422903061 0.003919765353202819
v -0.0075500020757317595 0.0980558767914772 -0.000616821169387549
v -0.0075500020757317595 0.09894091635942459 5.7406778068980195e-05
v 0.007449998520314699 0.10003084689378738 0.00028085953090339894
v 0.007449998520314699 0.10010850429534912 0.0037799992132931943
v -0.0075500020757317595 0.10003084689378738 0.00028085953090339894
v -0.0075500020757317595 0.10003084689378738 0.00028085953090339894
v 0.007449998520314699 0.10010850429534912 0.0037799992132931943
v -0.0075500020757317595 0.10010850429534912 0.0037799992132931943
v 0.007021284662187104 0.09216608107089996 0.0019557543564587827
v 0.007449998520314699 0.09376568347215652 0.001920257695019245
v 0.007449998520314699 0.09026654064655304 0.0019979050848633047
v 0.007021284662187104 0.09216608107089996 0.0019557543564587827
v 0.007449998520314699 0.09026654064655304 0.0019979050848633047
v 0.005850001238286499 0.09099508821964264 0.0019817389547824855
v 0.007449998520314699 0.09026654064655304 0.0019979050848633047
v 0.007021284662187104 0.08866693824529648 0.0020334019791334863
v 0.005850001238286499 0.09099508821964264 0.0019817389547824855
v 0.005850001238286499 0.09099508821964264 0.0019817389547824855
v 0.007021284662187104 0.08866693824529648 0.0020334019791334863
v 0.005850001238286499 0.08749594539403915 0.00205938727594912
v 0.005850001238286499 0.09099508821964264 0.0019817389547824855
v 0.005850001238286499 0.08749594539403915 0.00205938727594912
v 0.004249996505677703 0.09056646376848221 0.001991249620914459
v 0.004249996505677703 0.09056646376848221 0.001991249620914459
v 0.005850001238286499 0.08749594539403915 0.00205938727594912
v 0.004249996505677703 0.08706733584403992 0.002068898873403668
v 0.004249996505677703 0.09056646376848221 0.001991249620914459
v 0.004249996505677703 0.08706733584403992 0.002068898873403668
v -0.0043500000610947635 0.09056646376848221 0.001991249620914459
v 0.004249996505677703 0.08706733584403992 0.002068898873403668
v -0.0043500000610947635 0.08706733584403992 0.002068898873403668
v -0.0043500000610947635 0.09056646376848221 0.001991249620914459
v -0.0043500000610947635 0.09056646376848221 0.001991249620914459
v -0.0043500000610947635 0.08706733584403992 0.002068898873403668
v -0.0059499973431229635 0.08749594539403915 0.00205938727594912
v -0.0043500000610947635 0.09056646376848221 0.001991249620914459
v -0.0059499973431229635 0.08749594539403915 0.00205938727594912
v -0.0059499973431229635 0.09099508821964264 0.0019817389547824855
v -0.0059499973431229635 0.09099508821964264 0.0019817389547824855
v -0.0059499973431229635 0.08749594539403915 0.00205938727594912
v -0.007121280767023568 0.08866693824529648 0.0020334019791334863
v -0.0059499973431229635 0.09099508821964264 0.0019817389547824855
v -0.007121280767023568 0.08866693824529648 0.0020334019791334863
v -0.007121280767023568 0.09216608107089996 0.0019557543564587827
v -0.007121280767023568 0.09216608107089996 0.0019557543564587827
v -0.007121280767023568 0.08866693824529648 0.0020334019791334863
v -0.0075500020757317595 0.09026654064655304 0.0019979050848633047
v -0.007121280767023568 0.09216608107089996 0.0019557543564587827
v -0.0075500020757317595 0.09026654064655304 0.0019979050848633047
v -0.0075500020757317595 0.09376568347215652 0.001920257695019245
v -0.0043500000610947635 0.08706733584403992 0.002068898873403668
v 0.004249996505677703 0.08706733584403992 0.002068898873403668
v -0.0043500000610947635 0.08684547245502472 -0.007928640581667422
v -0.0043500000610947635 0.08684547245502472 -0.007928640581667422
v 0.004249996505677703 0.08706733584403992 0.002068898873403668
v 0.004249996505677703 0.08684547245502472 -0.007928640581667422
v -0.012149997986853131 0.10063113272190094 0.001843290403485298
v -0.012749993242323407 0.10063113272190094 0.001843290403485298
v -0.012149997986853131 0.10129953920841217 0.001756283571012318
v -0.012149997986853131 0.10129953920841217 0.001756283571012318
v -0.012749993242323407 0.10063113272190094 0.001843290403485298
v -0.012749993242323407 0.10129953920841217 0.001756283571012318
v -0.012749993242323407 0.10117045044898987 0.0007646487792953848
v -0.012149997986853131 0.10117045044898987 0.0007646487792953848
v -0.012749993242323407 0.10142701119184494 0.000798806024249643
v -0.012749993242323407 0.10142701119184494 0.000798806024249643
v -0.012149997986853131 0.10117045044898987 0.0007646487792953848
v -0.012149997986853131 0.10142701119184494 0.000798806024249643
v -0.012749993242323407 0.10142701119184494 0.000798806024249643
v -0.012149997986853131 0.10142701119184494 0.000798806024249643
v -0.012749993242323407 0.10163211077451706 0.0009566644439473747
v -0.012749993242323407 0.10163211077451706 0.0009566644439473747
v -0.012149997986853131 0.10142701119184494 0.000798806024249643
v -0.012149997986853131 0.10163211077451706 0.0009566644439473747
v -0.012749993242323407 0.10163211077451706 0.0009566644439473747
v -0.012149997986853131 0.10163211077451706 0.0009566644439473747
v -0.012749993242323407 0.1017308160662651 0.0011959268013015387
v -0.012749993242323407 0.1017308160662651 0.0011959268013015387
v -0.012149997986853131 0.10163211077451706 0.0009566644439473747
v -0.012149997986853131 0.1017308160662651 0.0011959268013015387
v -0.012749993242323407 0.1017308160662651 0.0011959268013015387
v -0.012149997986853131 0.1017308160662651 0.0011959268013015387
v -0.012749993242323407 0.10169666260480881 0.0014524817233905194
v -0.012749993242323407 0.10169666260480881 0.0014524817233905194
v -0.012149997986853131 0.1017308160662651 0.0011959268013015387
v -0.012149997986853131 0.10169666260480881 0.0014524817233905194
v -0.012749993242323407 0.10169666260480881 0.0014524817233905194
v -0.012149997986853131 0.10169666260480881 0.0014524817233905194
v -0.012749993242323407 0.10153879225254059 0.0016575860790908334
v -0.012749993242323407 0.10153879225254059 0.0016575860790908334
v -0.012149997986853131 0.10169666260480881 0.0014524817233905194
v -0.012149997986853131 0.10153879225254059 0.0016575860790908334
v -0.012749993242323407 0.10153879225254059 0.0016575860790908334
v -0.012149997986853131 0.10153879225254059 0.0016575860790908334
v -0.012749993242323407 0.10129953920841217 0.001756283571012318
v -0.012749993242323407 0.10129953920841217 0.001756283571012318
v -0.012149997986853131 0.10153879225254059 0.0016575860790908334
v -0.012149997986853131 0.10129953920841217 0.001756283571012318
v -0.012149997986853131 0.10117045044898987 0.0007646487792953848
v -0.012749993242323407 0.10117045044898987 0.0007646487792953848
v -0.012149997986853131 0.10047168284654617 0.0008556095999665557
v -0.012149997986853131 0.10047168284654617 0.0008556095999665557
v -0.012749993242323407 0.10117045044898987 0.0007646487792953848
v -0.012749993242323407 0.10047168284654617 0.0008556095999665557
v -0.012149997986853131 0.09842513501644135 0.0007793605909682809
v -0.012149997986853131 0.09877622127532959 0.0020973242353647943
v -0.012749993242323407 0.09842513501644135 0.0007793605909682809
v -0.012749993242323407 0.09842513501644135 0.0007793605909682809
v -0.012149997986853131 0.09877622127532959 0.0020973242353647943
v -0.012749993242323407 0.09877622127532959 0.0020973242353647943
v -0.012749993242323407 0.10256786644458771 -0.0007933648885227739
v -0.012149997986853131 0.10256786644458771 -0.0007933648885227739
v -0.012149997986853131 0.10308916866779327 -0.002298379316926002
v -0.012749993242323407 0.10256786644458771 -0.0007933648885227739
v -0.012149997986853131 0.10308916866779327 -0.002298379316926002
v -0.012749993242323407 0.10308916866779327 -0.002298379316926002
v -0.012749993242323407 0.10308916866779327 -0.002298379316926002
v -0.012149997986853131 0.10308916866779327 -0.002298379316926002
v -0.012149997986853131 0.10281188786029816 -0.0038667968474328514
v -0.012749993242323407 0.10308916866779327 -0.002298379316926002
v -0.012149997986853131 0.10281188786029816 -0.0038667968474328514
v -0.012749993242323407 0.10281188786029816 -0.0038667968474328514
v -0.012749993242323407 0.10281188786029816 -0.0038667968474328514
v -0.012149997986853131 0.10281188786029816 -0.0038667968474328514
v -0.012149997986853131 0.1018061637878418 -0.005101855378597974
v -0.012749993242323407 0.10281188786029816 -0.0038667968474328514
v -0.012149997986853131 0.1018061637878418 -0.005101855378597974
v -0.012749993242323407 0.1018061637878418 -0.005101855378597974
v -0.012749993242323407 0.1018061637878418 -0.005101855378597974
v -0.012149997986853131 0.1018061637878418 -0.005101855378597974
v -0.012149997986853131 0.10032644867897034 -0.005691121332347392
v -0.012749993242323407 0.1018061637878418 -0.005101855378597974
v -0.012149997986853131 0.10032644867897034 -0.005691121332347392
v -0.012749993242323407 0.10032644867897034 -0.005691121332347392
v -0.012749993242323407 0.10032644867897034 -0.005691121332347392
v -0.012149997986853131 0.10032644867897034 -0.005691121332347392
v -0.012149997986853131 0.09874702990055084 -0.005485529545694589
v -0.012749993242323407 0.10032644867897034 -0.005691121332347392
v -0.012149997986853131 0.09874702990055084 -0.005485529545694589
v -0.012749993242323407 0.09874702990055084 -0.005485529545694589
v -0.012749993242323407 0.09874702990055084 -0.005485529545694589
v -0.012149997986853131 0.09874702990055084 -0.005485529545694589
v -0.012149997986853131 0.09746746718883514 -0.004537087865173816
v -0.012749993242323407 0.09874702990055084 -0.005485529545694589
v -0.012149997986853131 0.09746746718883514 -0.004537087865173816
v -0.012749993242323407 0.09746746718883514 -0.004537087865173816
v -0.012749993242323407 0.09746746718883514 -0.004537087865173816
v -0.012149997986853131 0.09746746718883514 -0.004537087865173816
v -0.012149997986853131 0.09681146591901779 -0.0030857222154736515
v -0.012749993242323407 0.09746746718883514 -0.004537087865173816
v -0.012149997986853131 0.09681146591901779 -0.0030857222154736515
v -0.012749993242323407 0.09681146591901779 -0.0030857222154736515
v -0.012749993242323407 0.09681146591901779 -0.0030857222154736515
v -0.012149997986853131 0.09681146591901779 -0.0030857222154736515
v -0.012149997986853131 0.09694493561983109 -0.0014985867310315368
v -0.012749993242323407 0.09681146591901779 -0.0030857222154736515
v -0.012149997986853131 0.09694493561983109 -0.0014985867310315368
v -0.012749993242323407 0.09694493561983109 -0.0014985867310315368
v -0.012749993242323407 0.09694493561983109 -0.0014985867310315368
v -0.012149997986853131 0.09694493561983109 -0.0014985867310315368
v -0.012149997986853131 0.09783414751291275 -0.00017717684386298058
v -0.012749993242323407 0.09694493561983109 -0.0014985867310315368
v -0.012149997986853131 0.09783414751291275 -0.00017717684386298058
v -0.012749993242323407 0.09783414751291275 -0.00017717684386298058
v -0.012749993242323407 0.10224144160747528 0.00028259103419259185
v -0.012749993242323407 0.1022394523024559 0.0016465153312310574
v -0.012149997986853131 0.10224144160747528 0.00028259103419259185
v -0.012149997986853131 0.10224144160747528 0.00028259103419259185
v -0.012749993242323407 0.1022394523024559 0.0016465153312310574
v -0.012149997986853131 0.1022394523024559 0.0016465153312310574
v -0.012149997986853131 0.10028261691331863 0.0008802188676781951
v -0.012749993242323407 0.10028261691331863 0.0008802188676781951
v -0.012149997986853131 0.09958384186029434 0.0009711787570267915
v -0.012149997986853131 0.09958384186029434 0.0009711787570267915
v -0.012749993242323407 0.10028261691331863 0.0008802188676781951
v -0.012749993242323407 0.09958384186029434 0.0009711787570267915
v -0.012749993242323407 0.09971291571855545 0.0019628128502517934
v -0.012149997986853131 0.09971291571855545 0.0019628128502517934
v -0.012749993242323407 0.09945636987686157 0.0019286563619971273
v -0.012749993242323407 0.09945636987686157 0.0019286563619971273
v -0.012149997986853131 0.09971291571855545 0.0019628128502517934
v -0.012149997986853131 0.09945636987686157 0.0019286563619971273
v -0.012749993242323407 0.09945636987686157 0.0019286563619971273
v -0.012149997986853131 0.09945636987686157 0.0019286563619971273
v -0.012749993242323407 0.09925126284360886 0.0017707980005070565
v -0.012749993242323407 0.09925126284360886 0.0017707980005070565
v -0.012149997986853131 0.09945636987686157 0.0019286563619971273
v -0.012149997986853131 0.09925126284360886 0.0017707980005070565
v -0.012749993242323407 0.09925126284360886 0.0017707980005070565
v -0.012149997986853131 0.09925126284360886 0.0017707980005070565
v -0.012749993242323407 0.0991525650024414 0.001531536574475467
v -0.012749993242323407 0.0991525650024414 0.001531536574475467
v -0.012149997986853131 0.09925126284360886 0.0017707980005070565
v -0.012149997986853131 0.0991525650024414 0.001531536574475467
v -0.012749993242323407 0.0991525650024414 0.001531536574475467
v -0.012149997986853131 0.0991525650024414 0.001531536574475467
v -0.012749993242323407 0.0991867259144783 0.0012749815359711645
v -0.012749993242323407 0.0991867259144783 0.0012749815359711645
v -0.012149997986853131 0.0991525650024414 0.001531536574475467
v -0.012149997986853131 0.0991867259144783 0.0012749815359711645
v -0.012749993242323407 0.0991867259144783 0.0012749815359711645
v -0.012149997986853131 0.0991867259144783 0.0012749815359711645
v -0.012749993242323407 0.09934457391500473 0.001069875434041023
v -0.012749993242323407 0.09934457391500473 0.001069875434041023
v -0.012149997986853131 0.0991867259144783 0.0012749815359711645
v -0.012149997986853131 0.09934457391500473 0.001069875434041023
v -0.012749993242323407 0.09934457391500473 0.001069875434041023
v -0.012149997986853131 0.09934457391500473 0.001069875434041023
v -0.012749993242323407 0.09958384186029434 0.0009711787570267915
v -0.012749993242323407 0.09958384186029434 0.0009711787570267915
v -0.012149997986853131 0.09934457391500473 0.001069875434041023
v -0.012149997986853131 0.09958384186029434 0.0009711787570267915
v -0.012149997986853131 0.09971291571855545 0.0019628128502517934
v -0.012749993242323407 0.09971291571855545 0.0019628128502517934
v -0.012149997986853131 0.10038132965564728 0.0018758060177788136
v -0.012149997986853131 0.10038132965564728 0.0018758060177788136
v -0.012749993242323407 0.09971291571855545 0.0019628128502517934
v -0.012749993242323407 0.10038132965564728 0.0018758060177788136
v 0.012050001882016667 0.10361430794000626 -0.002335579134523868
v 0.012050001882016667 0.10333463549613953 -0.002544217742979526
v 0.012050001882016667 0.1038852110505104 -0.005172038916498422
v 0.012050001882016667 0.10429394245147705 -0.002223247662186622
v 0.012050001882016667 0.1039404571056366 -0.0021967713255435224
v 0.012050001882016667 0.10361430794000626 -0.002335579134523868
v 0.012050001882016667 0.10333463549613953 -0.002544217742979526
v 0.012050001882016667 0.10293363779783249 -0.002946890657767653
v 0.012050001882016667 0.1038852110505104 -0.005172038916498422
v 0.012050001882016667 0.1038852110505104 -0.005172038916498422
v 0.012050001882016667 0.10293363779783249 -0.002946890657767653
v 0.012050001882016667 0.10266607254743576 -0.003448246512562036
v 0.012050001882016667 0.1038852110505104 -0.005172038916498422
v 0.012050001882016667 0.10266607254743576 -0.003448246512562036
v 0.012050001882016667 0.1021103709936142 -0.00662894919514656
v 0.012050001882016667 0.1021103709936142 -0.00662894919514656
v 0.012050001882016667 0.10266607254743576 -0.003448246512562036
v 0.012050001882016667 0.10176952928304672 -0.004764693789184093
v 0.012050001882016667 0.1021103709936142 -0.00662894919514656
v 0.012050001882016667 0.10176952928304672 -0.004764693789184093
v 0.012050001882016667 0.09986668080091476 -0.007117319386452436
v 0.012050001882016667 0.09986668080091476 -0.007117319386452436
v 0.012050001882016667 0.10176952928304672 -0.004764693789184093
v 0.012050001882016667 0.10034555941820145 -0.005478197708725928
v 0.012050001882016667 0.09986668080091476 -0.007117319386452436
v 0.012050001882016667 0.10034555941820145 -0.005478197708725928
v 0.012050001882016667 0.09990166872739792 -0.005540505051612853
v 0.012050001882016667 0.10459577292203903 -0.0024090968072414394
v 0.012050001882016667 0.10429394245147705 -0.002223247662186622
v 0.012050001882016667 0.10477855801582336 -0.002712802495807409
v 0.012050001882016667 0.10477855801582336 -0.002712802495807409
v 0.012050001882016667 0.10429394245147705 -0.002223247662186622
v 0.012050001882016667 0.10361430794000626 -0.002335579134523868
v 0.012050001882016667 0.10477855801582336 -0.002712802495807409
v 0.012050001882016667 0.10361430794000626 -0.002335579134523868
v 0.012050001882016667 0.10480144619941711 -0.0030665283557027574
v 0.012050001882016667 0.10480144619941711 -0.0030665283557027574
v 0.012050001882016667 0.10361430794000626 -0.002335579134523868
v 0.012050001882016667 0.1038852110505104 -0.005172038916498422
v 0.012050001882016667 0.10004159808158875 0.0007652965141460298
v 0.012050001882016667 0.10033553838729858 0.0007178542437031864
v 0.012050001882016667 0.1000840961933136 0.0026802690699696536
v 0.012050001882016667 0.1000840961933136 0.0026802690699696536
v 0.012050001882016667 0.10033553838729858 0.0007178542437031864
v 0.012050001882016667 0.10090277343988419 0.0006834904779680072
v 0.012050001882016667 0.10223086923360825 0.0018184497021138666
v 0.012050001882016667 0.10206770151853561 0.002133135218173265
v 0.012050001882016667 0.10177826881408691 0.002337750047445297
v 0.012050001882016667 0.10223127156496048 0.0014639840228483079
v 0.012050001882016667 0.10223086923360825 0.0018184497021138666
v 0.012050001882016667 0.10206886380910873 0.0011489157332107423
v 0.012050001882016667 0.10206886380910873 0.0011489157332107423
v 0.012050001882016667 0.10223086923360825 0.0018184497021138666
v 0.012050001882016667 0.10177826881408691 0.002337750047445297
v 0.012050001882016667 0.10206886380910873 0.0011489157332107423
v 0.012050001882016667 0.10177826881408691 0.002337750047445297
v 0.012050001882016667 0.10177990794181824 0.0009436222608201205
v 0.012050001882016667 0.10177990794181824 0.0009436222608201205
v 0.012050001882016667 0.10177826881408691 0.002337750047445297
v 0.012050001882016667 0.1000840961933136 0.0026802690699696536
v 0.012050001882016667 0.10177990794181824 0.0009436222608201205
v 0.012050001882016667 0.1000840961933136 0.0026802690699696536
v 0.012050001882016667 0.10145574808120728 0.0008144780294969677
v 0.012050001882016667 0.10145574808120728 0.0008144780294969677
v 0.012050001882016667 0.1000840961933136 0.0026802690699696536
v 0.012050001882016667 0.10090277343988419 0.0006834904779680072
v 0.01945000141859056 0.10480144619941711 -0.0030665283557027574
v 0.012050001882016667 0.10480144619941711 -0.0030665283557027574
v 0.01945000141859056 0.1038852110505104 -0.005172038916498422
v 0.01945000141859056 0.1038852110505104 -0.005172038916498422
v 0.012050001882016667 0.10480144619941711 -0.0030665283557027574
v 0.012050001882016667 0.1038852110505104 -0.005172038916498422
v 0.01945000141859056 0.1038852110505104 -0.005172038916498422
v 0.012050001882016667 0.1038852110505104 -0.005172038916498422
v 0.01945000141859056 0.1021103709936142 -0.00662894919514656
v 0.01945000141859056 0.1021103709936142 -0.00662894919514656
v 0.012050001882016667 0.1038852110505104 -0.005172038916498422
v 0.012050001882016667 0.1021103709936142 -0.00662894919514656
v 0.01945000141859056 0.1021103709936142 -0.00662894919514656
v 0.012050001882016667 0.1021103709936142 -0.00662894919514656
v 0.01945000141859056 0.09986668080091476 -0.007117319386452436
v 0.01945000141859056 0.09986668080091476 -0.007117319386452436
v 0.012050001882016667 0.1021103709936142 -0.00662894919514656
v 0.012050001882016667 0.09986668080091476 -0.007117319386452436
v 0.01945000141859056 0.1000840961933136 0.0026802690699696536
v 0.012050001882016667 0.1000840961933136 0.0026802690699696536
v 0.01945000141859056 0.10177826881408691 0.002337750047445297
v 0.01945000141859056 0.10177826881408691 0.002337750047445297
v 0.012050001882016667 0.1000840961933136 0.0026802690699696536
v 0.012050001882016667 0.10177826881408691 0.002337750047445297
v 0.012649997137486943 0.09874457120895386 0.0006427741609513759
v 0.012649997137486943 0.10004159808158875 0.0007652965141460298
v 0.012050001882016667 0.10004159808158875 0.0007652965141460298
v 0.01945000141859056 0.10004159808158875 0.0007652965141460298
v 0.01945000141859056 0.10033553838729858 0.0007178542437031864
v 0.012649997137486943 0.10004159808158875 0.0007652965141460298
v 0.012649997137486943 0.10004159808158875 0.0007652965141460298
v 0.01945000141859056 0.10033553838729858 0.0007178542437031864
v 0.012050001882016667 0.10033553838729858 0.0007178542437031864
v 0.012649997137486943 0.10004159808158875 0.0007652965141460298
v 0.012050001882016667 0.10033553838729858 0.0007178542437031864
v 0.012050001882016667 0.10004159808158875 0.0007652965141460298
v 0.012050001882016667 0.10004159808158875 0.0007652965141460298
v 0.012050001882016667 0.09874457120895386 0.0006427741609513759
v 0.012649997137486943 0.09874457120895386 0.0006427741609513759
v 0.012649997137486943 0.09874457120895386 0.0006427741609513759
v 0.012050001882016667 0.09874457120895386 0.0006427741609513759
v 0.012050001882016667 0.09739138185977936 -0.00019728818733710793
v 0.012649997137486943 0.09874457120895386 0.0006427741609513759
v 0.012050001882016667 0.09739138185977936 -0.00019728818733710793
v 0.012649997137486943 0.09739138185977936 -0.00019728818733710793
v 0.012649997137486943 0.09739138185977936 -0.00019728818733710793
v 0.012050001882016667 0.09739138185977936 -0.00019728818733710793
v 0.012050001882016667 0.09661828726530075 -0.0015898216515779493
v 0.012649997137486943 0.09739138185977936 -0.00019728818733710793
v 0.012050001882016667 0.09661828726530075 -0.0015898216515779493
v 0.012649997137486943 0.09661828726530075 -0.0015898216515779493
v 0.012649997137486943 0.09661828726530075 -0.0015898216515779493
v 0.012050001882016667 0.09661828726530075 -0.0015898216515779493
v 0.012050001882016667 0.09662086516618729 -0.003182559041306376
v 0.012649997137486943 0.09661828726530075 -0.0015898216515779493
v 0.012050001882016667 0.09662086516618729 -0.003182559041306376
v 0.012649997137486943 0.09662086516618729 -0.003182559041306376
v 0.012649997137486943 0.09662086516618729 -0.003182559041306376
v 0.012050001882016667 0.09662086516618729 -0.003182559041306376
v 0.012050001882016667 0.09739845991134644 -0.00457258429378271
v 0.012649997137486943 0.09662086516618729 -0.003182559041306376
v 0.012050001882016667 0.09739845991134644 -0.00457258429378271
v 0.012649997137486943 0.09739845991134644 -0.00457258429378271
v 0.012649997137486943 0.09739845991134644 -0.00457258429378271
v 0.012050001882016667 0.09739845991134644 -0.00457258429378271
v 0.012050001882016667 0.09875436127185822 -0.005408264696598052
v 0.012649997137486943 0.09739845991134644 -0.00457258429378271
v 0.012050001882016667 0.09875436127185822 -0.005408264696598052
v 0.012649997137486943 0.09875436127185822 -0.005408264696598052
v 0.012649997137486943 0.09875436127185822 -0.005408264696598052
v 0.012050001882016667 0.09875436127185822 -0.005408264696598052
v 0.012050001882016667 0.09990166872739792 -0.005540505051612853
v 0.012649997137486943 0.09875436127185822 -0.005408264696598052
v 0.012050001882016667 0.09990166872739792 -0.005540505051612853
v 0.012649997137486943 0.09990166872739792 -0.005540505051612853
v 0.012649997137486943 0.09990166872739792 -0.005540505051612853
v 0.012050001882016667 0.09990166872739792 -0.005540505051612853
v 0.012050001882016667 0.10034555941820145 -0.005478197708725928
v 0.012649997137486943 0.09990166872739792 -0.005540505051612853
v 0.012050001882016667 0.10034555941820145 -0.005478197708725928
v 0.01945000141859056 0.09990166872739792 -0.005540505051612853
v 0.01945000141859056 0.09990166872739792 -0.005540505051612853
v 0.012050001882016667 0.10034555941820145 -0.005478197708725928
v 0.01945000141859056 0.10034555941820145 -0.005478197708725928
v 0.01945000141859056 0.10034555941820145 -0.005478197708725928
v 0.012050001882016667 0.10034555941820145 -0.005478197708725928
v 0.012050001882016667 0.10176952928304672 -0.004764693789184093
v 0.01945000141859056 0.10034555941820145 -0.005478197708725928
v 0.012050001882016667 0.10176952928304672 -0.004764693789184093
v 0.01945000141859056 0.10176952928304672 -0.004764693789184093
v 0.01945000141859056 0.10176952928304672 -0.004764693789184093
v 0.012050001882016667 0.10176952928304672 -0.004764693789184093
v 0.012050001882016667 0.10266607254743576 -0.003448246512562036
v 0.01945000141859056 0.10176952928304672 -0.004764693789184093
v 0.012050001882016667 0.10266607254743576 -0.003448246512562036
v 0.01945000141859056 0.10266607254743576 -0.003448246512562036
v 0.012050001882016667 0.10333463549613953 -0.002544217742979526
v 0.012050001882016667 0.10361430794000626 -0.002335579134523868
v 0.01945000141859056 0.10333463549613953 -0.002544217742979526
v 0.01945000141859056 0.10333463549613953 -0.002544217742979526
v 0.012050001882016667 0.10361430794000626 -0.002335579134523868
v 0.01945000141859056 0.10361430794000626 -0.002335579134523868
v 0.01945000141859056 0.10145574808120728 0.0008144780294969677
v 0.01945000141859056 0.10177990794181824 0.0009436222608201205
v 0.012050001882016667 0.10145574808120728 0.0008144780294969677
v 0.012050001882016667 0.10145574808120728 0.0008144780294969677
v 0.01945000141859056 0.10177990794181824 0.0009436222608201205
v 0.012050001882016667 0.10177990794181824 0.0009436222608201205
v -0.012100004591047772 0.026926519349217415 0.00540395826101303
v -0.012100004591047772 0.00013311291695572436 0.005998522974550723
v -0.012100004591047772 0.026660289615392685 -0.006593087688088416
v -0.012100004591047772 0.026660289615392685 -0.006593087688088416
v -0.012100004591047772 0.00013311291695572436 0.005998522974550723
v -0.012100004591047772 -0.0001331119128735736 -0.0059985234402120105
v -0.008900002576410776 0.029859505593776703 -0.006664081010967492
v 0.008799999020993715 0.029859505593776703 -0.006664081010967492
v -0.008900002576410776 0.030125727877020836 0.005332966335117816
v -0.008900002576410776 0.030125727877020836 0.005332966335117816
v 0.008799999020993715 0.029859505593776703 -0.006664081010967492
v 0.008799999020993715 0.030125727877020836 0.005332966335117816
v 0.012000001035630712 0.026660289615392685 -0.006593087688088416
v 0.012000001035630712 -0.0001331119128735736 -0.0059985234402120105
v 0.012000001035630712 0.026926519349217415 0.00540395826101303
v 0.012000001035630712 0.026926519349217415 0.00540395826101303
v 0.012000001035630712 -0.0001331119128735736 -0.0059985234402120105
v 0.012000001035630712 0.00013311291695572436 0.005998522974550723
v -0.012100004591047772 0.00013311291695572436 0.005998522974550723
v 0.012000001035630712 0.00013311291695572436 0.005998522974550723
v -0.012100004591047772 -0.0001331119128735736 -0.0059985234402120105
v -0.012100004591047772 -0.0001331119128735736 -0.0059985234402120105
v 0.012000001035630712 0.00013311291695572436 0.005998522974550723
v 0.012000001035630712 -0.0001331119128735736 -0.0059985234402120105
v 0.007449998520314699 0.10003084689378738 0.00028085953090339894
v -0.0075500020757317595 0.10003084689378738 0.00028085953090339894
v -0.0075500020757317595 0.09894091635942459 5.7406778068980195e-05
v 0.007449998520314699 0.10003084689378738 0.00028085953090339894
v -0.0075500020757317595 0.09894091635942459 5.7406778068980195e-05
v 0.007449998520314699 0.09894091635942459 5.7406778068980195e-05
v 0.007449998520314699 0.09894091635942459 5.7406778068980195e-05
v -0.0075500020757317595 0.09894091635942459 5.7406778068980195e-05
v -0.0075500020757317595 0.0980558767914772 -0.000616821169387549
v 0.007449998520314699 0.09894091635942459 5.7406778068980195e-05
v -0.0075500020757317595 0.0980558767914772 -0.000616821169387549
v 0.007449998520314699 0.0980558767914772 -0.000616821169387549
v 0.007449998520314699 0.0980558767914772 -0.000616821169387549
v -0.0075500020757317595 0.0980558767914772 -0.000616821169387549
v -0.0075500020757317595 0.09755101054906845 -0.0016082871006801722
v 0.007449998520314699 0.0980558767914772 -0.000616821169387549
v -0.0075500020757317595 0.09755101054906845 -0.0016082871006801722
v 0.007449998520314699 0.09755101054906845 -0.0016082871006801722
v 0.007449998520314699 0.09755101054906845 -0.0016082871006801722
v -0.0075500020757317595 0.09755101054906845 -0.0016082871006801722
v -0.0075500020757317595 0.09752631932497025 -0.0027206186205148693
v 0.007449998520314699 0.09755101054906845 -0.0016082871006801722
v -0.0075500020757317595 0.09752631932497025 -0.0027206186205148693
v 0.007449998520314699 0.09752631932497025 -0.0027206186205148693
v 0.007449998520314699 0.09752631932497025 -0.0027206186205148693
v -0.0075500020757317595 0.09752631932497025 -0.0027206186205148693
v -0.0075500020757317595 0.09798670560121536 -0.003733504097908735
v 0.007449998520314699 0.09752631932497025 -0.0027206186205148693
v -0.0075500020757317595 0.09798670560121536 -0.003733504097908735
v 0.007449998520314699 0.09798670560121536 -0.003733504097908735
v 0.007449998520314699 0.09798670560121536 -0.003733504097908735
v -0.0075500020757317595 0.09798670560121536 -0.003733504097908735
v -0.0075500020757317595 0.09884096682071686 -0.0044463290832936755
v 0.007449998520314699 0.09798670560121536 -0.003733504097908735
v -0.0075500020757317595 0.09884096682071686 -0.0044463290832936755
v 0.007449998520314699 0.09884096682071686 -0.0044463290832936755
v 0.007449998520314699 0.09884096682071686 -0.0044463290832936755
v -0.0075500020757317595 0.09884096682071686 -0.0044463290832936755
v -0.0075500020757317595 0.09991993010044098 -0.004717910196632146
v 0.007449998520314699 0.09884096682071686 -0.0044463290832936755
v -0.0075500020757317595 0.09991993010044098 -0.004717910196632146
v 0.007449998520314699 0.09991993010044098 -0.004717910196632146
v 0.01945000141859056 0.10177826881408691 0.002337750047445297
v 0.012050001882016667 0.10177826881408691 0.002337750047445297
v 0.01945000141859056 0.10206770151853561 0.002133135218173265
v 0.01945000141859056 0.10206770151853561 0.002133135218173265
v 0.012050001882016667 0.10177826881408691 0.002337750047445297
v 0.012050001882016667 0.10206770151853561 0.002133135218173265
v 0.01945000141859056 0.10206770151853561 0.002133135218173265
v 0.012050001882016667 0.10206770151853561 0.002133135218173265
v 0.01945000141859056 0.10223086923360825 0.0018184497021138666
v 0.01945000141859056 0.10223086923360825 0.0018184497021138666
v 0.012050001882016667 0.10206770151853561 0.002133135218173265
v 0.012050001882016667 0.10223086923360825 0.0018184497021138666
v 0.01945000141859056 0.10223086923360825 0.0018184497021138666
v 0.012050001882016667 0.10223086923360825 0.0018184497021138666
v 0.01945000141859056 0.10223127156496048 0.0014639840228483079
v 0.01945000141859056 0.10223127156496048 0.0014639840228483079
v 0.012050001882016667 0.10223086923360825 0.0018184497021138666
v 0.012050001882016667 0.10223127156496048 0.0014639840228483079
v 0.01945000141859056 0.10223127156496048 0.0014639840228483079
v 0.012050001882016667 0.10223127156496048 0.0014639840228483079
v 0.01945000141859056 0.10206886380910873 0.0011489157332107423
v 0.01945000141859056 0.10206886380910873 0.0011489157332107423
v 0.012050001882016667 0.10223127156496048 0.0014639840228483079
v 0.012050001882016667 0.10206886380910873 0.0011489157332107423
v 0.01945000141859056 0.10206886380910873 0.0011489157332107423
v 0.012050001882016667 0.10206886380910873 0.0011489157332107423
v 0.01945000141859056 0.10177990794181824 0.0009436222608201205
v 0.01945000141859056 0.10177990794181824 0.0009436222608201205
v 0.012050001882016667 0.10206886380910873 0.0011489157332107423
v 0.012050001882016667 0.10177990794181824 0.0009436222608201205
v 0.01945000141859056 0.10361430794000626 -0.002335579134523868
v 0.012050001882016667 0.10361430794000626 -0.002335579134523868
v 0.01945000141859056 0.1039404571056366 -0.0021967713255435224
v 0.01945000141859056 0.1039404571056366 -0.0021967713255435224
v 0.012050001882016667 0.10361430794000626 -0.002335579134523868
v 0.012050001882016667 0.1039404571056366 -0.0021967713255435224
v 0.01945000141859056 0.1039404571056366 -0.0021967713255435224
v 0.012050001882016667 0.1039404571056366 -0.0021967713255435224
v 0.01945000141859056 0.10429394245147705 -0.002223247662186622
v 0.01945000141859056 0.10429394245147705 -0.002223247662186622
v 0.012050001882016667 0.1039404571056366 -0.0021967713255435224
v 0.012050001882016667 0.10429394245147705 -0.002223247662186622
v 0.01945000141859056 0.10429394245147705 -0.002223247662186622
v 0.012050001882016667 0.10429394245147705 -0.002223247662186622
v 0.01945000141859056 0.10459577292203903 -0.0024090968072414394
v 0.01945000141859056 0.10459577292203903 -0.0024090968072414394
v 0.012050001882016667 0.10429394245147705 -0.002223247662186622
v 0.012050001882016667 0.10459577292203903 -0.0024090968072414394
v 0.01945000141859056 0.10459577292203903 -0.0024090968072414394
v 0.012050001882016667 0.10459577292203903 -0.0024090968072414394
v 0.01945000141859056 0.10477855801582336 -0.002712802495807409
v 0.01945000141859056 0.10477855801582336 -0.002712802495807409
v 0.012050001882016667 0.10459577292203903 -0.0024090968072414394
v 0.012050001882016667 0.10477855801582336 -0.002712802495807409
v 0.01945000141859056 0.10477855801582336 -0.002712802495807409
v 0.012050001882016667 0.10477855801582336 -0.002712802495807409
v 0.01945000141859056 0.10480144619941711 -0.0030665283557027574
v 0.01945000141859056 0.10480144619941711 -0.0030665283557027574
v 0.012050001882016667 0.10477855801582336 -0.002712802495807409
v 0.012050001882016667 0.10480144619941711 -0.0030665283557027574
v -0.012749993242323407 0.09877622127532959 0.0020973242353647943
v -0.012149997986853131 0.09877622127532959 0.0020973242353647943
v -0.012149997986853131 0.09890797734260559 0.0023634925018995996
v -0.012749993242323407 0.09877622127532959 0.0020973242353647943
v -0.012149997986853131 0.09890797734260559 0.0023634925018995996
v -0.012749993242323407 0.09890797734260559 0.0023634925018995996
v -0.012749993242323407 0.09890797734260559 0.0023634925018995996
v -0.012149997986853131 0.09890797734260559 0.0023634925018995996
v -0.012149997986853131 0.0991327315568924 0.0025576499756425615
v -0.012749993242323407 0.09890797734260559 0.0023634925018995996
v -0.012149997986853131 0.0991327315568924 0.0025576499756425615
v -0.012749993242323407 0.0991327315568924 0.0025576499756425615
v -0.012749993242323407 0.0991327315568924 0.0025576499756425615
v -0.012149997986853131 0.0991327315568924 0.0025576499756425615
v -0.012149997986853131 0.09941520541906357 0.002649348229169845
v -0.012749993242323407 0.0991327315568924 0.0025576499756425615
v -0.012149997986853131 0.09941520541906357 0.002649348229169845
v -0.012749993242323407 0.09941520541906357 0.002649348229169845
v -0.012749993242323407 0.10176309198141098 0.0023437263444066043
v -0.012149997986853131 0.10176309198141098 0.0023437263444066043
v -0.012149997986853131 0.10201268643140793 0.002182766096666455
v -0.012749993242323407 0.10176309198141098 0.0023437263444066043
v -0.012149997986853131 0.10201268643140793 0.002182766096666455
v -0.012749993242323407 0.10201268643140793 0.002182766096666455
v -0.012749993242323407 0.10201268643140793 0.002182766096666455
v -0.012149997986853131 0.10201268643140793 0.002182766096666455
v -0.012149997986853131 0.10218023508787155 0.0019375450210645793
v -0.012749993242323407 0.10201268643140793 0.002182766096666455
v -0.012149997986853131 0.10218023508787155 0.0019375450210645793
v -0.012749993242323407 0.10218023508787155 0.0019375450210645793
v -0.012749993242323407 0.10218023508787155 0.0019375450210645793
v -0.012149997986853131 0.10218023508787155 0.0019375450210645793
v -0.012149997986853131 0.1022394523024559 0.0016465153312310574
v -0.012749993242323407 0.10218023508787155 0.0019375450210645793
v -0.012149997986853131 0.1022394523024559 0.0016465153312310574
v -0.012749993242323407 0.1022394523024559 0.0016465153312310574
v 0.01945000141859056 0.10266607254743576 -0.003448246512562036
v 0.012050001882016667 0.10266607254743576 -0.003448246512562036
v 0.01945000141859056 0.10293363779783249 -0.002946890657767653
v 0.01945000141859056 0.10293363779783249 -0.002946890657767653
v 0.012050001882016667 0.10266607254743576 -0.003448246512562036
v 0.012050001882016667 0.10293363779783249 -0.002946890657767653
v 0.01945000141859056 0.10293363779783249 -0.002946890657767653
v 0.012050001882016667 0.10293363779783249 -0.002946890657767653
v 0.01945000141859056 0.10333463549613953 -0.002544217742979526
v 0.01945000141859056 0.10333463549613953 -0.002544217742979526
v 0.012050001882016667 0.10293363779783249 -0.002946890657767653
v 0.012050001882016667 0.10333463549613953 -0.002544217742979526
v 0.01945000141859056 0.10145574808120728 0.0008144780294969677
v 0.012050001882016667 0.10145574808120728 0.0008144780294969677
v 0.01945000141859056 0.10090277343988419 0.0006834904779680072
v 0.01945000141859056 0.10090277343988419 0.0006834904779680072
v 0.012050001882016667 0.10145574808120728 0.0008144780294969677
v 0.012050001882016667 0.10090277343988419 0.0006834904779680072
v 0.01945000141859056 0.10090277343988419 0.0006834904779680072
v 0.012050001882016667 0.10090277343988419 0.0006834904779680072
v 0.01945000141859056 0.10033553838729858 0.0007178542437031864
v 0.01945000141859056 0.10033553838729858 0.0007178542437031864
v 0.012050001882016667 0.10090277343988419 0.0006834904779680072
v 0.012050001882016667 0.10033553838729858 0.0007178542437031864
v -0.012749993242323407 0.09783414751291275 -0.00017717684386298058
v -0.012149997986853131 0.09783414751291275 -0.00017717684386298058
v -0.012749993242323407 0.0982002392411232 0.00025747518520802254
v -0.012749993242323407 0.0982002392411232 0.00025747518520802254
v -0.012149997986853131 0.09783414751291275 -0.00017717684386298058
v -0.012149997986853131 0.0982002392411232 0.00025747518520802254
v -0.012749993242323407 0.0982002392411232 0.00025747518520802254
v -0.012149997986853131 0.0982002392411232 0.00025747518520802254
v -0.012749993242323407 0.09842513501644135 0.0007793605909682809
v -0.012749993242323407 0.09842513501644135 0.0007793605909682809
v -0.012149997986853131 0.0982002392411232 0.00025747518520802254
v -0.012149997986853131 0.09842513501644135 0.0007793605909682809
v -0.012749993242323407 0.10224144160747528 0.00028259103419259185
v -0.012149997986853131 0.10224144160747528 0.00028259103419259185
v -0.012749993242323407 0.10232525318861008 -0.00027947683702223
v -0.012749993242323407 0.10232525318861008 -0.00027947683702223
v -0.012149997986853131 0.10224144160747528 0.00028259103419259185
v -0.012149997986853131 0.10232525318861008 -0.00027947683702223
v -0.012749993242323407 0.10232525318861008 -0.00027947683702223
v -0.012149997986853131 0.10232525318861008 -0.00027947683702223
v -0.012749993242323407 0.10256786644458771 -0.0007933648885227739
v -0.012749993242323407 0.10256786644458771 -0.0007933648885227739
v -0.012149997986853131 0.10232525318861008 -0.00027947683702223
v -0.012149997986853131 0.10256786644458771 -0.0007933648885227739
v -0.012100004591047772 0.026926519349217415 0.00540395826101303
v -0.012100004591047772 0.026660289615392685 -0.006593087688088416
v -0.01167128328233958 0.028526123613119125 0.005368462298065423
v -0.01167128328233958 0.028526123613119125 0.005368462298065423
v -0.012100004591047772 0.026660289615392685 -0.006593087688088416
v -0.01167128328233958 0.028259901329874992 -0.0066285841166973105
v -0.01167128328233958 0.028526123613119125 0.005368462298065423
v -0.01167128328233958 0.028259901329874992 -0.0066285841166973105
v -0.010499999858438976 0.02969711646437645 0.005342477932572364
v -0.010499999858438976 0.02969711646437645 0.005342477932572364
v -0.01167128328233958 0.028259901329874992 -0.0066285841166973105
v -0.010499999858438976 0.029430896043777466 -0.006654569413512944
v -0.010499999858438976 0.02969711646437645 0.005342477932572364
v -0.010499999858438976 0.029430896043777466 -0.006654569413512944
v -0.008900002576410776 0.030125727877020836 0.005332966335117816
v -0.008900002576410776 0.030125727877020836 0.005332966335117816
v -0.010499999858438976 0.029430896043777466 -0.006654569413512944
v -0.008900002576410776 0.029859505593776703 -0.006664081010967492
v 0.007449998520314699 0.09381004422903061 0.003919765353202819
v 0.007449998520314699 0.09376568347215652 0.001920257695019245
v 0.007021284662187104 0.09221044182777405 0.003955261316150426
v 0.007021284662187104 0.09221044182777405 0.003955261316150426
v 0.007449998520314699 0.09376568347215652 0.001920257695019245
v 0.007021284662187104 0.09216608107089996 0.0019557543564587827
v 0.007021284662187104 0.09221044182777405 0.003955261316150426
v 0.007021284662187104 0.09216608107089996 0.0019557543564587827
v 0.005850001238286499 0.09103944897651672 0.003981245681643485
v 0.005850001238286499 0.09103944897651672 0.003981245681643485
v 0.007021284662187104 0.09216608107089996 0.0019557543564587827
v 0.005850001238286499 0.09099508821964264 0.0019817389547824855
v 0.005850001238286499 0.09103944897651672 0.003981245681643485
v 0.005850001238286499 0.09099508821964264 0.0019817389547824855
v 0.004249996505677703 0.09061083942651749 0.003990757279098033
v 0.004249996505677703 0.09061083942651749 0.003990757279098033
v 0.005850001238286499 0.09099508821964264 0.0019817389547824855
v 0.004249996505677703 0.09056646376848221 0.001991249620914459
v -0.0043500000610947635 0.08706733584403992 0.002068898873403668
v -0.0043500000610947635 0.08684547245502472 -0.007928640581667422
v -0.0059499973431229635 0.08749594539403915 0.00205938727594912
v -0.0059499973431229635 0.08749594539403915 0.00205938727594912
v -0.0043500000610947635 0.08684547245502472 -0.007928640581667422
v -0.0059499973431229635 0.08727408200502396 -0.007938151247799395
v -0.0059499973431229635 0.08749594539403915 0.00205938727594912
v -0.0059499973431229635 0.08727408200502396 -0.007938151247799395
v -0.007121280767023568 0.08866693824529648 0.0020334019791334863
v -0.007121280767023568 0.08866693824529648 0.0020334019791334863
v -0.0059499973431229635 0.08727408200502396 -0.007938151247799395
v -0.007121280767023568 0.08844507485628128 -0.007964137010276316
v -0.007121280767023568 0.08866693824529648 0.0020334019791334863
v -0.007121280767023568 0.08844507485628128 -0.007964137010276316
v -0.0075500020757317595 0.09026654064655304 0.0019979050848633047
v -0.0075500020757317595 0.09026654064655304 0.0019979050848633047
v -0.007121280767023568 0.08844507485628128 -0.007964137010276316
v -0.0075500020757317595 0.09004468470811844 -0.00799963343888521
v -0.018025614321231852 0.010686270892620087 -0.0062386132776737204
v -0.018025614321231852 0.010952492244541645 0.005758432671427726
v -0.017303980886936198 0.011737074702978134 -0.006261930800974368
v -0.017303980886936198 0.011737074702978134 -0.006261930800974368
v -0.018025614321231852 0.010952492244541645 0.005758432671427726
v -0.017303980886936198 0.012003296054899693 0.005735114682465791
v -0.017303980886936198 0.011737074702978134 -0.006261930800974368
v -0.017303980886936198 0.012003296054899693 0.005735114682465791
v -0.01705000549554826 0.01298615988343954 -0.006289648823440074
v -0.01705000549554826 0.01298615988343954 -0.006289648823440074
v -0.017303980886936198 0.012003296054899693 0.005735114682465791
v -0.01705000549554826 0.013252380304038525 0.00570739759132266
v 0.011950000189244756 0.040056996047496796 -0.006890370044857263
v 0.011950000189244756 0.04032321646809578 0.005106675438582896
v 0.012190251611173162 0.03884078934788704 -0.006863382179290055
v 0.012190251611173162 0.03884078934788704 -0.006863382179290055
v 0.011950000189244756 0.04032321646809578 0.005106675438582896
v 0.012190251611173162 0.03910700976848602 0.005133663769811391
v 0.012190251611173162 0.03884078934788704 -0.006863382179290055
v 0.012190251611173162 0.03910700976848602 0.005133663769811391
v 0.012874922715127477 0.03780720382928848 -0.006840446032583713
v 0.012874922715127477 0.03780720382928848 -0.006840446032583713
v 0.012190251611173162 0.03910700976848602 0.005133663769811391
v 0.012874922715127477 0.038073427975177765 0.005156599916517734
v 0.012874922715127477 0.03780720382928848 -0.006840446032583713
v 0.012874922715127477 0.038073427975177765 0.005156599916517734
v 0.013901217840611943 0.03711143881082535 -0.006825007032603025
v 0.013901217840611943 0.03711143881082535 -0.006825007032603025
v 0.012874922715127477 0.038073427975177765 0.005156599916517734
v 0.013901217840611943 0.03737767040729523 0.005172039847820996
v 0.007449998520314699 0.09026654064655304 0.0019979050848633047
v 0.007449998520314699 0.09004468470811844 -0.00799963343888521
v 0.007021284662187104 0.08866693824529648 0.0020334019791334863
v 0.007021284662187104 0.08866693824529648 0.0020334019791334863
v 0.007449998520314699 0.09004468470811844 -0.00799963343888521
v 0.007021284662187104 0.08844507485628128 -0.007964137010276316
v 0.007021284662187104 0.08866693824529648 0.0020334019791334863
v 0.007021284662187104 0.08844507485628128 -0.007964137010276316
v 0.005850001238286499 0.08749594539403915 0.00205938727594912
v 0.005850001238286499 0.08749594539403915 0.00205938727594912
v 0.007021284662187104 0.08844507485628128 -0.007964137010276316
v 0.005850001238286499 0.08727408200502396 -0.007938151247799395
v 0.005850001238286499 0.08749594539403915 0.00205938727594912
v 0.005850001238286499 0.08727408200502396 -0.007938151247799395
v 0.004249996505677703 0.08706733584403992 0.002068898873403668
v 0.004249996505677703 0.08706733584403992 0.002068898873403668
v 0.005850001238286499 0.08727408200502396 -0.007938151247799395
v 0.004249996505677703 0.08684547245502472 -0.007928640581667422
v 0.016950003802776347 0.01298615988343954 -0.006289648823440074
v 0.016950003802776347 0.013252380304038525 0.00570739759132266
v 0.017203979194164287 0.011737074702978134 -0.006261930800974368
v 0.017203979194164287 0.011737074702978134 -0.006261930800974368
v 0.016950003802776347 0.013252380304038525 0.00570739759132266
v 0.017203979194164287 0.012003296054899693 0.005735114682465791
v 0.017203979194164287 0.011737074702978134 -0.006261930800974368
v 0.017203979194164287 0.012003296054899693 0.005735114682465791
v 0.01792561262845994 0.010686270892620087 -0.0062386132776737204
v 0.01792561262845994 0.010686270892620087 -0.0062386132776737204
v 0.017203979194164287 0.012003296054899693 0.005735114682465791
v 0.01792561262845994 0.010952492244541645 0.005758432671427726
v -0.014001213945448407 0.03711143881082535 -0.006825007032603025
v -0.014001213945448407 0.03737767040729523 0.005172039847820996
v -0.012974926270544538 0.03780720382928848 -0.006840446032583713
v -0.012974926270544538 0.03780720382928848 -0.006840446032583713
v -0.014001213945448407 0.03737767040729523 0.005172039847820996
v -0.012974926270544538 0.038073427975177765 0.005156599916517734
v -0.012974926270544538 0.03780720382928848 -0.006840446032583713
v -0.012974926270544538 0.038073427975177765 0.005156599916517734
v -0.012290247716009626 0.03884078934788704 -0.006863382179290055
v -0.012290247716009626 0.03884078934788704 -0.006863382179290055
v -0.012974926270544538 0.038073427975177765 0.005156599916517734
v -0.012290247716009626 0.03910700976848602 0.005133663769811391
v -0.012290247716009626 0.03884078934788704 -0.006863382179290055
v -0.012290247716009626 0.03910700976848602 0.005133663769811391
v -0.01204999629408122 0.040056996047496796 -0.006890370044857263
v -0.01204999629408122 0.040056996047496796 -0.006890370044857263
v -0.012290247716009626 0.03910700976848602 0.005133663769811391
v -0.01204999629408122 0.04032321646809578 0.005106675438582896
v -0.0043500000610947635 0.09061083942651749 0.003990757279098033
v -0.0043500000610947635 0.09056646376848221 0.001991249620914459
v -0.0059499973431229635 0.09103944897651672 0.003981245681643485
v -0.0059499973431229635 0.09103944897651672 0.003981245681643485
v -0.0043500000610947635 0.09056646376848221 0.001991249620914459
v -0.0059499973431229635 0.09099508821964264 0.0019817389547824855
v -0.0059499973431229635 0.09103944897651672 0.003981245681643485
v -0.0059499973431229635 0.09099508821964264 0.0019817389547824855
v -0.007121280767023568 0.09221044182777405 0.003955261316150426
v -0.007121280767023568 0.09221044182777405 0.003955261316150426
v -0.0059499973431229635 0.09099508821964264 0.0019817389547824855
v -0.007121280767023568 0.09216608107089996 0.0019557543564587827
v -0.007121280767023568 0.09221044182777405 0.003955261316150426
v -0.007121280767023568 0.09216608107089996 0.0019557543564587827
v -0.0075500020757317595 0.09381004422903061 0.003919765353202819
v -0.0075500020757317595 0.09381004422903061 0.003919765353202819
v -0.007121280767023568 0.09216608107089996 0.0019557543564587827
v -0.0075500020757317595 0.09376568347215652 0.001920257695019245
v 0.008799999020993715 0.030125727877020836 0.005332966335117816
v 0.008799999020993715 0.029859505593776703 -0.006664081010967492
v 0.010399996303021915 0.02969711646437645 0.005342477932572364
v 0.010399996303021915 0.02969711646437645 0.005342477932572364
v 0.008799999020993715 0.029859505593776703 -0.006664081010967492
v 0.010399996303021915 0.029430896043777466 -0.006654569413512944
v 0.010399996303021915 0.02969711646437645 0.005342477932572364
v 0.010399996303021915 0.029430896043777466 -0.006654569413512944
v 0.011571279726922519 0.028526123613119125 0.005368462298065423
v 0.011571279726922519 0.028526123613119125 0.005368462298065423
v 0.010399996303021915 0.029430896043777466 -0.006654569413512944
v 0.011571279726922519 0.028259901329874992 -0.0066285841166973105
v 0.011571279726922519 0.028526123613119125 0.005368462298065423
v 0.011571279726922519 0.028259901329874992 -0.0066285841166973105
v 0.012000001035630712 0.026926519349217415 0.00540395826101303
v 0.012000001035630712 0.026926519349217415 0.00540395826101303
v 0.011571279726922519 0.028259901329874992 -0.0066285841166973105
v 0.012000001035630712 0.026660289615392685 -0.006593087688088416
v 0.012649997137486943 0.10264518857002258 -0.0006157932803034781
v 0.012649997137486943 0.10350296646356583 -0.00010085502435686065
v 0.012050001882016667 0.10264518857002258 -0.0006157932803034781
v 0.012050001882016667 0.10264518857002258 -0.0006157932803034781
v 0.012649997137486943 0.10350296646356583 -0.00010085502435686065
v 0.012050001882016667 0.10350296646356583 -0.00010085502435686065
v 0.012649997137486943 0.10350296646356583 -0.00010085502435686065
v 0.012649997137486943 0.1031738892197609 0.00048740537022240454
v 0.012050001882016667 0.10350296646356583 -0.00010085502435686065
v 0.012050001882016667 0.10350296646356583 -0.00010085502435686065
v 0.012649997137486943 0.1031738892197609 0.00048740537022240454
v 0.012050001882016667 0.1031738892197609 0.00048740537022240454
v 0.012649997137486943 0.10230116546154022 -8.036494705265794e-07
v 0.012050001882016667 0.10230116546154022 -8.036494705265794e-07
v 0.012649997137486943 0.10223846882581711 0.00021270109573379156
v 0.012649997137486943 0.10223846882581711 0.00021270109573379156
v 0.012050001882016667 0.10230116546154022 -8.036494705265794e-07
v 0.012050001882016667 0.10223846882581711 0.00021270109573379156
v 0.012649997137486943 0.10223846882581711 0.00021270109573379156
v 0.012050001882016667 0.10223846882581711 0.00021270109573379156
v 0.012649997137486943 0.10227460414171219 0.00043226662091910834
v 0.012649997137486943 0.10227460414171219 0.00043226662091910834
v 0.012050001882016667 0.10223846882581711 0.00021270109573379156
v 0.012050001882016667 0.10227460414171219 0.00043226662091910834
v 0.012649997137486943 0.10227460414171219 0.00043226662091910834
v 0.012050001882016667 0.10227460414171219 0.00043226662091910834
v 0.012649997137486943 0.1024024486541748 0.0006144048529677092
v 0.012649997137486943 0.1024024486541748 0.0006144048529677092
v 0.012050001882016667 0.10227460414171219 0.00043226662091910834
v 0.012050001882016667 0.1024024486541748 0.0006144048529677092
v 0.012649997137486943 0.1024024486541748 0.0006144048529677092
v 0.012050001882016667 0.1024024486541748 0.0006144048529677092
v 0.012649997137486943 0.10259663313627243 0.0007230416522361337
v 0.012649997137486943 0.10259663313627243 0.0007230416522361337
v 0.012050001882016667 0.1024024486541748 0.0006144048529677092
v 0.012050001882016667 0.10259663313627243 0.0007230416522361337
v 0.012649997137486943 0.10259663313627243 0.0007230416522361337
v 0.012050001882016667 0.10259663313627243 0.0007230416522361337
v 0.012649997137486943 0.10281874239444733 0.0007366601494140922
v 0.012649997137486943 0.10281874239444733 0.0007366601494140922
v 0.012050001882016667 0.10259663313627243 0.0007230416522361337
v 0.012050001882016667 0.10281874239444733 0.0007366601494140922
v 0.012649997137486943 0.10281874239444733 0.0007366601494140922
v 0.012050001882016667 0.10281874239444733 0.0007366601494140922
v 0.012649997137486943 0.10302477329969406 0.0006525628268718718
v 0.012649997137486943 0.10302477329969406 0.0006525628268718718
v 0.012050001882016667 0.10281874239444733 0.0007366601494140922
v 0.012050001882016667 0.10302477329969406 0.0006525628268718718
v 0.012649997137486943 0.10302477329969406 0.0006525628268718718
v 0.012050001882016667 0.10302477329969406 0.0006525628268718718
v 0.012649997137486943 0.1031738892197609 0.00048740537022240454
v 0.012649997137486943 0.1031738892197609 0.00048740537022240454
v 0.012050001882016667 0.10302477329969406 0.0006525628268718718
v 0.012050001882016667 0.1031738892197609 0.00048740537022240454
v 0.012649997137486943 0.10230116546154022 -8.036494705265794e-07
v 0.012649997137486943 0.10264518857002258 -0.0006157932803034781
v 0.012050001882016667 0.10230116546154022 -8.036494705265794e-07
v 0.012050001882016667 0.10230116546154022 -8.036494705265794e-07
v 0.012649997137486943 0.10264518857002258 -0.0006157932803034781
v 0.012050001882016667 0.10264518857002258 -0.0006157932803034781
v 0.012649997137486943 0.10350296646356583 -0.00010085502435686065
v 0.012649997137486943 0.10264518857002258 -0.0006157932803034781
v 0.012649997137486943 0.1031738892197609 0.00048740537022240454
v 0.012649997137486943 0.1031738892197609 0.00048740537022240454
v 0.012649997137486943 0.10264518857002258 -0.0006157932803034781
v 0.012649997137486943 0.10230116546154022 -8.036494705265794e-07
v 0.012649997137486943 0.1031738892197609 0.00048740537022240454
v 0.012649997137486943 0.10230116546154022 -8.036494705265794e-07
v 0.012649997137486943 0.10302477329969406 0.0006525628268718718
v 0.012649997137486943 0.10302477329969406 0.0006525628268718718
v 0.012649997137486943 0.10230116546154022 -8.036494705265794e-07
v 0.012649997137486943 0.10223846882581711 0.00021270109573379156
v 0.012649997137486943 0.10259663313627243 0.0007230416522361337
v 0.012649997137486943 0.10281874239444733 0.0007366601494140922
v 0.012649997137486943 0.1024024486541748 0.0006144048529677092
v 0.012649997137486943 0.1024024486541748 0.0006144048529677092
v 0.012649997137486943 0.10281874239444733 0.0007366601494140922
v 0.012649997137486943 0.10302477329969406 0.0006525628268718718
v 0.012649997137486943 0.1024024486541748 0.0006144048529677092
v 0.012649997137486943 0.10302477329969406 0.0006525628268718718
v 0.012649997137486943 0.10227460414171219 0.00043226662091910834
v 0.012649997137486943 0.10227460414171219 0.00043226662091910834
v 0.012649997137486943 0.10302477329969406 0.0006525628268718718
v 0.012649997137486943 0.10223846882581711 0.00021270109573379156
v 0.012050001882016667 0.10264518857002258 -0.0006157932803034781
v 0.012050001882016667 0.10350296646356583 -0.00010085502435686065
v 0.012050001882016667 0.10230116546154022 -8.036494705265794e-07
v 0.012050001882016667 0.10230116546154022 -8.036494705265794e-07
v 0.012050001882016667 0.10350296646356583 -0.00010085502435686065
v 0.012050001882016667 0.1031738892197609 0.00048740537022240454
v 0.012050001882016667 0.10230116546154022 -8.036494705265794e-07
v 0.012050001882016667 0.1031738892197609 0.00048740537022240454
v 0.012050001882016667 0.10302477329969406 0.0006525628268718718
v 0.012050001882016667 0.10302477329969406 0.0006525628268718718
v 0.012050001882016667 0.10281874239444733 0.0007366601494140922
v 0.012050001882016667 0.10259663313627243 0.0007230416522361337
v 0.012050001882016667 0.10223846882581711 0.00021270109573379156
v 0.012050001882016667 0.10230116546154022 -8.036494705265794e-07
v 0.012050001882016667 0.10227460414171219 0.00043226662091910834
v 0.012050001882016667 0.10227460414171219 0.00043226662091910834
v 0.012050001882016667 0.10230116546154022 -8.036494705265794e-07
v 0.012050001882016667 0.10302477329969406 0.0006525628268718718
v 0.012050001882016667 0.10227460414171219 0.00043226662091910834
v 0.012050001882016667 0.10302477329969406 0.0006525628268718718
v 0.012050001882016667 0.1024024486541748 0.0006144048529677092
v 0.012050001882016667 0.1024024486541748 0.0006144048529677092
v 0.012050001882016667 0.10302477329969406 0.0006525628268718718
v 0.012050001882016667 0.10259663313627243 0.0007230416522361337
v 0.012649997137486943 0.10362595319747925 -0.0003206972032785415
v 0.012649997137486943 0.10273826122283936 -0.0007821777835488318
v 0.012050001882016667 0.10362595319747925 -0.0003206972032785415
v 0.012050001882016667 0.10362595319747925 -0.0003206972032785415
v 0.012649997137486943 0.10273826122283936 -0.0007821777835488318
v 0.012050001882016667 0.10273826122283936 -0.0007821777835488318
v 0.012649997137486943 0.10273826122283936 -0.0007821777835488318
v 0.012649997137486943 0.10308229923248291 -0.0013971666339784858
v 0.012050001882016667 0.10273826122283936 -0.0007821777835488318
v 0.012050001882016667 0.10273826122283936 -0.0007821777835488318
v 0.012649997137486943 0.10308229923248291 -0.0013971666339784858
v 0.012050001882016667 0.10308229923248291 -0.0013971666339784858
v 0.012649997137486943 0.10395502299070358 -0.0009089576196856796
v 0.012050001882016667 0.10395502299070358 -0.0009089576196856796
v 0.012649997137486943 0.1040177270770073 -0.0011224623303860424
v 0.012649997137486943 0.1040177270770073 -0.0011224623303860424
v 0.012050001882016667 0.10395502299070358 -0.0009089576196856796
v 0.012050001882016667 0.1040177270770073 -0.0011224623303860424
v 0.012649997137486943 0.1040177270770073 -0.0011224623303860424
v 0.012050001882016667 0.1040177270770073 -0.0011224623303860424
v 0.012649997137486943 0.10398156940937042 -0.0013420287286862729
v 0.012649997137486943 0.10398156940937042 -0.0013420287286862729
v 0.012050001882016667 0.1040177270770073 -0.0011224623303860424
v 0.012050001882016667 0.10398156940937042 -0.0013420287286862729
v 0.012649997137486943 0.10398156940937042 -0.0013420287286862729
v 0.012050001882016667 0.10398156940937042 -0.0013420287286862729
v 0.012649997137486943 0.1038537472486496 -0.00152416608761996
v 0.012649997137486943 0.1038537472486496 -0.00152416608761996
v 0.012050001882016667 0.10398156940937042 -0.0013420287286862729
v 0.012050001882016667 0.1038537472486496 -0.00152416608761996
v 0.012649997137486943 0.1038537472486496 -0.00152416608761996
v 0.012050001882016667 0.1038537472486496 -0.00152416608761996
v 0.012649997137486943 0.10365954041481018 -0.0016328037017956374
v 0.012649997137486943 0.10365954041481018 -0.0016328037017956374
v 0.012050001882016667 0.1038537472486496 -0.00152416608761996
v 0.012050001882016667 0.10365954041481018 -0.0016328037017956374
v 0.012649997137486943 0.10365954041481018 -0.0016328037017956374
v 0.012050001882016667 0.10365954041481018 -0.0016328037017956374
v 0.012649997137486943 0.10343743860721588 -0.0016464221989735959
v 0.012649997137486943 0.10343743860721588 -0.0016464221989735959
v 0.012050001882016667 0.10365954041481018 -0.0016328037017956374
v 0.012050001882016667 0.10343743860721588 -0.0016464221989735959
v 0.012649997137486943 0.10343743860721588 -0.0016464221989735959
v 0.012050001882016667 0.10343743860721588 -0.0016464221989735959
v 0.012649997137486943 0.10323142260313034 -0.0015623241197317837
v 0.012649997137486943 0.10323142260313034 -0.0015623241197317837
v 0.012050001882016667 0.10343743860721588 -0.0016464221989735959
v 0.012050001882016667 0.10323142260313034 -0.0015623241197317837
v 0.012649997137486943 0.10323142260313034 -0.0015623241197317837
v 0.012050001882016667 0.10323142260313034 -0.0015623241197317837
v 0.012649997137486943 0.10308229923248291 -0.0013971666339784858
v 0.012649997137486943 0.10308229923248291 -0.0013971666339784858
v 0.012050001882016667 0.10323142260313034 -0.0015623241197317837
v 0.012050001882016667 0.10308229923248291 -0.0013971666339784858
v 0.012649997137486943 0.10395502299070358 -0.0009089576196856796
v 0.012649997137486943 0.10362595319747925 -0.0003206972032785415
v 0.012050001882016667 0.10395502299070358 -0.0009089576196856796
v 0.012050001882016667 0.10395502299070358 -0.0009089576196856796
v 0.012649997137486943 0.10362595319747925 -0.0003206972032785415
v 0.012050001882016667 0.10362595319747925 -0.0003206972032785415
v 0.012649997137486943 0.10273826122283936 -0.0007821777835488318
v 0.012649997137486943 0.10362595319747925 -0.0003206972032785415
v 0.012649997137486943 0.10308229923248291 -0.0013971666339784858
v 0.012649997137486943 0.10308229923248291 -0.0013971666339784858
v 0.012649997137486943 0.10362595319747925 -0.0003206972032785415
v 0.012649997137486943 0.10395502299070358 -0.0009089576196856796
v 0.012649997137486943 0.10308229923248291 -0.0013971666339784858
v 0.012649997137486943 0.10395502299070358 -0.0009089576196856796
v 0.012649997137486943 0.10323142260313034 -0.0015623241197317837
v 0.012649997137486943 0.10323142260313034 -0.0015623241197317837
v 0.012649997137486943 0.10395502299070358 -0.0009089576196856796
v 0.012649997137486943 0.1040177270770073 -0.0011224623303860424
v 0.012649997137486943 0.10365954041481018 -0.0016328037017956374
v 0.012649997137486943 0.10343743860721588 -0.0016464221989735959
v 0.012649997137486943 0.1038537472486496 -0.00152416608761996
v 0.012649997137486943 0.1038537472486496 -0.00152416608761996
v 0.012649997137486943 0.10343743860721588 -0.0016464221989735959
v 0.012649997137486943 0.10323142260313034 -0.0015623241197317837
v 0.012649997137486943 0.1038537472486496 -0.00152416608761996
v 0.012649997137486943 0.10323142260313034 -0.0015623241197317837
v 0.012649997137486943 0.10398156940937042 -0.0013420287286862729
v 0.012649997137486943 0.10398156940937042 -0.0013420287286862729
v 0.012649997137486943 0.10323142260313034 -0.0015623241197317837
v 0.012649997137486943 0.1040177270770073 -0.0011224623303860424
v 0.012050001882016667 0.1038537472486496 -0.00152416608761996
v 0.012050001882016667 0.10398156940937042 -0.0013420287286862729
v 0.012050001882016667 0.1040177270770073 -0.0011224623303860424
v 0.012050001882016667 0.10323142260313034 -0.0015623241197317837
v 0.012050001882016667 0.10343743860721588 -0.0016464221989735959
v 0.012050001882016667 0.10365954041481018 -0.0016328037017956374
v 0.012050001882016667 0.10365954041481018 -0.0016328037017956374
v 0.012050001882016667 0.1038537472486496 -0.00152416608761996
v 0.012050001882016667 0.10323142260313034 -0.0015623241197317837
v 0.012050001882016667 0.10323142260313034 -0.0015623241197317837
v 0.012050001882016667 0.1038537472486496 -0.00152416608761996
v 0.012050001882016667 0.1040177270770073 -0.0011224623303860424
v 0.012050001882016667 0.10323142260313034 -0.0015623241197317837
v 0.012050001882016667 0.1040177270770073 -0.0011224623303860424
v 0.012050001882016667 0.10308229923248291 -0.0013971666339784858
v 0.012050001882016667 0.10308229923248291 -0.0013971666339784858
v 0.012050001882016667 0.1040177270770073 -0.0011224623303860424
v 0.012050001882016667 0.10395502299070358 -0.0009089576196856796
v 0.012050001882016667 0.10308229923248291 -0.0013971666339784858
v 0.012050001882016667 0.10395502299070358 -0.0009089576196856796
v 0.012050001882016667 0.10273826122283936 -0.0007821777835488318
v 0.012050001882016667 0.10273826122283936 -0.0007821777835488318
v 0.012050001882016667 0.10395502299070358 -0.0009089576196856796
v 0.012050001882016667 0.10362595319747925 -0.0003206972032785415
usemtl material_191919
f 1 2 3
f 4 5 6
f 7 8 9
f 10 11 12
f 13 14 15
f 16 17 18
f 19 20 21
f 22 23 24
f 25 26 27
f 28 29 30
f 31 32 33
f 34 35 36
f 37 38 39
f 40 41 42
f 43 44 45
f 46 47 48
f 49 50 51
f 52 53 54
f 55 56 57
f 58 59 60
f 61 62 63
f 64 65 66
f 67 68 69
f 70 71 72
f 73 74 75
f 76 77 78
f 79 80 81
f 82 83 84
f 85 86 87
f 88 89 90
f 91 92 93
f 94 95 96
f 97 98 99
f 100 101 102
f 103 104 105
f 106 107 108
f 109 110 111
f 112 113 114
f 115 116 117
f 118 119 120
f 121 122 123
f 124 125 126
f 127 128 129
f 130 131 132
f 133 134 135
f 136 137 138
f 139 140 141
f 142 143 144
f 145 146 147
f 148 149 150
f 151 152 153
f 154 155 156
f 157 158 159
f 160 161 162
f 163 164 165
f 166 167 168
f 169 170 171
f 172 173 174
f 175 176 177
f 178 179 180
f 181 182 183
f 184 185 186
f 187 188 189
f 190 191 192
f 193 194 195
f 196 197 198
f 199 200 201
f 202 203 204
f 205 206 207
f 208 209 210
f 211 212 213
f 214 215 216
f 217 218 219
f 220 221 222
f 223 224 225
f 226 227 228
f 229 230 231
f 232 233 234
f 235 236 237
f 238 239 240
f 241 242 243
f 244 245 246
f 247 248 249
f 250 251 252
f 253 254 255
f 256 257 258
f 259 260 261
f 262 263 264
f 265 266 267
f 268 269 270
f 271 272 273
f 274 275 276
f 277 278 279
f 280 281 282
f 283 284 285
f 286 287 288
f 289 290 291
f 292 293 294
f 295 296 297
f 298 299 300
f 301 302 303
f 304 305 306
f 307 308 309
f 310 311 312
f 313 314 315
f 316 317 318
f 319 320 321
f 322 323 324
f 325 326 327
f 328 329 330
f 331 332 333
f 334 335 336
f 337 338 339
f 340 341 342
f 343 344 345
f 346 347 348
f 349 350 351
f 352 353 354
f 355 356 357
f 358 359 360
f 361 362 363
f 364 365 366
f 367 368 369
f 370 371 372
f 373 374 375
f 376 377 378
f 379 380 381
f 382 383 384
f 385 386 387
f 388 389 390
f 391 392 393
f 394 395 396
f 397 398 399
f 400 401 402
f 403 404 405
f 406 407 408
f 409 410 411
f 412 413 414
f 415 416 417
f 418 419 420
f 421 422 423
f 424 425 426
f 427 428 429
f 430 431 432
f 433 434 435
f 436 437 438
f 439 440 441
f 442 443 444
f 445 446 447
f 448 449 450
f 451 452 453
f 454 455 456
f 457 458 459
f 460 461 462
f 463 464 465
f 466 467 468
f 469 470 471
f 472 473 474
f 475 476 477
f 478 479 480
f 481 482 483
f 484 485 486
f 487 488 489
f 490 491 492
f 493 494 495
f 496 497 498
f 499 500 501
f 502 503 504
f 505 506 507
f 508 509 510
f 511 512 513
f 514 515 516
f 517 518 519
f 520 521 522
f 523 524 525
f 526 527 528
f 529 530 531
f 532 533 534
f 535 536 537
f 538 539 540
f 541 542 543
f 544 545 546
f 547 548 549
f 550 551 552
f 553 554 555
f 556 557 558
f 559 560 561
f 562 563 564
f 565 566 567
f 568 569 570
f 571 572 573
f 574 575 576
f 577 578 579
f 580 581 582
f 583 584 585
f 586 587 588
f 589 590 591
f 592 593 594
f 595 596 597
f 598 599 600
f 601 602 603
f 604 605 606
f 607 608 609
f 610 611 612
f 613 614 615
f 616 617 618
f 619 620 621
f 622 623 624
f 625 626 627
f 628 629 630
f 631 632 633
f 634 635 636
f 637 638 639
f 640 641 642
f 643 644 645
f 646 647 648
f 649 650 651
f 652 653 654
f 655 656 657
f 658 659 660
f 661 662 663
f 664 665 666
f 667 668 669
f 670 671 672
f 673 674 675
f 676 677 678
f 679 680 681
f 682 683 684
f 685 686 687
f 688 689 690
f 691 692 693
f 694 695 696
f 697 698 699
f 700 701 702
f 703 704 705
f 706 707 708
f 709 710 711
f 712 713 714
f 715 716 717
f 718 719 720
f 721 722 723
f 724 725 726
f 727 728 729
f 730 731 732
f 733 734 735
f 736 737 738
f 739 740 741
f 742 743 744
f 745 746 747
f 748 749 750
f 751 752 753
f 754 755 756
f 757 758 759
f 760 761 762
f 763 764 765
f 766 767 768
f 769 770 771
f 772 773 774
f 775 776 777
f 778 779 780
f 781 782 783
f 784 785 786
f 787 788 789
f 790 791 792
f 793 794 795
f 796 797 798
f 799 800 801
f 802 803 804
f 805 806 807
f 808 809 810
f 811 812 813
f 814 815 816
f 817 818 819
f 820 821 822
f 823 824 825
f 826 827 828
f 829 830 831
f 832 833 834
f 835 836 837
f 838 839 840
f 841 842 843
f 844 845 846
f 847 848 849
f 850 851 852
f 853 854 855
f 856 857 858
f 859 860 861
f 862 863 864
f 865 866 867
f 868 869 870
f 871 872 873
f 874 875 876
f 877 878 879
f 880 881 882
f 883 884 885
f 886 887 888
f 889 890 891
f 892 893 894
f 895 896 897
f 898 899 900
f 901 902 903
f 904 905 906
f 907 908 909
f 910 911 912
f 913 914 915
f 916 917 918
f 919 920 921
f 922 923 924
f 925 926 927
f 928 929 930
f 931 932 933
f 934 935 936
f 937 938 939
f 940 941 942
f 943 944 945
f 946 947 948
f 949 950 951
f 952 953 954
f 955 956 957
f 958 959 960
f 961 962 963
f 964 965 966
f 967 968 969
f 970 971 972
f 973 974 975
f 976 977 978
f 979 980 981
f 982 983 984
f 985 986 987
f 988 989 990
f 991 992 993
f 994 995 996
f 997 998 999
f 1000 1001 1002
f 1003 1004 1005
f 1006 1007 1008
f 1009 1010 1011
f 1012 1013 1014
f 1015 1016 1017
f 1018 1019 1020
f 1021 1022 1023
f 1024 1025 1026
f 1027 1028 1029
f 1030 1031 1032
f 1033 1034 1035
f 1036 1037 1038
f 1039 1040 1041
f 1042 1043 1044
f 1045 1046 1047
f 1048 1049 1050
f 1051 1052 1053
f 1054 1055 1056
f 1057 1058 1059
f 1060 1061 1062
f 1063 1064 1065
f 1066 1067 1068
f 1069 1070 1071
f 1072 1073 1074
f 1075 1076 1077
f 1078 1079 1080
f 1081 1082 1083
f 1084 1085 1086
f 1087 1088 1089
f 1090 1091 1092
f 1093 1094 1095
f 1096 1097 1098
f 1099 1100 1101
f 1102 1103 1104
f 1105 1106 1107
f 1108 1109 1110
f 1111 1112 1113
f 1114 1115 1116
f 1117 1118 1119
f 1120 1121 1122
f 1123 1124 1125
f 1126 1127 1128
f 1129 1130 1131
f 1132 1133 1134
f 1135 1136 1137
f 1138 1139 1140
f 1141 1142 1143
f 1144 1145 1146
f 1147 1148 1149
f 1150 1151 1152
f 1153 1154 1155
f 1156 1157 1158
f 1159 1160 1161
f 1162 1163 1164
f 1165 1166 1167
f 1168 1169 1170
f 1171 1172 1173
f 1174 1175 1176
f 1177 1178 1179
f 1180 1181 1182
f 1183 1184 1185
f 1186 1187 1188
f 1189 1190 1191
f 1192 1193 1194
f 1195 1196 1197
f 1198 1199 1200
f 1201 1202 1203
f 1204 1205 1206
f 1207 1208 1209
f 1210 1211 1212
f 1213 1214 1215
f 1216 1217 1218
f 1219 1220 1221
f 1222 1223 1224
f 1225 1226 1227
f 1228 1229 1230
f 1231 1232 1233
f 1234 1235 1236
f 1237 1238 1239
f 1240 1241 1242
f 1243 1244 1245
f 1246 1247 1248
f 1249 1250 1251
f 1252 1253 1254
f 1255 1256 1257
f 1258 1259 1260
f 1261 1262 1263
f 1264 1265 1266
f 1267 1268 1269
f 1270 1271 1272
f 1273 1274 1275
f 1276 1277 1278
f 1279 1280 1281
f 1282 1283 1284
f 1285 1286 1287
f 1288 1289 1290
f 1291 1292 1293
f 1294 1295 1296
f 1297 1298 1299
f 1300 1301 1302
f 1303 1304 1305
f 1306 1307 1308
f 1309 1310 1311
f 1312 1313 1314
f 1315 1316 1317
f 1318 1319 1320
f 1321 1322 1323
f 1324 1325 1326
f 1327 1328 1329
f 1330 1331 1332
f 1333 1334 1335
f 1336 1337 1338
f 1339 1340 1341
f 1342 1343 1344
f 1345 1346 1347
f 1348 1349 1350
f 1351 1352 1353
f 1354 1355 1356
f 1357 1358 1359
f 1360 1361 1362
f 1363 1364 1365
f 1366 1367 1368
f 1369 1370 1371
f 1372 1373 1374
f 1375 1376 1377
f 1378 1379 1380
f 1381 1382 1383
f 1384 1385 1386
f 1387 1388 1389
f 1390 1391 1392
f 1393 1394 1395
f 1396 1397 1398
f 1399 1400 1401
f 1402 1403 1404
f 1405 1406 1407
f 1408 1409 1410
f 1411 1412 1413
f 1414 1415 1416
f 1417 1418 1419
f 1420 1421 1422
f 1423 1424 1425
f 1426 1427 1428
f 1429 1430 1431
f 1432 1433 1434
f 1435 1436 1437
f 1438 1439 1440
f 1441 1442 1443
f 1444 1445 1446
f 1447 1448 1449
f 1450 1451 1452
f 1453 1454 1455
f 1456 1457 1458
f 1459 1460 1461
f 1462 1463 1464
f 1465 1466 1467
f 1468 1469 1470
f 1471 1472 1473
f 1474 1475 1476
f 1477 1478 1479
f 1480 1481 1482
f 1483 1484 1485
f 1486 1487 1488
f 1489 1490 1491
f 1492 1493 1494
f 1495 1496 1497
f 1498 1499 1500
f 1501 1502 1503
f 1504 1505 1506
f 1507 1508 1509
f 1510 1511 1512
f 1513 1514 1515
f 1516 1517 1518
f 1519 1520 1521
f 1522 1523 1524
f 1525 1526 1527
f 1528 1529 1530
f 1531 1532 1533
f 1534 1535 1536
f 1537 1538 1539
f 1540 1541 1542
f 1543 1544 1545
f 1546 1547 1548
f 1549 1550 1551
f 1552 1553 1554
f 1555 1556 1557
f 1558 1559 1560
f 1561 1562 1563
f 1564 1565 1566
f 1567 1568 1569
f 1570 1571 1572
f 1573 1574 1575
f 1576 1577 1578
f 1579 1580 1581
f 1582 1583 1584
f 1585 1586 1587
f 1588 1589 1590
f 1591 1592 1593
f 1594 1595 1596
f 1597 1598 1599
f 1600 1601 1602
f 1603 1604 1605
f 1606 1607 1608
f 1609 1610 1611
f 1612 1613 1614
f 1615 1616 1617
f 1618 1619 1620
f 1621 1622 1623
f 1624 1625 1626
f 1627 1628 1629
f 1630 1631 1632
f 1633 1634 1635
f 1636 1637 1638
f 1639 1640 1641
f 1642 1643 1644
f 1645 1646 1647
f 1648 1649 1650
f 1651 1652 1653
f 1654 1655 1656
f 1657 1658 1659
f 1660 1661 1662
f 1663 1664 1665
f 1666 1667 1668
f 1669 1670 1671
f 1672 1673 1674
f 1675 1676 1677
f 1678 1679 1680
f 1681 1682 1683
f 1684 1685 1686
f 1687 1688 1689
f 1690 1691 1692
f 1693 1694 1695
f 1696 1697 1698
f 1699 1700 1701
f 1702 1703 1704
f 1705 1706 1707
f 1708 1709 1710
f 1711 1712 1713
f 1714 1715 1716
f 1717 1718 1719
f 1720 1721 1722
f 1723 1724 1725
f 1726 1727 1728
f 1729 1730 1731
f 1732 1733 1734
f 1735 1736 1737
f 1738 1739 1740
f 1741 1742 1743
f 1744 1745 1746
f 1747 1748 1749
f 1750 1751 1752
f 1753 1754 1755
f 1756 1757 1758
f 1759 1760 1761
f 1762 1763 1764
f 1765 1766 1767
f 1768 1769 1770
f 1771 1772 1773
f 1774 1775 1776
f 1777 1778 1779
f 1780 1781 1782
f 1783 1784 1785
f 1786 1787 1788
f 1789 1790 1791
f 1792 1793 1794
f 1795 1796 1797
f 1798 1799 1800
f 1801 1802 1803
f 1804 1805 1806
f 1807 1808 1809
f 1810 1811 1812
f 1813 1814 1815
f 1816 1817 1818
f 1819 1820 1821
f 1822 1823 1824
f 1825 1826 1827
f 1828 1829 1830
f 1831 1832 1833
f 1834 1835 1836
f 1837 1838 1839
f 1840 1841 1842
f 1843 1844 1845
f 1846 1847 1848
f 1849 1850 1851
f 1852 1853 1854
f 1855 1856 1857
f 1858 1859 1860
f 1861 1862 1863
f 1864 1865 1866
f 1867 1868 1869
f 1870 1871 1872
f 1873 1874 1875
f 1876 1877 1878
f 1879 1880 1881
f 1882 1883 1884
f 1885 1886 1887
f 1888 1889 1890
f 1891 1892 1893
f 1894 1895 1896
f 1897 1898 1899
f 1900 1901 1902
f 1903 1904 1905
f 1906 1907 1908
f 1909 1910 1911
f 1912 1913 1914
f 1915 1916 1917
f 1918 1919 1920
f 1921 1922 1923
f 1924 1925 1926
f 1927 1928 1929
f 1930 1931 1932
f 1933 1934 1935
f 1936 1937 1938
f 1939 1940 1941
f 1942 1943 1944
f 1945 1946 1947
f 1948 1949 1950
f 1951 1952 1953
f 1954 1955 1956
f 1957 1958 1959
f 1960 1961 1962
f 1963 1964 1965
f 1966 1967 1968
f 1969 1970 1971
f 1972 1973 1974
f 1975 1976 1977
f 1978 1979 1980
f 1981 1982 1983
f 1984 1985 1986
f 1987 1988 1989
f 1990 1991 1992
f 1993 1994 1995
f 1996 1997 1998
f 1999 2000 2001
f 2002 2003 2004
f 2005 2006 2007
f 2008 2009 2010
f 2011 2012 2013
f 2014 2015 2016
f 2017 2018 2019
f 2020 2021 2022
f 2023 2024 2025
f 2026 2027 2028
f 2029 2030 2031
f 2032 2033 2034
f 2035 2036 2037
f 2038 2039 2040
f 2041 2042 2043
f 2044 2045 2046
f 2047 2048 2049
f 2050 2051 2052
f 2053 2054 2055
f 2056 2057 2058
f 2059 2060 2061
f 2062 2063 2064
f 2065 2066 2067
f 2068 2069 2070
f 2071 2072 2073
f 2074 2075 2076
f 2077 2078 2079
f 2080 2081 2082
f 2083 2084 2085
f 2086 2087 2088
f 2089 2090 2091
f 2092 2093 2094
f 2095 2096 2097
f 2098 2099 2100
f 2101 2102 2103
f 2104 2105 2106
f 2107 2108 2109
f 2110 2111 2112
f 2113 2114 2115
f 2116 2117 2118
f 2119 2120 2121
f 2122 2123 2124
f 2125 2126 2127
f 2128 2129 2130
f 2131 2132 2133
f 2134 2135 2136
f 2137 2138 2139
f 2140 2141 2142
f 2143 2144 2145
f 2146 2147 2148
f 2149 2150 2151
f 2152 2153 2154
f 2155 2156 2157
f 2158 2159 2160
f 2161 2162 2163
f 2164 2165 2166
f 2167 2168 2169
f 2170 2171 2172
f 2173 2174 2175
f 2176 2177 2178
f 2179 2180 2181
f 2182 2183 2184
f 2185 2186 2187
f 2188 2189 2190
f 2191 2192 2193
f 2194 2195 2196
f 2197 2198 2199
f 2200 2201 2202
f 2203 2204 2205
f 2206 2207 2208
f 2209 2210 2211
f 2212 2213 2214
f 2215 2216 2217
f 2218 2219 2220
f 2221 2222 2223
f 2224 2225 2226
f 2227 2228 2229
f 2230 2231 2232
f 2233 2234 2235
f 2236 2237 2238
f 2239 2240 2241
f 2242 2243 2244
f 2245 2246 2247
f 2248 2249 2250
f 2251 2252 2253
f 2254 2255 2256
f 2257 2258 2259
f 2260 2261 2262
f 2263 2264 2265
f 2266 2267 2268
f 2269 2270 2271
f 2272 2273 2274
f 2275 2276 2277
f 2278 2279 2280
f 2281 2282 2283
f 2284 2285 2286
f 2287 2288 2289
f 2290 2291 2292
f 2293 2294 2295
f 2296 2297 2298
f 2299 2300 2301
f 2302 2303 2304
f 2305 2306 2307
f 2308 2309 2310
f 2311 2312 2313
f 2314 2315 2316
f 2317 2318 2319
f 2320 2321 2322
f 2323 2324 2325
f 2326 2327 2328
f 2329 2330 2331
f 2332 2333 2334
f 2335 2336 2337
f 2338 2339 2340
f 2341 2342 2343
f 2344 2345 2346
f 2347 2348 2349
f 2350 2351 2352
f 2353 2354 2355
f 2356 2357 2358
f 2359 2360 2361
f 2362 2363 2364
f 2365 2366 2367
f 2368 2369 2370
f 2371 2372 2373
f 2374 2375 2376
f 2377 2378 2379
f 2380 2381 2382
f 2383 2384 2385
f 2386 2387 2388
f 2389 2390 2391
f 2392 2393 2394
f 2395 2396 2397
f 2398 2399 2400
f 2401 2402 2403
f 2404 2405 2406
f 2407 2408 2409
f 2410 2411 2412
f 2413 2414 2415
f 2416 2417 2418
f 2419 2420 2421
f 2422 2423 2424
f 2425 2426 2427
f 2428 2429 2430
f 2431 2432 2433
f 2434 2435 2436
f 2437 2438 2439
f 2440 2441 2442
f 2443 2444 2445
f 2446 2447 2448
f 2449 2450 2451
f 2452 2453 2454
f 2455 2456 2457
f 2458 2459 2460
f 2461 2462 2463
f 2464 2465 2466
f 2467 2468 2469
f 2470 2471 2472
f 2473 2474 2475
f 2476 2477 2478
f 2479 2480 2481
f 2482 2483 2484
f 2485 2486 2487
f 2488 2489 2490
f 2491 2492 2493
f 2494 2495 2496
f 2497 2498 2499
f 2500 2501 2502
f 2503 2504 2505
f 2506 2507 2508
f 2509 2510 2511
f 2512 2513 2514
f 2515 2516 2517
f 2518 2519 2520
f 2521 2522 2523
f 2524 2525 2526
f 2527 2528 2529
f 2530 2531 2532
f 2533 2534 2535
f 2536 2537 2538
f 2539 2540 2541
f 2542 2543 2544
f 2545 2546 2547
f 2548 2549 2550
f 2551 2552 2553
f 2554 2555 2556
f 2557 2558 2559
f 2560 2561 2562
f 2563 2564 2565
f 2566 2567 2568
f 2569 2570 2571
f 2572 2573 2574
f 2575 2576 2577
f 2578 2579 2580
f 2581 2582 2583
f 2584 2585 2586
f 2587 2588 2589
f 2590 2591 2592
f 2593 2594 2595
f 2596 2597 2598
f 2599 2600 2601
f 2602 2603 2604
