mtllib upper_arm_link_collisions_upperarm_node_STL_BINARY__mesh.mtl
v -0.05711812153458597 -0.06360096484422685 -0.010573570616543291
v -0.054501485079526915 -0.06360096484422685 -0.02033901400864124
v -0.05487744510173799 -0.07780319452285768 0.40616509318351735
v -0.05785816535353662 -0.0770164579153061 0.42813479900360096
v -0.06006931141018869 0.03808530420064927 0.4244376718997954
v -0.060095064342021956 0.03797783702611924 -0.0004513239546213298
v -0.057999256998300566 -0.06360096484422685 -0.0005020658718422054
v -0.05785816535353662 -0.0770164579153061 0.42813479900360096
v -0.060095064342021956 0.03797783702611924 -0.0004513239546213298
v 0.0038298459257930526 0.011652037501335146 -0.06047226488590239
v -2.0198992700670718e-08 -0.06360094249248506 -0.05850134417414664
v -4.9455469053327774e-08 0.011537457816302778 -0.06060131266713141
v -0.06006931141018869 0.03808530420064927 0.4244376718997954
v -0.06005690991878511 0.03837464377284051 0.4224581420421599
v -0.060095064342021956 0.03797783702611924 -0.0004513239546213298
v -0.06005690991878511 0.03837464377284051 0.4224581420421599
v -0.060014948248863234 0.03927608951926232 0.4219900667667388
v -0.060095064342021956 0.03797783702611924 -0.0004513239546213298
v -0.06005690991878511 0.03837464377284051 0.4224581420421599
v -0.06006931141018869 0.03808530420064927 0.4244376718997954
v -0.060014948248863234 0.03927608951926232 0.4219900667667388
v -0.05721317976713182 0.05281220003962518 0.4269781708717345
v -0.060014948248863234 0.03927608951926232 0.4219900667667388
v -0.06006931141018869 0.03808530420064927 0.4244376718997954
v -0.057999256998300566 -0.06360096484422685 -0.0005020658718422054
v -0.05711812153458597 -0.06360096484422685 -0.010573570616543291
v -0.05771626159548761 -0.07779527455568315 0.42068612575530995
v -0.059865992516279234 0.0350082814693451 -0.00580183696001768
v -0.057999256998300566 -0.06360096484422685 -0.0005020658718422054
v -0.060095064342021956 0.03797783702611924 -0.0004513239546213298
v -0.059865992516279234 0.0350082814693451 -0.00580183696001768
v -0.05711812153458597 -0.06360096484422685 -0.010573570616543291
v -0.057999256998300566 -0.06360096484422685 -0.0005020658718422054
v -0.059865992516279234 0.0350082814693451 -0.00580183696001768
v -0.05916529148817064 0.03298415988683701 -0.011007948778569697
v -0.05711812153458597 -0.06360096484422685 -0.010573570616543291
v -0.05802746862173082 0.03147364035248757 -0.01604785583913326
v -0.054501485079526915 -0.06360096484422685 -0.02033901400864124
v -0.05711812153458597 -0.06360096484422685 -0.010573570616543291
v -0.019896758720278743 -0.07780062407255174 0.3701678812503814
v 0.0578482896089554 -0.07779959589242937 0.42459258437156666
v -0.05487744510173799 -0.07780319452285768 0.40616509318351735
v -0.019896758720278743 -0.07780062407255174 0.3701678812503814
v 0.041620358824729926 -0.07779524475336076 0.3843252956867217
v 0.0578482896089554 -0.07779959589242937 0.42459258437156666
v -2.0198992700670718e-08 -0.06360094249248506 -0.05850134417414664
v -0.005235258489847184 0.01160546485334635 -0.06037466600537299
v -4.9455469053327774e-08 0.011537457816302778 -0.06060131266713141
v -0.01007148437201977 -0.06360094994306566 -0.057620219886302934
v -0.005235258489847184 0.01160546485334635 -0.06037466600537299
v -2.0198992700670718e-08 -0.06360094249248506 -0.05850134417414664
v 0.010071444325149061 -0.06360094249248506 -0.057620219886302934
v -2.0198992700670718e-08 -0.06360094249248506 -0.05850134417414664
v 0.0038298459257930526 0.011652037501335146 -0.06047226488590239
v -0.060095064342021956 0.03797783702611924 -0.0004513239546213298
v -0.060014948248863234 0.03927608951926232 0.4219900667667388
v -0.060008406639099135 0.03923571854829789 0.0019654578063637014
v -0.060008406639099135 0.03923571854829789 0.0019654578063637014
v -0.060014948248863234 0.03927608951926232 0.4219900667667388
v -0.0598115772008896 0.040359940379858024 0.0053177671507000914
v -0.055871844291687026 0.057232975959777846 0.42765647172927845
v -0.05603360012173654 0.058018784970045104 0.4233771562576293
v -0.05679270997643472 0.05486948415637018 0.42742928862571705
v -0.05679270997643472 0.05486948415637018 0.42742928862571705
v -0.05603360012173654 0.058018784970045104 0.4233771562576293
v -0.05689976364374162 0.055766850709915175 0.42307373881340016
v -0.05689976364374162 0.055766850709915175 0.42307373881340016
v -0.05721317976713182 0.05281220003962518 0.4269781708717345
v -0.05679270997643472 0.05486948415637018 0.42742928862571705
v -0.05689976364374162 0.055766850709915175 0.42307373881340016
v -0.060014948248863234 0.03927608951926232 0.4219900667667388
v -0.05721317976713182 0.05281220003962518 0.4269781708717345
v -0.05667802318930627 0.056652758270502104 0.4187355339527129
v -0.05668132752180101 0.0566491410136223 0.005206784699112176
v -0.05689976364374162 0.055766850709915175 0.42307373881340016
v 0.041484482586383827 -0.07780149579048158 0.46481329202651966
v -0.05487744510173799 -0.07780319452285768 0.40616509318351735
v 0.0578482896089554 -0.07779959589242937 0.42459258437156666
v -0.018198693171143535 0.07136414200067522 0.3752740919589995
v -0.008551928214728834 0.07175350934267045 0.3722873926162719
v -0.010745664127171041 0.07169466465711595 0.05125431716442107
v -0.0001278523122891784 0.07186856865882875 0.3716223835945129
v -0.018198693171143535 0.07136414200067522 0.3752740919589995
v -0.024210328236222274 0.07093109935522081 0.37877556681632985
v -0.0001278523122891784 0.07186856865882875 0.3716223835945129
v -0.008551928214728834 0.07175350934267045 0.3722873926162719
v -0.018198693171143535 0.07136414200067522 0.3752740919589995
v -0.05961614102125169 0.03428171947598458 0.43202900886535633
v -0.059899102896451964 0.03617288917303086 0.42907384037971485
v -0.05785816535353662 -0.0770164579153061 0.42813479900360096
v -0.059899102896451964 0.03617288917303086 0.42907384037971485
v -0.05721317976713182 0.05281220003962518 0.4269781708717345
v -0.06006931141018869 0.03808530420064927 0.4244376718997954
v -0.05691521614789964 -0.07701604813337327 0.43551552295684803
v -0.05961614102125169 0.03428171947598458 0.43202900886535633
v -0.05785816535353662 -0.0770164579153061 0.42813479900360096
v -0.057797361165285124 -0.07761289179325105 0.4281046986579894
v -0.05691521614789964 -0.07701604813337327 0.43551552295684803
v -0.05785816535353662 -0.0770164579153061 0.42813479900360096
v -0.05675568431615831 -0.07779527455568315 0.4133368134498595
v -0.05711812153458597 -0.06360096484422685 -0.010573570616543291
v -0.05487744510173799 -0.07780319452285768 0.40616509318351735
v -0.05487744510173799 -0.07780319452285768 0.40616509318351735
v -0.05771626159548761 -0.07779527455568315 0.42068612575530995
v -0.05675568431615831 -0.07779527455568315 0.4133368134498595
v -0.05675568431615831 -0.07779527455568315 0.4133368134498595
v -0.05771626159548761 -0.07779527455568315 0.42068612575530995
v -0.05711812153458597 -0.06360096484422685 -0.010573570616543291
v -0.05984710901975633 0.036538533866405494 -0.005104288458824157
v -0.059865992516279234 0.0350082814693451 -0.00580183696001768
v -0.060095064342021956 0.03797783702611924 -0.0004513239546213298
v -0.05916529148817064 0.03298415988683701 -0.011007948778569697
v -0.058252867311239256 0.02865435555577279 -0.014831574633717533
v -0.05711812153458597 -0.06360096484422685 -0.010573570616543291
v -0.058252867311239256 0.02865435555577279 -0.014831574633717533
v -0.05802746862173082 0.03147364035248757 -0.01604785583913326
v -0.05711812153458597 -0.06360096484422685 -0.010573570616543291
v -0.058252867311239256 0.02865435555577279 -0.014831574633717533
v -0.05916529148817064 0.03298415988683701 -0.011007948778569697
v -0.05802746862173082 0.03147364035248757 -0.01604785583913326
v -0.05802746862173082 0.03147364035248757 -0.01604785583913326
v -0.05751445516943933 0.031005723401904113 -0.017760261893272396
v -0.054501485079526915 -0.06360096484422685 -0.02033901400864124
v -0.03300613909959794 -0.07779189199209215 0.3769972026348113
v -0.03728121891617776 -0.06360095739364625 -0.04493210092186927
v -0.028999648988246925 -0.06360095739364625 -0.05073091015219687
v -0.019836938008666042 -0.06360094994306566 -0.055003549903631196
v -0.019896758720278743 -0.07780062407255174 0.3701678812503814
v -0.028999648988246925 -0.06360095739364625 -0.05073091015219687
v -0.019836938008666042 -0.06360094994306566 -0.055003549903631196
v -0.01007148437201977 -0.06360094994306566 -0.057620219886302934
v -0.019896758720278743 -0.07780062407255174 0.3701678812503814
v -0.04230431094765664 0.019051924347877506 -0.04318374022841453
v -0.03728121891617776 -0.06360095739364625 -0.04493210092186927
v -0.044430013746023185 -0.06360096484422685 -0.037783276289701455
v -0.04230431094765664 0.019051924347877506 -0.04318374022841453
v -0.039723359048366554 0.017927670851349834 -0.04560368508100509
v -0.03728121891617776 -0.06360095739364625 -0.04493210092186927
v -0.04230431094765664 0.019051924347877506 -0.04318374022841453
v -0.044430013746023185 -0.06360096484422685 -0.037783276289701455
v -0.045858733355999 0.020770980045199398 -0.039345730096101754
v -0.04230431094765664 0.019051924347877506 -0.04318374022841453
v -0.045858733355999 0.020770980045199398 -0.039345730096101754
v -0.043808303773403175 0.021026266738772396 -0.041560161858797066
v 0.041620358824729926 -0.07779524475336076 0.3843252956867217
v 0.05365199223160745 -0.07779523730278017 0.40287956595420826
v 0.0578482896089554 -0.07779959589242937 0.42459258437156666
v 0.041620358824729926 -0.07779524475336076 0.3843252956867217
v -0.019896758720278743 -0.07780062407255174 0.3701678812503814
v 0.016553945839405063 -0.07779525220394136 0.3690702319145202
v 0.009250440634787084 0.011743508279323581 -0.05987770110368727
v 0.007051546592265369 0.01330284029245377 -0.06011713296175002
v 0.010318890213966371 0.013352038338780407 -0.05963961407542227
v 0.007051546592265369 0.01330284029245377 -0.06011713296175002
v 0.009250440634787084 0.011743508279323581 -0.05987770110368727
v 0.0038298459257930526 0.011652037501335146 -0.06047226488590239
v -0.005235258489847184 0.01160546485334635 -0.06037466600537299
v -0.0001778640289558098 0.013078933581709865 -0.06054504960775374
v -4.9455469053327774e-08 0.011537457816302778 -0.06060131266713141
v -0.0001778640289558098 0.013078933581709865 -0.06054504960775374
v 0.0038298459257930526 0.011652037501335146 -0.06047226488590239
v -4.9455469053327774e-08 0.011537457816302778 -0.06060131266713141
v -0.007219975814223291 0.01350851729512215 -0.06006163731217383
v -0.0001778640289558098 0.013078933581709865 -0.06054504960775374
v -0.005235258489847184 0.01160546485334635 -0.06037466600537299
v -0.0001778640289558098 0.013078933581709865 -0.06054504960775374
v 0.007051546592265369 0.01330284029245377 -0.06011713296175002
v 0.0038298459257930526 0.011652037501335146 -0.06047226488590239
v -0.05726854875683786 0.053866721689701094 0.42236554622650135
v -0.060014948248863234 0.03927608951926232 0.4219900667667388
v -0.05689976364374162 0.055766850709915175 0.42307373881340016
v 0.04303929209709168 0.06800108402967454 0.023472728207707398
v 0.03989557921886445 0.06887004524469377 0.031059943139553063
v 0.044921685010194785 0.0675943046808243 0.023045353591442105
v 0.04303929209709168 0.06800108402967454 0.023472728207707398
v 0.04601630568504334 0.06643635034561159 0.011187260970473288
v 0.0375276766717434 0.06893952190876008 0.029864247888326638
v 0.05420026555657388 0.06153446808457376 0.4153887927532195
v 0.05587096139788629 0.058805119246244444 0.41914719343185414
v 0.05538827553391458 0.059598527848720564 0.4149284064769744
v -0.04411387443542481 -0.0777997598052025 0.46191465854644764
v -0.0521640218794346 -0.07779944688081743 0.4494989216327666
v -0.05487744510173799 -0.07780319452285768 0.40616509318351735
v -0.04411387443542481 -0.0777997598052025 0.46191465854644764
v -0.05487744510173799 -0.07780319452285768 0.40616509318351735
v -0.020064095035195354 -0.0778002366423607 0.47875455021858204
v 0.023324923589825634 -0.07780171930789949 0.4774329364299773
v -0.05487744510173799 -0.07780319452285768 0.40616509318351735
v 0.041484482586383827 -0.07780149579048158 0.46481329202651966
v -0.05772659927606584 -0.07779303193092348 0.42809683084487904
v -0.057797361165285124 -0.07761289179325105 0.4281046986579894
v -0.05771626159548761 -0.07779527455568315 0.42068612575530995
v -0.05784833431243898 -0.07701750099658967 0.4207143187522887
v -0.05785816535353662 -0.0770164579153061 0.42813479900360096
v -0.057999256998300566 -0.06360096484422685 -0.0005020658718422054
v -0.05784833431243898 -0.07701750099658967 0.4207143187522887
v -0.057797361165285124 -0.07761289179325105 0.4281046986579894
v -0.05785816535353662 -0.0770164579153061 0.42813479900360096
v -0.057999256998300566 -0.06360096484422685 -0.0005020658718422054
v -0.05771626159548761 -0.07779527455568315 0.42068612575530995
v -0.057778101414442076 -0.07759308069944383 0.42064201831817616
v -0.05771626159548761 -0.07779527455568315 0.42068612575530995
v -0.057797361165285124 -0.07761289179325105 0.4281046986579894
v -0.057778101414442076 -0.07759308069944383 0.42064201831817616
v -0.057778101414442076 -0.07759308069944383 0.42064201831817616
v -0.05784833431243898 -0.07701750099658967 0.4207143187522887
v -0.057999256998300566 -0.06360096484422685 -0.0005020658718422054
v -0.057778101414442076 -0.07759308069944383 0.42064201831817616
v -0.057797361165285124 -0.07761289179325105 0.4281046986579894
v -0.05784833431243898 -0.07701750099658967 0.4207143187522887
v -0.04366863891482354 0.06794394552707674 0.3981332182884215
v -0.0468590371310711 0.06688240170478822 0.020584868267178532
v -0.04610304161906243 0.06714078038930894 0.4040645360946654
v -0.03179655596613885 0.07010048627853395 0.38512128591537464
v -0.03732804581522942 0.0689380168914795 0.3941337466239928
v -0.024210328236222274 0.07093109935522081 0.37877556681632985
v -0.03179655596613885 0.07010048627853395 0.38512128591537464
v -0.032780319452285774 0.07000288367271425 0.3839907646179198
v -0.039907477796077735 0.06886769831180574 0.3929103910923003
v 0.031756740063428886 0.07010026276111604 0.03883017972111701
v 0.01449394412338734 0.07154153287410737 0.04975207522511481
v 0.026852050796151168 0.07071245461702348 0.04396764934062957
v 0.031756740063428886 0.07010026276111604 0.03883017972111701
v 0.0375276766717434 0.06893952190876008 0.029864247888326638
v 0.01449394412338734 0.07154153287410737 0.04975207522511481
v 0.021648120135068897 0.07109770178794862 0.3776652216911315
v 0.013339020311832431 0.07159036397933961 0.37378731369972223
v -0.0001278523122891784 0.07186856865882875 0.3716223835945129
v 0.021648120135068897 0.07109770178794862 0.3776652216911315
v 0.0307155977934599 0.0612274967133999 0.4525887668132781
v 0.03307222574949265 0.06903044879436494 0.3933214843273162
v 0.021648120135068897 0.07109770178794862 0.3776652216911315
v -0.03732804581522942 0.0689380168914795 0.3941337466239928
v 0.0307155977934599 0.0612274967133999 0.4525887668132781
v 0.021648120135068897 0.07109770178794862 0.3776652216911315
v 0.026852050796151168 0.07071245461702348 0.04396764934062957
v 0.01449394412338734 0.07154153287410737 0.04975207522511481
v -0.03732804581522942 0.0689380168914795 0.3941337466239928
v -0.030383758246898658 0.06972119957208635 0.38810661435127247
v -0.024210328236222274 0.07093109935522081 0.37877556681632985
v -0.030383758246898658 0.06972119957208635 0.38810661435127247
v -0.0001278523122891784 0.07186856865882875 0.3716223835945129
v -0.024210328236222274 0.07093109935522081 0.37877556681632985
v -0.030383758246898658 0.06972119957208635 0.38810661435127247
v -0.03732804581522942 0.0689380168914795 0.3941337466239928
v 0.021648120135068897 0.07109770178794862 0.3776652216911315
v -0.030383758246898658 0.06972119957208635 0.38810661435127247
v 0.021648120135068897 0.07109770178794862 0.3776652216911315
v -0.0001278523122891784 0.07186856865882875 0.3716223835945129
v -0.05785816535353662 -0.0770164579153061 0.42813479900360096
v -0.06002352386713029 0.03620348498225213 0.42737624049186695
v -0.06006931141018869 0.03808530420064927 0.4244376718997954
v -0.06002352386713029 0.03620348498225213 0.42737624049186695
v -0.059899102896451964 0.03617288917303086 0.42907384037971485
v -0.06006931141018869 0.03808530420064927 0.4244376718997954
v -0.06002352386713029 0.03620348498225213 0.42737624049186695
v -0.05785816535353662 -0.0770164579153061 0.42813479900360096
v -0.059899102896451964 0.03617288917303086 0.42907384037971485
v -0.05916529148817064 0.03298415988683701 -0.011007948778569697
v -0.059865992516279234 0.0350082814693451 -0.00580183696001768
v -0.05907816067337991 0.034043598920106895 -0.011090523563325403
v -0.05907816067337991 0.034043598920106895 -0.011090523563325403
v -0.059865992516279234 0.0350082814693451 -0.00580183696001768
v -0.05984710901975633 0.036538533866405494 -0.005104288458824157
v -0.05907816067337991 0.034043598920106895 -0.011090523563325403
v -0.05802746862173082 0.03147364035248757 -0.01604785583913326
v -0.05916529148817064 0.03298415988683701 -0.011007948778569697
v -0.05654418468475343 0.029456702992320068 -0.020820192992687222
v -0.054501485079526915 -0.06360096484422685 -0.02033901400864124
v -0.05751445516943933 0.031005723401904113 -0.017760261893272396
v -0.045858733355999 0.020770980045199398 -0.039345730096101754
v -0.04660428315401078 0.02222509123384953 -0.03836212307214736
v -0.043808303773403175 0.021026266738772396 -0.041560161858797066
v -0.028999648988246925 -0.06360095739364625 -0.05073091015219687
v -0.019896758720278743 -0.07780062407255174 0.3701678812503814
v -0.026662632822990424 -0.07779300212860109 0.3731654286384582
v -0.026662632822990424 -0.07779300212860109 0.3731654286384582
v -0.03300613909959794 -0.07779189199209215 0.3769972026348113
v -0.028999648988246925 -0.06360095739364625 -0.05073091015219687
v -0.03300613909959794 -0.07779189199209215 0.3769972026348113
v -0.026662632822990424 -0.07779300212860109 0.3731654286384582
v -0.019896758720278743 -0.07780062407255174 0.3701678812503814
v -0.03728121891617776 -0.06360095739364625 -0.04493210092186927
v -0.038812525570392616 -0.07779526710510255 0.3816060423851012
v -0.044430013746023185 -0.06360096484422685 -0.037783276289701455
v -0.038812525570392616 -0.07779526710510255 0.3816060423851012
v -0.03728121891617776 -0.06360095739364625 -0.04493210092186927
v -0.03300613909959794 -0.07779189199209215 0.3769972026348113
v -0.038812525570392616 -0.07779526710510255 0.3816060423851012
v -0.019896758720278743 -0.07780062407255174 0.3701678812503814
v -0.05487744510173799 -0.07780319452285768 0.40616509318351735
v -0.038812525570392616 -0.07779526710510255 0.3816060423851012
v -0.03300613909959794 -0.07779189199209215 0.3769972026348113
v -0.019896758720278743 -0.07780062407255174 0.3701678812503814
v -0.019836938008666042 -0.06360094994306566 -0.055003549903631196
v -0.014668273739516739 0.012322311289608482 -0.058780469000339494
v -0.01007148437201977 -0.06360094994306566 -0.057620219886302934
v -0.004700934514403344 0.04245072230696679 -0.056930132210254655
v -6.168196705402808e-05 0.04484273865818978 -0.056681439280509935
v 0.00026946136495098477 0.041830670088529594 -0.05719171836972235
v -0.004700934514403344 0.04245072230696679 -0.056930132210254655
v -0.004645696841180325 0.04496396705508233 -0.05647090077400206
v -6.168196705402808e-05 0.04484273865818978 -0.056681439280509935
v 0.00026946136495098477 0.041830670088529594 -0.05719171836972235
v -0.0001778640289558098 0.013078933581709865 -0.06054504960775374
v -0.004700934514403344 0.04245072230696679 -0.056930132210254655
v -0.004700934514403344 0.04245072230696679 -0.056930132210254655
v -0.0001778640289558098 0.013078933581709865 -0.06054504960775374
v -0.007219975814223291 0.01350851729512215 -0.06006163731217383
v -0.004700934514403344 0.04245072230696679 -0.056930132210254655
v -0.007219975814223291 0.01350851729512215 -0.06006163731217383
v -0.008830163627862932 0.04203105717897416 -0.05650432407855986
v -0.008830163627862932 0.04203105717897416 -0.05650432407855986
v -0.009277893230319025 0.0450691506266594 -0.055898036807775484
v -0.004700934514403344 0.04245072230696679 -0.056930132210254655
v -0.004700934514403344 0.04245072230696679 -0.056930132210254655
v -0.009277893230319025 0.0450691506266594 -0.055898036807775484
v -0.004645696841180325 0.04496396705508233 -0.05647090077400206
v -0.039723359048366554 0.017927670851349834 -0.04560368508100509
v -0.036176245659589774 0.0167579147964716 -0.04848987236618994
v -0.03728121891617776 -0.06360095739364625 -0.04493210092186927
v -0.03728121891617776 -0.06360095739364625 -0.04493210092186927
v -0.036176245659589774 0.0167579147964716 -0.04848987236618994
v -0.028999648988246925 -0.06360095739364625 -0.05073091015219687
v -0.03176453337073327 0.015346965752542022 -0.051524061709642396
v -0.02798485197126866 0.014524848200380806 -0.05368396267294882
v -0.028999648988246925 -0.06360095739364625 -0.05073091015219687
v -0.03176453337073327 0.015346965752542022 -0.051524061709642396
v -0.028999648988246925 -0.06360095739364625 -0.05073091015219687
v -0.036176245659589774 0.0167579147964716 -0.04848987236618994
v -0.03176453337073327 0.015346965752542022 -0.051524061709642396
v -0.036176245659589774 0.0167579147964716 -0.04848987236618994
v -0.033547639846801765 0.017489431425929073 -0.050282578915357576
v -0.034531928598880775 0.04519163817167283 -0.04545965045690536
v -0.03834784030914307 0.04518678411841393 -0.0423968955874443
v -0.03809026256203652 0.046909708529710784 -0.04224738478660583
v 0.006210122723132374 0.009188602678477766 -0.0601576268672943
v 0.010071444325149061 -0.06360094249248506 -0.057620219886302934
v 0.0038298459257930526 0.011652037501335146 -0.06047226488590239
v 0.0038298459257930526 0.011652037501335146 -0.06047226488590239
v 0.009250440634787084 0.011743508279323581 -0.05987770110368727
v 0.006210122723132374 0.009188602678477766 -0.0601576268672943
v 0.006210122723132374 0.009188602678477766 -0.0601576268672943
v 0.009250440634787084 0.011743508279323581 -0.05987770110368727
v 0.010071444325149061 -0.06360094249248506 -0.057620219886302934
v -2.0198992700670718e-08 -0.06360094249248506 -0.05850134417414664
v 0.010071444325149061 -0.06360094249248506 -0.057620219886302934
v 0.0019553177990019326 -0.07779299467802049 0.3666864335536956
v 0.01000944431871176 0.042045794427394874 -0.05631455406546591
v 0.010318890213966371 0.013352038338780407 -0.05963961407542227
v 0.007051546592265369 0.01330284029245377 -0.06011713296175002
v 0.055975291877985014 -0.07779522985219957 0.4099178612232207
v 0.0578482896089554 -0.07779959589242937 0.42459258437156666
v 0.05365199223160745 -0.07779523730278017 0.40287956595420826
v -0.057247798889875426 0.053989805281162276 0.0019254004582762714
v -0.05726854875683786 0.053866721689701094 0.42236554622650135
v -0.05689976364374162 0.055766850709915175 0.42307373881340016
v -0.057247798889875426 0.053989805281162276 0.0019254004582762714
v -0.060008406639099135 0.03923571854829789 0.0019654578063637014
v -0.0598115772008896 0.040359940379858024 0.0053177671507000914
v -0.057247798889875426 0.053989805281162276 0.0019254004582762714
v -0.0598115772008896 0.040359940379858024 0.0053177671507000914
v -0.060014948248863234 0.03927608951926232 0.4219900667667388
v -0.057247798889875426 0.053989805281162276 0.0019254004582762714
v -0.060014948248863234 0.03927608951926232 0.4219900667667388
v -0.05726854875683786 0.053866721689701094 0.42236554622650135
v -0.05586631968617441 0.05881350487470628 0.4190927743911742
v -0.05668132752180101 0.0566491410136223 0.005206784699112176
v -0.05667802318930627 0.056652758270502104 0.4187355339527129
v -0.05689976364374162 0.055766850709915175 0.42307373881340016
v -0.05586631968617441 0.05881350487470628 0.4190927743911742
v -0.05667802318930627 0.056652758270502104 0.4187355339527129
v -0.05586631968617441 0.05881350487470628 0.4190927743911742
v -0.05689976364374162 0.055766850709915175 0.42307373881340016
v -0.05603360012173654 0.058018784970045104 0.4233771562576293
v -0.05603360012173654 0.058018784970045104 0.4233771562576293
v -0.055871844291687026 0.057232975959777846 0.42765647172927845
v -0.05470221117138864 0.06012275815010072 0.42366909980773915
v 0.05689842998981477 0.05576859042048456 0.4230782985687255
v 0.05668115988373758 0.05664934590458871 0.41878384351730336
v 0.05587096139788629 0.058805119246244444 0.41914719343185414
v 0.04610823467373849 0.06713906675577165 0.4014335870742797
v 0.04668500646948815 0.06694840639829637 0.02091106958687305
v 0.044921685010194785 0.0675943046808243 0.023045353591442105
v 0.044921685010194785 0.0675943046808243 0.023045353591442105
v 0.04668500646948815 0.06694840639829637 0.02091106958687305
v 0.04684333875775338 0.06655100733041765 0.013609762303531166
v 0.04303929209709168 0.06800108402967454 0.023472728207707398
v 0.04684333875775338 0.06655100733041765 0.013609762303531166
v 0.04601630568504334 0.06643635034561159 0.011187260970473288
v 0.04684333875775338 0.06655100733041765 0.013609762303531166
v 0.04303929209709168 0.06800108402967454 0.023472728207707398
v 0.044921685010194785 0.0675943046808243 0.023045353591442105
v 0.048845827579498305 0.06511790305376054 0.005438948515802621
v 0.04601630568504334 0.06643635034561159 0.011187260970473288
v 0.04684333875775338 0.06655100733041765 0.013609762303531166
v 0.054608270525932326 0.06082442030310632 0.4195350110530852
v 0.05587096139788629 0.058805119246244444 0.41914719343185414
v 0.05420026555657388 0.06153446808457376 0.4153887927532195
v -0.04857797920703889 -0.07759664952754976 0.45601549744606007
v -0.052188590168952956 -0.07756297290325166 0.449542075395584
v -0.0521640218794346 -0.07779944688081743 0.4494989216327666
v -0.05225571617484094 -0.07701715081930162 0.4495931565761565
v -0.052188590168952956 -0.07756297290325166 0.449542075395584
v -0.04857797920703889 -0.07759664952754976 0.45601549744606007
v 0.0017554662190377717 -0.07780101150274278 0.4823162555694579
v 0.023324923589825634 -0.07780171930789949 0.4774329364299773
v 0.009135309606790544 -0.07779937237501146 0.4816146492958068
v 0.0017554662190377717 -0.07780101150274278 0.4823162555694579
v -0.020064095035195354 -0.0778002366423607 0.47875455021858204
v -0.05487744510173799 -0.07780319452285768 0.40616509318351735
v 0.023324923589825634 -0.07780171930789949 0.4774329364299773
v 0.0017554662190377717 -0.07780101150274278 0.4823162555694579
v -0.05487744510173799 -0.07780319452285768 0.40616509318351735
v -0.05680102854967119 -0.07779966294765474 0.43545064330101
v -0.057797361165285124 -0.07761289179325105 0.4281046986579894
v -0.05772659927606584 -0.07779303193092348 0.42809683084487904
v -0.0521640218794346 -0.07779944688081743 0.4494989216327666
v -0.054924398660659804 -0.07779303938150407 0.44262152910232533
v -0.05680102854967119 -0.07779966294765474 0.43545064330101
v -0.05680102854967119 -0.07779966294765474 0.43545064330101
v -0.05772659927606584 -0.07779303193092348 0.42809683084487904
v -0.05771626159548761 -0.07779527455568315 0.42068612575530995
v -0.05487744510173799 -0.07780319452285768 0.40616509318351735
v -0.0521640218794346 -0.07779944688081743 0.4494989216327666
v -0.05680102854967119 -0.07779966294765474 0.43545064330101
v -0.05680102854967119 -0.07779966294765474 0.43545064330101
v -0.05771626159548761 -0.07779527455568315 0.42068612575530995
v -0.05487744510173799 -0.07780319452285768 0.40616509318351735
v -0.044412016868591316 0.06211417168378831 -0.016692664474248883
v -0.04617689177393914 0.06131175905466081 -0.01714524999260902
v -0.046997506171464934 0.06307809799909593 -0.009594895876944063
v -0.046997506171464934 0.06307809799909593 -0.009594895876944063
v -0.04617689177393914 0.06131175905466081 -0.01714524999260902
v -0.048652037978172316 0.06234197318553926 -0.009908503852784632
v -0.05495666712522508 0.06032544374465944 0.004555967636406421
v -0.05586631968617441 0.05881350487470628 0.4190927743911742
v -0.05418845266103746 0.061545960605144515 0.41531449556350697
v -0.04610304161906243 0.06714078038930894 0.4040645360946654
v -0.0468590371310711 0.06688240170478822 0.020584868267178532
v -0.048243321478366866 0.06622152775526048 0.40461727976799
v -0.02585688047111035 0.0707722306251526 0.3786163330078124
v -0.03179655596613885 0.07010048627853395 0.38512128591537464
v -0.024210328236222274 0.07093109935522081 0.37877556681632985
v -0.02585688047111035 0.0707722306251526 0.3786163330078124
v -0.032780319452285774 0.07000288367271425 0.3839907646179198
v -0.03179655596613885 0.07010048627853395 0.38512128591537464
v 0.03834767267107964 0.04518693685531617 0.4663873314857482
v 0.03562972322106362 0.044389054179191596 0.46876877546310414
v 0.03913912922143937 0.019339356571435932 0.4699880480766295
v 0.05176852643489839 0.048395138233900084 0.4484373331069945
v 0.05506327003240587 0.02817556634545327 0.44846990704536427
v 0.05358160287141801 0.049898657947778716 0.4440214931964873
v 0.0496216155588627 0.04764876887202264 0.4525066912174224
v 0.05506327003240587 0.02817556634545327 0.44846990704536427
v 0.05176852643489839 0.048395138233900084 0.4484373331069945
v 0.05221886187791826 0.025739446282386787 0.45414111018180836
v 0.05506327003240587 0.02817556634545327 0.44846990704536427
v 0.0496216155588627 0.04764876887202264 0.4525066912174224
v 0.05221886187791826 0.025739446282386787 0.45414111018180836
v 0.048917494714260115 0.023624509572982795 0.4593181610107421
v 0.05181974545121194 0.024343054741621024 0.45493018627166737
v 0.05181974545121194 0.024343054741621024 0.45493018627166737
v 0.05462080240249635 0.02648041397333146 0.44956496357917775
v 0.05221886187791826 0.025739446282386787 0.45414111018180836
v 0.05221886187791826 0.025739446282386787 0.45414111018180836
v 0.05462080240249635 0.02648041397333146 0.44956496357917775
v 0.05506327003240587 0.02817556634545327 0.44846990704536427
v 0.0307155977934599 0.0612274967133999 0.4525887668132781
v 0.044633515179157264 0.06728278845548631 0.40654510259628285
v 0.03307222574949265 0.06903044879436494 0.3933214843273162
v 0.04488398507237435 0.06440222263336183 0.42840632796287526
v 0.044633515179157264 0.06728278845548631 0.40654510259628285
v 0.0307155977934599 0.0612274967133999 0.4525887668132781
v 0.044633515179157264 0.06728278845548631 0.40654510259628285
v 0.021648120135068897 0.07109770178794862 0.3776652216911315
v 0.03307222574949265 0.06903044879436494 0.3933214843273162
v 0.044633515179157264 0.06728278845548631 0.40654510259628285
v 0.03179601952433587 0.07009634375572206 0.3851439654827117
v 0.021648120135068897 0.07109770178794862 0.3776652216911315
v 0.0015421693678945307 0.05907460674643518 0.46711909770965565
v 0.01623843982815743 0.05946588143706323 0.46417635679244984
v 0.010757860727608206 0.059843029826879515 0.46310919523239125
v 0.028130870312452323 0.060348287224769606 0.457609325647354
v 0.0307155977934599 0.0612274967133999 0.4525887668132781
v 0.010757860727608206 0.059843029826879515 0.46310919523239125
v 0.028130870312452323 0.060348287224769606 0.457609325647354
v 0.010757860727608206 0.059843029826879515 0.46310919523239125
v 0.01623843982815743 0.05946588143706323 0.46417635679244984
v 0.028130870312452323 0.060348287224769606 0.457609325647354
v 0.03566414117813111 0.06103333085775377 0.4515472352504729
v 0.0307155977934599 0.0612274967133999 0.4525887668132781
v -0.03901347517967225 0.06896645575761796 0.39303117990493763
v -0.03179655596613885 0.07010048627853395 0.38512128591537464
v -0.039907477796077735 0.06886769831180574 0.3929103910923003
v -0.03732804581522942 0.0689380168914795 0.3941337466239928
v -0.03179655596613885 0.07010048627853395 0.38512128591537464
v -0.03901347517967225 0.06896645575761796 0.39303117990493763
v 0.0020948403980582957 0.071859247982502 0.05223606154322623
v -0.025773191824555404 0.07080980390310289 0.044234495609998696
v -0.010745664127171041 0.07169466465711595 0.05125431716442107
v -0.025773191824555404 0.07080980390310289 0.044234495609998696
v 0.0020948403980582957 0.071859247982502 0.05223606154322623
v 0.01449394412338734 0.07154153287410737 0.04975207522511481
v -0.025773191824555404 0.07080980390310289 0.044234495609998696
v -0.02585688047111035 0.0707722306251526 0.3786163330078124
v -0.024210328236222274 0.07093109935522081 0.37877556681632985
v 0.03893082961440087 0.06896448880434038 0.030941860750317567
v 0.031756740063428886 0.07010026276111604 0.03883017972111701
v 0.03989557921886445 0.06887004524469377 0.031059943139553063
v 0.0375276766717434 0.06893952190876008 0.029864247888326638
v 0.031756740063428886 0.07010026276111604 0.03883017972111701
v 0.03893082961440087 0.06896448880434038 0.030941860750317567
v 0.03893082961440087 0.06896448880434038 0.030941860750317567
v 0.03989557921886445 0.06887004524469377 0.031059943139553063
v 0.04303929209709168 0.06800108402967454 0.023472728207707398
v 0.03893082961440087 0.06896448880434038 0.030941860750317567
v 0.04303929209709168 0.06800108402967454 0.023472728207707398
v 0.0375276766717434 0.06893952190876008 0.029864247888326638
v 0.026852050796151168 0.07071245461702348 0.04396764934062957
v 0.032659336924552924 0.07000547647476198 0.38455212116241444
v 0.032791674137115485 0.070002518594265 0.04002673551440238
v 0.032791674137115485 0.070002518594265 0.04002673551440238
v 0.031756740063428886 0.07010026276111604 0.03883017972111701
v 0.026852050796151168 0.07071245461702348 0.04396764934062957
v 0.032791674137115485 0.070002518594265 0.04002673551440238
v 0.032659336924552924 0.07000547647476198 0.38455212116241444
v 0.03989557921886445 0.06887004524469377 0.031059943139553063
v 0.031756740063428886 0.07010026276111604 0.03883017972111701
v 0.032791674137115485 0.070002518594265 0.04002673551440238
v 0.03989557921886445 0.06887004524469377 0.031059943139553063
v 0.016768153756856922 0.07139521837234498 0.37401181459426874
v 0.01449394412338734 0.07154153287410737 0.04975207522511481
v 0.013339020311832431 0.07159036397933961 0.37378731369972223
v 0.016768153756856922 0.07139521837234498 0.37401181459426874
v 0.021648120135068897 0.07109770178794862 0.3776652216911315
v 0.01449394412338734 0.07154153287410737 0.04975207522511481
v 0.013339020311832431 0.07159036397933961 0.37378731369972223
v 0.021648120135068897 0.07109770178794862 0.3776652216911315
v 0.016768153756856922 0.07139521837234498 0.37401181459426874
v 0.025123644620180137 0.07086446136236192 0.3786829411983489
v 0.026852050796151168 0.07071245461702348 0.04396764934062957
v 0.021648120135068897 0.07109770178794862 0.3776652216911315
v 0.025123644620180137 0.07086446136236192 0.3786829411983489
v 0.021648120135068897 0.07109770178794862 0.3776652216911315
v 0.03179601952433587 0.07009634375572206 0.3851439654827117
v 0.025123644620180137 0.07086446136236192 0.3786829411983489
v 0.032659336924552924 0.07000547647476198 0.38455212116241444
v 0.026852050796151168 0.07071245461702348 0.04396764934062957
v 0.025123644620180137 0.07086446136236192 0.3786829411983489
v 0.03179601952433587 0.07009634375572206 0.3851439654827117
v 0.032659336924552924 0.07000547647476198 0.38455212116241444
v 0.04231728985905648 0.06831385195255281 0.39704108238220204
v 0.044633515179157264 0.06728278845548631 0.40654510259628285
v 0.04523015022277833 0.06738200783729555 0.40405574440956105
v 0.04523015022277833 0.06738200783729555 0.40405574440956105
v 0.04610823467373849 0.06713906675577165 0.4014335870742797
v 0.04231728985905648 0.06831385195255281 0.39704108238220204
v 0.04231728985905648 0.06831385195255281 0.39704108238220204
v 0.04610823467373849 0.06713906675577165 0.4014335870742797
v 0.044921685010194785 0.0675943046808243 0.023045353591442105
v 0.04231728985905648 0.06831385195255281 0.39704108238220204
v 0.044921685010194785 0.0675943046808243 0.023045353591442105
v 0.03989557921886445 0.06887004524469377 0.031059943139553063
v 0.007342068012803795 0.0717512294650078 0.3716950118541717
v -0.0001278523122891784 0.07186856865882875 0.3716223835945129
v 0.013339020311832431 0.07159036397933961 0.37378731369972223
v 0.007342068012803795 0.0717512294650078 0.3716950118541717
v 0.0020948403980582957 0.071859247982502 0.05223606154322623
v -0.0001278523122891784 0.07186856865882875 0.3716223835945129
v 0.007342068012803795 0.0717512294650078 0.3716950118541717
v 0.013339020311832431 0.07159036397933961 0.37378731369972223
v 0.01449394412338734 0.07154153287410737 0.04975207522511481
v 0.0020948403980582957 0.071859247982502 0.05223606154322623
v 0.007342068012803795 0.0717512294650078 0.3716950118541717
v 0.01449394412338734 0.07154153287410737 0.04975207522511481
v -0.002456118585541845 0.07182693481445314 0.052736554294824586
v 0.0020948403980582957 0.071859247982502 0.05223606154322623
v -0.010745664127171041 0.07169466465711595 0.05125431716442107
v -0.0001278523122891784 0.07186856865882875 0.3716223835945129
v 0.0020948403980582957 0.071859247982502 0.05223606154322623
v -0.002456118585541845 0.07182693481445314 0.052736554294824586
v -0.002456118585541845 0.07182693481445314 0.052736554294824586
v -0.010745664127171041 0.07169466465711595 0.05125431716442107
v -0.008551928214728834 0.07175350934267045 0.3722873926162719
v -0.008551928214728834 0.07175350934267045 0.3722873926162719
v -0.0001278523122891784 0.07186856865882875 0.3716223835945129
v -0.002456118585541845 0.07182693481445314 0.052736554294824586
v -0.05022884160280229 -0.06360096484422685 -0.02950173430144786
v -0.05181983113288881 0.024342911317944534 -0.030939908698201173
v -0.050820242613554015 0.02116798982024193 -0.03236922249197959
v -0.05462081357836725 0.026480184867978103 -0.025574889034032815
v -0.054501485079526915 -0.06360096484422685 -0.02033901400864124
v -0.05654418468475343 0.029456702992320068 -0.020820192992687222
v -0.052218891680240645 0.025739302858710296 -0.03015100955963134
v -0.05181983113288881 0.024342911317944534 -0.030939908698201173
v -0.05462081357836725 0.026480184867978103 -0.025574889034032815
v -0.05462081357836725 0.026480184867978103 -0.025574889034032815
v -0.05181983113288881 0.024342911317944534 -0.030939908698201173
v -0.05022884160280229 -0.06360096484422685 -0.02950173430144786
v -0.05462081357836725 0.026480184867978103 -0.025574889034032815
v -0.05022884160280229 -0.06360096484422685 -0.02950173430144786
v -0.054501485079526915 -0.06360096484422685 -0.02033901400864124
v -0.05984710901975633 0.036538533866405494 -0.005104288458824157
v -0.05678195506334306 0.05490076541900636 -0.0034312577918171874
v -0.05689116194844247 0.05198786035180093 -0.006728298030793665
v -0.05313223227858545 0.06085707992315294 -0.004006786737591027
v -0.05303626507520677 0.05974669009447099 -0.008085422217845915
v -0.05447471141815187 0.05941214412450792 -0.0038974527269601813
v -0.05452390387654306 0.05231324210762979 -0.016143556684255597
v -0.0550687536597252 0.05002279952168466 -0.015753228217363354
v -0.05555954203009607 0.05319868773221971 -0.012050195597112175
v -0.05907816067337991 0.034043598920106895 -0.011090523563325403
v -0.0550687536597252 0.05002279952168466 -0.015753228217363354
v -0.05802746862173082 0.03147364035248757 -0.01604785583913326
v -0.0550687536597252 0.05002279952168466 -0.015753228217363354
v -0.05751445516943933 0.031005723401904113 -0.017760261893272396
v -0.05802746862173082 0.03147364035248757 -0.01604785583913326
v -0.05358107015490533 0.04994493350386621 -0.020008776336908337
v -0.05654418468475343 0.029456702992320068 -0.020820192992687222
v -0.05751445516943933 0.031005723401904113 -0.017760261893272396
v -0.0550687536597252 0.05002279952168466 -0.015753228217363354
v -0.05358107015490533 0.04994493350386621 -0.020008776336908337
v -0.05751445516943933 0.031005723401904113 -0.017760261893272396
v -0.05358107015490533 0.04994493350386621 -0.020008776336908337
v -0.0550687536597252 0.05002279952168466 -0.015753228217363354
v -0.05452390387654306 0.05231324210762979 -0.016143556684255597
v -0.04397404938936234 -0.07779189199209215 0.3869226872920989
v -0.038812525570392616 -0.07779526710510255 0.3816060423851012
v -0.05487744510173799 -0.07780319452285768 0.40616509318351735
v -0.044430013746023185 -0.06360096484422685 -0.037783276289701455
v -0.038812525570392616 -0.07779526710510255 0.3816060423851012
v -0.04397404938936234 -0.07779189199209215 0.3869226872920989
v -0.009209688752889635 0.04836080223321916 -0.05472793057560919
v -0.01382016204297543 0.04523915797472001 -0.054957196116447435
v -0.013622337952256206 0.04851373657584192 -0.05381100252270697
v -0.009209688752889635 0.04836080223321916 -0.05472793057560919
v -0.009277893230319025 0.0450691506266594 -0.055898036807775484
v -0.01382016204297543 0.04523915797472001 -0.054957196116447435
v -0.013622337952256206 0.04851373657584192 -0.05381100252270697
v -0.012872106395661834 0.05161461234092714 -0.05216373130679129
v -0.009209688752889635 0.04836080223321916 -0.05472793057560919
v -0.009209688752889635 0.04836080223321916 -0.05472793057560919
v -0.012872106395661834 0.05161461234092714 -0.05216373130679129
v -0.008626060560345651 0.051479447633028044 -0.05301525443792342
v -0.01007148437201977 -0.06360094994306566 -0.057620219886302934
v -0.010302680544555189 0.01199031807482243 -0.059696793556213365
v -0.005235258489847184 0.01160546485334635 -0.06037466600537299
v -0.010302680544555189 0.01199031807482243 -0.059696793556213365
v -0.01007148437201977 -0.06360094994306566 -0.057620219886302934
v -0.014668273739516739 0.012322311289608482 -0.058780469000339494
v -0.010302680544555189 0.01199031807482243 -0.059696793556213365
v -0.007219975814223291 0.01350851729512215 -0.06006163731217383
v -0.005235258489847184 0.01160546485334635 -0.06037466600537299
v -0.028999648988246925 -0.06360095739364625 -0.05073091015219687
v -0.02798485197126866 0.014524848200380806 -0.05368396267294882
v -0.023574028164148338 0.01352508366107941 -0.05578721687197684
v -0.023574028164148338 0.01352508366107941 -0.05578721687197684
v -0.019836938008666042 -0.06360094994306566 -0.055003549903631196
v -0.028999648988246925 -0.06360095739364625 -0.05073091015219687
v -0.013306166045367721 0.042175058275461204 -0.055623058229684816
v -0.009277893230319025 0.0450691506266594 -0.055898036807775484
v -0.008830163627862932 0.04203105717897416 -0.05650432407855986
v -0.01382016204297543 0.04523915797472001 -0.054957196116447435
v -0.009277893230319025 0.0450691506266594 -0.055898036807775484
v -0.013306166045367721 0.042175058275461204 -0.055623058229684816
v -0.0037299373652786025 0.05648678913712503 -0.04840707033872603
v -0.004058050923049451 0.054185625165700926 -0.05119262635707854
v -0.009565344080328943 0.05614748597145082 -0.04827940836548804
v 6.17675468674861e-05 0.05416203290224077 -0.051350865513086305
v -0.0037299373652786025 0.05648678913712503 -0.04840707033872603
v 0.0020329249091446404 0.055941622704267516 -0.04924773797392844
v -0.004058050923049451 0.054185625165700926 -0.05119262635707854
v -0.0037299373652786025 0.05648678913712503 -0.04840707033872603
v 6.17675468674861e-05 0.05416203290224077 -0.051350865513086305
v -0.012200834229588512 0.05437565222382547 -0.04992210492491721
v -0.008626060560345651 0.051479447633028044 -0.05301525443792342
v -0.012872106395661834 0.05161461234092714 -0.05216373130679129
v -0.01660433039069176 0.0532219633460045 -0.04996659234166144
v -0.012200834229588512 0.05437565222382547 -0.04992210492491721
v -0.012872106395661834 0.05161461234092714 -0.05216373130679129
v -0.016603639349341396 0.05740834027528764 -0.04487808421254157
v -0.009355301037430765 0.05707222223281862 -0.046914823353290544
v -0.009565344080328943 0.05614748597145082 -0.04827940836548804
v -0.009355301037430765 0.05707222223281862 -0.046914823353290544
v -0.0037299373652786025 0.05648678913712503 -0.04840707033872603
v -0.009565344080328943 0.05614748597145082 -0.04827940836548804
v -0.001323672477155924 0.05820094794034959 -0.04545521736145019
v -0.0037299373652786025 0.05648678913712503 -0.04840707033872603
v -0.009355301037430765 0.05707222223281862 -0.046914823353290544
v -0.008737253956496717 0.05830287188291551 -0.04467507451772689
v -0.001541507313959301 0.059074643999338164 -0.04312861338257789
v -0.001323672477155924 0.05820094794034959 -0.04545521736145019
v -0.001323672477155924 0.05820094794034959 -0.04545521736145019
v -0.009355301037430765 0.05707222223281862 -0.046914823353290544
v -0.008737253956496717 0.05830287188291551 -0.04467507451772689
v -0.034454181790351875 0.04849011823534967 -0.04449708387255668
v -0.034531928598880775 0.04519163817167283 -0.04545965045690536
v -0.03809026256203652 0.046909708529710784 -0.04224738478660583
v -0.02798485197126866 0.014524848200380806 -0.05368396267294882
v -0.03176453337073327 0.015346965752542022 -0.051524061709642396
v -0.031101211905479438 0.016602870076894764 -0.05185444653034209
v -0.031101211905479438 0.016602870076894764 -0.05185444653034209
v -0.03176453337073327 0.015346965752542022 -0.051524061709642396
v -0.033547639846801765 0.017489431425929073 -0.050282578915357576
v -0.03163477405905724 0.04381330683827401 -0.04767091572284697
v -0.027352673932909972 0.04331910982728005 -0.05024018883705138
v -0.031101211905479438 0.016602870076894764 -0.05185444653034209
v -0.03163477405905724 0.04381330683827401 -0.04767091572284697
v -0.031101211905479438 0.016602870076894764 -0.05185444653034209
v -0.033547639846801765 0.017489431425929073 -0.050282578915357576
v -0.036176245659589774 0.0167579147964716 -0.04848987236618994
v -0.03565207496285439 0.01785909198224545 -0.048811078071594224
v -0.033547639846801765 0.017489431425929073 -0.050282578915357576
v -0.03565207496285439 0.01785909198224545 -0.048811078071594224
v -0.03163477405905724 0.04381330683827401 -0.04767091572284697
v -0.033547639846801765 0.017489431425929073 -0.050282578915357576
v -0.034531928598880775 0.04519163817167283 -0.04545965045690536
v -0.03163477405905724 0.04381330683827401 -0.04767091572284697
v -0.03565207496285439 0.01785909198224545 -0.048811078071594224
v 0.016553945839405063 -0.07779525220394136 0.3690702319145202
v 0.030070118606090553 -0.0777929872274399 0.3750845193862914
v 0.041620358824729926 -0.07779524475336076 0.3843252956867217
v 0.05044506490230562 -0.07779185473918916 0.39619943499565113
v 0.05365199223160745 -0.07779523730278017 0.40287956595420826
v 0.041620358824729926 -0.07779524475336076 0.3843252956867217
v 0.054501440376043334 -0.06360092014074327 -0.02033901400864124
v 0.055975291877985014 -0.07779522985219957 0.4099178612232207
v 0.05365199223160745 -0.07779523730278017 0.40287956595420826
v 0.009330615401268007 -0.07779525220394136 0.3674083054065704
v 0.016553945839405063 -0.07779525220394136 0.3690702319145202
v -0.019896758720278743 -0.07780062407255174 0.3701678812503814
v 0.009330615401268007 -0.07779525220394136 0.3674083054065704
v -0.019896758720278743 -0.07780062407255174 0.3701678812503814
v 0.0019553177990019326 -0.07779299467802049 0.3666864335536956
v 0.010071444325149061 -0.06360094249248506 -0.057620219886302934
v 0.016553945839405063 -0.07779525220394136 0.3690702319145202
v 0.009330615401268007 -0.07779525220394136 0.3674083054065704
v 0.009330615401268007 -0.07779525220394136 0.3674083054065704
v 0.0019553177990019326 -0.07779299467802049 0.3666864335536956
v 0.010071444325149061 -0.06360094249248506 -0.057620219886302934
v -0.005452753044664861 -0.07779299467802049 0.36691093444824213
v 0.0019553177990019326 -0.07779299467802049 0.3666864335536956
v -0.019896758720278743 -0.07780062407255174 0.3701678812503814
v -0.005452753044664861 -0.07779299467802049 0.36691093444824213
v -0.01007148437201977 -0.06360094994306566 -0.057620219886302934
v -2.0198992700670718e-08 -0.06360094249248506 -0.05850134417414664
v -2.0198992700670718e-08 -0.06360094249248506 -0.05850134417414664
v 0.0019553177990019326 -0.07779299467802049 0.3666864335536956
v -0.005452753044664861 -0.07779299467802049 0.36691093444824213
v 0.006113491021096708 0.05815972387790681 -0.04525929689407348
v -0.001323672477155924 0.05820094794034959 -0.04545521736145019
v -0.001541507313959301 0.059074643999338164 -0.04312861338257789
v 0.005128794349730016 0.041872665286064155 -0.05696938931941985
v 0.01000944431871176 0.042045794427394874 -0.05631455406546591
v 0.007051546592265369 0.01330284029245377 -0.06011713296175002
v 0.005128794349730016 0.041872665286064155 -0.05696938931941985
v -0.0001778640289558098 0.013078933581709865 -0.06054504960775374
v 0.00026946136495098477 0.041830670088529594 -0.05719171836972235
v 0.007051546592265369 0.01330284029245377 -0.06011713296175002
v -0.0001778640289558098 0.013078933581709865 -0.06054504960775374
v 0.005128794349730016 0.041872665286064155 -0.05696938931941985
v 0.05737949535250665 -0.07779522985219957 0.41719546914100636
v 0.05799922347068788 -0.06360092014074327 -0.0005020658718422054
v 0.0578482896089554 -0.07779959589242937 0.42459258437156666
v 0.05737949535250665 -0.07779522985219957 0.41719546914100636
v 0.0578482896089554 -0.07779959589242937 0.42459258437156666
v 0.055975291877985014 -0.07779522985219957 0.4099178612232207
v -0.05689729377627374 0.0557728447020054 0.0009129745885729788
v -0.05689976364374162 0.055766850709915175 0.42307373881340016
v -0.05668132752180101 0.0566491410136223 0.005206784699112176
v -0.05689729377627374 0.0557728447020054 0.0009129745885729788
v -0.057247798889875426 0.053989805281162276 0.0019254004582762714
v -0.05689976364374162 0.055766850709915175 0.42307373881340016
v -0.060008406639099135 0.03923571854829789 0.0019654578063637014
v -0.057247798889875426 0.053989805281162276 0.0019254004582762714
v -0.05689729377627374 0.0557728447020054 0.0009129745885729788
v -0.05460298433899881 0.06083481758832933 0.41946902871131886
v -0.05260540917515756 0.0632201060652733 0.4157872200012206
v -0.05418845266103746 0.061545960605144515 0.41531449556350697
v -0.05460298433899881 0.06083481758832933 0.41946902871131886
v -0.05418845266103746 0.061545960605144515 0.41531449556350697
v -0.05586631968617441 0.05881350487470628 0.4190927743911742
v -0.05460298433899881 0.06083481758832933 0.41946902871131886
v -0.05586631968617441 0.05881350487470628 0.4190927743911742
v -0.05603360012173654 0.058018784970045104 0.4233771562576293
v -0.05603360012173654 0.058018784970045104 0.4233771562576293
v -0.05470221117138864 0.06012275815010072 0.42366909980773915
v -0.05460298433899881 0.06083481758832933 0.41946902871131886
v -0.05313464254140855 0.060857497155666365 0.4279952347278594
v -0.054479494690895094 0.05941894650459291 0.42785295844078053
v -0.053048994392156615 0.059759084135293974 0.4319965839385985
v -0.054479494690895094 0.05941894650459291 0.42785295844078053
v -0.05470221117138864 0.06012275815010072 0.42366909980773915
v -0.055871844291687026 0.057232975959777846 0.42765647172927845
v -0.03682884201407433 0.017045931890606884 0.4719524085521697
v -0.033203661441802985 -0.07701782137155534 0.47201088070869435
v -0.03307395055890084 0.0158491712063551 0.47466495633125294
v -0.025340996682643897 0.015323101542890075 0.4789214730262755
v -0.021062457934021953 0.014590783044695858 0.4807170331478118
v -0.022901348769664768 0.043277468532323844 0.47634530067443837
v -0.050988648086786284 0.06154214963316919 0.4319207668304442
v -0.05313464254140855 0.060857497155666365 0.4279952347278594
v -0.053048994392156615 0.059759084135293974 0.4319965839385985
v -0.050988648086786284 0.06154214963316919 0.4319207668304442
v -0.05161636695265771 0.062125530093908324 0.4280050694942473
v -0.05313464254140855 0.060857497155666365 0.4279952347278594
v 0.022699985653162006 0.04576658084988595 0.4759349524974822
v 0.022792683914303783 0.04293173179030419 0.4764433503150939
v 0.02686168253421784 0.04612549766898156 0.4739185869693755
v -0.014942719601094726 0.042229820042848594 0.47920575737953175
v -0.013645900413393978 0.045235943049192436 0.4789881408214568
v -0.01811054535210133 0.045475572347641 0.4776892066001891
v -0.013645900413393978 0.045235943049192436 0.4789881408214568
v -0.014942719601094726 0.042229820042848594 0.47920575737953175
v -0.009995676577091219 0.04203823953866959 0.48030871152877797
v -0.013645900413393978 0.045235943049192436 0.4789881408214568
v -0.013440334238111976 0.04851500689983369 0.47784262895584095
v -0.01811054535210133 0.045475572347641 0.4776892066001891
v -0.0146253751590848 0.013871304690837864 0.482715219259262
v -0.014942719601094726 0.042229820042848594 0.47920575737953175
v -0.021062457934021953 0.014590783044695858 0.4807170331478118
v -0.0146253751590848 0.013871304690837864 0.482715219259262
v -0.009995676577091219 0.04203823953866959 0.48030871152877797
v -0.014942719601094726 0.042229820042848594 0.47920575737953175
v -0.022901348769664768 0.043277468532323844 0.47634530067443837
v -0.021062457934021953 0.014590783044695858 0.4807170331478118
v -0.018520146608352665 0.043000727891922004 0.47803738713264454
v -0.014942719601094726 0.042229820042848594 0.47920575737953175
v -0.018520146608352665 0.043000727891922004 0.47803738713264454
v -0.021062457934021953 0.014590783044695858 0.4807170331478118
v -0.018520146608352665 0.043000727891922004 0.47803738713264454
v -0.014942719601094726 0.042229820042848594 0.47920575737953175
v -0.01811054535210133 0.045475572347641 0.4776892066001891
v -0.0020330545958131556 0.05594170093536378 0.4732379913330077
v -0.009828989394009115 0.056073721498250975 0.47232618927955616
v -0.004157023504376412 0.054186545312404646 0.475177377462387
v -0.00436462787911296 0.05139858275651933 0.47751885652542103
v -2.230634345323779e-05 0.05208949372172357 0.4771423041820525
v -0.004157023504376412 0.054186545312404646 0.475177377462387
v -0.00436462787911296 0.05139858275651933 0.47751885652542103
v -0.004537199158221484 0.04826881736516954 0.4792974889278411
v -4.122772224945948e-05 0.04983555153012277 0.4786638021469115
v -0.00436462787911296 0.05139858275651933 0.47751885652542103
v -4.122772224945948e-05 0.04983555153012277 0.4786638021469115
v -2.230634345323779e-05 0.05208949372172357 0.4771423041820525
v -0.012919707223773006 0.05161710083484651 0.4761420488357543
v -0.012280979193747047 0.05437947809696199 0.4738924801349639
v -0.01625141501426697 0.054544061422348036 0.4727814197540282
v 0.04021881520748139 0.06190484389662744 0.4452565908432006
v 0.03566414117813111 0.06103333085775377 0.4515472352504729
v 0.0400795303285122 0.06019636988639833 0.45080116391181935
v 0.0307155977934599 0.0612274967133999 0.4525887668132781
v 0.03566414117813111 0.06103333085775377 0.4515472352504729
v 0.04021881520748139 0.06190484389662744 0.4452565908432006
v 0.05725960060954095 0.05285708606243135 0.42625656723976124
v 0.06009194627404214 0.03802009299397469 0.42436224222183216
v 0.060008283704519286 0.03923578187823296 0.42202481627464283
v 0.060008283704519286 0.03923578187823296 0.42202481627464283
v 0.05689842998981477 0.05576859042048456 0.4230782985687255
v 0.05725960060954095 0.05285708606243135 0.42625656723976124
v 0.055020287632942214 0.05012600496411325 0.4398646652698516
v 0.059172634035348906 0.03363213315606118 0.4349760115146636
v 0.056133985519409194 0.05102235451340677 0.4353691041469573
v 0.05751433223485948 0.031005768105387695 0.44175055623054493
v 0.055020287632942214 0.05012600496411325 0.4398646652698516
v 0.05358160287141801 0.049898657947778716 0.4440214931964873
v 0.056033246219158186 0.05801527574658395 0.4233920872211455
v 0.05689842998981477 0.05576859042048456 0.4230782985687255
v 0.05587096139788629 0.058805119246244444 0.41914719343185414
v 0.056033246219158186 0.05801527574658395 0.4233920872211455
v 0.05587096139788629 0.058805119246244444 0.41914719343185414
v 0.054608270525932326 0.06082442030310632 0.4195350110530852
v 0.05420026555657388 0.06153446808457376 0.4153887927532195
v 0.05277451872825624 0.06308355927467348 0.41154292225837696
v 0.052618891000747695 0.0632060468196869 0.4158808887004851
v 0.052618891000747695 0.0632060468196869 0.4158808887004851
v 0.054608270525932326 0.06082442030310632 0.4195350110530852
v 0.05420026555657388 0.06153446808457376 0.4153887927532195
v 0.052618891000747695 0.0632060468196869 0.4158808887004851
v 0.05277451872825624 0.06308355927467348 0.41154292225837696
v 0.05117139220237733 0.06449493765830995 0.4100188612937926
v 0.055932421237230315 -0.07779842615127565 0.43925464153289784
v 0.041484482586383827 -0.07780149579048158 0.46481329202651966
v 0.0578482896089554 -0.07779959589242937 0.42459258437156666
v 0.053642425686121 -0.07760687172412874 0.446315973997116
v 0.053573723882436766 -0.07779300212860109 0.44629159569740284
v 0.055932421237230315 -0.07779842615127565 0.43925464153289784
v 0.050346277654171004 -0.07779300212860109 0.45296350121498097
v 0.041484482586383827 -0.07780149579048158 0.46481329202651966
v 0.055932421237230315 -0.07779842615127565 0.43925464153289784
v 0.050346277654171004 -0.07779300212860109 0.45296350121498097
v 0.055932421237230315 -0.07779842615127565 0.43925464153289784
v 0.053573723882436766 -0.07779300212860109 0.44629159569740284
v 0.036043882369995124 -0.0775851532816887 0.4698076248168944
v 0.041601665318012244 -0.07701759040355684 0.464868128299713
v 0.03612903505563737 -0.07701796293258668 0.4698294699192046
v 0.009135309606790544 -0.07779937237501146 0.4816146492958068
v 0.023324923589825634 -0.07780171930789949 0.4774329364299773
v 0.016361165791749958 -0.07779526710510255 0.4799717664718627
v -0.0521640218794346 -0.07779944688081743 0.4494989216327666
v -0.04411387443542481 -0.0777997598052025 0.46191465854644764
v -0.04852954670786859 -0.07779303938150407 0.4559603929519652
v -0.04852954670786859 -0.07779303938150407 0.4559603929519652
v -0.04857797920703889 -0.07759664952754976 0.45601549744606007
v -0.0521640218794346 -0.07779944688081743 0.4494989216327666
v -0.04857797920703889 -0.07759664952754976 0.45601549744606007
v -0.04852954670786859 -0.07779303938150407 0.4559603929519652
v -0.04411387443542481 -0.0777997598052025 0.46191465854644764
v -0.04857797920703889 -0.07759664952754976 0.45601549744606007
v -0.0486210696399212 -0.07701570540666582 0.4560662209987639
v -0.05225571617484094 -0.07701715081930162 0.4495931565761565
v -0.0056542432866990575 -0.07779523730278017 0.4820570349693297
v -0.020064095035195354 -0.0778002366423607 0.47875455021858204
v 0.0017554662190377717 -0.07780101150274278 0.4823162555694579
v -0.01031905133277178 0.01335204299539328 0.4836299121379851
v -0.0146253751590848 0.013871304690837864 0.482715219259262
v -0.014122281223535541 0.01226468570530415 0.4829052388668059
v -0.01031905133277178 0.01335204299539328 0.4836299121379851
v -0.009995676577091219 0.04203823953866959 0.48030871152877797
v -0.0146253751590848 0.013871304690837864 0.482715219259262
v -0.056840632110834136 -0.07755666971206666 0.4354480504989623
v -0.05691521614789964 -0.07701604813337327 0.43551552295684803
v -0.057797361165285124 -0.07761289179325105 0.4281046986579894
v -0.05680102854967119 -0.07779966294765474 0.43545064330101
v -0.056840632110834136 -0.07755666971206666 0.4354480504989623
v -0.057797361165285124 -0.07761289179325105 0.4281046986579894
v -0.056840632110834136 -0.07755666971206666 0.4354480504989623
v -0.05680102854967119 -0.07779966294765474 0.43545064330101
v -0.05691521614789964 -0.07701604813337327 0.43551552295684803
v -0.05498377978801729 -0.07759927958250047 0.4426669478416442
v -0.05680102854967119 -0.07779966294765474 0.43545064330101
v -0.054924398660659804 -0.07779303938150407 0.44262152910232533
v -0.05498377978801729 -0.07759927958250047 0.4426669478416442
v -0.054924398660659804 -0.07779303938150407 0.44262152910232533
v -0.0521640218794346 -0.07779944688081743 0.4494989216327666
v -0.05498377978801729 -0.07759927958250047 0.4426669478416442
v -0.05503311008214952 -0.07701738923788072 0.44271740317344654
v -0.05691521614789964 -0.07701604813337327 0.43551552295684803
v -0.05680102854967119 -0.07779966294765474 0.43545064330101
v -0.05498377978801729 -0.07759927958250047 0.4426669478416442
v -0.05691521614789964 -0.07701604813337327 0.43551552295684803
v -0.05498377978801729 -0.07759927958250047 0.4426669478416442
v -0.0521640218794346 -0.07779944688081743 0.4494989216327666
v -0.052188590168952956 -0.07756297290325166 0.449542075395584
v -0.05498377978801729 -0.07759927958250047 0.4426669478416442
v -0.052188590168952956 -0.07756297290325166 0.449542075395584
v -0.05225571617484094 -0.07701715081930162 0.4495931565761565
v -0.05225571617484094 -0.07701715081930162 0.4495931565761565
v -0.05503311008214952 -0.07701738923788072 0.44271740317344654
v -0.05498377978801729 -0.07759927958250047 0.4426669478416442
v -0.04617689177393914 0.06131175905466081 -0.01714524999260902
v -0.044412016868591316 0.06211417168378831 -0.016692664474248883
v -0.043165519833564765 0.06089386343955995 -0.021931698545813557
v -0.043165519833564765 0.06089386343955995 -0.021931698545813557
v -0.04556800052523614 0.05932857096195222 -0.022902423515915867
v -0.04617689177393914 0.06131175905466081 -0.01714524999260902
v -0.043165519833564765 0.06089386343955995 -0.021931698545813557
v -0.041873630136251457 0.05912578850984575 -0.02747292816638946
v -0.04556800052523614 0.05932857096195222 -0.022902423515915867
v -0.043165519833564765 0.06089386343955995 -0.021931698545813557
v -0.044412016868591316 0.06211417168378831 -0.016692664474248883
v -0.040229126811027534 0.06189081445336343 -0.021311439573764798
v -0.05096894875168802 0.06152518466114999 -0.008042139932513235
v -0.048652037978172316 0.06234197318553926 -0.009908503852784632
v -0.05004222318530084 0.06095156446099283 -0.01190265733748674
v -0.05096894875168802 0.06152518466114999 -0.008042139932513235
v -0.05313223227858545 0.06085707992315294 -0.004006786737591027
v -0.051605828106403365 0.062113534659147276 -0.0040904120542109
v -0.05313223227858545 0.06085707992315294 -0.004006786737591027
v -0.05096894875168802 0.06152518466114999 -0.008042139932513235
v -0.05303626507520677 0.05974669009447099 -0.008085422217845915
v -0.04610304161906243 0.06714078038930894 0.4040645360946654
v -0.048243321478366866 0.06622152775526048 0.40461727976799
v -0.048473753035068526 0.06610332429409028 0.4085847735404967
v -0.05313464254140855 0.060857497155666365 0.4279952347278594
v -0.05161636695265771 0.062125530093908324 0.4280050694942473
v -0.05194589123129846 0.0627204477787018 0.4240248203277587
v -0.050197225064039244 0.06509394198656084 0.41233786940574635
v -0.05023507401347162 0.0651189610362053 0.40812784433364857
v -0.05197497829794885 0.06385336071252824 0.4117703139781951
v -0.050197225064039244 0.06509394198656084 0.41233786940574635
v -0.048473753035068526 0.06610332429409028 0.4085847735404967
v -0.05023507401347162 0.0651189610362053 0.40812784433364857
v -0.05072005465626718 0.06452529132366182 0.41624099016189564
v -0.050197225064039244 0.06509394198656084 0.41233786940574635
v -0.05260540917515756 0.0632201060652733 0.4157872200012206
v -0.050197225064039244 0.06509394198656084 0.41233786940574635
v -0.05197497829794885 0.06385336071252824 0.4117703139781951
v -0.05260540917515756 0.0632201060652733 0.4157872200012206
v 0.02686168253421784 0.04612549766898156 0.4739185869693755
v 0.022792683914303783 0.04293173179030419 0.4764433503150939
v 0.027428619563579566 0.04336014389991761 0.4741823971271514
v 0.01739601790904999 0.05029354244470598 0.475860834121704
v 0.013622519560158256 0.04851345717906953 0.4778013229370116
v 0.01808775588870049 0.04719021171331407 0.47713974118232716
v 0.00721977883949876 0.01350834779441357 0.48405200242996205
v 0.0088305426761508 0.04203136265277863 0.48049452900886525
v 0.004700811579823495 0.04245074838399888 0.4809204638004302
v 0.04660420864820481 0.02222516015172005 0.4623523950576781
v 0.048917494714260115 0.023624509572982795 0.4593181610107421
v 0.044245939701795585 0.04607683420181275 0.46025145053863514
v 0.04230530187487603 0.019052479416131977 0.46717292070388783
v 0.041601665318012244 -0.07701759040355684 0.464868128299713
v 0.04572000354528428 0.020691571757197384 0.4634999632835387
v 0.044245939701795585 0.04607683420181275 0.46025145053863514
v 0.048917494714260115 0.023624509572982795 0.4593181610107421
v 0.04709707945585252 0.046887639909982695 0.4564760625362395
v 0.05221886187791826 0.025739446282386787 0.45414111018180836
v 0.04709707945585252 0.046887639909982695 0.4564760625362395
v 0.048917494714260115 0.023624509572982795 0.4593181610107421
v 0.04709707945585252 0.046887639909982695 0.4564760625362395
v 0.05221886187791826 0.025739446282386787 0.45414111018180836
v 0.0496216155588627 0.04764876887202264 0.4525066912174224
v 0.04263710230588914 0.0469239577651024 0.4619077146053313
v 0.04660420864820481 0.02222516015172005 0.4623523950576781
v 0.044245939701795585 0.04607683420181275 0.46025145053863514
v -0.002106537111103535 0.05689531192183496 0.47183290123939503
v -0.009828989394009115 0.056073721498250975 0.47232618927955616
v -0.0020330545958131556 0.05594170093536378 0.4732379913330077
v -0.009654643014073374 0.05702168494462968 0.47094029188156117
v -0.009828989394009115 0.056073721498250975 0.47232618927955616
v -0.002106537111103535 0.05689531192183496 0.47183290123939503
v -0.006113636307418348 0.0581597611308098 0.46924954652786244
v 0.0013233214849606159 0.05820089951157571 0.46944567561149586
v 0.0015421693678945307 0.05907460674643518 0.46711909770965565
v -0.010774482972919943 0.059241764247417464 0.46581384539604176
v -0.006113636307418348 0.0581597611308098 0.46924954652786244
v 0.0015421693678945307 0.05907460674643518 0.46711909770965565
v -0.009654643014073374 0.05702168494462968 0.47094029188156117
v -0.002106537111103535 0.05689531192183496 0.47183290123939503
v -0.006113636307418348 0.0581597611308098 0.46924954652786244
v -0.006113636307418348 0.0581597611308098 0.46924954652786244
v -0.002106537111103535 0.05689531192183496 0.47183290123939503
v 0.0013233214849606159 0.05820089951157571 0.46944567561149586
v 0.008625702932476999 0.05147982761263849 0.47700530290603627
v 0.008165952749550344 0.0542571432888508 0.4747039973735808
v 0.004298489540815354 0.05139785259962083 0.47752195596694935
v -4.122772224945948e-05 0.04983555153012277 0.4786638021469115
v 0.004298489540815354 0.05139785259962083 0.47752195596694935
v -2.230634345323779e-05 0.05208949372172357 0.4771423041820525
v 0.012200889177620414 0.05437544733285905 0.47391262650489796
v 0.008165952749550344 0.0542571432888508 0.4747039973735808
v 0.008625702932476999 0.05147982761263849 0.47700530290603627
v 0.016554789617657665 0.05739281326532365 0.4689008593559264
v 0.015728881582617763 0.05852251127362253 0.4669159948825835
v 0.009254542179405691 0.05713495239615442 0.4708208739757537
v 0.008755572140216829 0.058283530175685896 0.46871203184127797
v 0.009254542179405691 0.05713495239615442 0.4708208739757537
v 0.015728881582617763 0.05852251127362253 0.4669159948825835
v 0.0015421693678945307 0.05907460674643518 0.46711909770965565
v 0.0013233214849606159 0.05820089951157571 0.46944567561149586
v 0.008755572140216829 0.058283530175685896 0.46871203184127797
v 0.008755572140216829 0.058283530175685896 0.46871203184127797
v 0.01623843982815743 0.05946588143706323 0.46417635679244984
v 0.0015421693678945307 0.05907460674643518 0.46711909770965565
v 0.008755572140216829 0.058283530175685896 0.46871203184127797
v 0.015728881582617763 0.05852251127362253 0.4669159948825835
v 0.01623843982815743 0.05946588143706323 0.46417635679244984
v 0.03360369801521302 0.06019372493028642 0.45546376705169667
v 0.0400795303285122 0.06019636988639833 0.45080116391181935
v 0.03566414117813111 0.06103333085775377 0.4515472352504729
v 0.03360369801521302 0.06019372493028642 0.45546376705169667
v 0.03809891641139985 0.05899550765752794 0.4551553726196288
v 0.0400795303285122 0.06019636988639833 0.45080116391181935
v 0.03360369801521302 0.06019372493028642 0.45546376705169667
v 0.028130870312452323 0.060348287224769606 0.457609325647354
v 0.031245114281773574 0.05988624691963197 0.4576127231121062
v 0.03566414117813111 0.06103333085775377 0.4515472352504729
v 0.028130870312452323 0.060348287224769606 0.457609325647354
v 0.03360369801521302 0.06019372493028642 0.45546376705169667
v 0.025975694879889495 0.059193391352891936 0.4620133638381957
v 0.031245114281773574 0.05988624691963197 0.4576127231121062
v 0.028130870312452323 0.060348287224769606 0.457609325647354
v 0.025975694879889495 0.059193391352891936 0.4620133638381957
v 0.02374238148331643 0.0577189475297928 0.4659346342086791
v 0.0303254034370184 0.05817604809999467 0.46193334460258473
v -0.04562440142035485 0.06507835537195207 0.42327603697776783
v -0.041279997676610954 0.06323958188295366 0.43735161423683155
v -0.03732804581522942 0.0689380168914795 0.3941337466239928
v -0.03732804581522942 0.0689380168914795 0.3941337466239928
v -0.03901347517967225 0.06896645575761796 0.39303117990493763
v -0.043012131005525596 0.0680065080523491 0.4005043804645537
v -0.043012131005525596 0.0680065080523491 0.4005043804645537
v -0.03901347517967225 0.06896645575761796 0.39303117990493763
v -0.039907477796077735 0.06886769831180574 0.3929103910923003
v -0.043012131005525596 0.0680065080523491 0.4005043804645537
v -0.04366863891482354 0.06794394552707674 0.3981332182884215
v -0.04610304161906243 0.06714078038930894 0.4040645360946654
v -0.04366863891482354 0.06794394552707674 0.3981332182884215
v -0.043012131005525596 0.0680065080523491 0.4005043804645537
v -0.039907477796077735 0.06886769831180574 0.3929103910923003
v -0.04123447835445405 0.06125842034816743 0.44675245881080616
v -0.041778497397899635 0.062488734722137465 0.4415249526500701
v -0.0442241095006466 0.062083695083856597 0.4409683346748351
v -0.03359058871865273 0.060970727354288115 0.4528883397579192
v -0.041778497397899635 0.062488734722137465 0.4415249526500701
v -0.04123447835445405 0.06125842034816743 0.44675245881080616
v -0.02188338525593281 0.07110407203435899 0.047354761511087404
v -0.018198693171143535 0.07136414200067522 0.3752740919589995
v -0.010745664127171041 0.07169466465711595 0.05125431716442107
v -0.025773191824555404 0.07080980390310289 0.044234495609998696
v -0.02188338525593281 0.07110407203435899 0.047354761511087404
v -0.010745664127171041 0.07169466465711595 0.05125431716442107
v -0.024210328236222274 0.07093109935522081 0.37877556681632985
v -0.018198693171143535 0.07136414200067522 0.3752740919589995
v -0.02188338525593281 0.07110407203435899 0.047354761511087404
v -0.02188338525593281 0.07110407203435899 0.047354761511087404
v -0.025773191824555404 0.07080980390310289 0.044234495609998696
v -0.024210328236222274 0.07093109935522081 0.37877556681632985
v -0.03900697827339173 0.06898102164268495 0.030659070238471024
v -0.025773191824555404 0.07080980390310289 0.044234495609998696
v -0.04266172274947167 0.06793624162673952 0.022405326366424557
v -0.035460945218801505 0.06890124827623369 0.02967200987040996
v -0.025773191824555404 0.07080980390310289 0.044234495609998696
v 0.01449394412338734 0.07154153287410737 0.04975207522511481
v -0.025773191824555404 0.07080980390310289 0.044234495609998696
v -0.035460945218801505 0.06890124827623369 0.02967200987040996
v -0.04266172274947167 0.06793624162673952 0.022405326366424557
v -0.028131423518061645 0.06034827604889871 -0.03361869603395461
v -0.035608764737844474 0.06105376780033113 -0.02750159800052642
v -0.03926241397857667 0.06259613484144212 -0.01822308078408241
v -0.03926241397857667 0.06259613484144212 -0.01822308078408241
v -0.035608764737844474 0.06105376780033113 -0.02750159800052642
v -0.040229126811027534 0.06189081445336343 -0.021311439573764798
v 0.03179601952433587 0.07009634375572206 0.3851439654827117
v 0.044633515179157264 0.06728278845548631 0.40654510259628285
v 0.03892897441983224 0.06898666918277742 0.3933064639568328
v 0.044633515179157264 0.06728278845548631 0.40654510259628285
v 0.04231728985905648 0.06831385195255281 0.39704108238220204
v 0.03892897441983224 0.06898666918277742 0.3933064639568328
v 0.032659336924552924 0.07000547647476198 0.38455212116241444
v 0.03179601952433587 0.07009634375572206 0.3851439654827117
v 0.03892897441983224 0.06898666918277742 0.3933064639568328
v 0.03892897441983224 0.06898666918277742 0.3933064639568328
v 0.03989557921886445 0.06887004524469377 0.031059943139553063
v 0.032659336924552924 0.07000547647476198 0.38455212116241444
v 0.03892897441983224 0.06898666918277742 0.3933064639568328
v 0.04231728985905648 0.06831385195255281 0.39704108238220204
v 0.03989557921886445 0.06887004524469377 0.031059943139553063
v -0.05691521614789964 -0.07701604813337327 0.43551552295684803
v -0.05503311008214952 -0.07701738923788072 0.44271740317344654
v -0.057262748479843154 0.029576431959867484 0.4427146613597869
v -0.056681044399738326 0.05251122266054155 0.4317203164100646
v -0.05679270997643472 0.05486948415637018 0.42742928862571705
v -0.05721317976713182 0.05281220003962518 0.4269781708717345
v -0.056681044399738326 0.05251122266054155 0.4317203164100646
v -0.05721317976713182 0.05281220003962518 0.4269781708717345
v -0.059899102896451964 0.03617288917303086 0.42907384037971485
v -0.04890500381588937 0.02361824922263623 -0.035346135497093194
v -0.05181983113288881 0.024342911317944534 -0.030939908698201173
v -0.052218891680240645 0.025739302858710296 -0.03015100955963134
v -0.04890500381588937 0.02361824922263623 -0.035346135497093194
v -0.052218891680240645 0.025739302858710296 -0.03015100955963134
v -0.04709727689623834 0.04688790068030359 -0.03248566016554832
v -0.052218891680240645 0.025739302858710296 -0.03015100955963134
v -0.05462081357836725 0.026480184867978103 -0.025574889034032815
v -0.05505791306495668 0.028166886419057853 -0.024493567645549767
v -0.05505791306495668 0.028166886419057853 -0.024493567645549767
v -0.05462081357836725 0.026480184867978103 -0.025574889034032815
v -0.05654418468475343 0.029456702992320068 -0.020820192992687222
v -0.05505791306495668 0.028166886419057853 -0.024493567645549767
v -0.05654418468475343 0.029456702992320068 -0.020820192992687222
v -0.05358107015490533 0.04994493350386621 -0.020008776336908337
v -0.0559293031692505 0.05716316401958467 -0.0035400292836129657
v -0.05565311759710313 0.05583819374442102 -0.00792037136852741
v -0.05678195506334306 0.05490076541900636 -0.0034312577918171874
v -0.056334331631660475 0.05403992533683778 -0.007773444987833498
v -0.05565311759710313 0.05583819374442102 -0.00792037136852741
v -0.05555954203009607 0.05319868773221971 -0.012050195597112175
v -0.05565311759710313 0.05583819374442102 -0.00792037136852741
v -0.056334331631660475 0.05403992533683778 -0.007773444987833498
v -0.05678195506334306 0.05490076541900636 -0.0034312577918171874
v -0.056334331631660475 0.05403992533683778 -0.007773444987833498
v -0.05689116194844247 0.05198786035180093 -0.006728298030793665
v -0.05678195506334306 0.05490076541900636 -0.0034312577918171874
v -0.05984710901975633 0.036538533866405494 -0.005104288458824157
v -0.05689116194844247 0.05198786035180093 -0.006728298030793665
v -0.056334331631660475 0.05403992533683778 -0.007773444987833498
v -0.0559293031692505 0.05716316401958467 -0.0035400292836129657
v -0.055068504065275206 0.059597775340080275 0.0003716508508659898
v -0.05447471141815187 0.05941214412450792 -0.0038974527269601813
v -0.05613365769386293 0.05105080455541612 -0.011357774026691912
v -0.05555954203009607 0.05319868773221971 -0.012050195597112175
v -0.0550687536597252 0.05002279952168466 -0.015753228217363354
v -0.05613365769386293 0.05105080455541612 -0.011357774026691912
v -0.0550687536597252 0.05002279952168466 -0.015753228217363354
v -0.05907816067337991 0.034043598920106895 -0.011090523563325403
v -0.05613365769386293 0.05105080455541612 -0.011357774026691912
v -0.056334331631660475 0.05403992533683778 -0.007773444987833498
v -0.05555954203009607 0.05319868773221971 -0.012050195597112175
v -0.05613365769386293 0.05105080455541612 -0.011357774026691912
v -0.05907816067337991 0.034043598920106895 -0.011090523563325403
v -0.05984710901975633 0.036538533866405494 -0.005104288458824157
v -0.056334331631660475 0.05403992533683778 -0.007773444987833498
v -0.05613365769386293 0.05105080455541612 -0.011357774026691912
v -0.05984710901975633 0.036538533866405494 -0.005104288458824157
v -0.04918279871344568 0.05007905885577203 -0.028382161632180207
v -0.04709727689623834 0.04688790068030359 -0.03248566016554832
v -0.04963038489222528 0.04764722287654878 -0.028503188863396638
v -0.04963038489222528 0.04764722287654878 -0.028503188863396638
v -0.04709727689623834 0.04688790068030359 -0.03248566016554832
v -0.052218891680240645 0.025739302858710296 -0.03015100955963134
v -0.052218891680240645 0.025739302858710296 -0.03015100955963134
v -0.05505791306495668 0.028166886419057853 -0.024493567645549767
v -0.04963038489222528 0.04764722287654878 -0.028503188863396638
v -0.043808303773403175 0.021026266738772396 -0.041560161858797066
v -0.04660428315401078 0.02222509123384953 -0.03836212307214736
v -0.04265974089503289 0.04673104360699654 -0.037942450493574136
v -0.052069813013076796 -0.07779527455568315 0.3993052840232848
v -0.05487744510173799 -0.07780319452285768 0.40616509318351735
v -0.054501485079526915 -0.06360096484422685 -0.02033901400864124
v -0.052069813013076796 -0.07779527455568315 0.3993052840232848
v -0.054501485079526915 -0.06360096484422685 -0.02033901400864124
v -0.05022884160280229 -0.06360096484422685 -0.02950173430144786
v -0.04841733351349832 -0.07779189199209215 0.3928543925285338
v -0.05022884160280229 -0.06360096484422685 -0.02950173430144786
v -0.044430013746023185 -0.06360096484422685 -0.037783276289701455
v -0.044430013746023185 -0.06360096484422685 -0.037783276289701455
v -0.04397404938936234 -0.07779189199209215 0.3869226872920989
v -0.04841733351349832 -0.07779189199209215 0.3928543925285338
v -0.04841733351349832 -0.07779189199209215 0.3928543925285338
v -0.052069813013076796 -0.07779527455568315 0.3993052840232848
v -0.05022884160280229 -0.06360096484422685 -0.02950173430144786
v -0.04841733351349832 -0.07779189199209215 0.3928543925285338
v -0.04397404938936234 -0.07779189199209215 0.3869226872920989
v -0.05487744510173799 -0.07780319452285768 0.40616509318351735
v -0.052069813013076796 -0.07779527455568315 0.3993052840232848
v -0.04841733351349832 -0.07779189199209215 0.3928543925285338
v -0.05487744510173799 -0.07780319452285768 0.40616509318351735
v -0.02269486710429192 0.04572326689958573 -0.05196035280823706
v -0.02289712801575661 0.042807083576917655 -0.05242296308279036
v -0.027352673932909972 0.04331910982728005 -0.05024018883705138
v -0.02269486710429192 0.04572326689958573 -0.05196035280823706
v -0.027352673932909972 0.04331910982728005 -0.05024018883705138
v -0.026861889287829406 0.04612479731440545 -0.0499284155666828
v -0.02269486710429192 0.04572326689958573 -0.05196035280823706
v -0.018330870196223262 0.04463024809956551 -0.05382072180509566
v -0.02289712801575661 0.042807083576917655 -0.05242296308279036
v -0.024990431964397437 0.05232480168342592 -0.04765228927135466
v -0.02598723769187928 0.049311507493257536 -0.049096755683422075
v -0.029378430917859084 0.051165692508220686 -0.04626254737377166
v -0.02598723769187928 0.049311507493257536 -0.049096755683422075
v -0.02269486710429192 0.04572326689958573 -0.05196035280823706
v -0.026861889287829406 0.04612479731440545 -0.0499284155666828
v -0.004706870298832656 0.048267666250467314 -0.05529167130589484
v -0.004645696841180325 0.04496396705508233 -0.05647090077400206
v -0.009277893230319025 0.0450691506266594 -0.055898036807775484
v -0.009209688752889635 0.04836080223321916 -0.05472793057560919
v -0.004706870298832656 0.048267666250467314 -0.05529167130589484
v -0.009277893230319025 0.0450691506266594 -0.055898036807775484
v -0.004706870298832656 0.048267666250467314 -0.05529167130589484
v -0.004298816435039044 0.05139750242233278 -0.05353190004825591
v 4.1074090404436e-05 0.04983562976121904 -0.0546734109520912
v -0.004706870298832656 0.048267666250467314 -0.05529167130589484
v -0.009209688752889635 0.04836080223321916 -0.05472793057560919
v -0.008626060560345651 0.051479447633028044 -0.05301525443792342
v -0.008626060560345651 0.051479447633028044 -0.05301525443792342
v -0.004298816435039044 0.05139750242233278 -0.05353190004825591
v -0.004706870298832656 0.048267666250467314 -0.05529167130589484
v -0.019070237874984745 0.012915751896798614 -0.05747743323445319
v -0.014668273739516739 0.012322311289608482 -0.058780469000339494
v -0.019836938008666042 -0.06360094994306566 -0.055003549903631196
v -0.019070237874984745 0.012915751896798614 -0.05747743323445319
v -0.019836938008666042 -0.06360094994306566 -0.055003549903631196
v -0.023574028164148338 0.01352508366107941 -0.05578721687197684
v -0.02709725312888623 0.01576885581016541 -0.05407209694385527
v -0.023574028164148338 0.01352508366107941 -0.05578721687197684
v -0.02798485197126866 0.014524848200380806 -0.05368396267294882
v -0.02798485197126866 0.014524848200380806 -0.05368396267294882
v -0.031101211905479438 0.016602870076894764 -0.05185444653034209
v -0.02709725312888623 0.01576885581016541 -0.05407209694385527
v -0.02709725312888623 0.01576885581016541 -0.05407209694385527
v -0.031101211905479438 0.016602870076894764 -0.05185444653034209
v -0.027352673932909972 0.04331910982728005 -0.05024018883705138
v -0.02709725312888623 0.01576885581016541 -0.05407209694385527
v -0.027352673932909972 0.04331910982728005 -0.05024018883705138
v -0.02289712801575661 0.042807083576917655 -0.05242296308279036
v -0.011390008032321932 0.013432388193905357 -0.05943961814045905
v -0.010302680544555189 0.01199031807482243 -0.059696793556213365
v -0.014668273739516739 0.012322311289608482 -0.058780469000339494
v -0.011390008032321932 0.013432388193905357 -0.05943961814045905
v -0.013306166045367721 0.042175058275461204 -0.055623058229684816
v -0.008830163627862932 0.04203105717897416 -0.05650432407855986
v -0.011390008032321932 0.013432388193905357 -0.05943961814045905
v -0.008830163627862932 0.04203105717897416 -0.05650432407855986
v -0.007219975814223291 0.01350851729512215 -0.06006163731217383
v -0.007219975814223291 0.01350851729512215 -0.06006163731217383
v -0.010302680544555189 0.01199031807482243 -0.059696793556213365
v -0.011390008032321932 0.013432388193905357 -0.05943961814045905
v 0.002106489380821586 0.05689532682299615 -0.047842483967542634
v 0.0020329249091446404 0.055941622704267516 -0.04924773797392844
v -0.0037299373652786025 0.05648678913712503 -0.04840707033872603
v 0.002106489380821586 0.05689532682299615 -0.047842483967542634
v -0.0037299373652786025 0.05648678913712503 -0.04840707033872603
v -0.001323672477155924 0.05820094794034959 -0.04545521736145019
v 0.006113491021096708 0.05815972387790681 -0.04525929689407348
v 0.002106489380821586 0.05689532682299615 -0.047842483967542634
v -0.001323672477155924 0.05820094794034959 -0.04545521736145019
v -0.004058050923049451 0.054185625165700926 -0.05119262635707854
v 6.17675468674861e-05 0.05416203290224077 -0.051350865513086305
v 2.217583823949099e-05 0.05208946764469148 -0.0531519055366516
v 2.217583823949099e-05 0.05208946764469148 -0.0531519055366516
v -0.004298816435039044 0.05139750242233278 -0.05353190004825591
v -0.004058050923049451 0.054185625165700926 -0.05119262635707854
v 2.217583823949099e-05 0.05208946764469148 -0.0531519055366516
v 4.1074090404436e-05 0.04983562976121904 -0.0546734109520912
v -0.004298816435039044 0.05139750242233278 -0.05353190004825591
v -0.01739580556750298 0.050293840467929854 -0.051870461553335176
v -0.012872106395661834 0.05161461234092714 -0.05216373130679129
v -0.013622337952256206 0.04851373657584192 -0.05381100252270697
v -0.01739580556750298 0.050293840467929854 -0.051870461553335176
v -0.01660433039069176 0.0532219633460045 -0.04996659234166144
v -0.012872106395661834 0.05161461234092714 -0.05216373130679129
v -0.012200834229588512 0.05437565222382547 -0.04992210492491721
v -0.00816643424332142 0.054257057607173934 -0.050713654607534395
v -0.008626060560345651 0.051479447633028044 -0.05301525443792342
v -0.00816643424332142 0.054257057607173934 -0.050713654607534395
v -0.004298816435039044 0.05139750242233278 -0.05353190004825591
v -0.008626060560345651 0.051479447633028044 -0.05301525443792342
v -0.004058050923049451 0.054185625165700926 -0.05119262635707854
v -0.004298816435039044 0.05139750242233278 -0.05353190004825591
v -0.00816643424332142 0.054257057607173934 -0.050713654607534395
v -0.009565344080328943 0.05614748597145082 -0.04827940836548804
v -0.004058050923049451 0.054185625165700926 -0.05119262635707854
v -0.00816643424332142 0.054257057607173934 -0.050713654607534395
v -0.00816643424332142 0.054257057607173934 -0.050713654607534395
v -0.012200834229588512 0.05437565222382547 -0.04992210492491721
v -0.009565344080328943 0.05614748597145082 -0.04827940836548804
v -0.01565709710121155 0.05573556944727899 -0.04757652431726454
v -0.016603639349341396 0.05740834027528764 -0.04487808421254157
v -0.009565344080328943 0.05614748597145082 -0.04827940836548804
v -0.009565344080328943 0.05614748597145082 -0.04827940836548804
v -0.012200834229588512 0.05437565222382547 -0.04992210492491721
v -0.01565709710121155 0.05573556944727899 -0.04757652431726454
v -0.01565709710121155 0.05573556944727899 -0.04757652431726454
v -0.020771881565451625 0.05647373199462892 -0.04502299800515174
v -0.016603639349341396 0.05740834027528764 -0.04487808421254157
v -0.01565709710121155 0.05573556944727899 -0.04757652431726454
v -0.012200834229588512 0.05437565222382547 -0.04992210492491721
v -0.01660433039069176 0.0532219633460045 -0.04996659234166144
v -0.015694467350840572 0.058516409248113646 -0.04294870048761367
v -0.016603639349341396 0.05740834027528764 -0.04487808421254157
v -0.021653529256582264 0.058911614120006575 -0.04031275957822799
v -0.015694467350840572 0.058516409248113646 -0.04294870048761367
v -0.009355301037430765 0.05707222223281862 -0.046914823353290544
v -0.016603639349341396 0.05740834027528764 -0.04487808421254157
v -0.015694467350840572 0.058516409248113646 -0.04294870048761367
v -0.008737253956496717 0.05830287188291551 -0.04467507451772689
v -0.009355301037430765 0.05707222223281862 -0.046914823353290544
v -0.030324960127472884 0.0480942912399769 -0.04734195768833159
v -0.02598723769187928 0.049311507493257536 -0.049096755683422075
v -0.026861889287829406 0.04612479731440545 -0.0499284155666828
v -0.029378430917859084 0.051165692508220686 -0.04626254737377166
v -0.02598723769187928 0.049311507493257536 -0.049096755683422075
v -0.030324960127472884 0.0480942912399769 -0.04734195768833159
v -0.03311702236533166 0.051437642425298705 -0.043800733983516686
v -0.03256769105792046 0.0534077398478985 -0.04259254410862922
v -0.029378430917859084 0.051165692508220686 -0.04626254737377166
v -0.029378430917859084 0.051165692508220686 -0.04626254737377166
v -0.030324960127472884 0.0480942912399769 -0.04734195768833159
v -0.03311702236533166 0.051437642425298705 -0.043800733983516686
v -0.03311702236533166 0.051437642425298705 -0.043800733983516686
v -0.030324960127472884 0.0480942912399769 -0.04734195768833159
v -0.034454181790351875 0.04849011823534967 -0.04449708387255668
v -0.03256769105792046 0.0534077398478985 -0.04259254410862922
v -0.03311702236533166 0.051437642425298705 -0.043800733983516686
v -0.04306671768426896 0.0531459078192711 -0.03413013368844985
v -0.028033943846821792 0.054053097963333144 -0.044681411236524575
v -0.024990431964397437 0.05232480168342592 -0.04765228927135466
v -0.029378430917859084 0.051165692508220686 -0.04626254737377166
v -0.03256769105792046 0.0534077398478985 -0.04259254410862922
v -0.028033943846821792 0.054053097963333144 -0.044681411236524575
v -0.029378430917859084 0.051165692508220686 -0.04626254737377166
v -0.02374717220664025 0.05500170215964319 -0.04571452364325523
v -0.024990431964397437 0.05232480168342592 -0.04765228927135466
v -0.028033943846821792 0.054053097963333144 -0.044681411236524575
v -0.04179503023624421 0.055288981646299376 -0.03329527005553245
v -0.03256769105792046 0.0534077398478985 -0.04259254410862922
v -0.04306671768426896 0.0531459078192711 -0.03413013368844985
v -0.04179503023624421 0.055288981646299376 -0.03329527005553245
v -0.04312409460544587 0.05620374903082849 -0.03088547103106975
v -0.040698006749153144 0.05651694908738138 -0.03279750794172286
v -0.04009849578142167 0.05768654495477678 -0.03176691755652427
v -0.031184146180748946 0.05602783337235452 -0.04068586602807044
v -0.040698006749153144 0.05651694908738138 -0.03279750794172286
v -0.03843930736184121 0.05862543731927873 -0.031517408788204186
v -0.04009849578142167 0.05768654495477678 -0.03176691755652427
v -0.041873630136251457 0.05912578850984575 -0.02747292816638946
v -0.04009849578142167 0.05768654495477678 -0.03176691755652427
v -0.030627012252807624 0.05713799968361856 -0.03948769718408584
v -0.031184146180748946 0.05602783337235452 -0.04068586602807044
v -0.04009849578142167 0.05768654495477678 -0.03176691755652427
v -0.03843930736184121 0.05862543731927873 -0.031517408788204186
v -0.030627012252807624 0.05713799968361856 -0.03948769718408584
v -0.040698006749153144 0.05651694908738138 -0.03279750794172286
v -0.04312409460544587 0.05620374903082849 -0.03088547103106975
v -0.04009849578142167 0.05768654495477678 -0.03176691755652427
v -0.03081111982464791 0.04572739079594613 -0.0478081814944744
v -0.026861889287829406 0.04612479731440545 -0.0499284155666828
v -0.027352673932909972 0.04331910982728005 -0.05024018883705138
v -0.027352673932909972 0.04331910982728005 -0.05024018883705138
v -0.03163477405905724 0.04381330683827401 -0.04767091572284697
v -0.03081111982464791 0.04572739079594613 -0.0478081814944744
v -0.03081111982464791 0.04572739079594613 -0.0478081814944744
v -0.030324960127472884 0.0480942912399769 -0.04734195768833159
v -0.026861889287829406 0.04612479731440545 -0.0499284155666828
v -0.03081111982464791 0.04572739079594613 -0.0478081814944744
v -0.03163477405905724 0.04381330683827401 -0.04767091572284697
v -0.034531928598880775 0.04519163817167283 -0.04545965045690536
v -0.034454181790351875 0.04849011823534967 -0.04449708387255668
v -0.03081111982464791 0.04572739079594613 -0.0478081814944744
v -0.034531928598880775 0.04519163817167283 -0.04545965045690536
v -0.03081111982464791 0.04572739079594613 -0.0478081814944744
v -0.034454181790351875 0.04849011823534967 -0.04449708387255668
v -0.030324960127472884 0.0480942912399769 -0.04734195768833159
v -0.034531928598880775 0.04519163817167283 -0.04545965045690536
v -0.03565207496285439 0.01785909198224545 -0.048811078071594224
v -0.0391298569738865 0.01936656422913075 -0.0459984466433525
v -0.03834784030914307 0.04518678411841393 -0.0423968955874443
v -0.034531928598880775 0.04519163817167283 -0.04545965045690536
v -0.0391298569738865 0.01936656422913075 -0.0459984466433525
v -0.0391298569738865 0.01936656422913075 -0.0459984466433525
v -0.036176245659589774 0.0167579147964716 -0.04848987236618994
v -0.039723359048366554 0.017927670851349834 -0.04560368508100509
v -0.0391298569738865 0.01936656422913075 -0.0459984466433525
v -0.03565207496285439 0.01785909198224545 -0.048811078071594224
v -0.036176245659589774 0.0167579147964716 -0.04848987236618994
v -0.04230431094765664 0.019051924347877506 -0.04318374022841453
v -0.0391298569738865 0.01936656422913075 -0.0459984466433525
v -0.039723359048366554 0.017927670851349834 -0.04560368508100509
v -0.043808303773403175 0.021026266738772396 -0.041560161858797066
v -0.03834784030914307 0.04518678411841393 -0.0423968955874443
v -0.0391298569738865 0.01936656422913075 -0.0459984466433525
v -0.0391298569738865 0.01936656422913075 -0.0459984466433525
v -0.04230431094765664 0.019051924347877506 -0.04318374022841453
v -0.043808303773403175 0.021026266738772396 -0.041560161858797066
v 0.036141391843557365 -0.07779300957918169 0.3793354630470275
v 0.041620358824729926 -0.07779524475336076 0.3843252956867217
v 0.030070118606090553 -0.0777929872274399 0.3750845193862914
v 0.036141391843557365 -0.07779300957918169 0.3793354630470275
v 0.030070118606090553 -0.0777929872274399 0.3750845193862914
v 0.028999598696827895 -0.06360093504190446 -0.05073091015219687
v 0.02350511401891709 -0.07779299467802049 0.3716448545455932
v 0.030070118606090553 -0.0777929872274399 0.3750845193862914
v 0.016553945839405063 -0.07779525220394136 0.3690702319145202
v 0.028999598696827895 -0.06360093504190446 -0.05073091015219687
v 0.030070118606090553 -0.0777929872274399 0.3750845193862914
v 0.02350511401891709 -0.07779299467802049 0.3716448545455932
v 0.046021096408367164 0.021911250427365307 -0.03907221555709838
v 0.04486555978655816 0.0461539775133133 -0.035529725253581994
v 0.04868675768375398 0.023664698004722602 -0.03560204803943633
v 0.04868675768375398 0.023664698004722602 -0.03560204803943633
v 0.04486555978655816 0.0461539775133133 -0.035529725253581994
v 0.047625895589590087 0.04692110791802408 -0.03175216540694236
v 0.0464128851890564 -0.07779185473918916 0.389980912208557
v 0.05044506490230562 -0.07779185473918916 0.39619943499565113
v 0.041620358824729926 -0.07779524475336076 0.3843252956867217
v -0.019896758720278743 -0.07780062407255174 0.3701678812503814
v -0.01007148437201977 -0.06360094994306566 -0.057620219886302934
v -0.0127713130787015 -0.07779300212860109 0.36808100342750544
v -0.0127713130787015 -0.07779300212860109 0.36808100342750544
v -0.005452753044664861 -0.07779299467802049 0.36691093444824213
v -0.019896758720278743 -0.07780062407255174 0.3701678812503814
v -0.0127713130787015 -0.07779300212860109 0.36808100342750544
v -0.01007148437201977 -0.06360094994306566 -0.057620219886302934
v -0.005452753044664861 -0.07779299467802049 0.36691093444824213
v 0.010774387046694757 0.05924174562096597 -0.041823562234640115
v 0.006113491021096708 0.05815972387790681 -0.04525929689407348
v -0.001541507313959301 0.059074643999338164 -0.04312861338257789
v -6.168196705402808e-05 0.04484273865818978 -0.056681439280509935
v 0.00448295008391142 0.04490980878472329 -0.0565003603696823
v 0.00026946136495098477 0.041830670088529594 -0.05719171836972235
v 0.00448295008391142 0.04490980878472329 -0.0565003603696823
v 0.005128794349730016 0.041872665286064155 -0.05696938931941985
v 0.00026946136495098477 0.041830670088529594 -0.05719171836972235
v 0.010318890213966371 0.013352038338780407 -0.05963961407542227
v 0.01000944431871176 0.042045794427394874 -0.05631455406546591
v 0.014625396579504017 0.013871290720999244 -0.05872486159205435
v 0.018110441043972973 0.04547573626041413 -0.053698852658271776
v 0.017782105132937435 0.048726201057434096 -0.052592858672142015
v 0.02242298983037472 0.04577018693089486 -0.052056018263101564
v 0.021126445382833484 0.014870989136397842 -0.05667043104767798
v 0.022901305928826336 0.043277174234390266 -0.052354965358972536
v 0.024944731965661056 0.01521995943039656 -0.05511377379298209
v 0.02242298983037472 0.04577018693089486 -0.052056018263101564
v 0.026287868618965156 0.043287783861160285 -0.05080075934529303
v 0.022901305928826336 0.043277174234390266 -0.052354965358972536
v 0.02399063296616078 0.013652829453349117 -0.05560114979743956
v 0.025839630514383323 0.011682415381073953 -0.05464978143572806
v 0.028999598696827895 -0.06360093504190446 -0.05073091015219687
v 0.02399063296616078 0.013652829453349117 -0.05560114979743956
v 0.021126445382833484 0.014870989136397842 -0.05667043104767798
v 0.024944731965661056 0.01521995943039656 -0.05511377379298209
v 0.026553668081760413 0.046122308820486076 -0.05008360370993613
v 0.026287868618965156 0.043287783861160285 -0.05080075934529303
v 0.02242298983037472 0.04577018693089486 -0.052056018263101564
v 0.012835064902901653 0.05836771801114084 -0.04387598484754562
v 0.010774387046694757 0.05924174562096597 -0.041823562234640115
v 0.019401278346776966 0.05875288322567941 -0.04142233356833457
v 0.010774387046694757 0.05924174562096597 -0.041823562234640115
v 0.012835064902901653 0.05836771801114084 -0.04387598484754562
v 0.006113491021096708 0.05815972387790681 -0.04525929689407348
v 0.02648476883769036 0.057615101337432875 -0.04095558822154998
v 0.02273853681981564 0.05718079954385759 -0.043243113905191415
v 0.019401278346776966 0.05875288322567941 -0.04142233356833457
v 0.041288595646619804 0.06324349343776704 -0.013334244489669796
v 0.029361600056290633 0.06110683083534242 -0.029575640335679047
v 0.0375276766717434 0.06893952190876008 0.029864247888326638
v 0.050789531320333495 0.06449131667613985 0.007857278920710085
v 0.05095530301332475 0.06394422799348833 0.003784197149798273
v 0.048845827579498305 0.06511790305376054 0.005438948515802621
v 0.05095530301332475 0.06394422799348833 0.003784197149798273
v 0.04985721409320833 0.06394330412149431 0.0001484918320784345
v 0.048845827579498305 0.06511790305376054 0.005438948515802621
v 0.05066545680165292 0.06480031460523607 0.01172375492751598
v 0.0526053123176098 0.06322008371353151 0.008203040808439253
v 0.050789531320333495 0.06449131667613985 0.007857278920710085
v 0.054836139082908644 0.06060201302170755 0.00890541262924671
v 0.05538827553391458 0.059598527848720564 0.4149284064769744
v 0.05587096139788629 0.058805119246244444 0.41914719343185414
v 0.054836139082908644 0.06060201302170755 0.00890541262924671
v 0.05420026555657388 0.06153446808457376 0.4153887927532195
v 0.05538827553391458 0.059598527848720564 0.4149284064769744
v -0.060095064342021956 0.03797783702611924 -0.0004513239546213298
v -0.060008406639099135 0.03923571854829789 0.0019654578063637014
v -0.05722483620047571 0.05294438078999521 -0.0025864369235932823
v -0.060008406639099135 0.03923571854829789 0.0019654578063637014
v -0.05689729377627374 0.0557728447020054 0.0009129745885729788
v -0.05722483620047571 0.05294438078999521 -0.0025864369235932823
v -0.05722483620047571 0.05294438078999521 -0.0025864369235932823
v -0.05689729377627374 0.0557728447020054 0.0009129745885729788
v -0.05678195506334306 0.05490076541900636 -0.0034312577918171874
v -0.05722483620047571 0.05294438078999521 -0.0025864369235932823
v -0.05984710901975633 0.036538533866405494 -0.005104288458824157
v -0.060095064342021956 0.03797783702611924 -0.0004513239546213298
v -0.05722483620047571 0.05294438078999521 -0.0025864369235932823
v -0.05678195506334306 0.05490076541900636 -0.0034312577918171874
v -0.05984710901975633 0.036538533866405494 -0.005104288458824157
v -0.014122281223535541 0.01226468570530415 0.4829052388668059
v -0.0146253751590848 0.013871304690837864 0.482715219259262
v -0.018653642386198047 0.012654326856136325 0.48160356283187855
v -0.018653642386198047 0.012654326856136325 0.48160356283187855
v -0.0146253751590848 0.013871304690837864 0.482715219259262
v -0.021062457934021953 0.014590783044695858 0.4807170331478118
v -0.018653642386198047 0.012654326856136325 0.48160356283187855
v -0.012947766110301021 -0.07701761275529863 0.48100003600120533
v -0.014122281223535541 0.01226468570530415 0.4829052388668059
v -0.018653642386198047 0.012654326856136325 0.48160356283187855
v -0.020042141899466518 -0.07701778411865236 0.47888869047164906
v -0.012947766110301021 -0.07701761275529863 0.48100003600120533
v -0.03902765735983849 -0.07701849937438966 0.46735867857933033
v -0.03682884201407433 0.017045931890606884 0.4719524085521697
v -0.04071444645524026 0.01837379485368729 0.4686981141567229
v -0.03682884201407433 0.017045931890606884 0.4719524085521697
v -0.03902765735983849 -0.07701849937438966 0.46735867857933033
v -0.033203661441802985 -0.07701782137155534 0.47201088070869435
v -0.04071444645524026 0.01837379485368729 0.4686981141567229
v -0.0438547395169735 0.01980248093605042 0.4655877947807311
v -0.03902765735983849 -0.07701849937438966 0.46735867857933033
v -0.033175539225339896 -0.0777985453605652 0.4718789756298064
v -0.04411387443542481 -0.0777997598052025 0.46191465854644764
v -0.020064095035195354 -0.0778002366423607 0.47875455021858204
v -0.033203661441802985 -0.07701782137155534 0.47201088070869435
v -0.026854287832975395 -0.07701785862445833 0.4758668243885039
v -0.03307395055890084 0.0158491712063551 0.47466495633125294
v -0.04071444645524026 0.01837379485368729 0.4686981141567229
v -0.03682884201407433 0.017045931890606884 0.4719524085521697
v -0.039324376732110984 0.019344624131917957 0.469853639602661
v -0.039324376732110984 0.019344624131917957 0.469853639602661
v -0.034439336508512504 0.04419569671154023 0.46966996788978566
v -0.03824028745293618 0.044824950397014625 0.4665517807006835
v -0.03385531902313233 0.01763170957565308 0.4740457832813262
v -0.03682884201407433 0.017045931890606884 0.4719524085521697
v -0.03307395055890084 0.0158491712063551 0.47466495633125294
v -0.03385531902313233 0.01763170957565308 0.4740457832813262
v -0.034439336508512504 0.04419569671154023 0.46966996788978566
v -0.039324376732110984 0.019344624131917957 0.469853639602661
v -0.03385531902313233 0.01763170957565308 0.4740457832813262
v -0.039324376732110984 0.019344624131917957 0.469853639602661
v -0.03682884201407433 0.017045931890606884 0.4719524085521697
v -0.03385531902313233 0.01763170957565308 0.4740457832813262
v -0.03307395055890084 0.0158491712063551 0.47466495633125294
v -0.02820220962166787 0.016048120334744457 0.47749406099319447
v -0.021062457934021953 0.014590783044695858 0.4807170331478118
v -0.025340996682643897 0.015323101542890075 0.4789214730262755
v -0.023986862972378738 0.013652463443577293 0.4795933663845061
v -0.023986862972378738 0.013652463443577293 0.4795933663845061
v -0.018653642386198047 0.012654326856136325 0.48160356283187855
v -0.021062457934021953 0.014590783044695858 0.4807170331478118
v -0.018653642386198047 0.012654326856136325 0.48160356283187855
v -0.023986862972378738 0.013652463443577293 0.4795933663845061
v -0.020042141899466518 -0.07701778411865236 0.47888869047164906
v -0.023986862972378738 0.013652463443577293 0.4795933663845061
v -0.026854287832975395 -0.07701785862445833 0.4758668243885039
v -0.020042141899466518 -0.07701778411865236 0.47888869047164906
v -0.04054184257984162 0.05674834549427034 0.4566431641578673
v -0.031235588714480407 0.05621094256639482 0.4643956720829009
v -0.039319843053817756 0.057978015393018736 0.45589590072631825
v -0.04244013875722886 0.05726527422666551 0.45410752296447743
v -0.04054184257984162 0.05674834549427034 0.4566431641578673
v -0.039319843053817756 0.057978015393018736 0.45589590072631825
v -0.02113699540495873 0.0520424358546734 0.47344103455543507
v -0.023811753839254386 0.05500752478837968 0.46967211365699757
v -0.025026112794876106 0.05232869833707811 0.47162434458732594
v -0.025026112794876106 0.05232869833707811 0.47162434458732594
v -0.021977595984935764 0.048993792384862914 0.4749907851219176
v -0.02113699540495873 0.0520424358546734 0.47344103455543507
v -0.020099258050322536 0.05475446209311487 0.47137188911437977
v -0.023811753839254386 0.05500752478837968 0.46967211365699757
v -0.02113699540495873 0.0520424358546734 0.47344103455543507
v -0.026660760864615447 0.05645377188920976 0.4666040837764739
v -0.031235588714480407 0.05621094256639482 0.4643956720829009
v -0.03177381306886674 0.05498873814940454 0.4655390679836272
v -0.04054184257984162 0.05674834549427034 0.4566431641578673
v -0.03177381306886674 0.05498873814940454 0.4655390679836272
v -0.031235588714480407 0.05621094256639482 0.4643956720829009
v -0.013440334238111976 0.04851500689983369 0.47784262895584095
v -0.013645900413393978 0.045235943049192436 0.4789881408214568
v -0.00900709629058838 0.04836224019527437 0.47875043749809254
v -0.00900709629058838 0.04836224019527437 0.47875043749809254
v -0.012919707223773006 0.05161710083484651 0.4761420488357543
v -0.013440334238111976 0.04851500689983369 0.47784262895584095
v 0.004700811579823495 0.04245074838399888 0.4809204638004302
v 0.00017810091958381238 0.013078986667096618 0.48453539609909047
v 0.00721977883949876 0.01350834779441357 0.48405200242996205
v -0.009158165194094183 0.011751452460885051 0.48388588428497303
v -0.00563406851142645 -0.07701763510704042 0.48218894004821766
v -0.0038297995924949655 0.011652078479528429 0.4844626188278197
v -0.009158165194094183 0.011751452460885051 0.48388588428497303
v -0.012947766110301021 -0.07701761275529863 0.48100003600120533
v -0.00563406851142645 -0.07701763510704042 0.48218894004821766
v -0.014122281223535541 0.01226468570530415 0.4829052388668059
v -0.012947766110301021 -0.07701761275529863 0.48100003600120533
v -0.009158165194094183 0.011751452460885051 0.48388588428497303
v -0.009158165194094183 0.011751452460885051 0.48388588428497303
v -0.01031905133277178 0.01335204299539328 0.4836299121379851
v -0.014122281223535541 0.01226468570530415 0.4829052388668059
v -0.017410058528184894 0.05637414380908014 0.47023576498031605
v -0.020099258050322536 0.05475446209311487 0.47137188911437977
v -0.01625141501426697 0.054544061422348036 0.4727814197540282
v -0.01625141501426697 0.054544061422348036 0.4727814197540282
v -0.012280979193747047 0.05437947809696199 0.4738924801349639
v -0.017410058528184894 0.05637414380908014 0.47023576498031605
v -0.017410058528184894 0.05637414380908014 0.47023576498031605
v -0.012280979193747047 0.05437947809696199 0.4738924801349639
v -0.009828989394009115 0.056073721498250975 0.47232618927955616
v -0.017006034031510357 0.05730296298861505 0.4689217209815978
v -0.017410058528184894 0.05637414380908014 0.47023576498031605
v -0.009654643014073374 0.05702168494462968 0.47094029188156117
v -0.017410058528184894 0.05637414380908014 0.47023576498031605
v -0.009828989394009115 0.056073721498250975 0.47232618927955616
v -0.009654643014073374 0.05702168494462968 0.47094029188156117
v 0.00470682280138135 0.04826789349317552 0.4792818725109099
v 0.004298489540815354 0.05139785259962083 0.47752195596694935
v -4.122772224945948e-05 0.04983555153012277 0.4786638021469115
v 0.00470682280138135 0.04826789349317552 0.4792818725109099
v 0.009209547191858293 0.04836024343967439 0.4787185490131377
v 0.008625702932476999 0.05147982761263849 0.47700530290603627
v 0.008625702932476999 0.05147982761263849 0.47700530290603627
v 0.004298489540815354 0.05139785259962083 0.47752195596694935
v 0.00470682280138135 0.04826789349317552 0.4792818725109099
v -2.3734948626952253e-05 0.04739906638860704 0.47982075810432423
v -4.122772224945948e-05 0.04983555153012277 0.4786638021469115
v -0.004537199158221484 0.04826881736516954 0.4792974889278411
v -2.3734948626952253e-05 0.04739906638860704 0.47982075810432423
v 0.00470682280138135 0.04826789349317552 0.4792818725109099
v -4.122772224945948e-05 0.04983555153012277 0.4786638021469115
v -0.008230938576161863 0.05425885692238809 0.4746950268745421
v -0.009828989394009115 0.056073721498250975 0.47232618927955616
v -0.012280979193747047 0.05437947809696199 0.4738924801349639
v -0.008230938576161863 0.05425885692238809 0.4746950268745421
v -0.004157023504376412 0.054186545312404646 0.475177377462387
v -0.009828989394009115 0.056073721498250975 0.47232618927955616
v -0.008230938576161863 0.05425885692238809 0.4746950268745421
v -0.00436462787911296 0.05139858275651933 0.47751885652542103
v -0.004157023504376412 0.054186545312404646 0.475177377462387
v -2.230634345323779e-05 0.05208949372172357 0.4771423041820525
v 0.004298489540815354 0.05139785259962083 0.47752195596694935
v 0.004058379214257003 0.054185628890991225 0.4751829504966735
v 0.004058379214257003 0.054185628890991225 0.4751829504966735
v 0.004298489540815354 0.05139785259962083 0.47752195596694935
v 0.008165952749550344 0.0542571432888508 0.4747039973735808
v 0.004058379214257003 0.054185628890991225 0.4751829504966735
v 0.008165952749550344 0.0542571432888508 0.4747039973735808
v 0.005801753606647254 0.055983498692512526 0.47294673323631276
v -0.021977595984935764 0.048993792384862914 0.4749907851219176
v -0.01778201572597027 0.04872578009963037 0.47658345103263844
v -0.02113699540495873 0.0520424358546734 0.47344103455543507
v -0.01811054535210133 0.045475572347641 0.4776892066001891
v -0.013440334238111976 0.04851500689983369 0.47784262895584095
v -0.01778201572597027 0.04872578009963037 0.47658345103263844
v -0.022423027083277706 0.045771062374115 0.4760460853576659
v -0.018520146608352665 0.043000727891922004 0.47803738713264454
v -0.01811054535210133 0.045475572347641 0.4776892066001891
v -0.018520146608352665 0.043000727891922004 0.47803738713264454
v -0.022423027083277706 0.045771062374115 0.4760460853576659
v -0.022901348769664768 0.043277468532323844 0.47634530067443837
v -0.01811054535210133 0.045475572347641 0.4776892066001891
v -0.01778201572597027 0.04872578009963037 0.47658345103263844
v -0.022423027083277706 0.045771062374115 0.4760460853576659
v -0.022423027083277706 0.045771062374115 0.4760460853576659
v -0.01778201572597027 0.04872578009963037 0.47658345103263844
v -0.021977595984935764 0.048993792384862914 0.4749907851219176
v 0.05607273802161218 -0.07701873034238817 0.43920594453811634
v 0.05748557671904565 -0.07701946794986726 0.431980937719345
v 0.059172634035348906 0.03363213315606118 0.4349760115146636
v 0.05986789613962175 0.03504381701350213 0.4297785758972167
v 0.059172634035348906 0.03363213315606118 0.4349760115146636
v 0.05748557671904565 -0.07701946794986726 0.431980937719345
v 0.03809891641139985 0.05899550765752794 0.4551553726196288
v 0.042007766664028175 0.059077594429254546 0.4514203965663909
v 0.0400795303285122 0.06019636988639833 0.45080116391181935
v 0.03809891641139985 0.05899550765752794 0.4551553726196288
v 0.0303254034370184 0.05817604809999467 0.46193334460258473
v 0.0306265838444233 0.05713796988129617 0.4634782373905181
v 0.05343351140618326 0.05495311319828035 0.4402857422828673
v 0.05191186070442201 0.057373773306608214 0.44015929102897633
v 0.05127350613474847 0.05551252141594888 0.4442360699176787
v 0.05191186070442201 0.057373773306608214 0.44015929102897633
v 0.04950431734323503 0.057871621102094664 0.44387701153755177
v 0.05127350613474847 0.05551252141594888 0.4442360699176787
v 0.04658722877502442 0.05551229044795038 0.4516071379184722
v 0.04812024906277658 0.05287607014179231 0.4521350860595702
v 0.04865866899490358 0.056107554584741606 0.4479253292083739
v 0.04950431734323503 0.057871621102094664 0.44387701153755177
v 0.04865866899490358 0.056107554584741606 0.4479253292083739
v 0.05127350613474847 0.05551252141594888 0.4442360699176787
v 0.04490864276885987 0.053660117089748396 0.4556297957897185
v 0.04812024906277658 0.05287607014179231 0.4521350860595702
v 0.04658722877502442 0.05551229044795038 0.4516071379184722
v 0.051264055073261275 0.05081436038017274 0.448456048965454
v 0.05176852643489839 0.048395138233900084 0.4484373331069945
v 0.05358160287141801 0.049898657947778716 0.4440214931964873
v 0.0496216155588627 0.04764876887202264 0.4525066912174224
v 0.05176852643489839 0.048395138233900084 0.4484373331069945
v 0.051264055073261275 0.05081436038017274 0.448456048965454
v 0.05989678204059602 0.03627397865056992 0.42903947830200184
v 0.059172634035348906 0.03363213315606118 0.4349760115146636
v 0.05986789613962175 0.03504381701350213 0.4297785758972167
v 0.05989678204059602 0.03627397865056992 0.42903947830200184
v 0.05986789613962175 0.03504381701350213 0.4297785758972167
v 0.06009194627404214 0.03802009299397469 0.42436224222183216
v 0.05358160287141801 0.049898657947778716 0.4440214931964873
v 0.055020287632942214 0.05012600496411325 0.4398646652698516
v 0.054461374878883376 0.05236694216728212 0.4402567744255065
v 0.05358160287141801 0.049898657947778716 0.4440214931964873
v 0.05506327003240587 0.02817556634545327 0.44846990704536427
v 0.05654404312372209 0.029456807300448425 0.4448105990886687
v 0.05654404312372209 0.029456807300448425 0.4448105990886687
v 0.05751433223485948 0.031005768105387695 0.44175055623054493
v 0.05358160287141801 0.049898657947778716 0.4440214931964873
v 0.05506327003240587 0.02817556634545327 0.44846990704536427
v 0.05462080240249635 0.02648041397333146 0.44956496357917775
v 0.05654404312372209 0.029456807300448425 0.4448105990886687
v 0.05751433223485948 0.031005768105387695 0.44175055623054493
v 0.05654404312372209 0.029456807300448425 0.4448105990886687
v 0.05607273802161218 -0.07701873034238817 0.43920594453811634
v 0.059172634035348906 0.03363213315606118 0.4349760115146636
v 0.055020287632942214 0.05012600496411325 0.4398646652698516
v 0.05802731215953828 0.031473651528358466 0.4400382936000823
v 0.05802731215953828 0.031473651528358466 0.4400382936000823
v 0.055020287632942214 0.05012600496411325 0.4398646652698516
v 0.05751433223485948 0.031005768105387695 0.44175055623054493
v 0.05802731215953828 0.031473651528358466 0.4400382936000823
v 0.05751433223485948 0.031005768105387695 0.44175055623054493
v 0.05607273802161218 -0.07701873034238817 0.43920594453811634
v 0.04883613064885141 0.06589026749134065 0.013502309098839756
v 0.0500999614596367 0.06521082669496538 0.016083957627415654
v 0.05066545680165292 0.06480031460523607 0.01172375492751598
v 0.04883613064885141 0.06589026749134065 0.013502309098839756
v 0.04684333875775338 0.06655100733041765 0.013609762303531166
v 0.04668500646948815 0.06694840639829637 0.02091106958687305
v 0.04883613064885141 0.06589026749134065 0.013502309098839756
v 0.05066545680165292 0.06480031460523607 0.01172375492751598
v 0.050789531320333495 0.06449131667613985 0.007857278920710085
v 0.04684333875775338 0.06655100733041765 0.013609762303531166
v 0.04883613064885141 0.06589026749134065 0.013502309098839756
v 0.048845827579498305 0.06511790305376054 0.005438948515802621
v 0.04883613064885141 0.06589026749134065 0.013502309098839756
v 0.050789531320333495 0.06449131667613985 0.007857278920710085
v 0.048845827579498305 0.06511790305376054 0.005438948515802621
v 0.05556404590606691 0.053186152130365386 0.4360378086566924
v 0.055020287632942214 0.05012600496411325 0.4398646652698516
v 0.056133985519409194 0.05102235451340677 0.4353691041469573
v 0.05556404590606691 0.053186152130365386 0.4360378086566924
v 0.054461374878883376 0.05236694216728212 0.4402567744255065
v 0.055020287632942214 0.05012600496411325 0.4398646652698516
v 0.05048388242721559 -0.07701756805181505 0.4529912173748015
v 0.05462080240249635 0.02648041397333146 0.44956496357917775
v 0.05181974545121194 0.024343054741621024 0.45493018627166737
v 0.023417411372065548 -0.07701613754034044 0.4775223433971404
v 0.023324923589825634 -0.07780171930789949 0.4774329364299773
v 0.023361463099718097 -0.07756517082452775 0.47745659947395314
v 0.03598864004015923 -0.07779848575592042 0.4697795212268828
v 0.023324923589825634 -0.07780171930789949 0.4774329364299773
v 0.041484482586383827 -0.07780149579048158 0.46481329202651966
v 0.036043882369995124 -0.0775851532816887 0.4698076248168944
v 0.03598864004015923 -0.07779848575592042 0.4697795212268828
v 0.041484482586383827 -0.07780149579048158 0.46481329202651966
v 0.04151728749275208 -0.07756483554840089 0.4648347198963164
v 0.036043882369995124 -0.0775851532816887 0.4698076248168944
v 0.041484482586383827 -0.07780149579048158 0.46481329202651966
v 0.041601665318012244 -0.07701759040355684 0.464868128299713
v 0.036043882369995124 -0.0775851532816887 0.4698076248168944
v 0.04151728749275208 -0.07756483554840089 0.4648347198963164
v 0.04151728749275208 -0.07756483554840089 0.4648347198963164
v 0.041484482586383827 -0.07780149579048158 0.46481329202651966
v 0.046316582709550864 -0.0775820016860962 0.4592429697513579
v 0.04151728749275208 -0.07756483554840089 0.4648347198963164
v 0.046316582709550864 -0.0775820016860962 0.4592429697513579
v 0.041601665318012244 -0.07701759040355684 0.464868128299713
v 0.009140748530626299 -0.07756769657135011 0.4816567301750182
v 0.0017554662190377717 -0.07780101150274278 0.4823162555694579
v 0.009135309606790544 -0.07779937237501146 0.4816146492958068
v 0.016385642811656 -0.077593170106411 0.48003092408180226
v 0.016361165791749958 -0.07779526710510255 0.4799717664718627
v 0.023324923589825634 -0.07780171930789949 0.4774329364299773
v 0.016385642811656 -0.077593170106411 0.48003092408180226
v 0.023324923589825634 -0.07780171930789949 0.4774329364299773
v 0.023417411372065548 -0.07701613754034044 0.4775223433971404
v 0.023417411372065548 -0.07701613754034044 0.4775223433971404
v 0.01644636876881123 -0.07701618969440462 0.48008054494857777
v 0.016385642811656 -0.077593170106411 0.48003092408180226
v 0.01644636876881123 -0.07701618969440462 0.48008054494857777
v 0.009198863059282305 -0.07701589167118074 0.4817291498184203
v 0.016385642811656 -0.077593170106411 0.48003092408180226
v 0.009198863059282305 -0.07701589167118074 0.4817291498184203
v 0.009140748530626299 -0.07756769657135011 0.4816567301750182
v 0.016385642811656 -0.077593170106411 0.48003092408180226
v 0.009135309606790544 -0.07779937237501146 0.4816146492958068
v 0.016361165791749958 -0.07779526710510255 0.4799717664718627
v 0.016385642811656 -0.077593170106411 0.48003092408180226
v 0.016385642811656 -0.077593170106411 0.48003092408180226
v 0.009140748530626299 -0.07756769657135011 0.4816567301750182
v 0.009135309606790544 -0.07779937237501146 0.4816146492958068
v 0.030011529102921493 -0.07701701670885087 0.4740890860557555
v 0.036043882369995124 -0.0775851532816887 0.4698076248168944
v 0.03612903505563737 -0.07701796293258668 0.4698294699192046
v -0.05065376684069635 0.023488664999604232 0.45682808756828297
v -0.0486210696399212 -0.07701570540666582 0.4560662209987639
v -0.047827217727899565 0.021756969392299656 0.4608808159828185
v -0.0486210696399212 -0.07701570540666582 0.4560662209987639
v -0.04418132826685906 -0.07701905816793443 0.4620257318019866
v -0.047827217727899565 0.021756969392299656 0.4608808159828185
v -0.04418132826685906 -0.07701905816793443 0.4620257318019866
v -0.0486210696399212 -0.07701570540666582 0.4560662209987639
v -0.04857797920703889 -0.07759664952754976 0.45601549744606007
v -0.04418132826685906 -0.07701905816793443 0.4620257318019866
v -0.03902765735983849 -0.07701849937438966 0.46735867857933033
v -0.0438547395169735 0.01980248093605042 0.4655877947807311
v -0.012947766110301021 -0.07701761275529863 0.48100003600120533
v -0.012967825867235664 -0.0776108205318451 0.48093509674072255
v -0.00563406851142645 -0.07701763510704042 0.48218894004821766
v -0.012967825867235664 -0.0776108205318451 0.48093509674072255
v -0.020042141899466518 -0.07701778411865236 0.47888869047164906
v -0.020064095035195354 -0.0778002366423607 0.47875455021858204
v -0.012967825867235664 -0.0776108205318451 0.48093509674072255
v -0.012947766110301021 -0.07701761275529863 0.48100003600120533
v -0.020042141899466518 -0.07701778411865236 0.47888869047164906
v -0.007033052854239942 0.013301150873303417 0.4841095507144927
v 0.00017810091958381238 0.013078986667096618 0.48453539609909047
v -0.005130240228027106 0.041978314518928535 0.4809494912624358
v -0.007033052854239942 0.013301150873303417 0.4841095507144927
v -0.0038297995924949655 0.011652078479528429 0.4844626188278197
v 0.00017810091958381238 0.013078986667096618 0.48453539609909047
v -0.007033052854239942 0.013301150873303417 0.4841095507144927
v -0.005130240228027106 0.041978314518928535 0.4809494912624358
v -0.009995676577091219 0.04203823953866959 0.48030871152877797
v -0.01031905133277178 0.01335204299539328 0.4836299121379851
v -0.007033052854239942 0.013301150873303417 0.4841095507144927
v -0.009995676577091219 0.04203823953866959 0.48030871152877797
v -0.007033052854239942 0.013301150873303417 0.4841095507144927
v -0.009158165194094183 0.011751452460885051 0.48388588428497303
v -0.0038297995924949655 0.011652078479528429 0.4844626188278197
v -0.009158165194094183 0.011751452460885051 0.48388588428497303
v -0.007033052854239942 0.013301150873303417 0.4841095507144927
v -0.01031905133277178 0.01335204299539328 0.4836299121379851
v -0.040229126811027534 0.06189081445336343 -0.021311439573764798
v -0.035608764737844474 0.06105376780033113 -0.02750159800052642
v -0.0399836078286171 0.060208756476640715 -0.026875905692577355
v -0.0399836078286171 0.060208756476640715 -0.026875905692577355
v -0.043165519833564765 0.06089386343955995 -0.021931698545813557
v -0.040229126811027534 0.06189081445336343 -0.021311439573764798
v -0.0399836078286171 0.060208756476640715 -0.026875905692577355
v -0.03843930736184121 0.05862543731927873 -0.031517408788204186
v -0.041873630136251457 0.05912578850984575 -0.02747292816638946
v -0.043165519833564765 0.06089386343955995 -0.021931698545813557
v -0.0399836078286171 0.060208756476640715 -0.026875905692577355
v -0.041873630136251457 0.05912578850984575 -0.02747292816638946
v -0.04888415709137918 0.0658380687236786 0.013031655922532078
v -0.0468590371310711 0.06688240170478822 0.020584868267178532
v -0.04529815912246705 0.06736171990633012 0.019829720258712765
v -0.047680150717496886 0.06538459658622743 0.004942161962389945
v -0.047225873917341246 0.0643993839621544 -0.0023692403919994827
v -0.04932062327861787 0.06492169946432115 0.005315855145454406
v -0.049677744507789626 0.06360241025686265 -0.0023181184660643335
v -0.04932062327861787 0.06492169946432115 0.005315855145454406
v -0.047225873917341246 0.0643993839621544 -0.0023692403919994827
v -0.049677744507789626 0.06360241025686265 -0.0023181184660643335
v -0.05100912973284723 0.06391564011573793 0.003792257979512214
v -0.04932062327861787 0.06492169946432115 0.005315855145454406
v -0.046997506171464934 0.06307809799909593 -0.009594895876944063
v -0.048652037978172316 0.06234197318553926 -0.009908503852784632
v -0.049677744507789626 0.06360241025686265 -0.0023181184660643335
v -0.049677744507789626 0.06360241025686265 -0.0023181184660643335
v -0.047225873917341246 0.0643993839621544 -0.0023692403919994827
v -0.046997506171464934 0.06307809799909593 -0.009594895876944063
v -0.049677744507789626 0.06360241025686265 -0.0023181184660643335
v -0.05096894875168802 0.06152518466114999 -0.008042139932513235
v -0.051605828106403365 0.062113534659147276 -0.0040904120542109
v -0.048652037978172316 0.06234197318553926 -0.009908503852784632
v -0.05096894875168802 0.06152518466114999 -0.008042139932513235
v -0.049677744507789626 0.06360241025686265 -0.0023181184660643335
v -0.053872704505920424 0.06107149273157121 0.00015152466949075458
v -0.05313223227858545 0.06085707992315294 -0.004006786737591027
v -0.05447471141815187 0.05941214412450792 -0.0038974527269601813
v -0.055068504065275206 0.059597775340080275 0.0003716508508659898
v -0.053872704505920424 0.06107149273157121 0.00015152466949075458
v -0.05447471141815187 0.05941214412450792 -0.0038974527269601813
v -0.05293121933937074 0.0625848099589348 0.41983863711357106
v -0.05072005465626718 0.06452529132366182 0.41624099016189564
v -0.05260540917515756 0.0632201060652733 0.4157872200012206
v -0.05260540917515756 0.0632201060652733 0.4157872200012206
v -0.05460298433899881 0.06083481758832933 0.41946902871131886
v -0.05293121933937074 0.0625848099589348 0.41983863711357106
v 0.022699985653162006 0.04576658084988595 0.4759349524974822
v 0.021920066326856617 0.0489894635975361 0.4750152826309203
v 0.01808775588870049 0.04719021171331407 0.47713974118232716
v 0.021920066326856617 0.0489894635975361 0.4750152826309203
v 0.01739601790904999 0.05029354244470598 0.475860834121704
v 0.01808775588870049 0.04719021171331407 0.47713974118232716
v 0.01808775588870049 0.04719021171331407 0.47713974118232716
v 0.013622519560158256 0.04851345717906953 0.4778013229370116
v 0.013819899410009388 0.045239068567752845 0.47894755005836476
v 0.013819899410009388 0.045239068567752845 0.47894755005836476
v 0.013622519560158256 0.04851345717906953 0.4778013229370116
v 0.009209547191858293 0.04836024343967439 0.4787185490131377
v 0.018262198194861416 0.04259257763624192 0.47818049788475026
v 0.021039245650172237 0.014800322242081169 0.480701982975006
v 0.022792683914303783 0.04293173179030419 0.4764433503150939
v 0.03972331434488297 0.017927544191479686 0.46959397196769703
v 0.04230530187487603 0.019052479416131977 0.46717292070388783
v 0.03913912922143937 0.019339356571435932 0.4699880480766295
v 0.03972331434488297 0.017927544191479686 0.46959397196769703
v 0.03913912922143937 0.019339356571435932 0.4699880480766295
v 0.036175783723592765 0.016757927834987644 0.47248047590255726
v 0.03972331434488297 0.017927544191479686 0.46959397196769703
v 0.036175783723592765 0.016757927834987644 0.47248047590255726
v 0.03612903505563737 -0.07701796293258668 0.4698294699192046
v 0.03972331434488297 0.017927544191479686 0.46959397196769703
v 0.03612903505563737 -0.07701796293258668 0.4698294699192046
v 0.041601665318012244 -0.07701759040355684 0.464868128299713
v 0.03972331434488297 0.017927544191479686 0.46959397196769703
v 0.041601665318012244 -0.07701759040355684 0.464868128299713
v 0.04230530187487603 0.019052479416131977 0.46717292070388783
v -0.011257686652243139 0.05989354103803636 0.4627633988857268
v -0.010774482972919943 0.059241764247417464 0.46581384539604176
v 0.0015421693678945307 0.05907460674643518 0.46711909770965565
v 0.010757860727608206 0.059843029826879515 0.46310919523239125
v -0.011257686652243139 0.05989354103803636 0.4627633988857268
v 0.0015421693678945307 0.05907460674643518 0.46711909770965565
v -0.03732804581522942 0.0689380168914795 0.3941337466239928
v -0.011257686652243139 0.05989354103803636 0.4627633988857268
v 0.0307155977934599 0.0612274967133999 0.4525887668132781
v -0.011257686652243139 0.05989354103803636 0.4627633988857268
v 0.010757860727608206 0.059843029826879515 0.46310919523239125
v 0.0307155977934599 0.0612274967133999 0.4525887668132781
v 0.04666619375348092 0.06550559401512147 0.4194687008857726
v 0.044633515179157264 0.06728278845548631 0.40654510259628285
v 0.04488398507237435 0.06440222263336183 0.42840632796287526
v 0.047800336033105864 0.06646429747343065 0.40650269389152516
v 0.04610823467373849 0.06713906675577165 0.4014335870742797
v 0.04523015022277833 0.06738200783729555 0.40405574440956105
v 0.04668500646948815 0.06694840639829637 0.02091106958687305
v 0.04610823467373849 0.06713906675577165 0.4014335870742797
v 0.047800336033105864 0.06646429747343065 0.40650269389152516
v 0.047800336033105864 0.06646429747343065 0.40650269389152516
v 0.04883613064885141 0.06589026749134065 0.013502309098839756
v 0.04668500646948815 0.06694840639829637 0.02091106958687305
v 0.04246946051716805 0.06310696154832841 0.4378563165664672
v 0.0456182174384594 0.06342443823814393 0.43364638090133656
v 0.04488398507237435 0.06440222263336183 0.42840632796287526
v 0.04246946051716805 0.06310696154832841 0.4378563165664672
v 0.04488398507237435 0.06440222263336183 0.42840632796287526
v 0.0307155977934599 0.0612274967133999 0.4525887668132781
v 0.0307155977934599 0.0612274967133999 0.4525887668132781
v 0.04021881520748139 0.06190484389662744 0.4452565908432006
v 0.04246946051716805 0.06310696154832841 0.4378563165664672
v 0.04729227721691133 0.06439144164323808 0.42632097005844105
v 0.04824398830533029 0.06525054574012758 0.4188832640647887
v 0.04666619375348092 0.06550559401512147 0.4194687008857726
v 0.0456182174384594 0.06342443823814393 0.43364638090133656
v 0.04729227721691133 0.06439144164323808 0.42632097005844105
v 0.04488398507237435 0.06440222263336183 0.42840632796287526
v 0.04729227721691133 0.06439144164323808 0.42632097005844105
v 0.04666619375348092 0.06550559401512147 0.4194687008857726
v 0.04488398507237435 0.06440222263336183 0.42840632796287526
v 0.0037702759727835664 0.05696664378046991 0.47161728143692005
v 0.005801753606647254 0.055983498692512526 0.47294673323631276
v 0.009254542179405691 0.05713495239615442 0.4708208739757537
v 0.0013233214849606159 0.05820089951157571 0.46944567561149586
v -0.002106537111103535 0.05689531192183496 0.47183290123939503
v 0.0037702759727835664 0.05696664378046991 0.47161728143692005
v 0.0037702759727835664 0.05696664378046991 0.47161728143692005
v -0.002106537111103535 0.05689531192183496 0.47183290123939503
v -0.0020330545958131556 0.05594170093536378 0.4732379913330077
v -0.0020330545958131556 0.05594170093536378 0.4732379913330077
v 0.005801753606647254 0.055983498692512526 0.47294673323631276
v 0.0037702759727835664 0.05696664378046991 0.47161728143692005
v 0.008755572140216829 0.058283530175685896 0.46871203184127797
v 0.0037702759727835664 0.05696664378046991 0.47161728143692005
v 0.009254542179405691 0.05713495239615442 0.4708208739757537
v 0.0037702759727835664 0.05696664378046991 0.47161728143692005
v 0.008755572140216829 0.058283530175685896 0.46871203184127797
v 0.0013233214849606159 0.05820089951157571 0.46944567561149586
v 0.012872641906142238 0.051614183932542815 0.47615426778793324
v 0.012200889177620414 0.05437544733285905 0.47391262650489796
v 0.008625702932476999 0.05147982761263849 0.47700530290603627
v 0.012872641906142238 0.051614183932542815 0.47615426778793324
v 0.013622519560158256 0.04851345717906953 0.4778013229370116
v 0.01739601790904999 0.05029354244470598 0.475860834121704
v 0.012872641906142238 0.051614183932542815 0.47615426778793324
v 0.008625702932476999 0.05147982761263849 0.47700530290603627
v 0.009209547191858293 0.04836024343967439 0.4787185490131377
v 0.013622519560158256 0.04851345717906953 0.4778013229370116
v 0.012872641906142238 0.051614183932542815 0.47615426778793324
v 0.009209547191858293 0.04836024343967439 0.4787185490131377
v 0.021696588024497036 0.058909434825181975 0.4642965495586394
v 0.028130870312452323 0.060348287224769606 0.457609325647354
v 0.01623843982815743 0.05946588143706323 0.46417635679244984
v 0.021696588024497036 0.058909434825181975 0.4642965495586394
v 0.025975694879889495 0.059193391352891936 0.4620133638381957
v 0.028130870312452323 0.060348287224769606 0.457609325647354
v 0.01623843982815743 0.05946588143706323 0.46417635679244984
v 0.015728881582617763 0.05852251127362253 0.4669159948825835
v 0.021696588024497036 0.058909434825181975 0.4642965495586394
v 0.025975694879889495 0.059193391352891936 0.4620133638381957
v 0.021696588024497036 0.058909434825181975 0.4642965495586394
v 0.02374238148331643 0.0577189475297928 0.4659346342086791
v 0.021696588024497036 0.058909434825181975 0.4642965495586394
v 0.016554789617657665 0.05739281326532365 0.4689008593559264
v 0.02374238148331643 0.0577189475297928 0.4659346342086791
v 0.015728881582617763 0.05852251127362253 0.4669159948825835
v 0.016554789617657665 0.05739281326532365 0.4689008593559264
v 0.021696588024497036 0.058909434825181975 0.4642965495586394
v 0.031245114281773574 0.05988624691963197 0.4576127231121062
v 0.025975694879889495 0.059193391352891936 0.4620133638381957
v 0.02996011823415757 0.059061877429485335 0.4603768289089202
v 0.02996011823415757 0.059061877429485335 0.4603768289089202
v 0.025975694879889495 0.059193391352891936 0.4620133638381957
v 0.0303254034370184 0.05817604809999467 0.46193334460258473
v 0.02996011823415757 0.059061877429485335 0.4603768289089202
v 0.03360369801521302 0.06019372493028642 0.45546376705169667
v 0.031245114281773574 0.05988624691963197 0.4576127231121062
v 0.02996011823415757 0.059061877429485335 0.4603768289089202
v 0.0303254034370184 0.05817604809999467 0.46193334460258473
v 0.03809891641139985 0.05899550765752794 0.4551553726196288
v 0.03360369801521302 0.06019372493028642 0.45546376705169667
v 0.02996011823415757 0.059061877429485335 0.4603768289089202
v 0.03809891641139985 0.05899550765752794 0.4551553726196288
v -0.04567713662981988 0.06354691088199617 0.43298348784446705
v -0.041778497397899635 0.062488734722137465 0.4415249526500701
v -0.041279997676610954 0.06323958188295366 0.43735161423683155
v -0.04562440142035485 0.06507835537195207 0.42327603697776783
v -0.04567713662981988 0.06354691088199617 0.43298348784446705
v -0.041279997676610954 0.06323958188295366 0.43735161423683155
v -0.04567713662981988 0.06354691088199617 0.43298348784446705
v -0.0442241095006466 0.062083695083856597 0.4409683346748351
v -0.041778497397899635 0.062488734722137465 0.4415249526500701
v -0.04652627184987069 0.0660941004753113 0.4149757623672484
v -0.04562440142035485 0.06507835537195207 0.42327603697776783
v -0.04515283182263375 0.067082017660141 0.40775731205940235
v -0.04515283182263375 0.067082017660141 0.40775731205940235
v -0.043012131005525596 0.0680065080523491 0.4005043804645537
v -0.04610304161906243 0.06714078038930894 0.4040645360946654
v -0.04515283182263375 0.067082017660141 0.40775731205940235
v -0.04562440142035485 0.06507835537195207 0.42327603697776783
v -0.03732804581522942 0.0689380168914795 0.3941337466239928
v -0.03732804581522942 0.0689380168914795 0.3941337466239928
v -0.043012131005525596 0.0680065080523491 0.4005043804645537
v -0.04515283182263375 0.067082017660141 0.40775731205940235
v -0.049647539854049696 0.06285092979669572 0.4298909902572631
v -0.05161636695265771 0.062125530093908324 0.4280050694942473
v -0.050988648086786284 0.06154214963316919 0.4319207668304442
v -0.049647539854049696 0.06285092979669572 0.4298909902572631
v -0.04772736504673959 0.061785470694303526 0.43738892674446095
v -0.04856773465871812 0.0633584037423134 0.42970895767211903
v -0.049647539854049696 0.06285092979669572 0.4298909902572631
v -0.050069730728864684 0.06096835806965829 0.4357810616493224
v -0.04772736504673959 0.061785470694303526 0.43738892674446095
v -0.050988648086786284 0.06154214963316919 0.4319207668304442
v -0.050069730728864684 0.06096835806965829 0.4357810616493224
v -0.049647539854049696 0.06285092979669572 0.4298909902572631
v -0.04983342066407205 0.06393612921237947 0.4239457845687865
v -0.05194589123129846 0.0627204477787018 0.4240248203277587
v -0.05161636695265771 0.062125530093908324 0.4280050694942473
v -0.04983342066407205 0.06393612921237947 0.4239457845687865
v -0.05161636695265771 0.062125530093908324 0.4280050694942473
v -0.049647539854049696 0.06285092979669572 0.4298909902572631
v -0.04983342066407205 0.06393612921237947 0.4239457845687865
v -0.049647539854049696 0.06285092979669572 0.4298909902572631
v -0.04856773465871812 0.0633584037423134 0.42970895767211903
v -0.048011098057031645 0.06612400710582735 0.41144877672195423
v -0.04889502748847009 0.06512834131717683 0.41835656762123097
v -0.04652627184987069 0.0660941004753113 0.4149757623672484
v -0.04610304161906243 0.06714078038930894 0.4040645360946654
v -0.048473753035068526 0.06610332429409028 0.4085847735404967
v -0.048011098057031645 0.06612400710582735 0.41144877672195423
v -0.048473753035068526 0.06610332429409028 0.4085847735404967
v -0.050197225064039244 0.06509394198656084 0.41233786940574635
v -0.048011098057031645 0.06612400710582735 0.41144877672195423
v -0.048011098057031645 0.06612400710582735 0.41144877672195423
v -0.04515283182263375 0.067082017660141 0.40775731205940235
v -0.04610304161906243 0.06714078038930894 0.4040645360946654
v -0.04652627184987069 0.0660941004753113 0.4149757623672484
v -0.04515283182263375 0.067082017660141 0.40775731205940235
v -0.048011098057031645 0.06612400710582735 0.41144877672195423
v -0.048011098057031645 0.06612400710582735 0.41144877672195423
v -0.050197225064039244 0.06509394198656084 0.41233786940574635
v -0.05072005465626718 0.06452529132366182 0.41624099016189564
v -0.048011098057031645 0.06612400710582735 0.41144877672195423
v -0.05072005465626718 0.06452529132366182 0.41624099016189564
v -0.04889502748847009 0.06512834131717683 0.41835656762123097
v -0.04475060477852822 0.06079248338937761 0.44441884756088246
v -0.0442241095006466 0.062083695083856597 0.4409683346748351
v -0.04772736504673959 0.061785470694303526 0.43738892674446095
v -0.04475060477852822 0.06079248338937761 0.44441884756088246
v -0.04086338728666306 0.059855185449123396 0.4508604407310485
v -0.04123447835445405 0.06125842034816743 0.44675245881080616
v -0.04123447835445405 0.06125842034816743 0.44675245881080616
v -0.0442241095006466 0.062083695083856597 0.4409683346748351
v -0.04475060477852822 0.06079248338937761 0.44441884756088246
v -0.03771966323256493 0.06065795943140985 0.4514240324497222
v -0.03359058871865273 0.060970727354288115 0.4528883397579192
v -0.04123447835445405 0.06125842034816743 0.44675245881080616
v -0.03359058871865273 0.060970727354288115 0.4528883397579192
v -0.03771966323256493 0.06065795943140985 0.4514240324497222
v -0.033992737531661994 0.060134232044219985 0.45539724826812733
v -0.03771966323256493 0.06065795943140985 0.4514240324497222
v -0.04123447835445405 0.06125842034816743 0.44675245881080616
v -0.04086338728666306 0.059855185449123396 0.4508604407310485
v -0.04266172274947167 0.06793624162673952 0.022405326366424557
v -0.04529815912246705 0.06736171990633012 0.019829720258712765
v -0.0423174910247326 0.06831378489732744 0.02694928459823131
v -0.0423174910247326 0.06831378489732744 0.02694928459823131
v -0.03900697827339173 0.06898102164268495 0.030659070238471024
v -0.04266172274947167 0.06793624162673952 0.022405326366424557
v -0.0423174910247326 0.06831378489732744 0.02694928459823131
v -0.04529815912246705 0.06736171990633012 0.019829720258712765
v -0.0468590371310711 0.06688240170478822 0.020584868267178532
v -0.0423174910247326 0.06831378489732744 0.02694928459823131
v -0.0468590371310711 0.06688240170478822 0.020584868267178532
v -0.04366863891482354 0.06794394552707674 0.3981332182884215
v -0.039907477796077735 0.06886769831180574 0.3929103910923003
v -0.03900697827339173 0.06898102164268495 0.030659070238471024
v -0.0423174910247326 0.06831378489732744 0.02694928459823131
v -0.0423174910247326 0.06831378489732744 0.02694928459823131
v -0.04366863891482354 0.06794394552707674 0.3981332182884215
v -0.039907477796077735 0.06886769831180574 0.3929103910923003
v -0.025773191824555404 0.07080980390310289 0.044234495609998696
v -0.03900697827339173 0.06898102164268495 0.030659070238471024
v -0.03213171660900117 0.0701333060860634 0.03941718488931655
v -0.032780319452285774 0.07000288367271425 0.3839907646179198
v -0.02585688047111035 0.0707722306251526 0.3786163330078124
v -0.03213171660900117 0.0701333060860634 0.03941718488931655
v -0.02585688047111035 0.0707722306251526 0.3786163330078124
v -0.025773191824555404 0.07080980390310289 0.044234495609998696
v -0.03213171660900117 0.0701333060860634 0.03941718488931655
v -0.03213171660900117 0.0701333060860634 0.03941718488931655
v -0.039907477796077735 0.06886769831180574 0.3929103910923003
v -0.032780319452285774 0.07000288367271425 0.3839907646179198
v -0.03213171660900117 0.0701333060860634 0.03941718488931655
v -0.03900697827339173 0.06898102164268495 0.030659070238471024
v -0.039907477796077735 0.06886769831180574 0.3929103910923003
v 0.01449394412338734 0.07154153287410737 0.04975207522511481
v 0.0375276766717434 0.06893952190876008 0.029864247888326638
v -0.02596296928822995 0.06866782158613206 0.027877291664481156
v -0.02596296928822995 0.06866782158613206 0.027877291664481156
v -0.035460945218801505 0.06890124827623369 0.02967200987040996
v 0.01449394412338734 0.07154153287410737 0.04975207522511481
v -0.04567790403962136 0.06492888927459718 -0.0004495902103371917
v -0.04266172274947167 0.06793624162673952 0.022405326366424557
v -0.035460945218801505 0.06890124827623369 0.02967200987040996
v -0.04567790403962136 0.06492888927459718 -0.0004495902103371917
v -0.035460945218801505 0.06890124827623369 0.02967200987040996
v -0.03926241397857667 0.06259613484144212 -0.01822308078408241
v -0.04567790403962136 0.06492888927459718 -0.0004495902103371917
v -0.047225873917341246 0.0643993839621544 -0.0023692403919994827
v -0.047680150717496886 0.06538459658622743 0.004942161962389945
v -0.03926241397857667 0.06259613484144212 -0.01822308078408241
v -0.025812698528170593 0.06080311909317972 -0.031861968338489526
v -0.028131423518061645 0.06034827604889871 -0.03361869603395461
v -0.05548791214823724 0.027505472302436836 0.4475693702697753
v -0.057262748479843154 0.029576431959867484 0.4427146613597869
v -0.05503311008214952 -0.07701738923788072 0.44271740317344654
v -0.05548791214823724 0.027505472302436836 0.4475693702697753
v -0.05503311008214952 -0.07701738923788072 0.44271740317344654
v -0.05225571617484094 -0.07701715081930162 0.4495931565761565
v -0.05225571617484094 -0.07701715081930162 0.4495931565761565
v -0.0532127544283867 0.025365967303514488 0.452395737171173
v -0.05548791214823724 0.027505472302436836 0.4475693702697753
v -0.05691521614789964 -0.07701604813337327 0.43551552295684803
v -0.05869558826088907 0.03182520344853402 0.43739163875579823
v -0.05961614102125169 0.03428171947598458 0.43202900886535633
v -0.057262748479843154 0.029576431959867484 0.4427146613597869
v -0.05869558826088907 0.03182520344853402 0.43739163875579823
v -0.05691521614789964 -0.07701604813337327 0.43551552295684803
v -0.05181983113288881 0.024342911317944534 -0.030939908698201173
v -0.0490960292518139 0.022620080038905147 -0.03513387963175773
v -0.050820242613554015 0.02116798982024193 -0.03236922249197959
v -0.04890500381588937 0.02361824922263623 -0.035346135497093194
v -0.0490960292518139 0.022620080038905147 -0.03513387963175773
v -0.05181983113288881 0.024342911317944534 -0.030939908698201173
v -0.0490960292518139 0.022620080038905147 -0.03513387963175773
v -0.05022884160280229 -0.06360096484422685 -0.02950173430144786
v -0.050820242613554015 0.02116798982024193 -0.03236922249197959
v -0.0490960292518139 0.022620080038905147 -0.03513387963175773
v -0.044430013746023185 -0.06360096484422685 -0.037783276289701455
v -0.05022884160280229 -0.06360096484422685 -0.02950173430144786
v -0.0490960292518139 0.022620080038905147 -0.03513387963175773
v -0.045858733355999 0.020770980045199398 -0.039345730096101754
v -0.044430013746023185 -0.06360096484422685 -0.037783276289701455
v -0.0490960292518139 0.022620080038905147 -0.03513387963175773
v -0.04660428315401078 0.02222509123384953 -0.03836212307214736
v -0.045858733355999 0.020770980045199398 -0.039345730096101754
v -0.0490960292518139 0.022620080038905147 -0.03513387963175773
v -0.04890500381588937 0.02361824922263623 -0.035346135497093194
v -0.04660428315401078 0.02222509123384953 -0.03836212307214736
v -0.04490879178047181 0.05366018414497377 -0.031639285385608666
v -0.048120282590389266 0.052876111119985594 -0.02814482152462005
v -0.04658729955554009 0.055512245744466795 -0.02761686965823173
v -0.04490879178047181 0.05366018414497377 -0.031639285385608666
v -0.04658729955554009 0.055512245744466795 -0.02761686965823173
v -0.04312409460544587 0.05620374903082849 -0.03088547103106975
v -0.04490879178047181 0.05366018414497377 -0.031639285385608666
v -0.04179503023624421 0.055288981646299376 -0.03329527005553245
v -0.04306671768426896 0.0531459078192711 -0.03413013368844985
v -0.04312409460544587 0.05620374903082849 -0.03088547103106975
v -0.04179503023624421 0.055288981646299376 -0.03329527005553245
v -0.04490879178047181 0.05366018414497377 -0.031639285385608666
v -0.052571658045053496 0.05291955545544626 -0.020395126193761822
v -0.05358107015490533 0.04994493350386621 -0.020008776336908337
v -0.05452390387654306 0.05231324210762979 -0.016143556684255597
v -0.04463590681552888 0.05783094465732576 -0.026808649301528924
v -0.04312409460544587 0.05620374903082849 -0.03088547103106975
v -0.04658729955554009 0.055512245744466795 -0.02761686965823173
v -0.04556800052523614 0.05932857096195222 -0.022902423515915867
v -0.041873630136251457 0.05912578850984575 -0.02747292816638946
v -0.04463590681552888 0.05783094465732576 -0.026808649301528924
v -0.04009849578142167 0.05768654495477678 -0.03176691755652427
v -0.04463590681552888 0.05783094465732576 -0.026808649301528924
v -0.041873630136251457 0.05912578850984575 -0.02747292816638946
v -0.04463590681552888 0.05783094465732576 -0.026808649301528924
v -0.04009849578142167 0.05768654495477678 -0.03176691755652427
v -0.04312409460544587 0.05620374903082849 -0.03088547103106975
v -0.05471177771687509 0.057611223310232176 -0.008028597570955752
v -0.0559293031692505 0.05716316401958467 -0.0035400292836129657
v -0.05447471141815187 0.05941214412450792 -0.0038974527269601813
v -0.0559293031692505 0.05716316401958467 -0.0035400292836129657
v -0.05471177771687509 0.057611223310232176 -0.008028597570955752
v -0.05565311759710313 0.05583819374442102 -0.00792037136852741
v -0.05447471141815187 0.05941214412450792 -0.0038974527269601813
v -0.05303626507520677 0.05974669009447099 -0.008085422217845915
v -0.05471177771687509 0.057611223310232176 -0.008028597570955752
v -0.05303626507520677 0.05974669009447099 -0.008085422217845915
v -0.05387755855917932 0.05689226463437082 -0.01218212582170963
v -0.05471177771687509 0.057611223310232176 -0.008028597570955752
v -0.054850280284881606 0.05505823343992235 -0.012145584449172016
v -0.05452390387654306 0.05231324210762979 -0.016143556684255597
v -0.05555954203009607 0.05319868773221971 -0.012050195597112175
v -0.05555954203009607 0.05319868773221971 -0.012050195597112175
v -0.05565311759710313 0.05583819374442102 -0.00792037136852741
v -0.054850280284881606 0.05505823343992235 -0.012145584449172016
v -0.05471177771687509 0.057611223310232176 -0.008028597570955752
v -0.054850280284881606 0.05505823343992235 -0.012145584449172016
v -0.05565311759710313 0.05583819374442102 -0.00792037136852741
v -0.054850280284881606 0.05505823343992235 -0.012145584449172016
v -0.05471177771687509 0.057611223310232176 -0.008028597570955752
v -0.05387755855917932 0.05689226463437082 -0.01218212582170963
v -0.05603343620896341 0.058015123009681716 0.0005982638103887438
v -0.055068504065275206 0.059597775340080275 0.0003716508508659898
v -0.0559293031692505 0.05716316401958467 -0.0035400292836129657
v -0.05603343620896341 0.058015123009681716 0.0005982638103887438
v -0.05678195506334306 0.05490076541900636 -0.0034312577918171874
v -0.05689729377627374 0.0557728447020054 0.0009129745885729788
v -0.05603343620896341 0.058015123009681716 0.0005982638103887438
v -0.0559293031692505 0.05716316401958467 -0.0035400292836129657
v -0.05678195506334306 0.05490076541900636 -0.0034312577918171874
v -0.05603343620896341 0.058015123009681716 0.0005982638103887438
v -0.05495666712522508 0.06032544374465944 0.004555967636406421
v -0.055068504065275206 0.059597775340080275 0.0003716508508659898
v -0.051744826138019576 0.04829923808574678 -0.024512073025107377
v -0.05505791306495668 0.028166886419057853 -0.024493567645549767
v -0.05358107015490533 0.04994493350386621 -0.020008776336908337
v -0.051744826138019576 0.04829923808574678 -0.024512073025107377
v -0.04963038489222528 0.04764722287654878 -0.028503188863396638
v -0.05505791306495668 0.028166886419057853 -0.024493567645549767
v -0.03983773291110993 0.04719081521034242 -0.04058939591050147
v -0.03834784030914307 0.04518678411841393 -0.0423968955874443
v -0.043808303773403175 0.021026266738772396 -0.041560161858797066
v -0.043808303773403175 0.021026266738772396 -0.041560161858797066
v -0.04265974089503289 0.04673104360699654 -0.037942450493574136
v -0.03983773291110993 0.04719081521034242 -0.04058939591050147
v -0.03983773291110993 0.04719081521034242 -0.04058939591050147
v -0.03809026256203652 0.046909708529710784 -0.04224738478660583
v -0.03834784030914307 0.04518678411841393 -0.0423968955874443
v -0.03983773291110993 0.04719081521034242 -0.04058939591050147
v -0.034454181790351875 0.04849011823534967 -0.04449708387255668
v -0.03809026256203652 0.046909708529710784 -0.04224738478660583
v -0.04890500381588937 0.02361824922263623 -0.035346135497093194
v -0.044236321002244956 0.046061441302299506 -0.0362732745707035
v -0.04660428315401078 0.02222509123384953 -0.03836212307214736
v -0.044236321002244956 0.046061441302299506 -0.0362732745707035
v -0.04265974089503289 0.04673104360699654 -0.037942450493574136
v -0.04660428315401078 0.02222509123384953 -0.03836212307214736
v -0.044236321002244956 0.046061441302299506 -0.0362732745707035
v -0.04890500381588937 0.02361824922263623 -0.035346135497093194
v -0.04709727689623834 0.04688790068030359 -0.03248566016554832
v -0.04676605015993119 0.04946274682879449 -0.032137762755155556
v -0.04709727689623834 0.04688790068030359 -0.03248566016554832
v -0.04918279871344568 0.05007905885577203 -0.028382161632180207
v -0.014668273739516739 0.012322311289608482 -0.058780469000339494
v -0.019070237874984745 0.012915751896798614 -0.05747743323445319
v -0.014839715324342254 0.013888878747820858 -0.05866949632763861
v -0.014839715324342254 0.013888878747820858 -0.05866949632763861
v -0.011390008032321932 0.013432388193905357 -0.05943961814045905
v -0.014668273739516739 0.012322311289608482 -0.058780469000339494
v -0.013306166045367721 0.042175058275461204 -0.055623058229684816
v -0.011390008032321932 0.013432388193905357 -0.05943961814045905
v -0.014839715324342254 0.013888878747820858 -0.05866949632763861
v -0.021060582250356678 0.014804843813180927 -0.056704644113779054
v -0.019070237874984745 0.012915751896798614 -0.05747743323445319
v -0.023574028164148338 0.01352508366107941 -0.05578721687197684
v -0.021060582250356678 0.014804843813180927 -0.056704644113779054
v -0.02709725312888623 0.01576885581016541 -0.05407209694385527
v -0.02289712801575661 0.042807083576917655 -0.05242296308279036
v -0.021060582250356678 0.014804843813180927 -0.056704644113779054
v -0.023574028164148338 0.01352508366107941 -0.05578721687197684
v -0.02709725312888623 0.01576885581016541 -0.05407209694385527
v -0.021060582250356678 0.014804843813180927 -0.056704644113779054
v -0.014839715324342254 0.013888878747820858 -0.05866949632763861
v -0.019070237874984745 0.012915751896798614 -0.05747743323445319
v 0.017005331814289096 0.057302951812744155 -0.04493161663413047
v 0.012835064902901653 0.05836771801114084 -0.04387598484754562
v 0.019401278346776966 0.05875288322567941 -0.04142233356833457
v 0.019401278346776966 0.05875288322567941 -0.04142233356833457
v 0.02273853681981564 0.05718079954385759 -0.043243113905191415
v 0.017005331814289096 0.057302951812744155 -0.04493161663413047
v 0.017005331814289096 0.057302951812744155 -0.04493161663413047
v 0.02273853681981564 0.05718079954385759 -0.043243113905191415
v 0.0174089539796114 0.05637397244572641 -0.04624596610665321
v 0.0174089539796114 0.05637397244572641 -0.04624596610665321
v 0.012279985472559932 0.05437911674380304 -0.049902733415365205
v 0.009828281588852407 0.0560736581683159 -0.04833606258034705
v 0.002106489380821586 0.05689532682299615 -0.047842483967542634
v 0.009828281588852407 0.0560736581683159 -0.04833606258034705
v 0.0020329249091446404 0.055941622704267516 -0.04924773797392844
v 0.0162521917372942 0.05454482138156892 -0.04879000037908553
v 0.012279985472559932 0.05437911674380304 -0.049902733415365205
v 0.0174089539796114 0.05637397244572641 -0.04624596610665321
v 0.00823134556412697 0.054259080439806 -0.05070438235998152
v 0.009828281588852407 0.0560736581683159 -0.04833606258034705
v 0.012279985472559932 0.05437911674380304 -0.049902733415365205
v -0.01739580556750298 0.050293840467929854 -0.051870461553335176
v -0.0210647638887167 0.05203744396567346 -0.049481254070997224
v -0.01660433039069176 0.0532219633460045 -0.04996659234166144
v -0.0210647638887167 0.05203744396567346 -0.049481254070997224
v -0.024990431964397437 0.05232480168342592 -0.04765228927135466
v -0.02374717220664025 0.05500170215964319 -0.04571452364325523
v -0.02269486710429192 0.04572326689958573 -0.05196035280823706
v -0.01808765530586243 0.047190949320793166 -0.05314921587705611
v -0.018330870196223262 0.04463024809956551 -0.05382072180509566
v -0.01808765530586243 0.047190949320793166 -0.05314921587705611
v -0.01739580556750298 0.050293840467929854 -0.051870461553335176
v -0.013622337952256206 0.04851373657584192 -0.05381100252270697
v -0.013622337952256206 0.04851373657584192 -0.05381100252270697
v -0.01382016204297543 0.04523915797472001 -0.054957196116447435
v -0.01808765530586243 0.047190949320793166 -0.05314921587705611
v -0.01808765530586243 0.047190949320793166 -0.05314921587705611
v -0.01382016204297543 0.04523915797472001 -0.054957196116447435
v -0.018330870196223262 0.04463024809956551 -0.05382072180509566
v -0.01999958418309689 0.0547478459775448 -0.04742312058806418
v -0.01565709710121155 0.05573556944727899 -0.04757652431726454
v -0.01660433039069176 0.0532219633460045 -0.04996659234166144
v -0.01999958418309689 0.0547478459775448 -0.04742312058806418
v -0.0210647638887167 0.05203744396567346 -0.049481254070997224
v -0.02374717220664025 0.05500170215964319 -0.04571452364325523
v -0.01660433039069176 0.0532219633460045 -0.04996659234166144
v -0.0210647638887167 0.05203744396567346 -0.049481254070997224
v -0.01999958418309689 0.0547478459775448 -0.04742312058806418
v -0.01999958418309689 0.0547478459775448 -0.04742312058806418
v -0.02374717220664025 0.05500170215964319 -0.04571452364325523
v -0.020771881565451625 0.05647373199462892 -0.04502299800515174
v -0.01565709710121155 0.05573556944727899 -0.04757652431726454
v -0.01999958418309689 0.0547478459775448 -0.04742312058806418
v -0.020771881565451625 0.05647373199462892 -0.04502299800515174
v -0.001541507313959301 0.059074643999338164 -0.04312861338257789
v -0.008737253956496717 0.05830287188291551 -0.04467507451772689
v -0.01623964495956898 0.059465892612934126 -0.04018564522266387
v -0.01623964495956898 0.059465892612934126 -0.04018564522266387
v -0.008737253956496717 0.05830287188291551 -0.04467507451772689
v -0.015694467350840572 0.058516409248113646 -0.04294870048761367
v -0.025812698528170593 0.06080311909317972 -0.031861968338489526
v -0.01623964495956898 0.059465892612934126 -0.04018564522266387
v -0.028131423518061645 0.06034827604889871 -0.03361869603395461
v -0.01623964495956898 0.059465892612934126 -0.04018564522266387
v -0.021653529256582264 0.058911614120006575 -0.04031275957822799
v -0.028131423518061645 0.06034827604889871 -0.03361869603395461
v -0.01623964495956898 0.059465892612934126 -0.04018564522266387
v -0.015694467350840572 0.058516409248113646 -0.04294870048761367
v -0.021653529256582264 0.058911614120006575 -0.04031275957822799
v -0.03311702236533166 0.051437642425298705 -0.043800733983516686
v -0.03386316448450089 0.05108484253287317 -0.04342822358012199
v -0.04306671768426896 0.0531459078192711 -0.03413013368844985
v -0.03386316448450089 0.05108484253287317 -0.04342822358012199
v -0.03311702236533166 0.051437642425298705 -0.043800733983516686
v -0.034454181790351875 0.04849011823534967 -0.04449708387255668
v -0.03176121413707734 0.05481709167361261 -0.04174490645527839
v -0.031184146180748946 0.05602783337235452 -0.04068586602807044
v -0.028033943846821792 0.054053097963333144 -0.044681411236524575
v -0.03176121413707734 0.05481709167361261 -0.04174490645527839
v -0.028033943846821792 0.054053097963333144 -0.044681411236524575
v -0.03256769105792046 0.0534077398478985 -0.04259254410862922
v -0.03176121413707734 0.05481709167361261 -0.04174490645527839
v -0.040698006749153144 0.05651694908738138 -0.03279750794172286
v -0.031184146180748946 0.05602783337235452 -0.04068586602807044
v -0.03176121413707734 0.05481709167361261 -0.04174490645527839
v -0.04179503023624421 0.055288981646299376 -0.03329527005553245
v -0.040698006749153144 0.05651694908738138 -0.03279750794172286
v -0.03256769105792046 0.0534077398478985 -0.04259254410862922
v -0.04179503023624421 0.055288981646299376 -0.03329527005553245
v -0.03176121413707734 0.05481709167361261 -0.04174490645527839
v -0.03032393008470536 0.05816545337438585 -0.037964779883623116
v -0.030627012252807624 0.05713799968361856 -0.03948769718408584
v -0.03843930736184121 0.05862543731927873 -0.031517408788204186
v -0.026308817788958556 0.05922235548496248 -0.0378023087978363
v -0.028131423518061645 0.06034827604889871 -0.03361869603395461
v -0.021653529256582264 0.058911614120006575 -0.04031275957822799
v -0.026308817788958556 0.05922235548496248 -0.0378023087978363
v -0.03032393008470536 0.05816545337438585 -0.037964779883623116
v -0.029960153624415405 0.05906174704432489 -0.03638676181435584
v 0.037281174212694175 -0.06360092759132387 -0.04493210092186927
v 0.041620358824729926 -0.07779524475336076 0.3843252956867217
v 0.036141391843557365 -0.07779300957918169 0.3793354630470275
v 0.037281174212694175 -0.06360092759132387 -0.04493210092186927
v 0.036141391843557365 -0.07779300957918169 0.3793354630470275
v 0.028999598696827895 -0.06360093504190446 -0.05073091015219687
v 0.046021096408367164 0.021911250427365307 -0.03907221555709838
v 0.04173890873789788 0.045438114553689964 -0.03914425522089004
v 0.043644186109304435 0.047566827386617674 -0.03662653267383575
v 0.043644186109304435 0.047566827386617674 -0.03662653267383575
v 0.04486555978655816 0.0461539775133133 -0.035529725253581994
v 0.046021096408367164 0.021911250427365307 -0.03907221555709838
v 0.043644186109304435 0.047566827386617674 -0.03662653267383575
v 0.03999260440468789 0.047227431088686 -0.04043470323085784
v 0.04417869076132775 0.04890980571508409 -0.03552034124732017
v 0.043644186109304435 0.047566827386617674 -0.03662653267383575
v 0.04173890873789788 0.045438114553689964 -0.03914425522089004
v 0.03999260440468789 0.047227431088686 -0.04043470323085784
v 0.052049592137336745 0.025665365159511573 -0.030421677976846688
v 0.04868675768375398 0.023664698004722602 -0.03560204803943633
v 0.047625895589590087 0.04692110791802408 -0.03175216540694236
v 0.05737949535250665 -0.07779522985219957 0.41719546914100636
v 0.05711808428168298 -0.06360092014074327 -0.010573570616543291
v 0.05799922347068788 -0.06360092014074327 -0.0005020658718422054
v 0.05799922347068788 -0.06360092014074327 -0.0005020658718422054
v 0.05711808428168298 -0.06360092014074327 -0.010573570616543291
v 0.059616010636091246 0.03428174555301667 -0.008038730360567568
v 0.05711808428168298 -0.06360092014074327 -0.010573570616543291
v 0.054501440376043334 -0.06360092014074327 -0.02033901400864124
v 0.0572626329958439 0.029576458036899574 -0.01872436888515949
v 0.055975291877985014 -0.07779522985219957 0.4099178612232207
v 0.054501440376043334 -0.06360092014074327 -0.02033901400864124
v 0.05711808428168298 -0.06360092014074327 -0.010573570616543291
v 0.05711808428168298 -0.06360092014074327 -0.010573570616543291
v 0.05737949535250665 -0.07779522985219957 0.41719546914100636
v 0.055975291877985014 -0.07779522985219957 0.4099178612232207
v 0.025761634111404426 0.05924327671527864 -0.03797033801674842
v 0.02648476883769036 0.057615101337432875 -0.04095558822154998
v 0.019401278346776966 0.05875288322567941 -0.04142233356833457
v 0.051282513886690154 0.05081386491656305 -0.02443138882517814
v 0.053353179246187224 0.05024908483028413 -0.02038982883095741
v 0.051729906350374236 0.04868166893720628 -0.024431062862277024
v 0.011254914104938509 0.05989351123571397 -0.03877341747283935
v 0.010774387046694757 0.05924174562096597 -0.041823562234640115
v -0.001541507313959301 0.059074643999338164 -0.04312861338257789
v 0.01000944431871176 0.042045794427394874 -0.05631455406546591
v 0.005128794349730016 0.041872665286064155 -0.05696938931941985
v 0.00907384790480137 0.04505927115678788 -0.055932957679033266
v 0.005128794349730016 0.041872665286064155 -0.05696938931941985
v 0.00448295008391142 0.04490980878472329 -0.0565003603696823
v 0.00907384790480137 0.04505927115678788 -0.055932957679033266
v 0.00907384790480137 0.04505927115678788 -0.055932957679033266
v 0.004537328612059356 0.04826904088258745 -0.05530706793069838
v 0.009006806649267675 0.04836201295256616 -0.05476022511720656
v 0.00907384790480137 0.04505927115678788 -0.055932957679033266
v 0.00448295008391142 0.04490980878472329 -0.0565003603696823
v 0.004537328612059356 0.04826904088258745 -0.05530706793069838
v 0.013440230861306194 0.048514977097511305 -0.05385238304734229
v 0.017096113413572315 0.051805090159177794 -0.05095918849110602
v 0.017782105132937435 0.048726201057434096 -0.052592858672142015
v 0.013440230861306194 0.048514977097511305 -0.05385238304734229
v 0.017782105132937435 0.048726201057434096 -0.052592858672142015
v 0.018110441043972973 0.04547573626041413 -0.053698852658271776
v 0.01865409500896931 0.012654262594878677 -0.057613093405961976
v 0.014625396579504017 0.013871290720999244 -0.05872486159205435
v 0.021126445382833484 0.014870989136397842 -0.05667043104767798
v 0.02399063296616078 0.013652829453349117 -0.05560114979743956
v 0.01865409500896931 0.012654262594878677 -0.057613093405961976
v 0.021126445382833484 0.014870989136397842 -0.05667043104767798
v 0.01000944431871176 0.042045794427394874 -0.05631455406546591
v 0.00907384790480137 0.04505927115678788 -0.055932957679033266
v 0.01364569086581469 0.045235823839902885 -0.05499792844057082
v 0.01364569086581469 0.045235823839902885 -0.05499792844057082
v 0.013440230861306194 0.048514977097511305 -0.05385238304734229
v 0.018110441043972973 0.04547573626041413 -0.053698852658271776
v 0.01364569086581469 0.045235823839902885 -0.05499792844057082
v 0.00907384790480137 0.04505927115678788 -0.055932957679033266
v 0.009006806649267675 0.04836201295256616 -0.05476022511720656
v 0.009006806649267675 0.04836201295256616 -0.05476022511720656
v 0.013440230861306194 0.048514977097511305 -0.05385238304734229
v 0.01364569086581469 0.045235823839902885 -0.05499792844057082
v 0.014625396579504017 0.013871290720999244 -0.05872486159205435
v 0.01493577286601067 0.04223740473389626 -0.05521617829799651
v 0.021126445382833484 0.014870989136397842 -0.05667043104767798
v 0.01493577286601067 0.04223740473389626 -0.05521617829799651
v 0.01364569086581469 0.045235823839902885 -0.05499792844057082
v 0.018110441043972973 0.04547573626041413 -0.053698852658271776
v 0.01493577286601067 0.04223740473389626 -0.05521617829799651
v 0.014625396579504017 0.013871290720999244 -0.05872486159205435
v 0.01000944431871176 0.042045794427394874 -0.05631455406546591
v 0.01000944431871176 0.042045794427394874 -0.05631455406546591
v 0.01364569086581469 0.045235823839902885 -0.05499792844057082
v 0.01493577286601067 0.04223740473389626 -0.05521617829799651
v 0.02197710052132607 0.04899355769157411 -0.051000665873289094
v 0.02242298983037472 0.04577018693089486 -0.052056018263101564
v 0.017782105132937435 0.048726201057434096 -0.052592858672142015
v 0.026287868618965156 0.043287783861160285 -0.05080075934529303
v 0.026553668081760413 0.046122308820486076 -0.05008360370993613
v 0.030411567538976676 0.04376670718193055 -0.04844264313578604
v 0.030411567538976676 0.04376670718193055 -0.04844264313578604
v 0.029613969847559936 0.016241988167166713 -0.05272055789828299
v 0.026287868618965156 0.043287783861160285 -0.05080075934529303
v 0.029613969847559936 0.016241988167166713 -0.05272055789828299
v 0.027868732810020454 0.016067216172814373 -0.053670518100261674
v 0.026287868618965156 0.043287783861160285 -0.05080075934529303
v 0.024944731965661056 0.01521995943039656 -0.05511377379298209
v 0.022901305928826336 0.043277174234390266 -0.052354965358972536
v 0.027868732810020454 0.016067216172814373 -0.053670518100261674
v 0.027868732810020454 0.016067216172814373 -0.053670518100261674
v 0.022901305928826336 0.043277174234390266 -0.052354965358972536
v 0.026287868618965156 0.043287783861160285 -0.05080075934529303
v 0.04561737924814225 0.06507701426744462 0.000700290489476174
v 0.0375276766717434 0.06893952190876008 0.029864247888326638
v 0.04601630568504334 0.06643635034561159 0.011187260970473288
v 0.04561737924814225 0.06507701426744462 0.000700290489476174
v 0.041288595646619804 0.06324349343776704 -0.013334244489669796
v 0.0375276766717434 0.06893952190876008 0.029864247888326638
v 0.05095530301332475 0.06394422799348833 0.003784197149798273
v 0.05194585025310518 0.06272037327289583 -3.468676368356682e-05
v 0.04985721409320833 0.06394330412149431 0.0001484918320784345
v 0.05304887890815736 0.0597590170800686 -0.008006481453776358
v 0.05165900662541391 0.0595962554216385 -0.012026245705783364
v 0.05098858848214151 0.06154199689626695 -0.007930804975330828
v 0.05313450843095781 0.060857523232698454 -0.0040049408562481395
v 0.05304887890815736 0.0597590170800686 -0.008006481453776358
v 0.05098858848214151 0.06154199689626695 -0.007930804975330828
v 0.05313450843095781 0.060857523232698454 -0.0040049408562481395
v 0.05194585025310518 0.06272037327289583 -3.468676368356682e-05
v 0.053412441164255156 0.061504904180765166 8.567430631956084e-05
v 0.05293103680014612 0.06258486956357957 0.004151716362684964
v 0.05095530301332475 0.06394422799348833 0.003784197149798273
v 0.050789531320333495 0.06449131667613985 0.007857278920710085
v 0.0526053123176098 0.06322008371353151 0.008203040808439253
v 0.05293103680014612 0.06258486956357957 0.004151716362684964
v 0.050789531320333495 0.06449131667613985 0.007857278920710085
v 0.05293103680014612 0.06258486956357957 0.004151716362684964
v 0.05194585025310518 0.06272037327289583 -3.468676368356682e-05
v 0.05095530301332475 0.06394422799348833 0.003784197149798273
v 0.053412441164255156 0.061504904180765166 8.567430631956084e-05
v 0.05194585025310518 0.06272037327289583 -3.468676368356682e-05
v 0.05293103680014612 0.06258486956357957 0.004151716362684964
v 0.0519748665392399 0.06385335326194765 0.012220043689012524
v 0.0526053123176098 0.06322008371353151 0.008203040808439253
v 0.05066545680165292 0.06480031460523607 0.01172375492751598
v 0.0500999614596367 0.06521082669496538 0.016083957627415654
v 0.05117139220237733 0.06449493765830995 0.4100188612937926
v 0.0519748665392399 0.06385335326194765 0.012220043689012524
v 0.0519748665392399 0.06385335326194765 0.012220043689012524
v 0.05066545680165292 0.06480031460523607 0.01172375492751598
v 0.0500999614596367 0.06521082669496538 0.016083957627415654
v 0.0519748665392399 0.06385335326194765 0.012220043689012524
v 0.05117139220237733 0.06449493765830995 0.4100188612937926
v 0.05277451872825624 0.06308355927467348 0.41154292225837696
v 0.0519748665392399 0.06385335326194765 0.012220043689012524
v 0.05277451872825624 0.06308355927467348 0.41154292225837696
v 0.0526053123176098 0.06322008371353151 0.008203040808439253
v 0.05989221110939981 0.03615209087729455 -0.005140407010912894
v 0.05799922347068788 -0.06360092014074327 -0.0005020658718422054
v 0.059616010636091246 0.03428174555301667 -0.008038730360567568
v 0.059616010636091246 0.03428174555301667 -0.008038730360567568
v 0.05908944830298425 0.033732902258634574 -0.011195046827197073
v 0.05989221110939981 0.03615209087729455 -0.005140407010912894
v 0.060008283704519286 0.03923578187823296 0.42202481627464283
v 0.060016863048076644 0.039246890693902976 0.0019387470092624422
v 0.05981145426630975 0.04036002978682519 0.4186725020408629
v 0.060016863048076644 0.039246890693902976 0.0019387470092624422
v 0.060008283704519286 0.03923578187823296 0.42202481627464283
v 0.06009194627404214 0.03802009299397469 0.42436224222183216
v 0.05799922347068788 -0.06360092014074327 -0.0005020658718422054
v 0.05989221110939981 0.03615209087729455 -0.005140407010912894
v 0.06002340465784074 0.03620351105928422 -0.0033858458045870057
v 0.053412441164255156 0.061504904180765166 8.567430631956084e-05
v 0.05293103680014612 0.06258486956357957 0.004151716362684964
v 0.054214064031839385 0.06128289550542833 0.0043953866697847834
v 0.054214064031839385 0.06128289550542833 0.0043953866697847834
v 0.05293103680014612 0.06258486956357957 0.004151716362684964
v 0.0526053123176098 0.06322008371353151 0.008203040808439253
v 0.05668115988373758 0.05664934590458871 0.41878384351730336
v 0.05689842998981477 0.05576859042048456 0.4230782985687255
v 0.056903749704360976 0.0557551570236683 0.0009275281336158512
v -0.03896135464310647 -0.07779526710510255 0.46724361181259144
v -0.04411387443542481 -0.0777997598052025 0.46191465854644764
v -0.033175539225339896 -0.0777985453605652 0.4718789756298064
v -0.033203661441802985 -0.07701782137155534 0.47201088070869435
v -0.03902765735983849 -0.07701849937438966 0.46735867857933033
v -0.038985941559076316 -0.07759433984756471 0.46731024980545033
v -0.038985941559076316 -0.07759433984756471 0.46731024980545033
v -0.03896135464310647 -0.07779526710510255 0.46724361181259144
v -0.033175539225339896 -0.0777985453605652 0.4718789756298064
v -0.03896135464310647 -0.07779526710510255 0.46724361181259144
v -0.038985941559076316 -0.07759433984756471 0.46731024980545033
v -0.04411387443542481 -0.0777997598052025 0.46191465854644764
v -0.04418132826685906 -0.07701905816793443 0.4620257318019866
v -0.038985941559076316 -0.07759433984756471 0.46731024980545033
v -0.03902765735983849 -0.07701849937438966 0.46735867857933033
v -0.02820220962166787 0.016048120334744457 0.47749406099319447
v -0.03307395055890084 0.0158491712063551 0.47466495633125294
v -0.028693333268165595 0.014682358130812648 0.47728991508483876
v -0.03307395055890084 0.0158491712063551 0.47466495633125294
v -0.026854287832975395 -0.07701785862445833 0.4758668243885039
v -0.028693333268165595 0.014682358130812648 0.47728991508483876
v -0.028693333268165595 0.014682358130812648 0.47728991508483876
v -0.025340996682643897 0.015323101542890075 0.4789214730262755
v -0.02820220962166787 0.016048120334744457 0.47749406099319447
v -0.028693333268165595 0.014682358130812648 0.47728991508483876
v -0.023986862972378738 0.013652463443577293 0.4795933663845061
v -0.025340996682643897 0.015323101542890075 0.4789214730262755
v -0.02691227942705155 -0.07759967446327211 0.4757682383060454
v -0.026854287832975395 -0.07701785862445833 0.4758668243885039
v -0.033203661441802985 -0.07701782137155534 0.47201088070869435
v -0.020064095035195354 -0.0778002366423607 0.47875455021858204
v -0.020042141899466518 -0.07701778411865236 0.47888869047164906
v -0.02691227942705155 -0.07759967446327211 0.4757682383060454
v -0.020042141899466518 -0.07701778411865236 0.47888869047164906
v -0.026854287832975395 -0.07701785862445833 0.4758668243885039
v -0.02691227942705155 -0.07759967446327211 0.4757682383060454
v -0.03385531902313233 0.01763170957565308 0.4740457832813262
v -0.030411625280976302 0.04376690089702607 0.47243300080299366
v -0.034439336508512504 0.04419569671154023 0.46966996788978566
v -0.030411625280976302 0.04376690089702607 0.47243300080299366
v -0.03385531902313233 0.01763170957565308 0.4740457832813262
v -0.02820220962166787 0.016048120334744457 0.47749406099319447
v -0.054479494690895094 0.05941894650459291 0.42785295844078053
v -0.05472129955887796 0.05762094631791116 0.43195679783821095
v -0.053048994392156615 0.059759084135293974 0.4319965839385985
v -0.05472129955887796 0.05762094631791116 0.43195679783821095
v -0.054479494690895094 0.05941894650459291 0.42785295844078053
v -0.055871844291687026 0.057232975959777846 0.42765647172927845
v -0.0260070525109768 0.04931404069066049 0.4730769395828246
v -0.025026112794876106 0.05232869833707811 0.47162434458732594
v -0.029386736452579505 0.05118095874786378 0.47024065256118763
v -0.0260070525109768 0.04931404069066049 0.4730769395828246
v -0.021977595984935764 0.048993792384862914 0.4749907851219176
v -0.025026112794876106 0.05232869833707811 0.47162434458732594
v -0.030086588114500053 0.048890125006437316 0.4710992872714995
v -0.0260070525109768 0.04931404069066049 0.4730769395828246
v -0.029386736452579505 0.05118095874786378 0.47024065256118763
v -0.0260070525109768 0.04931404069066049 0.4730769395828246
v -0.022423027083277706 0.045771062374115 0.4760460853576659
v -0.021977595984935764 0.048993792384862914 0.4749907851219176
v -0.012835370376706127 0.058367624878883376 0.4678664803504943
v -0.019368212670087818 0.05875467509031297 0.46541735529899586
v -0.017006034031510357 0.05730296298861505 0.4689217209815978
v -0.012835370376706127 0.058367624878883376 0.4678664803504943
v -0.017006034031510357 0.05730296298861505 0.4689217209815978
v -0.009654643014073374 0.05702168494462968 0.47094029188156117
v -0.009654643014073374 0.05702168494462968 0.47094029188156117
v -0.006113636307418348 0.0581597611308098 0.46924954652786244
v -0.012835370376706127 0.058367624878883376 0.4678664803504943
v -0.012835370376706127 0.058367624878883376 0.4678664803504943
v -0.006113636307418348 0.0581597611308098 0.46924954652786244
v -0.010774482972919943 0.059241764247417464 0.46581384539604176
v -0.012835370376706127 0.058367624878883376 0.4678664803504943
v -0.010774482972919943 0.059241764247417464 0.46581384539604176
v -0.019368212670087818 0.05875467509031297 0.46541735529899586
v -0.02804668806493283 0.05401217564940454 0.46870356798171986
v -0.025026112794876106 0.05232869833707811 0.47162434458732594
v -0.023811753839254386 0.05500752478837968 0.46967211365699757
v -0.02804668806493283 0.05401217564940454 0.46870356798171986
v -0.023811753839254386 0.05500752478837968 0.46967211365699757
v -0.026660760864615447 0.05645377188920976 0.4666040837764739
v -0.026660760864615447 0.05645377188920976 0.4666040837764739
v -0.03177381306886674 0.05498873814940454 0.4655390679836272
v -0.02804668806493283 0.05401217564940454 0.46870356798171986
v -0.02804668806493283 0.05401217564940454 0.46870356798171986
v -0.03177381306886674 0.05498873814940454 0.4655390679836272
v -0.03235476091504098 0.053144007921218886 0.4669819176197051
v -0.02804668806493283 0.05401217564940454 0.46870356798171986
v -0.03235476091504098 0.053144007921218886 0.4669819176197051
v -0.029386736452579505 0.05118095874786378 0.47024065256118763
v -0.025026112794876106 0.05232869833707811 0.47162434458732594
v -0.02804668806493283 0.05401217564940454 0.46870356798171986
v -0.029386736452579505 0.05118095874786378 0.47024065256118763
v -0.03790679574012757 0.05907231196761133 0.4551348090171813
v -0.030493948608636863 0.059248156845569624 0.459639012813568
v -0.033992737531661994 0.060134232044219985 0.45539724826812733
v -0.03790679574012757 0.05907231196761133 0.4551348090171813
v -0.033992737531661994 0.060134232044219985 0.45539724826812733
v -0.03771966323256493 0.06065795943140985 0.4514240324497222
v -0.03790679574012757 0.05907231196761133 0.4551348090171813
v -0.03771966323256493 0.06065795943140985 0.4514240324497222
v -0.04086338728666306 0.059855185449123396 0.4508604407310485
v -0.022769568488001827 0.05985701084136964 0.46121007204055775
v -0.019368212670087818 0.05875467509031297 0.46541735529899586
v -0.010774482972919943 0.059241764247417464 0.46581384539604176
v -0.010774482972919943 0.059241764247417464 0.46581384539604176
v -0.011257686652243139 0.05989354103803636 0.4627633988857268
v -0.022769568488001827 0.05985701084136964 0.46121007204055775
v -0.009084641933441164 0.04506895318627358 0.47991880774497975
v -0.00900709629058838 0.04836224019527437 0.47875043749809254
v -0.013645900413393978 0.045235943049192436 0.4789881408214568
v -0.005130240228027106 0.041978314518928535 0.4809494912624358
v -0.009084641933441164 0.04506895318627358 0.47991880774497975
v -0.009995676577091219 0.04203823953866959 0.48030871152877797
v -0.009084641933441164 0.04506895318627358 0.47991880774497975
v -0.013645900413393978 0.045235943049192436 0.4789881408214568
v -0.009995676577091219 0.04203823953866959 0.48030871152877797
v -0.004537199158221484 0.04826881736516954 0.4792974889278411
v -0.00900709629058838 0.04836224019527437 0.47875043749809254
v -0.009084641933441164 0.04506895318627358 0.47991880774497975
v -0.0002203785843448714 0.041894000023603446 0.4811744391918181
v 0.004700811579823495 0.04245074838399888 0.4809204638004302
v 6.155631854198874e-05 0.04484264925122262 0.48067179322242726
v -0.0002203785843448714 0.041894000023603446 0.4811744391918181
v 0.00017810091958381238 0.013078986667096618 0.48453539609909047
v 0.004700811579823495 0.04245074838399888 0.4809204638004302
v -0.005130240228027106 0.041978314518928535 0.4809494912624358
v 0.00017810091958381238 0.013078986667096618 0.48453539609909047
v -0.0002203785843448714 0.041894000023603446 0.4811744391918181
v -0.020099258050322536 0.05475446209311487 0.47137188911437977
v -0.022701002657413486 0.057177122682333006 0.4672516584396361
v -0.023811753839254386 0.05500752478837968 0.46967211365699757
v -0.022701002657413486 0.057177122682333006 0.4672516584396361
v -0.020099258050322536 0.05475446209311487 0.47137188911437977
v -0.017410058528184894 0.05637414380908014 0.47023576498031605
v -0.022701002657413486 0.057177122682333006 0.4672516584396361
v -0.026660760864615447 0.05645377188920976 0.4666040837764739
v -0.023811753839254386 0.05500752478837968 0.46967211365699757
v -0.022701002657413486 0.057177122682333006 0.4672516584396361
v -0.017410058528184894 0.05637414380908014 0.47023576498031605
v -0.017006034031510357 0.05730296298861505 0.4689217209815978
v -0.022701002657413486 0.057177122682333006 0.4672516584396361
v -0.02668783068656922 0.05814088508486749 0.46388959884643544
v -0.026660760864615447 0.05645377188920976 0.4666040837764739
v -0.017006034031510357 0.05730296298861505 0.4689217209815978
v -0.019368212670087818 0.05875467509031297 0.46541735529899586
v -0.022701002657413486 0.057177122682333006 0.4672516584396361
v -0.019368212670087818 0.05875467509031297 0.46541735529899586
v -0.02668783068656922 0.05814088508486749 0.46388959884643544
v -0.022701002657413486 0.057177122682333006 0.4672516584396361
v 0.004645713139325381 0.04496381804347039 0.4804612696170806
v 6.155631854198874e-05 0.04484264925122262 0.48067179322242726
v 0.004700811579823495 0.04245074838399888 0.4809204638004302
v 0.004645713139325381 0.04496381804347039 0.4804612696170806
v -2.3734948626952253e-05 0.04739906638860704 0.47982075810432423
v 6.155631854198874e-05 0.04484264925122262 0.48067179322242726
v 0.004645713139325381 0.04496381804347039 0.4804612696170806
v 0.00470682280138135 0.04826789349317552 0.4792818725109099
v -2.3734948626952253e-05 0.04739906638860704 0.47982075810432423
v -0.008656871505081655 0.05147996917366983 0.4770022928714751
v -0.00436462787911296 0.05139858275651933 0.47751885652542103
v -0.008230938576161863 0.05425885692238809 0.4746950268745421
v -0.012919707223773006 0.05161710083484651 0.4761420488357543
v -0.00900709629058838 0.04836224019527437 0.47875043749809254
v -0.008656871505081655 0.05147996917366983 0.4770022928714751
v -0.012280979193747047 0.05437947809696199 0.4738924801349639
v -0.012919707223773006 0.05161710083484651 0.4761420488357543
v -0.008656871505081655 0.05147996917366983 0.4770022928714751
v -0.008656871505081655 0.05147996917366983 0.4770022928714751
v -0.008230938576161863 0.05425885692238809 0.4746950268745421
v -0.012280979193747047 0.05437947809696199 0.4738924801349639
v -0.004537199158221484 0.04826881736516954 0.4792974889278411
v -0.00436462787911296 0.05139858275651933 0.47751885652542103
v -0.008656871505081655 0.05147996917366983 0.4770022928714751
v -0.008656871505081655 0.05147996917366983 0.4770022928714751
v -0.00900709629058838 0.04836224019527437 0.47875043749809254
v -0.004537199158221484 0.04826881736516954 0.4792974889278411
v -6.188776023918764e-05 0.054162036627531066 0.47534114122390736
v -0.004157023504376412 0.054186545312404646 0.475177377462387
v -2.230634345323779e-05 0.05208949372172357 0.4771423041820525
v -2.230634345323779e-05 0.05208949372172357 0.4771423041820525
v 0.004058379214257003 0.054185628890991225 0.4751829504966735
v -6.188776023918764e-05 0.054162036627531066 0.47534114122390736
v -0.0020330545958131556 0.05594170093536378 0.4732379913330077
v -0.004157023504376412 0.054186545312404646 0.475177377462387
v -6.188776023918764e-05 0.054162036627531066 0.47534114122390736
v -6.188776023918764e-05 0.054162036627531066 0.47534114122390736
v 0.005801753606647254 0.055983498692512526 0.47294673323631276
v -0.0020330545958131556 0.05594170093536378 0.4732379913330077
v -6.188776023918764e-05 0.054162036627531066 0.47534114122390736
v 0.004058379214257003 0.054185628890991225 0.4751829504966735
v 0.005801753606647254 0.055983498692512526 0.47294673323631276
v -0.01709525287151337 0.051804363727569594 0.47495028376579274
v -0.013440334238111976 0.04851500689983369 0.47784262895584095
v -0.012919707223773006 0.05161710083484651 0.4761420488357543
v -0.01709525287151337 0.051804363727569594 0.47495028376579274
v -0.01778201572597027 0.04872578009963037 0.47658345103263844
v -0.013440334238111976 0.04851500689983369 0.47784262895584095
v -0.01709525287151337 0.051804363727569594 0.47495028376579274
v -0.02113699540495873 0.0520424358546734 0.47344103455543507
v -0.01778201572597027 0.04872578009963037 0.47658345103263844
v -0.01709525287151337 0.051804363727569594 0.47495028376579274
v -0.012919707223773006 0.05161710083484651 0.4761420488357543
v -0.01625141501426697 0.054544061422348036 0.4727814197540282
v -0.01625141501426697 0.054544061422348036 0.4727814197540282
v -0.020099258050322536 0.05475446209311487 0.47137188911437977
v -0.01709525287151337 0.051804363727569594 0.47495028376579274
v -0.01709525287151337 0.051804363727569594 0.47495028376579274
v -0.020099258050322536 0.05475446209311487 0.47137188911437977
v -0.02113699540495873 0.0520424358546734 0.47344103455543507
v -0.043112263083457954 0.05228693038225175 0.4586956501007079
v -0.03438454121351243 0.04865483194589616 0.46845996379852284
v -0.033684771507978446 0.051257614046335234 0.4674602448940276
v -0.03438454121351243 0.04865483194589616 0.46845996379852284
v -0.043112263083457954 0.05228693038225175 0.4586956501007079
v -0.043695777654647834 0.05117610469460489 0.4588753581047057
v -0.03438454121351243 0.04865483194589616 0.46845996379852284
v -0.030551170930266387 0.046540301293134696 0.4717522859573363
v -0.030086588114500053 0.048890125006437316 0.4710992872714995
v 0.05986789613962175 0.03504381701350213 0.4297785758972167
v 0.05748557671904565 -0.07701946794986726 0.431980937719345
v 0.057971235364675536 -0.07701821625232698 0.4245373308658599
v 0.057971235364675536 -0.07701821625232698 0.4245373308658599
v 0.06009194627404214 0.03802009299397469 0.42436224222183216
v 0.05986789613962175 0.03504381701350213 0.4297785758972167
v 0.05734968557953836 -0.07779184728860856 0.43198969960212696
v 0.055932421237230315 -0.07779842615127565 0.43925464153289784
v 0.0578482896089554 -0.07779959589242937 0.42459258437156666
v 0.05742954090237619 -0.07761746644973756 0.4319998025894164
v 0.05748557671904565 -0.07701946794986726 0.431980937719345
v 0.05607273802161218 -0.07701873034238817 0.43920594453811634
v 0.05742954090237619 -0.07761746644973756 0.4319998025894164
v 0.055932421237230315 -0.07779842615127565 0.43925464153289784
v 0.05734968557953836 -0.07779184728860856 0.43198969960212696
v 0.05742954090237619 -0.07761746644973756 0.4319998025894164
v 0.05734968557953836 -0.07779184728860856 0.43198969960212696
v 0.0578482896089554 -0.07779959589242937 0.42459258437156666
v 0.05742954090237619 -0.07761746644973756 0.4319998025894164
v 0.057971235364675536 -0.07701821625232698 0.4245373308658599
v 0.05748557671904565 -0.07701946794986726 0.431980937719345
v 0.04463570192456246 0.05783099308609964 0.4507990777492522
v 0.04556801542639733 0.05932857096195222 0.4468926191329955
v 0.042007766664028175 0.059077594429254546 0.4514203965663909
v 0.050468441098928465 0.05898424237966539 0.4399410784244536
v 0.05191186070442201 0.057373773306608214 0.44015929102897633
v 0.05165239796042444 0.059592086821794524 0.43604955077171315
v 0.05191186070442201 0.057373773306608214 0.44015929102897633
v 0.050468441098928465 0.05898424237966539 0.4399410784244536
v 0.04950431734323503 0.057871621102094664 0.44387701153755177
v 0.05127350613474847 0.05551252141594888 0.4442360699176787
v 0.04865866899490358 0.056107554584741606 0.4479253292083739
v 0.05020283535122873 0.05354014411568643 0.44831514358520497
v 0.05020283535122873 0.05354014411568643 0.44831514358520497
v 0.04865866899490358 0.056107554584741606 0.4479253292083739
v 0.04812024906277658 0.05287607014179231 0.4521350860595702
v 0.04812024906277658 0.05287607014179231 0.4521350860595702
v 0.04490864276885987 0.053660117089748396 0.4556297957897185
v 0.04605396464467049 0.051518756896257414 0.4558814764022826
v 0.04605396464467049 0.051518756896257414 0.4558814764022826
v 0.043717939406633384 0.05072554573416711 0.459113985300064
v 0.046765871345996864 0.04946265742182733 0.4561282396316527
v 0.043066605925560004 0.053145926445722594 0.4581204652786254
v 0.043717939406633384 0.05072554573416711 0.459113985300064
v 0.04605396464467049 0.051518756896257414 0.4558814764022826
v 0.043066605925560004 0.053145926445722594 0.4581204652786254
v 0.04605396464467049 0.051518756896257414 0.4558814764022826
v 0.04490864276885987 0.053660117089748396 0.4556297957897185
v 0.04950431734323503 0.057871621102094664 0.44387701153755177
v 0.050468441098928465 0.05898424237966539 0.4399410784244536
v 0.04734484106302263 0.05985315889120103 0.44332045316696156
v 0.04734484106302263 0.05985315889120103 0.44332045316696156
v 0.050468441098928465 0.05898424237966539 0.4399410784244536
v 0.04883375391364099 0.060394112020730986 0.4396552741527556
v 0.053706791251897826 -0.07701819390058519 0.4463159143924712
v 0.053642425686121 -0.07760687172412874 0.446315973997116
v 0.05607273802161218 -0.07701873034238817 0.43920594453811634
v 0.05654404312372209 0.029456807300448425 0.4448105990886687
v 0.053706791251897826 -0.07701819390058519 0.4463159143924712
v 0.05607273802161218 -0.07701873034238817 0.43920594453811634
v 0.053706791251897826 -0.07701819390058519 0.4463159143924712
v 0.05654404312372209 0.029456807300448425 0.4448105990886687
v 0.05462080240249635 0.02648041397333146 0.44956496357917775
v 0.053706791251897826 -0.07701819390058519 0.4463159143924712
v 0.05048388242721559 -0.07701756805181505 0.4529912173748015
v 0.053642425686121 -0.07760687172412874 0.446315973997116
v 0.05462080240249635 0.02648041397333146 0.44956496357917775
v 0.05048388242721559 -0.07701756805181505 0.4529912173748015
v 0.053706791251897826 -0.07701819390058519 0.4463159143924712
v 0.05825274437665941 0.028654411435127265 0.43882206082344044
v 0.05607273802161218 -0.07701873034238817 0.43920594453811634
v 0.059172634035348906 0.03363213315606118 0.4349760115146636
v 0.05802731215953828 0.031473651528358466 0.4400382936000823
v 0.05825274437665941 0.028654411435127265 0.43882206082344044
v 0.059172634035348906 0.03363213315606118 0.4349760115146636
v 0.05825274437665941 0.028654411435127265 0.43882206082344044
v 0.05802731215953828 0.031473651528358466 0.4400382936000823
v 0.05607273802161218 -0.07701873034238817 0.43920594453811634
v 0.05689842998981477 0.05576859042048456 0.4230782985687255
v 0.056033246219158186 0.05801527574658395 0.4233920872211455
v 0.05678401142358781 0.054894849658012404 0.4274185299873351
v 0.05678401142358781 0.054894849658012404 0.4274185299873351
v 0.05725960060954095 0.05285708606243135 0.42625656723976124
v 0.05689842998981477 0.05576859042048456 0.4230782985687255
v 0.05678401142358781 0.054894849658012404 0.4274185299873351
v 0.06009194627404214 0.03802009299397469 0.42436224222183216
v 0.05725960060954095 0.05285708606243135 0.42625656723976124
v 0.05678401142358781 0.054894849658012404 0.4274185299873351
v 0.05989678204059602 0.03627397865056992 0.42903947830200184
v 0.06009194627404214 0.03802009299397469 0.42436224222183216
v 0.050346277654171004 -0.07779300212860109 0.45296350121498097
v 0.04629481956362725 -0.07779522985219957 0.4591686129570006
v 0.041484482586383827 -0.07780149579048158 0.46481329202651966
v 0.04629481956362725 -0.07779522985219957 0.4591686129570006
v 0.046316582709550864 -0.0775820016860962 0.4592429697513579
v 0.041484482586383827 -0.07780149579048158 0.46481329202651966
v 0.05041804909706117 -0.07760644704103471 0.4529822766780852
v 0.04629481956362725 -0.07779522985219957 0.4591686129570006
v 0.050346277654171004 -0.07779300212860109 0.45296350121498097
v 0.04629481956362725 -0.07779522985219957 0.4591686129570006
v 0.05041804909706117 -0.07760644704103471 0.4529822766780852
v 0.046316582709550864 -0.0775820016860962 0.4592429697513579
v 0.05041804909706117 -0.07760644704103471 0.4529822766780852
v 0.053642425686121 -0.07760687172412874 0.446315973997116
v 0.05048388242721559 -0.07701756805181505 0.4529912173748015
v 0.05041804909706117 -0.07760644704103471 0.4529822766780852
v 0.053573723882436766 -0.07779300212860109 0.44629159569740284
v 0.053642425686121 -0.07760687172412874 0.446315973997116
v 0.05041804909706117 -0.07760644704103471 0.4529822766780852
v 0.050346277654171004 -0.07779300212860109 0.45296350121498097
v 0.053573723882436766 -0.07779300212860109 0.44629159569740284
v 0.05041804909706117 -0.07760644704103471 0.4529822766780852
v 0.046423949301242835 -0.07701738178730012 0.45921239256858815
v 0.046316582709550864 -0.0775820016860962 0.4592429697513579
v 0.046423949301242835 -0.07701738178730012 0.45921239256858815
v 0.05041804909706117 -0.07760644704103471 0.4529822766780852
v 0.05048388242721559 -0.07701756805181505 0.4529912173748015
v 0.046423949301242835 -0.07701738178730012 0.45921239256858815
v 0.04572000354528428 0.020691571757197384 0.4634999632835387
v 0.041601665318012244 -0.07701759040355684 0.464868128299713
v 0.046423949301242835 -0.07701738178730012 0.45921239256858815
v 0.041601665318012244 -0.07701759040355684 0.464868128299713
v 0.046316582709550864 -0.0775820016860962 0.4592429697513579
v 0.00017810091958381238 0.013078986667096618 0.48453539609909047
v 0.0052354391664266595 0.01160551328212023 0.484365016222
v 0.00721977883949876 0.01350834779441357 0.48405200242996205
v 0.0018203440122306351 -0.07701741158962251 0.48243433237075795
v -0.00563406851142645 -0.07701763510704042 0.48218894004821766
v 0.0017554662190377717 -0.07780101150274278 0.4823162555694579
v 0.0018203440122306351 -0.07701741158962251 0.48243433237075795
v 0.009198863059282305 -0.07701589167118074 0.4817291498184203
v 0.0052354391664266595 0.01160551328212023 0.484365016222
v 0.0017554662190377717 -0.07780101150274278 0.4823162555694579
v 0.009140748530626299 -0.07756769657135011 0.4816567301750182
v 0.0018203440122306351 -0.07701741158962251 0.48243433237075795
v 0.0018203440122306351 -0.07701741158962251 0.48243433237075795
v 0.009140748530626299 -0.07756769657135011 0.4816567301750182
v 0.009198863059282305 -0.07701589167118074 0.4817291498184203
v 0.027187941595911987 0.01578793674707413 0.47802504897117604
v 0.027428619563579566 0.04336014389991761 0.4741823971271514
v 0.022792683914303783 0.04293173179030419 0.4764433503150939
v 0.027187941595911987 0.01578793674707413 0.47802504897117604
v 0.022792683914303783 0.04293173179030419 0.4764433503150939
v 0.021039245650172237 0.014800322242081169 0.480701982975006
v 0.027187941595911987 0.01578793674707413 0.47802504897117604
v 0.021039245650172237 0.014800322242081169 0.480701982975006
v 0.02357406914234162 0.013525254093110565 0.4797774553298949
v 0.03612903505563737 -0.07701796293258668 0.4698294699192046
v 0.036175783723592765 0.016757927834987644 0.47248047590255726
v 0.03176460042595864 0.015347084030508999 0.4755142033100127
v 0.03176460042595864 0.015347084030508999 0.4755142033100127
v 0.030011529102921493 -0.07701701670885087 0.4740890860557555
v 0.03612903505563737 -0.07701796293258668 0.4698294699192046
v 0.023417411372065548 -0.07701613754034044 0.4775223433971404
v 0.023361463099718097 -0.07756517082452775 0.47745659947395314
v 0.029934389516711242 -0.07758314907550813 0.47405308485031117
v 0.029934389516711242 -0.07758314907550813 0.47405308485031117
v 0.030011529102921493 -0.07701701670885087 0.4740890860557555
v 0.023417411372065548 -0.07701613754034044 0.4775223433971404
v 0.029934389516711242 -0.07758314907550813 0.47405308485031117
v 0.023361463099718097 -0.07756517082452775 0.47745659947395314
v 0.023324923589825634 -0.07780171930789949 0.4774329364299773
v 0.029934389516711242 -0.07758314907550813 0.47405308485031117
v 0.036043882369995124 -0.0775851532816887 0.4698076248168944
v 0.030011529102921493 -0.07701701670885087 0.4740890860557555
v -0.05187574401497842 0.02191659435629845 0.454625368118286
v -0.05065376684069635 0.023488664999604232 0.45682808756828297
v -0.0532127544283867 0.025365967303514488 0.452395737171173
v -0.05187574401497842 0.02191659435629845 0.454625368118286
v -0.0486210696399212 -0.07701570540666582 0.4560662209987639
v -0.05065376684069635 0.023488664999604232 0.45682808756828297
v -0.05187574401497842 0.02191659435629845 0.454625368118286
v -0.0532127544283867 0.025365967303514488 0.452395737171173
v -0.05225571617484094 -0.07701715081930162 0.4495931565761565
v -0.05187574401497842 0.02191659435629845 0.454625368118286
v -0.05225571617484094 -0.07701715081930162 0.4495931565761565
v -0.0486210696399212 -0.07701570540666582 0.4560662209987639
v -0.0486624948680401 0.02366910874843598 0.45962175726890553
v -0.05065376684069635 0.023488664999604232 0.45682808756828297
v -0.047827217727899565 0.021756969392299656 0.4608808159828185
v -0.04491000249981881 0.04611907899379731 0.4594663083553313
v -0.04763190075755121 0.04690976813435556 0.45573526620864857
v -0.0486624948680401 0.02366910874843598 0.45962175726890553
v -0.04418132826685906 -0.07701905816793443 0.4620257318019866
v -0.04601769894361497 0.02188976109027863 0.4630633294582366
v -0.047827217727899565 0.021756969392299656 0.4608808159828185
v -0.04601769894361497 0.02188976109027863 0.4630633294582366
v -0.04418132826685906 -0.07701905816793443 0.4620257318019866
v -0.0438547395169735 0.01980248093605042 0.4655877947807311
v -0.0438547395169735 0.01980248093605042 0.4655877947807311
v -0.04423310980200768 0.021249139681458477 0.4650627076625823
v -0.04601769894361497 0.02188976109027863 0.4630633294582366
v -0.04601769894361497 0.02188976109027863 0.4630633294582366
v -0.0486624948680401 0.02366910874843598 0.45962175726890553
v -0.047827217727899565 0.021756969392299656 0.4608808159828185
v -0.04491000249981881 0.04611907899379731 0.4594663083553313
v -0.0486624948680401 0.02366910874843598 0.45962175726890553
v -0.04601769894361497 0.02188976109027863 0.4630633294582366
v -0.0441429726779461 -0.07756134122610094 0.4619426727294921
v -0.04857797920703889 -0.07759664952754976 0.45601549744606007
v -0.04411387443542481 -0.0777997598052025 0.46191465854644764
v -0.0441429726779461 -0.07756134122610094 0.4619426727294921
v -0.04418132826685906 -0.07701905816793443 0.4620257318019866
v -0.04857797920703889 -0.07759664952754976 0.45601549744606007
v -0.0441429726779461 -0.07756134122610094 0.4619426727294921
v -0.04411387443542481 -0.0777997598052025 0.46191465854644764
v -0.038985941559076316 -0.07759433984756471 0.46731024980545033
v -0.0441429726779461 -0.07756134122610094 0.4619426727294921
v -0.038985941559076316 -0.07759433984756471 0.46731024980545033
v -0.04418132826685906 -0.07701905816793443 0.4620257318019866
v -0.04195291548967362 0.020100837573409084 0.4674307107925414
v -0.039324376732110984 0.019344624131917957 0.469853639602661
v -0.03824028745293618 0.044824950397014625 0.4665517807006835
v -0.039324376732110984 0.019344624131917957 0.469853639602661
v -0.04195291548967362 0.020100837573409084 0.4674307107925414
v -0.04071444645524026 0.01837379485368729 0.4686981141567229
v -0.04195291548967362 0.020100837573409084 0.4674307107925414
v -0.0438547395169735 0.01980248093605042 0.4655877947807311
v -0.04071444645524026 0.01837379485368729 0.4686981141567229
v -0.04195291548967362 0.020100837573409084 0.4674307107925414
v -0.04423310980200768 0.021249139681458477 0.4650627076625823
v -0.0438547395169735 0.01980248093605042 0.4655877947807311
v -0.04677157849073411 0.04935812205076219 0.4561686813831328
v -0.04763190075755121 0.04690976813435556 0.45573526620864857
v -0.04491000249981881 0.04611907899379731 0.4594663083553313
v -0.0532127544283867 0.025365967303514488 0.452395737171173
v -0.05065376684069635 0.023488664999604232 0.45682808756828297
v -0.05205046758055688 0.02566573210060597 0.45441094040870655
v -0.05205046758055688 0.02566573210060597 0.45441094040870655
v -0.05065376684069635 0.023488664999604232 0.45682808756828297
v -0.0486624948680401 0.02366910874843598 0.45962175726890553
v -0.05205046758055688 0.02566573210060597 0.45441094040870655
v -0.0486624948680401 0.02366910874843598 0.45962175726890553
v -0.04763190075755121 0.04690976813435556 0.45573526620864857
v -0.005731580313295127 -0.07756633311510087 0.4820977151393889
v -0.00563406851142645 -0.07701763510704042 0.48218894004821766
v -0.012967825867235664 -0.0776108205318451 0.48093509674072255
v -0.005731580313295127 -0.07756633311510087 0.4820977151393889
v -0.012967825867235664 -0.0776108205318451 0.48093509674072255
v -0.0056542432866990575 -0.07779523730278017 0.4820570349693297
v -0.005731580313295127 -0.07756633311510087 0.4820977151393889
v 0.0017554662190377717 -0.07780101150274278 0.4823162555694579
v -0.00563406851142645 -0.07701763510704042 0.48218894004821766
v -0.005731580313295127 -0.07756633311510087 0.4820977151393889
v -0.0056542432866990575 -0.07779523730278017 0.4820570349693297
v 0.0017554662190377717 -0.07780101150274278 0.4823162555694579
v -0.0056542432866990575 -0.07779523730278017 0.4820570349693297
v -0.012969391420483593 -0.07779302448034288 0.48085856437683094
v -0.020064095035195354 -0.0778002366423607 0.47875455021858204
v -0.012969391420483593 -0.07779302448034288 0.48085856437683094
v -0.012967825867235664 -0.0776108205318451 0.48093509674072255
v -0.020064095035195354 -0.0778002366423607 0.47875455021858204
v -0.012969391420483593 -0.07779302448034288 0.48085856437683094
v -0.0056542432866990575 -0.07779523730278017 0.4820570349693297
v -0.012967825867235664 -0.0776108205318451 0.48093509674072255
v -0.031245572492480285 0.059886120259761824 -0.033622372895479195
v -0.028131423518061645 0.06034827604889871 -0.03361869603395461
v -0.026308817788958556 0.05922235548496248 -0.0378023087978363
v -0.031245572492480285 0.059886120259761824 -0.033622372895479195
v -0.026308817788958556 0.05922235548496248 -0.0378023087978363
v -0.029960153624415405 0.05906174704432489 -0.03638676181435584
v -0.03291305527091027 0.06015928834676744 -0.03193141520023345
v -0.035608764737844474 0.06105376780033113 -0.02750159800052642
v -0.028131423518061645 0.06034827604889871 -0.03361869603395461
v -0.031245572492480285 0.059886120259761824 -0.033622372895479195
v -0.03291305527091027 0.06015928834676744 -0.03193141520023345
v -0.028131423518061645 0.06034827604889871 -0.03361869603395461
v -0.04888415709137918 0.0658380687236786 0.013031655922532078
v -0.0475161410868168 0.06627030670642854 0.012617693282663819
v -0.04932062327861787 0.06492169946432115 0.005315855145454406
v -0.0475161410868168 0.06627030670642854 0.012617693282663819
v -0.047680150717496886 0.06538459658622743 0.004942161962389945
v -0.04932062327861787 0.06492169946432115 0.005315855145454406
v -0.0475161410868168 0.06627030670642854 0.012617693282663819
v -0.04888415709137918 0.0658380687236786 0.013031655922532078
v -0.04529815912246705 0.06736171990633012 0.019829720258712765
v -0.051943119615316405 0.06270936876535417 -0.00010264393495162946
v -0.049677744507789626 0.06360241025686265 -0.0023181184660643335
v -0.051605828106403365 0.062113534659147276 -0.0040904120542109
v -0.05100912973284723 0.06391564011573793 0.003792257979512214
v -0.049677744507789626 0.06360241025686265 -0.0023181184660643335
v -0.051943119615316405 0.06270936876535417 -0.00010264393495162946
v -0.051605828106403365 0.062113534659147276 -0.0040904120542109
v -0.05313223227858545 0.06085707992315294 -0.004006786737591027
v -0.051943119615316405 0.06270936876535417 -0.00010264393495162946
v -0.053872704505920424 0.06107149273157121 0.00015152466949075458
v -0.051943119615316405 0.06270936876535417 -0.00010264393495162946
v -0.05313223227858545 0.06085707992315294 -0.004006786737591027
v -0.05100912973284723 0.06391564011573793 0.003792257979512214
v -0.050736997276544585 0.0645054578781128 0.007614080328494309
v -0.04932062327861787 0.06492169946432115 0.005315855145454406
v -0.050736997276544585 0.0645054578781128 0.007614080328494309
v -0.04888415709137918 0.0658380687236786 0.013031655922532078
v -0.04932062327861787 0.06492169946432115 0.005315855145454406
v -0.05420041084289552 0.06153440102934839 0.008601566776633261
v -0.05495666712522508 0.06032544374465944 0.004555967636406421
v -0.05418845266103746 0.061545960605144515 0.41531449556350697
v -0.05023507401347162 0.0651189610362053 0.40812784433364857
v -0.048473753035068526 0.06610332429409028 0.4085847735404967
v -0.04974535852670671 0.06540290266275407 0.017698097974061962
v -0.04974535852670671 0.06540290266275407 0.017698097974061962
v -0.048473753035068526 0.06610332429409028 0.4085847735404967
v -0.048243321478366866 0.06622152775526048 0.40461727976799
v -0.04974535852670671 0.06540290266275407 0.017698097974061962
v -0.048243321478366866 0.06622152775526048 0.40461727976799
v -0.0468590371310711 0.06688240170478822 0.020584868267178532
v -0.04888415709137918 0.0658380687236786 0.013031655922532078
v -0.04974535852670671 0.06540290266275407 0.017698097974061962
v -0.0468590371310711 0.06688240170478822 0.020584868267178532
v -0.05293121933937074 0.0625848099589348 0.41983863711357106
v -0.050946984440088286 0.06395530700683595 0.4201643466949462
v -0.05072005465626718 0.06452529132366182 0.41624099016189564
v -0.050946984440088286 0.06395530700683595 0.4201643466949462
v -0.05293121933937074 0.0625848099589348 0.41983863711357106
v -0.05194589123129846 0.0627204477787018 0.4240248203277587
v -0.05194589123129846 0.0627204477787018 0.4240248203277587
v -0.04983342066407205 0.06393612921237947 0.4239457845687865
v -0.050946984440088286 0.06395530700683595 0.4201643466949462
v -0.050946984440088286 0.06395530700683595 0.4201643466949462
v -0.04889502748847009 0.06512834131717683 0.41835656762123097
v -0.05072005465626718 0.06452529132366182 0.41624099016189564
v -0.050946984440088286 0.06395530700683595 0.4201643466949462
v -0.04983342066407205 0.06393612921237947 0.4239457845687865
v -0.04889502748847009 0.06512834131717683 0.41835656762123097
v -0.053412590175867095 0.06150487810373308 0.4239045977592467
v -0.05460298433899881 0.06083481758832933 0.41946902871131886
v -0.05470221117138864 0.06012275815010072 0.42366909980773915
v -0.053412590175867095 0.06150487810373308 0.4239045977592467
v -0.05293121933937074 0.0625848099589348 0.41983863711357106
v -0.05460298433899881 0.06083481758832933 0.41946902871131886
v -0.053412590175867095 0.06150487810373308 0.4239045977592467
v -0.054479494690895094 0.05941894650459291 0.42785295844078053
v -0.05313464254140855 0.060857497155666365 0.4279952347278594
v -0.05470221117138864 0.06012275815010072 0.42366909980773915
v -0.054479494690895094 0.05941894650459291 0.42785295844078053
v -0.053412590175867095 0.06150487810373308 0.4239045977592467
v -0.05313464254140855 0.060857497155666365 0.4279952347278594
v -0.05194589123129846 0.0627204477787018 0.4240248203277587
v -0.053412590175867095 0.06150487810373308 0.4239045977592467
v -0.05194589123129846 0.0627204477787018 0.4240248203277587
v -0.05293121933937074 0.0625848099589348 0.41983863711357106
v -0.053412590175867095 0.06150487810373308 0.4239045977592467
v 0.02106391824781895 0.052038282155990614 0.4734712541103362
v 0.021920066326856617 0.0489894635975361 0.4750152826309203
v 0.02499071694910527 0.05232482030987741 0.47164243459701527
v 0.01739601790904999 0.05029354244470598 0.475860834121704
v 0.021920066326856617 0.0489894635975361 0.4750152826309203
v 0.02106391824781895 0.052038282155990614 0.4734712541103362
v 0.028800100088119514 0.052664857357740416 0.4694862961769103
v 0.029844459146261222 0.04965239763259889 0.47088176012039173
v 0.03310178220272065 0.051474750041961684 0.46777427196502674
v 0.02499071694910527 0.05232482030987741 0.47164243459701527
v 0.021920066326856617 0.0489894635975361 0.4750152826309203
v 0.02598715946078301 0.04931168630719186 0.47308695316314686
v 0.02598715946078301 0.04931168630719186 0.47308695316314686
v 0.028800100088119514 0.052664857357740416 0.4694862961769103
v 0.02499071694910527 0.05232482030987741 0.47164243459701527
v 0.02598715946078301 0.04931168630719186 0.47308695316314686
v 0.029844459146261222 0.04965239763259889 0.47088176012039173
v 0.028800100088119514 0.052664857357740416 0.4694862961769103
v 0.02598715946078301 0.04931168630719186 0.47308695316314686
v 0.02686168253421784 0.04612549766898156 0.4739185869693755
v 0.029844459146261222 0.04965239763259889 0.47088176012039173
v 0.02598715946078301 0.04931168630719186 0.47308695316314686
v 0.022699985653162006 0.04576658084988595 0.4759349524974822
v 0.02686168253421784 0.04612549766898156 0.4739185869693755
v 0.02598715946078301 0.04931168630719186 0.47308695316314686
v 0.021920066326856617 0.0489894635975361 0.4750152826309203
v 0.022699985653162006 0.04576658084988595 0.4759349524974822
v 0.03454928472638131 0.04620820283889771 0.4691838026046752
v 0.03161499649286271 0.04381129890680314 0.4716735780239104
v 0.03562972322106362 0.044389054179191596 0.46876877546310414
v 0.034172113984823234 0.048850212246179595 0.4685065746307372
v 0.03983774408698083 0.047190926969051375 0.46457955241203297
v 0.043717939406633384 0.05072554573416711 0.459113985300064
v 0.029844459146261222 0.04965239763259889 0.47088176012039173
v 0.034172113984823234 0.048850212246179595 0.4685065746307372
v 0.03310178220272065 0.051474750041961684 0.46777427196502674
v 0.01808775588870049 0.04719021171331407 0.47713974118232716
v 0.013819899410009388 0.045239068567752845 0.47894755005836476
v 0.018330745398998264 0.044630289077758796 0.4778109788894652
v 0.018330745398998264 0.044630289077758796 0.4778109788894652
v 0.013819899410009388 0.045239068567752845 0.47894755005836476
v 0.018262198194861416 0.04259257763624192 0.47818049788475026
v 0.018330745398998264 0.044630289077758796 0.4778109788894652
v 0.022699985653162006 0.04576658084988595 0.4759349524974822
v 0.01808775588870049 0.04719021171331407 0.47713974118232716
v 0.018330745398998264 0.044630289077758796 0.4778109788894652
v 0.022792683914303783 0.04293173179030419 0.4764433503150939
v 0.022699985653162006 0.04576658084988595 0.4759349524974822
v 0.018330745398998264 0.044630289077758796 0.4778109788894652
v 0.018262198194861416 0.04259257763624192 0.47818049788475026
v 0.022792683914303783 0.04293173179030419 0.4764433503150939
v 0.01466817501932383 0.012322346679866317 0.48277074098587025
v 0.009198863059282305 -0.07701589167118074 0.4817291498184203
v 0.01644636876881123 -0.07701618969440462 0.48008054494857777
v 0.04400501027703286 0.048268388956785216 0.4599636197090148
v 0.03983774408698083 0.047190926969051375 0.46457955241203297
v 0.04263710230588914 0.0469239577651024 0.4619077146053313
v 0.04400501027703286 0.048268388956785216 0.4599636197090148
v 0.04263710230588914 0.0469239577651024 0.4619077146053313
v 0.044245939701795585 0.04607683420181275 0.46025145053863514
v 0.044245939701795585 0.04607683420181275 0.46025145053863514
v 0.04709707945585252 0.046887639909982695 0.4564760625362395
v 0.04400501027703286 0.048268388956785216 0.4599636197090148
v 0.04709707945585252 0.046887639909982695 0.4564760625362395
v 0.046765871345996864 0.04946265742182733 0.4561282396316527
v 0.04400501027703286 0.048268388956785216 0.4599636197090148
v 0.04918272048234941 0.05007884651422502 0.4523724913597106
v 0.05020283535122873 0.05354014411568643 0.44831514358520497
v 0.04812024906277658 0.05287607014179231 0.4521350860595702
v 0.04918272048234941 0.05007884651422502 0.4523724913597106
v 0.051264055073261275 0.05081436038017274 0.448456048965454
v 0.05020283535122873 0.05354014411568643 0.44831514358520497
v 0.04605396464467049 0.051518756896257414 0.4558814764022826
v 0.04918272048234941 0.05007884651422502 0.4523724913597106
v 0.04812024906277658 0.05287607014179231 0.4521350860595702
v 0.04918272048234941 0.05007884651422502 0.4523724913597106
v 0.04605396464467049 0.051518756896257414 0.4558814764022826
v 0.046765871345996864 0.04946265742182733 0.4561282396316527
v 0.0496216155588627 0.04764876887202264 0.4525066912174224
v 0.051264055073261275 0.05081436038017274 0.448456048965454
v 0.04918272048234941 0.05007884651422502 0.4523724913597106
v 0.04918272048234941 0.05007884651422502 0.4523724913597106
v 0.04709707945585252 0.046887639909982695 0.4564760625362395
v 0.0496216155588627 0.04764876887202264 0.4525066912174224
v 0.04918272048234941 0.05007884651422502 0.4523724913597106
v 0.046765871345996864 0.04946265742182733 0.4561282396316527
v 0.04709707945585252 0.046887639909982695 0.4564760625362395
v 0.043811280280351646 0.02102722600102425 0.46554765105247486
v 0.04230530187487603 0.019052479416131977 0.46717292070388783
v 0.04572000354528428 0.020691571757197384 0.4634999632835387
v 0.043811280280351646 0.02102722600102425 0.46554765105247486
v 0.04572000354528428 0.020691571757197384 0.4634999632835387
v 0.04660420864820481 0.02222516015172005 0.4623523950576781
v 0.04660420864820481 0.02222516015172005 0.4623523950576781
v 0.04263710230588914 0.0469239577651024 0.4619077146053313
v 0.043811280280351646 0.02102722600102425 0.46554765105247486
v 0.043811280280351646 0.02102722600102425 0.46554765105247486
v 0.03834767267107964 0.04518693685531617 0.4663873314857482
v 0.03913912922143937 0.019339356571435932 0.4699880480766295
v 0.04230530187487603 0.019052479416131977 0.46717292070388783
v 0.043811280280351646 0.02102722600102425 0.46554765105247486
v 0.03913912922143937 0.019339356571435932 0.4699880480766295
v 0.043811280280351646 0.02102722600102425 0.46554765105247486
v 0.03983774408698083 0.047190926969051375 0.46457955241203297
v 0.03834767267107964 0.04518693685531617 0.4663873314857482
v 0.04263710230588914 0.0469239577651024 0.4619077146053313
v 0.03983774408698083 0.047190926969051375 0.46457955241203297
v 0.043811280280351646 0.02102722600102425 0.46554765105247486
v 0.0547015853226185 0.06011728942394258 0.4236965477466582
v 0.056033246219158186 0.05801527574658395 0.4233920872211455
v 0.054608270525932326 0.06082442030310632 0.4195350110530852
v 0.0544746331870556 0.05941215530037881 0.4278876483440398
v 0.0547015853226185 0.06011728942394258 0.4236965477466582
v 0.053132094442844405 0.06085714325308801 0.42799702286720265
v 0.0547015853226185 0.06011728942394258 0.4236965477466582
v 0.05294841155409814 0.06193994730710985 0.4239714741706847
v 0.053132094442844405 0.06085714325308801 0.42799702286720265
v 0.05303621292114259 0.059746660292148604 0.43207567930221547
v 0.0544746331870556 0.05941215530037881 0.4278876483440398
v 0.053132094442844405 0.06085714325308801 0.42799702286720265
v 0.05303621292114259 0.059746660292148604 0.43207567930221547
v 0.050968904048204436 0.0615251734852791 0.4320325255393981
v 0.05165239796042444 0.059592086821794524 0.43604955077171315
v 0.050968904048204436 0.0615251734852791 0.4320325255393981
v 0.05303621292114259 0.059746660292148604 0.43207567930221547
v 0.053132094442844405 0.06085714325308801 0.42799702286720265
v 0.044633515179157264 0.06728278845548631 0.40654510259628285
v 0.04666619375348092 0.06550559401512147 0.4194687008857726
v 0.04714058339595796 0.06635725498199464 0.4115745127201079
v 0.04714058339595796 0.06635725498199464 0.4115745127201079
v 0.04666619375348092 0.06550559401512147 0.4194687008857726
v 0.04824398830533029 0.06525054574012758 0.4188832640647887
v 0.04714058339595796 0.06635725498199464 0.4115745127201079
v 0.04523015022277833 0.06738200783729555 0.40405574440956105
v 0.044633515179157264 0.06728278845548631 0.40654510259628285
v 0.04714058339595796 0.06635725498199464 0.4115745127201079
v 0.047800336033105864 0.06646429747343065 0.40650269389152516
v 0.04523015022277833 0.06738200783729555 0.40405574440956105
v 0.05294841155409814 0.06193994730710985 0.4239714741706847
v 0.050952874124050154 0.0639360398054123 0.42029491066932667
v 0.05087302625179292 0.06336966902017595 0.4242015182971953
v 0.049396622925996794 0.06564666330814363 0.40854525566101063
v 0.05117139220237733 0.06449493765830995 0.4100188612937926
v 0.0500999614596367 0.06521082669496538 0.016083957627415654
v 0.049396622925996794 0.06564666330814363 0.40854525566101063
v 0.0500999614596367 0.06521082669496538 0.016083957627415654
v 0.04883613064885141 0.06589026749134065 0.013502309098839756
v 0.047800336033105864 0.06646429747343065 0.40650269389152516
v 0.049396622925996794 0.06564666330814363 0.40854525566101063
v 0.04883613064885141 0.06589026749134065 0.013502309098839756
v 0.04729227721691133 0.06439144164323808 0.42632097005844105
v 0.04938580840826036 0.06434238702058794 0.4226020276546477
v 0.04824398830533029 0.06525054574012758 0.4188832640647887
v 0.05087302625179292 0.06336966902017595 0.4242015182971953
v 0.050952874124050154 0.0639360398054123 0.42029491066932667
v 0.04938580840826036 0.06434238702058794 0.4226020276546477
v 0.013527728617191318 0.056196227669715895 0.4714651107788085
v 0.016554789617657665 0.05739281326532365 0.4689008593559264
v 0.009254542179405691 0.05713495239615442 0.4708208739757537
v 0.009254542179405691 0.05713495239615442 0.4708208739757537
v 0.005801753606647254 0.055983498692512526 0.47294673323631276
v 0.013527728617191318 0.056196227669715895 0.4714651107788085
v 0.013527728617191318 0.056196227669715895 0.4714651107788085
v 0.005801753606647254 0.055983498692512526 0.47294673323631276
v 0.008165952749550344 0.0542571432888508 0.4747039973735808
v 0.008165952749550344 0.0542571432888508 0.4747039973735808
v 0.012200889177620414 0.05437544733285905 0.47391262650489796
v 0.013527728617191318 0.056196227669715895 0.4714651107788085
v 0.012200889177620414 0.05437544733285905 0.47391262650489796
v 0.012872641906142238 0.051614183932542815 0.47615426778793324
v 0.016603879630565647 0.05322215706110002 0.4739568233489989
v 0.016603879630565647 0.05322215706110002 0.4739568233489989
v 0.02106391824781895 0.052038282155990614 0.4734712541103362
v 0.019999155774712566 0.054747782647609725 0.47141364216804493
v 0.016603879630565647 0.05322215706110002 0.4739568233489989
v 0.012872641906142238 0.051614183932542815 0.47615426778793324
v 0.01739601790904999 0.05029354244470598 0.475860834121704
v 0.02106391824781895 0.052038282155990614 0.4734712541103362
v 0.016603879630565647 0.05322215706110002 0.4739568233489989
v 0.01739601790904999 0.05029354244470598 0.475860834121704
v 0.023747622966766364 0.05500149726867677 0.46970480680465687
v 0.02106391824781895 0.052038282155990614 0.4734712541103362
v 0.02499071694910527 0.05232482030987741 0.47164243459701527
v 0.023747622966766364 0.05500149726867677 0.46970480680465687
v 0.019999155774712566 0.054747782647609725 0.47141364216804493
v 0.02106391824781895 0.052038282155990614 0.4734712541103362
v -0.04704937338829042 0.06456173956394197 0.4256755709648131
v -0.04567713662981988 0.06354691088199617 0.43298348784446705
v -0.04562440142035485 0.06507835537195207 0.42327603697776783
v -0.04704937338829042 0.06456173956394197 0.4256755709648131
v -0.04562440142035485 0.06507835537195207 0.42327603697776783
v -0.04652627184987069 0.0660941004753113 0.4149757623672484
v -0.04704937338829042 0.06456173956394197 0.4256755709648131
v -0.04652627184987069 0.0660941004753113 0.4149757623672484
v -0.04889502748847009 0.06512834131717683 0.41835656762123097
v -0.04856773465871812 0.0633584037423134 0.42970895767211903
v -0.04567713662981988 0.06354691088199617 0.43298348784446705
v -0.04704937338829042 0.06456173956394197 0.4256755709648131
v -0.04704937338829042 0.06456173956394197 0.4256755709648131
v -0.04983342066407205 0.06393612921237947 0.4239457845687865
v -0.04856773465871812 0.0633584037423134 0.42970895767211903
v -0.04704937338829042 0.06456173956394197 0.4256755709648131
v -0.04889502748847009 0.06512834131717683 0.41835656762123097
v -0.04983342066407205 0.06393612921237947 0.4239457845687865
v -0.0442241095006466 0.062083695083856597 0.4409683346748351
v -0.04661281034350396 0.06234736740589143 0.43702805042266835
v -0.04772736504673959 0.061785470694303526 0.43738892674446095
v -0.04661281034350396 0.06234736740589143 0.43702805042266835
v -0.0442241095006466 0.062083695083856597 0.4409683346748351
v -0.04567713662981988 0.06354691088199617 0.43298348784446705
v -0.04661281034350396 0.06234736740589143 0.43702805042266835
v -0.04856773465871812 0.0633584037423134 0.42970895767211903
v -0.04772736504673959 0.061785470694303526 0.43738892674446095
v -0.04661281034350396 0.06234736740589143 0.43702805042266835
v -0.04567713662981988 0.06354691088199617 0.43298348784446705
v -0.04856773465871812 0.0633584037423134 0.42970895767211903
v -0.04086338728666306 0.059855185449123396 0.4508604407310485
v -0.04475060477852822 0.06079248338937761 0.44441884756088246
v -0.04211197793483735 0.059014335274696364 0.4514416754245757
v -0.04211197793483735 0.059014335274696364 0.4514416754245757
v -0.04244013875722886 0.05726527422666551 0.45410752296447743
v -0.039319843053817756 0.057978015393018736 0.45589590072631825
v -0.04211197793483735 0.059014335274696364 0.4514416754245757
v -0.039319843053817756 0.057978015393018736 0.45589590072631825
v -0.03790679574012757 0.05907231196761133 0.4551348090171813
v -0.04211197793483735 0.059014335274696364 0.4514416754245757
v -0.03790679574012757 0.05907231196761133 0.4551348090171813
v -0.04086338728666306 0.059855185449123396 0.4508604407310485
v -0.046111870557069785 0.0665639489889145 0.012560255825519558
v -0.04266172274947167 0.06793624162673952 0.022405326366424557
v -0.04567790403962136 0.06492888927459718 -0.0004495902103371917
v -0.046111870557069785 0.0665639489889145 0.012560255825519558
v -0.04567790403962136 0.06492888927459718 -0.0004495902103371917
v -0.047680150717496886 0.06538459658622743 0.004942161962389945
v -0.046111870557069785 0.0665639489889145 0.012560255825519558
v -0.04529815912246705 0.06736171990633012 0.019829720258712765
v -0.04266172274947167 0.06793624162673952 0.022405326366424557
v -0.046111870557069785 0.0665639489889145 0.012560255825519558
v -0.0475161410868168 0.06627030670642854 0.012617693282663819
v -0.04529815912246705 0.06736171990633012 0.019829720258712765
v -0.0475161410868168 0.06627030670642854 0.012617693282663819
v -0.046111870557069785 0.0665639489889145 0.012560255825519558
v -0.047680150717496886 0.06538459658622743 0.004942161962389945
v -0.04567790403962136 0.06492888927459718 -0.0004495902103371917
v -0.04448080807924271 0.06333818286657335 -0.011154819279909132
v -0.047225873917341246 0.0643993839621544 -0.0023692403919994827
v -0.04448080807924271 0.06333818286657335 -0.011154819279909132
v -0.04567790403962136 0.06492888927459718 -0.0004495902103371917
v -0.03926241397857667 0.06259613484144212 -0.01822308078408241
v -0.04448080807924271 0.06333818286657335 -0.011154819279909132
v -0.03926241397857667 0.06259613484144212 -0.01822308078408241
v -0.040229126811027534 0.06189081445336343 -0.021311439573764798
v -0.04448080807924271 0.06333818286657335 -0.011154819279909132
v -0.046997506171464934 0.06307809799909593 -0.009594895876944063
v -0.047225873917341246 0.0643993839621544 -0.0023692403919994827
v -0.04448080807924271 0.06333818286657335 -0.011154819279909132
v -0.044412016868591316 0.06211417168378831 -0.016692664474248883
v -0.046997506171464934 0.06307809799909593 -0.009594895876944063
v -0.04448080807924271 0.06333818286657335 -0.011154819279909132
v -0.040229126811027534 0.06189081445336343 -0.021311439573764798
v -0.044412016868591316 0.06211417168378831 -0.016692664474248883
v -0.007655832916498186 0.05980447679758073 -0.03952131420373916
v 0.0375276766717434 0.06893952190876008 0.029864247888326638
v 0.029361600056290633 0.06110683083534242 -0.029575640335679047
v -0.007655832916498186 0.05980447679758073 -0.03952131420373916
v -0.02596296928822995 0.06866782158613206 0.027877291664481156
v 0.0375276766717434 0.06893952190876008 0.029864247888326638
v 0.029361600056290633 0.06110683083534242 -0.029575640335679047
v 0.011254914104938509 0.05989351123571397 -0.03877341747283935
v -0.007655832916498186 0.05980447679758073 -0.03952131420373916
v -0.007655832916498186 0.05980447679758073 -0.03952131420373916
v -0.025812698528170593 0.06080311909317972 -0.031861968338489526
v -0.03926241397857667 0.06259613484144212 -0.01822308078408241
v -0.007655832916498186 0.05980447679758073 -0.03952131420373916
v 0.011254914104938509 0.05989351123571397 -0.03877341747283935
v -0.001541507313959301 0.059074643999338164 -0.04312861338257789
v -0.007655832916498186 0.05980447679758073 -0.03952131420373916
v -0.03926241397857667 0.06259613484144212 -0.01822308078408241
v -0.035460945218801505 0.06890124827623369 0.02967200987040996
v -0.035460945218801505 0.06890124827623369 0.02967200987040996
v -0.02596296928822995 0.06866782158613206 0.027877291664481156
v -0.007655832916498186 0.05980447679758073 -0.03952131420373916
v -0.001541507313959301 0.059074643999338164 -0.04312861338257789
v -0.01623964495956898 0.059465892612934126 -0.04018564522266387
v -0.007655832916498186 0.05980447679758073 -0.03952131420373916
v -0.007655832916498186 0.05980447679758073 -0.03952131420373916
v -0.01623964495956898 0.059465892612934126 -0.04018564522266387
v -0.025812698528170593 0.06080311909317972 -0.031861968338489526
v -0.05869558826088907 0.03182520344853402 0.43739163875579823
v -0.05908955633640291 0.033732876181602485 0.4351854622364043
v -0.05961614102125169 0.03428171947598458 0.43202900886535633
v -0.05593362078070642 0.05075745657086374 0.4363342225551604
v -0.056681044399738326 0.05251122266054155 0.4317203164100646
v -0.05908955633640291 0.033732876181602485 0.4351854622364043
v -0.05908955633640291 0.033732876181602485 0.4351854622364043
v -0.059899102896451964 0.03617288917303086 0.42907384037971485
v -0.05961614102125169 0.03428171947598458 0.43202900886535633
v -0.05908955633640291 0.033732876181602485 0.4351854622364043
v -0.056681044399738326 0.05251122266054155 0.4317203164100646
v -0.059899102896451964 0.03617288917303086 0.42907384037971485
v -0.04243005812168122 0.05398894846439363 0.4579844772815703
v -0.033684771507978446 0.051257614046335234 0.4674602448940276
v -0.03235476091504098 0.053144007921218886 0.4669819176197051
v -0.04243005812168122 0.05398894846439363 0.4579844772815703
v -0.043112263083457954 0.05228693038225175 0.4586956501007079
v -0.033684771507978446 0.051257614046335234 0.4674602448940276
v -0.05215718597173692 0.05910401046276094 -0.012108467519283291
v -0.05387755855917932 0.05689226463437082 -0.01218212582170963
v -0.05303626507520677 0.05974669009447099 -0.008085422217845915
v -0.05046857893466951 0.05898418650031091 -0.015950795263051983
v -0.05215718597173692 0.05910401046276094 -0.012108467519283291
v -0.05004222318530084 0.06095156446099283 -0.01190265733748674
v -0.05215718597173692 0.05910401046276094 -0.012108467519283291
v -0.05096894875168802 0.06152518466114999 -0.008042139932513235
v -0.05004222318530084 0.06095156446099283 -0.01190265733748674
v -0.05215718597173692 0.05910401046276094 -0.012108467519283291
v -0.05303626507520677 0.05974669009447099 -0.008085422217845915
v -0.05096894875168802 0.06152518466114999 -0.008042139932513235
v -0.04734493792057039 0.05985313653945924 -0.01933011598885059
v -0.04617689177393914 0.06131175905466081 -0.01714524999260902
v -0.04556800052523614 0.05932857096195222 -0.022902423515915867
v -0.05603343620896341 0.058015123009681716 0.0005982638103887438
v -0.05587112531065942 0.05880500376224519 0.004843163304030894
v -0.05495666712522508 0.06032544374465944 0.004555967636406421
v -0.05586631968617441 0.05881350487470628 0.4190927743911742
v -0.05495666712522508 0.06032544374465944 0.004555967636406421
v -0.05587112531065942 0.05880500376224519 0.004843163304030894
v -0.05668132752180101 0.0566491410136223 0.005206784699112176
v -0.05586631968617441 0.05881350487470628 0.4190927743911742
v -0.05587112531065942 0.05880500376224519 0.004843163304030894
v -0.05587112531065942 0.05880500376224519 0.004843163304030894
v -0.05689729377627374 0.0557728447020054 0.0009129745885729788
v -0.05668132752180101 0.0566491410136223 0.005206784699112176
v -0.05587112531065942 0.05880500376224519 0.004843163304030894
v -0.05603343620896341 0.058015123009681716 0.0005982638103887438
v -0.05689729377627374 0.0557728447020054 0.0009129745885729788
v -0.05128978192806245 0.05077775567770006 -0.024441191926598542
v -0.05358107015490533 0.04994493350386621 -0.020008776336908337
v -0.052571658045053496 0.05291955545544626 -0.020395126193761822
v -0.05128978192806245 0.05077775567770006 -0.024441191926598542
v -0.051744826138019576 0.04829923808574678 -0.024512073025107377
v -0.05358107015490533 0.04994493350386621 -0.020008776336908337
v -0.04963038489222528 0.04764722287654878 -0.028503188863396638
v -0.05128978192806245 0.05077775567770006 -0.024441191926598542
v -0.04918279871344568 0.05007905885577203 -0.028382161632180207
v -0.051744826138019576 0.04829923808574678 -0.024512073025107377
v -0.05128978192806245 0.05077775567770006 -0.024441191926598542
v -0.04963038489222528 0.04764722287654878 -0.028503188863396638
v -0.044162571430206306 0.048817075788974776 -0.0355846881866455
v -0.03983773291110993 0.04719081521034242 -0.04058939591050147
v -0.04265974089503289 0.04673104360699654 -0.037942450493574136
v -0.044236321002244956 0.046061441302299506 -0.0362732745707035
v -0.044162571430206306 0.048817075788974776 -0.0355846881866455
v -0.04265974089503289 0.04673104360699654 -0.037942450493574136
v -0.044162571430206306 0.048817075788974776 -0.0355846881866455
v -0.044236321002244956 0.046061441302299506 -0.0362732745707035
v -0.04709727689623834 0.04688790068030359 -0.03248566016554832
v -0.04676605015993119 0.04946274682879449 -0.032137762755155556
v -0.044162571430206306 0.048817075788974776 -0.0355846881866455
v -0.04709727689623834 0.04688790068030359 -0.03248566016554832
v -0.04306671768426896 0.0531459078192711 -0.03413013368844985
v -0.03386316448450089 0.05108484253287317 -0.04342822358012199
v -0.04294580966234208 0.05214007198810579 -0.034934509545564645
v -0.04294580966234208 0.05214007198810579 -0.034934509545564645
v -0.03386316448450089 0.05108484253287317 -0.04342822358012199
v -0.034454181790351875 0.04849011823534967 -0.04449708387255668
v -0.04918279871344568 0.05007905885577203 -0.028382161632180207
v -0.048120282590389266 0.052876111119985594 -0.02814482152462005
v -0.04605408757925034 0.05151870101690294 -0.03189121186733245
v -0.04605408757925034 0.05151870101690294 -0.03189121186733245
v -0.04676605015993119 0.04946274682879449 -0.032137762755155556
v -0.04918279871344568 0.05007905885577203 -0.028382161632180207
v -0.04490879178047181 0.05366018414497377 -0.031639285385608666
v -0.04605408757925034 0.05151870101690294 -0.03189121186733245
v -0.048120282590389266 0.052876111119985594 -0.02814482152462005
v -0.04605408757925034 0.05151870101690294 -0.03189121186733245
v -0.04490879178047181 0.05366018414497377 -0.031639285385608666
v -0.04306671768426896 0.0531459078192711 -0.03413013368844985
v -0.013306166045367721 0.042175058275461204 -0.055623058229684816
v -0.014839715324342254 0.013888878747820858 -0.05866949632763861
v -0.018320033326745037 0.042637445032596595 -0.05416657775640486
v -0.021060582250356678 0.014804843813180927 -0.056704644113779054
v -0.018320033326745037 0.042637445032596595 -0.05416657775640486
v -0.014839715324342254 0.013888878747820858 -0.05866949632763861
v -0.018320033326745037 0.042637445032596595 -0.05416657775640486
v -0.018330870196223262 0.04463024809956551 -0.05382072180509566
v -0.01382016204297543 0.04523915797472001 -0.054957196116447435
v -0.01382016204297543 0.04523915797472001 -0.054957196116447435
v -0.013306166045367721 0.042175058275461204 -0.055623058229684816
v -0.018320033326745037 0.042637445032596595 -0.05416657775640486
v -0.02289712801575661 0.042807083576917655 -0.05242296308279036
v -0.018330870196223262 0.04463024809956551 -0.05382072180509566
v -0.018320033326745037 0.042637445032596595 -0.05416657775640486
v -0.018320033326745037 0.042637445032596595 -0.05416657775640486
v -0.021060582250356678 0.014804843813180927 -0.056704644113779054
v -0.02289712801575661 0.042807083576917655 -0.05242296308279036
v 0.009655024856328966 0.057021651417017 -0.04694987460970877
v 0.017005331814289096 0.057302951812744155 -0.04493161663413047
v 0.0174089539796114 0.05637397244572641 -0.04624596610665321
v 0.0174089539796114 0.05637397244572641 -0.04624596610665321
v 0.009828281588852407 0.0560736581683159 -0.04833606258034705
v 0.009655024856328966 0.057021651417017 -0.04694987460970877
v 0.009655024856328966 0.057021651417017 -0.04694987460970877
v 0.012835064902901653 0.05836771801114084 -0.04387598484754562
v 0.017005331814289096 0.057302951812744155 -0.04493161663413047
v 0.012835064902901653 0.05836771801114084 -0.04387598484754562
v 0.009655024856328966 0.057021651417017 -0.04694987460970877
v 0.006113491021096708 0.05815972387790681 -0.04525929689407348
v 0.009655024856328966 0.057021651417017 -0.04694987460970877
v 0.002106489380821586 0.05689532682299615 -0.047842483967542634
v 0.006113491021096708 0.05815972387790681 -0.04525929689407348
v 0.009655024856328966 0.057021651417017 -0.04694987460970877
v 0.009828281588852407 0.0560736581683159 -0.04833606258034705
v 0.002106489380821586 0.05689532682299615 -0.047842483967542634
v 0.02197710052132607 0.04899355769157411 -0.051000665873289094
v 0.021136133000254635 0.052042447030544295 -0.04945101961493491
v 0.02502587996423245 0.052328903228044524 -0.047633845359086976
v 0.021136133000254635 0.052042447030544295 -0.04945101961493491
v 0.017782105132937435 0.048726201057434096 -0.052592858672142015
v 0.017096113413572315 0.051805090159177794 -0.05095918849110602
v 0.021136133000254635 0.052042447030544295 -0.04945101961493491
v 0.02197710052132607 0.04899355769157411 -0.051000665873289094
v 0.017782105132937435 0.048726201057434096 -0.052592858672142015
v 0.02502587996423245 0.052328903228044524 -0.047633845359086976
v 0.021136133000254635 0.052042447030544295 -0.04945101961493491
v 0.023811588063836105 0.05500707775354387 -0.0456823706626892
v 0.004537328612059356 0.04826904088258745 -0.05530706793069838
v 0.00865723565220833 0.05148059502243997 -0.053011454641818986
v 0.009006806649267675 0.04836201295256616 -0.05476022511720656
v 0.00865723565220833 0.05148059502243997 -0.053011454641818986
v 0.00823134556412697 0.054259080439806 -0.05070438235998152
v 0.012279985472559932 0.05437911674380304 -0.049902733415365205
v 0.0041566379368305215 0.054186649620533 -0.05118695646524428
v 2.217583823949099e-05 0.05208946764469148 -0.0531519055366516
v 6.17675468674861e-05 0.05416203290224077 -0.051350865513086305
v 0.0041566379368305215 0.054186649620533 -0.05118695646524428
v 6.17675468674861e-05 0.05416203290224077 -0.051350865513086305
v 0.0020329249091446404 0.055941622704267516 -0.04924773797392844
v 0.0020329249091446404 0.055941622704267516 -0.04924773797392844
v 0.009828281588852407 0.0560736581683159 -0.04833606258034705
v 0.0041566379368305215 0.054186649620533 -0.05118695646524428
v 0.009828281588852407 0.0560736581683159 -0.04833606258034705
v 0.00823134556412697 0.054259080439806 -0.05070438235998152
v 0.0041566379368305215 0.054186649620533 -0.05118695646524428
v -0.021920140832662586 0.048989091068506255 -0.05102521926164626
v -0.02269486710429192 0.04572326689958573 -0.05196035280823706
v -0.02598723769187928 0.049311507493257536 -0.049096755683422075
v -0.021920140832662586 0.048989091068506255 -0.05102521926164626
v -0.01808765530586243 0.047190949320793166 -0.05314921587705611
v -0.02269486710429192 0.04572326689958573 -0.05196035280823706
v -0.01739580556750298 0.050293840467929854 -0.051870461553335176
v -0.01808765530586243 0.047190949320793166 -0.05314921587705611
v -0.021920140832662586 0.048989091068506255 -0.05102521926164626
v -0.021920140832662586 0.048989091068506255 -0.05102521926164626
v -0.0210647638887167 0.05203744396567346 -0.049481254070997224
v -0.01739580556750298 0.050293840467929854 -0.051870461553335176
v -0.021920140832662586 0.048989091068506255 -0.05102521926164626
v -0.02598723769187928 0.049311507493257536 -0.049096755683422075
v -0.024990431964397437 0.05232480168342592 -0.04765228927135466
v -0.024990431964397437 0.05232480168342592 -0.04765228927135466
v -0.0210647638887167 0.05203744396567346 -0.049481254070997224
v -0.021920140832662586 0.048989091068506255 -0.05102521926164626
v -0.0360366776585579 0.059767656028270735 -0.0310230366885662
v -0.03032393008470536 0.05816545337438585 -0.037964779883623116
v -0.03843930736184121 0.05862543731927873 -0.031517408788204186
v -0.029960153624415405 0.05906174704432489 -0.03638676181435584
v -0.03032393008470536 0.05816545337438585 -0.037964779883623116
v -0.0360366776585579 0.059767656028270735 -0.0310230366885662
v -0.0399836078286171 0.060208756476640715 -0.026875905692577355
v -0.0360366776585579 0.059767656028270735 -0.0310230366885662
v -0.03843930736184121 0.05862543731927873 -0.031517408788204186
v -0.0360366776585579 0.059767656028270735 -0.0310230366885662
v -0.031245572492480285 0.059886120259761824 -0.033622372895479195
v -0.029960153624415405 0.05906174704432489 -0.03638676181435584
v -0.0360366776585579 0.059767656028270735 -0.0310230366885662
v -0.03291305527091027 0.06015928834676744 -0.03193141520023345
v -0.031245572492480285 0.059886120259761824 -0.033622372895479195
v -0.0360366776585579 0.059767656028270735 -0.0310230366885662
v -0.0399836078286171 0.060208756476640715 -0.026875905692577355
v -0.035608764737844474 0.06105376780033113 -0.02750159800052642
v -0.035608764737844474 0.06105376780033113 -0.02750159800052642
v -0.03291305527091027 0.06015928834676744 -0.03193141520023345
v -0.0360366776585579 0.059767656028270735 -0.0310230366885662
v -0.026566015556454665 0.05645566806197168 -0.042654585093259804
v -0.030627012252807624 0.05713799968361856 -0.03948769718408584
v -0.03032393008470536 0.05816545337438585 -0.037964779883623116
v -0.026566015556454665 0.05645566806197168 -0.042654585093259804
v -0.020771881565451625 0.05647373199462892 -0.04502299800515174
v -0.02374717220664025 0.05500170215964319 -0.04571452364325523
v -0.026566015556454665 0.05645566806197168 -0.042654585093259804
v -0.031184146180748946 0.05602783337235452 -0.04068586602807044
v -0.030627012252807624 0.05713799968361856 -0.03948769718408584
v -0.02374717220664025 0.05500170215964319 -0.04571452364325523
v -0.028033943846821792 0.054053097963333144 -0.044681411236524575
v -0.026566015556454665 0.05645566806197168 -0.042654585093259804
v -0.026566015556454665 0.05645566806197168 -0.042654585093259804
v -0.028033943846821792 0.054053097963333144 -0.044681411236524575
v -0.031184146180748946 0.05602783337235452 -0.04068586602807044
v 0.0438276156783104 0.020998999476432804 -0.04155308380722999
v 0.04173890873789788 0.045438114553689964 -0.03914425522089004
v 0.046021096408367164 0.021911250427365307 -0.03907221555709838
v 0.050228804349899306 -0.06360092759132387 -0.02950173430144786
v 0.053208339959383025 0.025355923920869834 -0.02841480262577533
v 0.054501440376043334 -0.06360092014074327 -0.02033901400864124
v 0.05044506490230562 -0.07779185473918916 0.39619943499565113
v 0.0464128851890564 -0.07779185473918916 0.389980912208557
v 0.050228804349899306 -0.06360092759132387 -0.02950173430144786
v 0.05365199223160745 -0.07779523730278017 0.40287956595420826
v 0.05044506490230562 -0.07779185473918916 0.39619943499565113
v 0.050228804349899306 -0.06360092759132387 -0.02950173430144786
v 0.050228804349899306 -0.06360092759132387 -0.02950173430144786
v 0.054501440376043334 -0.06360092014074327 -0.02033901400864124
v 0.05365199223160745 -0.07779523730278017 0.40287956595420826
v 0.04968020692467691 0.047951783984899535 -0.028335353359580033
v 0.052049592137336745 0.025665365159511573 -0.030421677976846688
v 0.047625895589590087 0.04692110791802408 -0.03175216540694236
v 0.04968020692467691 0.047951783984899535 -0.028335353359580033
v 0.051282513886690154 0.05081386491656305 -0.02443138882517814
v 0.051729906350374236 0.04868166893720628 -0.024431062862277024
v 0.055047869682312026 0.028159635141491897 -0.0245142001658678
v 0.053208339959383025 0.025355923920869834 -0.02841480262577533
v 0.052049592137336745 0.025665365159511573 -0.030421677976846688
v 0.055047869682312026 0.028159635141491897 -0.0245142001658678
v 0.051729906350374236 0.04868166893720628 -0.024431062862277024
v 0.053353179246187224 0.05024908483028413 -0.02038982883095741
v 0.055047869682312026 0.028159635141491897 -0.0245142001658678
v 0.04968020692467691 0.047951783984899535 -0.028335353359580033
v 0.051729906350374236 0.04868166893720628 -0.024431062862277024
v 0.052049592137336745 0.025665365159511573 -0.030421677976846688
v 0.04968020692467691 0.047951783984899535 -0.028335353359580033
v 0.055047869682312026 0.028159635141491897 -0.0245142001658678
v 0.05869547650218011 0.031825236976146705 -0.013401240110397335
v 0.05711808428168298 -0.06360092014074327 -0.010573570616543291
v 0.0572626329958439 0.029576458036899574 -0.01872436888515949
v 0.05869547650218011 0.031825236976146705 -0.013401240110397335
v 0.05908944830298425 0.033732902258634574 -0.011195046827197073
v 0.059616010636091246 0.03428174555301667 -0.008038730360567568
v 0.05869547650218011 0.031825236976146705 -0.013401240110397335
v 0.059616010636091246 0.03428174555301667 -0.008038730360567568
v 0.05711808428168298 -0.06360092014074327 -0.010573570616543291
v 0.05446598306298257 0.052379153668880477 -0.0162394642829895
v 0.055581927299499526 0.05316726863384248 -0.011997862718999382
v 0.05593349412083627 0.050757411867380156 -0.012343971058726307
v 0.03047106601297856 0.05922888964414598 -0.03570962697267532
v 0.030420606955885894 0.05752128735184671 -0.03903767839074134
v 0.02648476883769036 0.057615101337432875 -0.04095558822154998
v 0.03047106601297856 0.05922888964414598 -0.03570962697267532
v 0.02648476883769036 0.057615101337432875 -0.04095558822154998
v 0.025761634111404426 0.05924327671527864 -0.03797033801674842
v 0.03047106601297856 0.05922888964414598 -0.03570962697267532
v 0.025761634111404426 0.05924327671527864 -0.03797033801674842
v 0.03135363012552262 0.059990897774696364 -0.033304553478956216
v 0.037895765155553825 0.05907400324940683 -0.03114895895123481
v 0.030420606955885894 0.05752128735184671 -0.03903767839074134
v 0.03047106601297856 0.05922888964414598 -0.03570962697267532
v 0.041288595646619804 0.06324349343776704 -0.013334244489669796
v 0.04177797585725785 0.0624886564910412 -0.0175353679805994
v 0.029361600056290633 0.06110683083534242 -0.029575640335679047
v 0.04177797585725785 0.0624886564910412 -0.0175353679805994
v 0.033589880913496024 0.06097066402435304 -0.028898568823933594
v 0.029361600056290633 0.06110683083534242 -0.029575640335679047
v 0.03135363012552262 0.059990897774696364 -0.033304553478956216
v 0.025761634111404426 0.05924327671527864 -0.03797033801674842
v 0.02277002483606339 0.05985704436898233 -0.03721946477890014
v 0.02277002483606339 0.05985704436898233 -0.03721946477890014
v 0.033589880913496024 0.06097066402435304 -0.028898568823933594
v 0.03135363012552262 0.059990897774696364 -0.033304553478956216
v 0.02277002483606339 0.05985704436898233 -0.03721946477890014
v 0.029361600056290633 0.06110683083534242 -0.029575640335679047
v 0.033589880913496024 0.06097066402435304 -0.028898568823933594
v 0.02277002483606339 0.05985704436898233 -0.03721946477890014
v 0.011254914104938509 0.05989351123571397 -0.03877341747283935
v 0.029361600056290633 0.06110683083534242 -0.029575640335679047
v 0.010774387046694757 0.05924174562096597 -0.041823562234640115
v 0.011254914104938509 0.05989351123571397 -0.03877341747283935
v 0.02277002483606339 0.05985704436898233 -0.03721946477890014
v 0.019401278346776966 0.05875288322567941 -0.04142233356833457
v 0.010774387046694757 0.05924174562096597 -0.041823562234640115
v 0.02277002483606339 0.05985704436898233 -0.03721946477890014
v 0.02277002483606339 0.05985704436898233 -0.03721946477890014
v 0.025761634111404426 0.05924327671527864 -0.03797033801674842
v 0.019401278346776966 0.05875288322567941 -0.04142233356833457
v 0.03047106601297856 0.05922888964414598 -0.03570962697267532
v 0.03427644073963166 0.06008723378181459 -0.03133117035031318
v 0.037895765155553825 0.05907400324940683 -0.03114895895123481
v 0.03427644073963166 0.06008723378181459 -0.03133117035031318
v 0.03047106601297856 0.05922888964414598 -0.03570962697267532
v 0.03135363012552262 0.059990897774696364 -0.033304553478956216
v 0.045617774128913886 0.059343196451663985 -0.022807531058788296
v 0.042858190834522254 0.06039495393633844 -0.023595876991748803
v 0.04553166776895524 0.06101544573903085 -0.01879707723855972
v 0.04553166776895524 0.06101544573903085 -0.01879707723855972
v 0.04411248117685319 0.062077037990093245 -0.017125425860285756
v 0.04729658737778665 0.062067519873380675 -0.01315201539546251
v 0.05127784982323648 0.055516149848699584 -0.020235383883118626
v 0.04951671510934831 0.05787751078605653 -0.019858473911881443
v 0.051921755075454726 0.05738046020269395 -0.01613369397819042
v 0.053438670933246626 0.05495780333876611 -0.01627380214631557
v 0.05127784982323648 0.055516149848699584 -0.020235383883118626
v 0.051921755075454726 0.05738046020269395 -0.01613369397819042
v 0.053087748587131514 0.05804647505283357 -0.012092778459191319
v 0.053438670933246626 0.05495780333876611 -0.01627380214631557
v 0.051921755075454726 0.05738046020269395 -0.01613369397819042
v 0.051921755075454726 0.05738046020269395 -0.01613369397819042
v 0.05165900662541391 0.0595962554216385 -0.012026245705783364
v 0.053087748587131514 0.05804647505283357 -0.012092778459191319
v 0.053087748587131514 0.05804647505283357 -0.012092778459191319
v 0.05165900662541391 0.0595962554216385 -0.012026245705783364
v 0.05304887890815736 0.0597590170800686 -0.008006481453776358
v 0.05257157236337663 0.05292167887091638 -0.020395120605826374
v 0.051282513886690154 0.05081386491656305 -0.02443138882517814
v 0.05022297427058221 0.053546622395515456 -0.024283660575747483
v 0.05022297427058221 0.053546622395515456 -0.024283660575747483
v 0.05127784982323648 0.055516149848699584 -0.020235383883118626
v 0.05257157236337663 0.05292167887091638 -0.020395120605826374
v 0.05257157236337663 0.05292167887091638 -0.020395120605826374
v 0.05127784982323648 0.055516149848699584 -0.020235383883118626
v 0.053438670933246626 0.05495780333876611 -0.01627380214631557
v 0.053438670933246626 0.05495780333876611 -0.01627380214631557
v 0.05446598306298257 0.052379153668880477 -0.0162394642829895
v 0.05257157236337663 0.05292167887091638 -0.020395120605826374
v 0.051282513886690154 0.05081386491656305 -0.02443138882517814
v 0.05257157236337663 0.05292167887091638 -0.020395120605826374
v 0.053353179246187224 0.05024908483028413 -0.02038982883095741
v 0.05257157236337663 0.05292167887091638 -0.020395120605826374
v 0.05446598306298257 0.052379153668880477 -0.0162394642829895
v 0.053353179246187224 0.05024908483028413 -0.02038982883095741
v 2.360809594392777e-05 0.04739904031157495 -0.05583049729466437
v 0.00448295008391142 0.04490980878472329 -0.0565003603696823
v -6.168196705402808e-05 0.04484273865818978 -0.056681439280509935
v 2.360809594392777e-05 0.04739904031157495 -0.05583049729466437
v 0.004537328612059356 0.04826904088258745 -0.05530706793069838
v 0.00448295008391142 0.04490980878472329 -0.0565003603696823
v 4.1074090404436e-05 0.04983562976121904 -0.0546734109520912
v 0.004537328612059356 0.04826904088258745 -0.05530706793069838
v 2.360809594392777e-05 0.04739904031157495 -0.05583049729466437
v 2.360809594392777e-05 0.04739904031157495 -0.05583049729466437
v -0.004706870298832656 0.048267666250467314 -0.05529167130589484
v 4.1074090404436e-05 0.04983562976121904 -0.0546734109520912
v 2.360809594392777e-05 0.04739904031157495 -0.05583049729466437
v -6.168196705402808e-05 0.04484273865818978 -0.056681439280509935
v -0.004645696841180325 0.04496396705508233 -0.05647090077400206
v -0.004706870298832656 0.048267666250467314 -0.05529167130589484
v 2.360809594392777e-05 0.04739904031157495 -0.05583049729466437
v -0.004645696841180325 0.04496396705508233 -0.05647090077400206
v 0.01865409500896931 0.012654262594878677 -0.057613093405961976
v 0.014122181572020057 0.012264672666788105 -0.05891499295830725
v 0.014625396579504017 0.013871290720999244 -0.05872486159205435
v 0.010071444325149061 -0.06360094249248506 -0.057620219886302934
v 0.009250440634787084 0.011743508279323581 -0.05987770110368727
v 0.014122181572020057 0.012264672666788105 -0.05891499295830725
v 0.014122181572020057 0.012264672666788105 -0.05891499295830725
v 0.009250440634787084 0.011743508279323581 -0.05987770110368727
v 0.010318890213966371 0.013352038338780407 -0.05963961407542227
v 0.010318890213966371 0.013352038338780407 -0.05963961407542227
v 0.014625396579504017 0.013871290720999244 -0.05872486159205435
v 0.014122181572020057 0.012264672666788105 -0.05891499295830725
v 0.019836885854601864 -0.06360093504190446 -0.055003549903631196
v 0.02399063296616078 0.013652829453349117 -0.05560114979743956
v 0.028999598696827895 -0.06360093504190446 -0.05073091015219687
v 0.019836885854601864 -0.06360093504190446 -0.055003549903631196
v 0.01865409500896931 0.012654262594878677 -0.057613093405961976
v 0.02399063296616078 0.013652829453349117 -0.05560114979743956
v 0.019836885854601864 -0.06360093504190446 -0.055003549903631196
v 0.016553945839405063 -0.07779525220394136 0.3690702319145202
v 0.010071444325149061 -0.06360094249248506 -0.057620219886302934
v 0.010071444325149061 -0.06360094249248506 -0.057620219886302934
v 0.014122181572020057 0.012264672666788105 -0.05891499295830725
v 0.019836885854601864 -0.06360093504190446 -0.055003549903631196
v 0.019836885854601864 -0.06360093504190446 -0.055003549903631196
v 0.014122181572020057 0.012264672666788105 -0.05891499295830725
v 0.01865409500896931 0.012654262594878677 -0.057613093405961976
v 0.019836885854601864 -0.06360093504190446 -0.055003549903631196
v 0.02350511401891709 -0.07779299467802049 0.3716448545455932
v 0.016553945839405063 -0.07779525220394136 0.3690702319145202
v 0.028999598696827895 -0.06360093504190446 -0.05073091015219687
v 0.02350511401891709 -0.07779299467802049 0.3716448545455932
v 0.019836885854601864 -0.06360093504190446 -0.055003549903631196
v 0.019935142248868946 0.042297802865505225 -0.053643364459276185
v 0.01493577286601067 0.04223740473389626 -0.05521617829799651
v 0.018110441043972973 0.04547573626041413 -0.053698852658271776
v 0.019935142248868946 0.042297802865505225 -0.053643364459276185
v 0.018110441043972973 0.04547573626041413 -0.053698852658271776
v 0.02242298983037472 0.04577018693089486 -0.052056018263101564
v 0.02242298983037472 0.04577018693089486 -0.052056018263101564
v 0.022901305928826336 0.043277174234390266 -0.052354965358972536
v 0.019935142248868946 0.042297802865505225 -0.053643364459276185
v 0.019935142248868946 0.042297802865505225 -0.053643364459276185
v 0.022901305928826336 0.043277174234390266 -0.052354965358972536
v 0.021126445382833484 0.014870989136397842 -0.05667043104767798
v 0.01493577286601067 0.04223740473389626 -0.05521617829799651
v 0.019935142248868946 0.042297802865505225 -0.053643364459276185
v 0.021126445382833484 0.014870989136397842 -0.05667043104767798
v 0.03931229934096337 0.05795766785740854 -0.03193680197000503
v 0.030420606955885894 0.05752128735184671 -0.03903767839074134
v 0.037895765155553825 0.05907400324940683 -0.03114895895123481
v 0.04212465882301331 0.059033609926700606 -0.027398914098739617
v 0.042858190834522254 0.06039495393633844 -0.023595876991748803
v 0.045617774128913886 0.059343196451663985 -0.022807531058788296
v 0.03931229934096337 0.05795766785740854 -0.03193680197000503
v 0.04212465882301331 0.059033609926700606 -0.027398914098739617
v 0.042455427348613746 0.05726915597915651 -0.030095169320702546
v 0.04212465882301331 0.059033609926700606 -0.027398914098739617
v 0.03931229934096337 0.05795766785740854 -0.03193680197000503
v 0.037895765155553825 0.05907400324940683 -0.03114895895123481
v 0.0425446629524231 0.05400243401527406 -0.03388510271906852
v 0.04145761951804162 0.05534886196255685 -0.03347396478056907
v 0.043810628354549415 0.05556682497262956 -0.030870441347360604
v 0.02984501980245114 0.04962130263447763 -0.0469098426401615
v 0.028799785301089294 0.05267039313912393 -0.0454893372952938
v 0.03333422541618348 0.050772812217474 -0.044062633067369454
v 0.03400735557079316 0.0177125558257103 -0.04994789138436316
v 0.029613969847559936 0.016241988167166713 -0.05272055789828299
v 0.030411567538976676 0.04376670718193055 -0.04844264313578604
v 0.03400735557079316 0.0177125558257103 -0.04994789138436316
v 0.030411567538976676 0.04376670718193055 -0.04844264313578604
v 0.03441040590405465 0.044194836169481284 -0.04569977149367332
v 0.03400735557079316 0.0177125558257103 -0.04994789138436316
v 0.033073723316192634 0.0158492848277092 -0.05067472159862517
v 0.029613969847559936 0.016241988167166713 -0.05272055789828299
v 0.033073723316192634 0.0158492848277092 -0.05067472159862517
v 0.037281174212694175 -0.06360092759132387 -0.04493210092186927
v 0.028999598696827895 -0.06360093504190446 -0.05073091015219687
v 0.033073723316192634 0.0158492848277092 -0.05067472159862517
v 0.03400735557079316 0.0177125558257103 -0.04994789138436316
v 0.03681291639804841 0.017053928226232532 -0.04797573760151862
v 0.037281174212694175 -0.06360092759132387 -0.04493210092186927
v 0.033073723316192634 0.0158492848277092 -0.05067472159862517
v 0.03681291639804841 0.017053928226232532 -0.04797573760151862
v 0.026007039472460754 0.04931436479091646 -0.04908642917871474
v 0.02984501980245114 0.04962130263447763 -0.0469098426401615
v 0.026553668081760413 0.046122308820486076 -0.05008360370993613
v 0.026007039472460754 0.04931436479091646 -0.04908642917871474
v 0.026553668081760413 0.046122308820486076 -0.05008360370993613
v 0.02242298983037472 0.04577018693089486 -0.052056018263101564
v 0.026007039472460754 0.04931436479091646 -0.04908642917871474
v 0.02242298983037472 0.04577018693089486 -0.052056018263101564
v 0.02197710052132607 0.04899355769157411 -0.051000665873289094
v 0.026007039472460754 0.04931436479091646 -0.04908642917871474
v 0.02197710052132607 0.04899355769157411 -0.051000665873289094
v 0.02502587996423245 0.052328903228044524 -0.047633845359086976
v 0.026007039472460754 0.04931436479091646 -0.04908642917871474
v 0.02502587996423245 0.052328903228044524 -0.047633845359086976
v 0.028799785301089294 0.05267039313912393 -0.0454893372952938
v 0.026007039472460754 0.04931436479091646 -0.04908642917871474
v 0.028799785301089294 0.05267039313912393 -0.0454893372952938
v 0.02984501980245114 0.04962130263447763 -0.0469098426401615
v 0.046778317540884025 0.06467527896165849 -0.0011921861441805957
v 0.04601630568504334 0.06643635034561159 0.011187260970473288
v 0.048845827579498305 0.06511790305376054 0.005438948515802621
v 0.046778317540884025 0.06467527896165849 -0.0011921861441805957
v 0.04561737924814225 0.06507701426744462 0.000700290489476174
v 0.04601630568504334 0.06643635034561159 0.011187260970473288
v 0.05161617323756219 0.062125675380229964 -0.004014329984784125
v 0.04953931644558908 0.06293699145317079 -0.005770283751189708
v 0.04985721409320833 0.06394330412149431 0.0001484918320784345
v 0.05161617323756219 0.062125675380229964 -0.004014329984784125
v 0.04985721409320833 0.06394330412149431 0.0001484918320784345
v 0.05194585025310518 0.06272037327289583 -3.468676368356682e-05
v 0.05098858848214151 0.06154199689626695 -0.007930804975330828
v 0.04953931644558908 0.06293699145317079 -0.005770283751189708
v 0.05161617323756219 0.062125675380229964 -0.004014329984784125
v 0.05161617323756219 0.062125675380229964 -0.004014329984784125
v 0.05313450843095781 0.060857523232698454 -0.0040049408562481395
v 0.05098858848214151 0.06154199689626695 -0.007930804975330828
v 0.05194585025310518 0.06272037327289583 -3.468676368356682e-05
v 0.05313450843095781 0.060857523232698454 -0.0040049408562481395
v 0.05161617323756219 0.062125675380229964 -0.004014329984784125
v 0.04886011034250261 0.06040682643651964 -0.015585591085255143
v 0.04553166776895524 0.06101544573903085 -0.01879707723855972
v 0.04729658737778665 0.062067519873380675 -0.01315201539546251
v 0.05382299050688745 0.061974927783012404 0.008527795784175394
v 0.054214064031839385 0.06128289550542833 0.0043953866697847834
v 0.0526053123176098 0.06322008371353151 0.008203040808439253
v 0.05382299050688745 0.061974927783012404 0.008527795784175394
v 0.0526053123176098 0.06322008371353151 0.008203040808439253
v 0.05277451872825624 0.06308355927467348 0.41154292225837696
v 0.05382299050688745 0.061974927783012404 0.008527795784175394
v 0.05277451872825624 0.06308355927467348 0.41154292225837696
v 0.05420026555657388 0.06153446808457376 0.4153887927532195
v 0.05420026555657388 0.06153446808457376 0.4153887927532195
v 0.054836139082908644 0.06060201302170755 0.00890541262924671
v 0.05382299050688745 0.061974927783012404 0.008527795784175394
v 0.055289782583713545 0.059849765151739134 0.004710242152214049
v 0.05382299050688745 0.061974927783012404 0.008527795784175394
v 0.054836139082908644 0.06060201302170755 0.00890541262924671
v 0.055289782583713545 0.059849765151739134 0.004710242152214049
v 0.054214064031839385 0.06128289550542833 0.0043953866697847834
v 0.05382299050688745 0.061974927783012404 0.008527795784175394
v 0.055289782583713545 0.059849765151739134 0.004710242152214049
v 0.054836139082908644 0.06060201302170755 0.00890541262924671
v 0.05587096139788629 0.058805119246244444 0.41914719343185414
v 0.05668093264102937 0.052511062473058714 -0.00773009331896901
v 0.05593349412083627 0.050757411867380156 -0.012343971058726307
v 0.055581927299499526 0.05316726863384248 -0.011997862718999382
v 0.05908944830298425 0.033732902258634574 -0.011195046827197073
v 0.05593349412083627 0.050757411867380156 -0.012343971058726307
v 0.05668093264102937 0.052511062473058714 -0.00773009331896901
v 0.05668093264102937 0.052511062473058714 -0.00773009331896901
v 0.05989221110939981 0.03615209087729455 -0.005140407010912894
v 0.05908944830298425 0.033732902258634574 -0.011195046827197073
v 0.056903749704360976 0.0557551570236683 0.0009275281336158512
v 0.056666947901248946 0.05669222027063371 0.0053449664264917365
v 0.05668115988373758 0.05664934590458871 0.41878384351730336
v 0.056903749704360976 0.0557551570236683 0.0009275281336158512
v 0.05727162212133409 0.0538332909345627 0.0015511771198362108
v 0.060016863048076644 0.039246890693902976 0.0019387470092624422
v -0.026854287832975395 -0.07701785862445833 0.4758668243885039
v -0.023986862972378738 0.013652463443577293 0.4795933663845061
v -0.025836307555437095 0.011681349016726019 0.478641778230667
v -0.025836307555437095 0.011681349016726019 0.478641778230667
v -0.028693333268165595 0.014682358130812648 0.47728991508483876
v -0.026854287832975395 -0.07701785862445833 0.4758668243885039
v -0.025836307555437095 0.011681349016726019 0.478641778230667
v -0.023986862972378738 0.013652463443577293 0.4795933663845061
v -0.028693333268165595 0.014682358130812648 0.47728991508483876
v -0.03317823633551598 -0.07757896184921266 0.47194090485572804
v -0.02691227942705155 -0.07759967446327211 0.4757682383060454
v -0.033203661441802985 -0.07701782137155534 0.47201088070869435
v -0.02691227942705155 -0.07759967446327211 0.4757682383060454
v -0.03317823633551598 -0.07757896184921266 0.47194090485572804
v -0.033175539225339896 -0.0777985453605652 0.4718789756298064
v -0.033203661441802985 -0.07701782137155534 0.47201088070869435
v -0.038985941559076316 -0.07759433984756471 0.46731024980545033
v -0.03317823633551598 -0.07757896184921266 0.47194090485572804
v -0.03317823633551598 -0.07757896184921266 0.47194090485572804
v -0.038985941559076316 -0.07759433984756471 0.46731024980545033
v -0.033175539225339896 -0.0777985453605652 0.4718789756298064
v -0.026842800900340087 -0.07779303193092348 0.47572532296180714
v -0.033175539225339896 -0.0777985453605652 0.4718789756298064
v -0.020064095035195354 -0.0778002366423607 0.47875455021858204
v -0.020064095035195354 -0.0778002366423607 0.47875455021858204
v -0.02691227942705155 -0.07759967446327211 0.4757682383060454
v -0.026842800900340087 -0.07779303193092348 0.47572532296180714
v -0.026842800900340087 -0.07779303193092348 0.47572532296180714
v -0.02691227942705155 -0.07759967446327211 0.4757682383060454
v -0.033175539225339896 -0.0777985453605652 0.4718789756298064
v -0.022423027083277706 0.045771062374115 0.4760460853576659
v -0.02628798224031926 0.04328811913728715 0.47479110956192005
v -0.022901348769664768 0.043277468532323844 0.47634530067443837
v -0.02628798224031926 0.04328811913728715 0.47479110956192005
v -0.030411625280976302 0.04376690089702607 0.47243300080299366
v -0.02820220962166787 0.016048120334744457 0.47749406099319447
v -0.02628798224031926 0.04328811913728715 0.47479110956192005
v -0.02820220962166787 0.016048120334744457 0.47749406099319447
v -0.025340996682643897 0.015323101542890075 0.4789214730262755
v -0.02628798224031926 0.04328811913728715 0.47479110956192005
v -0.025340996682643897 0.015323101542890075 0.4789214730262755
v -0.022901348769664768 0.043277468532323844 0.47634530067443837
v -0.05446609482169153 0.05237901583313943 0.440229833126068
v -0.05257169157266618 0.052921351045370116 0.44438570737838734
v -0.053438797593116774 0.05495770648121835 0.4402642250061034
v -0.05257169157266618 0.052921351045370116 0.44438570737838734
v -0.05446609482169153 0.05237901583313943 0.440229833126068
v -0.053353238850832 0.050248425453901305 0.44438058137893666
v -0.057262748479843154 0.029576431959867484 0.4427146613597869
v -0.05548791214823724 0.027505472302436836 0.4475693702697753
v -0.05653221905231477 0.0295646507292986 0.4447454214096068
v -0.05558213591575624 0.05316714569926263 0.43598797917366017
v -0.056681044399738326 0.05251122266054155 0.4317203164100646
v -0.05593362078070642 0.05075745657086374 0.4363342225551604
v -0.05558213591575624 0.05316714569926263 0.43598797917366017
v -0.05593362078070642 0.05075745657086374 0.4363342225551604
v -0.05446609482169153 0.05237901583313943 0.440229833126068
v -0.057262748479843154 0.029576431959867484 0.4427146613597869
v -0.05653221905231477 0.0295646507292986 0.4447454214096068
v -0.05767370760440828 0.031162399798631675 0.4412410855293273
v -0.05767370760440828 0.031162399798631675 0.4412410855293273
v -0.05653221905231477 0.0295646507292986 0.4447454214096068
v -0.053353238850832 0.050248425453901305 0.44438058137893666
v -0.05767370760440828 0.031162399798631675 0.4412410855293273
v -0.05869558826088907 0.03182520344853402 0.43739163875579823
v -0.057262748479843154 0.029576431959867484 0.4427146613597869
v -0.05767370760440828 0.031162399798631675 0.4412410855293273
v -0.05908955633640291 0.033732876181602485 0.4351854622364043
v -0.05869558826088907 0.03182520344853402 0.43739163875579823
v -0.022423027083277706 0.045771062374115 0.4760460853576659
v -0.0260070525109768 0.04931404069066049 0.4730769395828246
v -0.02655408717691899 0.04612325876951218 0.47407349944114674
v -0.02655408717691899 0.04612325876951218 0.47407349944114674
v -0.02628798224031926 0.04328811913728715 0.47479110956192005
v -0.022423027083277706 0.045771062374115 0.4760460853576659
v -0.02655408717691899 0.04612325876951218 0.47407349944114674
v -0.030086588114500053 0.048890125006437316 0.4710992872714995
v -0.030551170930266387 0.046540301293134696 0.4717522859573363
v -0.02655408717691899 0.04612325876951218 0.47407349944114674
v -0.0260070525109768 0.04931404069066049 0.4730769395828246
v -0.030086588114500053 0.048890125006437316 0.4710992872714995
v -0.030411625280976302 0.04376690089702607 0.47243300080299366
v -0.02655408717691899 0.04612325876951218 0.47407349944114674
v -0.030551170930266387 0.046540301293134696 0.4717522859573363
v -0.02655408717691899 0.04612325876951218 0.47407349944114674
v -0.030411625280976302 0.04376690089702607 0.47243300080299366
v -0.02628798224031926 0.04328811913728715 0.47479110956192005
v -0.02582229301333428 0.05922029539942743 0.4620009660720824
v -0.02668783068656922 0.05814088508486749 0.46388959884643544
v -0.019368212670087818 0.05875467509031297 0.46541735529899586
v -0.02582229301333428 0.05922029539942743 0.4620009660720824
v -0.030493948608636863 0.059248156845569624 0.459639012813568
v -0.02668783068656922 0.05814088508486749 0.46388959884643544
v -0.022769568488001827 0.05985701084136964 0.46121007204055775
v -0.02582229301333428 0.05922029539942743 0.4620009660720824
v -0.019368212670087818 0.05875467509031297 0.46541735529899586
v -0.030460882931947715 0.05748638883233072 0.4630562365055083
v -0.031235588714480407 0.05621094256639482 0.4643956720829009
v -0.026660760864615447 0.05645377188920976 0.4666040837764739
v -0.026660760864615447 0.05645377188920976 0.4666040837764739
v -0.02668783068656922 0.05814088508486749 0.46388959884643544
v -0.030460882931947715 0.05748638883233072 0.4630562365055083
v -0.030460882931947715 0.05748638883233072 0.4630562365055083
v -0.02668783068656922 0.05814088508486749 0.46388959884643544
v -0.030493948608636863 0.059248156845569624 0.459639012813568
v -0.030493948608636863 0.059248156845569624 0.459639012813568
v -0.03790679574012757 0.05907231196761133 0.4551348090171813
v -0.030460882931947715 0.05748638883233072 0.4630562365055083
v -0.031235588714480407 0.05621094256639482 0.4643956720829009
v -0.030460882931947715 0.05748638883233072 0.4630562365055083
v -0.039319843053817756 0.057978015393018736 0.45589590072631825
v -0.030460882931947715 0.05748638883233072 0.4630562365055083
v -0.03790679574012757 0.05907231196761133 0.4551348090171813
v -0.039319843053817756 0.057978015393018736 0.45589590072631825
v -0.022769568488001827 0.05985701084136964 0.46121007204055775
v -0.02927141077816487 0.06108831241726877 0.4536862075328826
v -0.03359058871865273 0.060970727354288115 0.4528883397579192
v -0.02927141077816487 0.06108831241726877 0.4536862075328826
v -0.022769568488001827 0.05985701084136964 0.46121007204055775
v -0.011257686652243139 0.05989354103803636 0.4627633988857268
v -0.041778497397899635 0.062488734722137465 0.4415249526500701
v -0.02927141077816487 0.06108831241726877 0.4536862075328826
v -0.041279997676610954 0.06323958188295366 0.43735161423683155
v -0.02927141077816487 0.06108831241726877 0.4536862075328826
v -0.041778497397899635 0.062488734722137465 0.4415249526500701
v -0.03359058871865273 0.060970727354288115 0.4528883397579192
v -0.02927141077816487 0.06108831241726877 0.4536862075328826
v -0.03732804581522942 0.0689380168914795 0.3941337466239928
v -0.041279997676610954 0.06323958188295366 0.43735161423683155
v -0.02927141077816487 0.06108831241726877 0.4536862075328826
v -0.011257686652243139 0.05989354103803636 0.4627633988857268
v -0.03732804581522942 0.0689380168914795 0.3941337466239928
v -0.05165915191173555 0.05959623679518701 0.4360165297985076
v -0.050988648086786284 0.06154214963316919 0.4319207668304442
v -0.053048994392156615 0.059759084135293974 0.4319965839385985
v -0.05165915191173555 0.05959623679518701 0.4360165297985076
v -0.050069730728864684 0.06096835806965829 0.4357810616493224
v -0.050988648086786284 0.06154214963316919 0.4319207668304442
v -0.05308788269758226 0.058046463876962676 0.4360830485820769
v -0.053438797593116774 0.05495770648121835 0.4402642250061034
v -0.05192186310887338 0.057380530983209624 0.44012391567230214
v -0.05472129955887796 0.05762094631791116 0.43195679783821095
v -0.05308788269758226 0.058046463876962676 0.4360830485820769
v -0.053048994392156615 0.059759084135293974 0.4319965839385985
v -0.05308788269758226 0.058046463876962676 0.4360830485820769
v -0.05165915191173555 0.05959623679518701 0.4360165297985076
v -0.053048994392156615 0.059759084135293974 0.4319965839385985
v -0.05308788269758226 0.058046463876962676 0.4360830485820769
v -0.05192186310887338 0.057380530983209624 0.44012391567230214
v -0.05165915191173555 0.05959623679518701 0.4360165297985076
v -0.051278002560138716 0.05551606044173242 0.4442257285118102
v -0.05192186310887338 0.057380530983209624 0.44012391567230214
v -0.053438797593116774 0.05495770648121835 0.4402642250061034
v -0.051278002560138716 0.05551606044173242 0.4442257285118102
v -0.05257169157266618 0.052921351045370116 0.44438570737838734
v -0.05022315680980684 0.05354660376906396 0.448273867368698
v -0.053438797593116774 0.05495770648121835 0.4402642250061034
v -0.05257169157266618 0.052921351045370116 0.44438570737838734
v -0.051278002560138716 0.05551606044173242 0.4442257285118102
v -0.04772736504673959 0.061785470694303526 0.43738892674446095
v -0.050069730728864684 0.06096835806965829 0.4357810616493224
v -0.04886029660701753 0.060406930744647994 0.4395754635334014
v -0.004537199158221484 0.04826881736516954 0.4792974889278411
v -0.009084641933441164 0.04506895318627358 0.47991880774497975
v -0.004485610406845809 0.04496556147933007 0.48047444224357594
v -0.004485610406845809 0.04496556147933007 0.48047444224357594
v -2.3734948626952253e-05 0.04739906638860704 0.47982075810432423
v -0.004537199158221484 0.04826881736516954 0.4792974889278411
v -2.3734948626952253e-05 0.04739906638860704 0.47982075810432423
v -0.004485610406845809 0.04496556147933007 0.48047444224357594
v 6.155631854198874e-05 0.04484264925122262 0.48067179322242726
v -0.004485610406845809 0.04496556147933007 0.48047444224357594
v -0.009084641933441164 0.04506895318627358 0.47991880774497975
v -0.005130240228027106 0.041978314518928535 0.4809494912624358
v -0.005130240228027106 0.041978314518928535 0.4809494912624358
v -0.0002203785843448714 0.041894000023603446 0.4811744391918181
v -0.004485610406845809 0.04496556147933007 0.48047444224357594
v -0.004485610406845809 0.04496556147933007 0.48047444224357594
v -0.0002203785843448714 0.041894000023603446 0.4811744391918181
v 6.155631854198874e-05 0.04484264925122262 0.48067179322242726
v 0.00927767623215914 0.04506849125027657 0.47988852858543385
v 0.009209547191858293 0.04836024343967439 0.4787185490131377
v 0.00470682280138135 0.04826789349317552 0.4792818725109099
v 0.004645713139325381 0.04496381804347039 0.4804612696170806
v 0.00927767623215914 0.04506849125027657 0.47988852858543385
v 0.00470682280138135 0.04826789349317552 0.4792818725109099
v 0.00927767623215914 0.04506849125027657 0.47988852858543385
v 0.013819899410009388 0.045239068567752845 0.47894755005836476
v 0.009209547191858293 0.04836024343967439 0.4787185490131377
v 0.00927767623215914 0.04506849125027657 0.47988852858543385
v 0.004700811579823495 0.04245074838399888 0.4809204638004302
v 0.0088305426761508 0.04203136265277863 0.48049452900886525
v 0.00927767623215914 0.04506849125027657 0.47988852858543385
v 0.004645713139325381 0.04496381804347039 0.4804612696170806
v 0.004700811579823495 0.04245074838399888 0.4809204638004302
v -0.039645779877901084 0.04760944843292238 0.4645073413848876
v -0.03438454121351243 0.04865483194589616 0.46845996379852284
v -0.043695777654647834 0.05117610469460489 0.4588753581047057
v -0.03438454121351243 0.04865483194589616 0.46845996379852284
v -0.039645779877901084 0.04760944843292238 0.4645073413848876
v -0.03726472333073617 0.04706538096070291 0.4668577015399932
v -0.03438454121351243 0.04865483194589616 0.46845996379852284
v -0.03332218527793885 0.05077900737524034 0.46805831789970387
v -0.033684771507978446 0.051257614046335234 0.4674602448940276
v -0.03332218527793885 0.05077900737524034 0.46805831789970387
v -0.03438454121351243 0.04865483194589616 0.46845996379852284
v -0.030086588114500053 0.048890125006437316 0.4710992872714995
v -0.03332218527793885 0.05077900737524034 0.46805831789970387
v -0.030086588114500053 0.048890125006437316 0.4710992872714995
v -0.029386736452579505 0.05118095874786378 0.47024065256118763
v -0.03235476091504098 0.053144007921218886 0.4669819176197051
v -0.033684771507978446 0.051257614046335234 0.4674602448940276
v -0.03332218527793885 0.05077900737524034 0.46805831789970387
v -0.03332218527793885 0.05077900737524034 0.46805831789970387
v -0.029386736452579505 0.05118095874786378 0.47024065256118763
v -0.03235476091504098 0.053144007921218886 0.4669819176197051
v -0.03457790985703469 0.04621154442429543 0.4691621959209441
v -0.030551170930266387 0.046540301293134696 0.4717522859573363
v -0.03438454121351243 0.04865483194589616 0.46845996379852284
v -0.034439336508512504 0.04419569671154023 0.46966996788978566
v -0.030411625280976302 0.04376690089702607 0.47243300080299366
v -0.03457790985703469 0.04621154442429543 0.4691621959209441
v -0.03457790985703469 0.04621154442429543 0.4691621959209441
v -0.030411625280976302 0.04376690089702607 0.47243300080299366
v -0.030551170930266387 0.046540301293134696 0.4717522859573363
v -0.03457790985703469 0.04621154442429543 0.4691621959209441
v -0.03438454121351243 0.04865483194589616 0.46845996379852284
v -0.03726472333073617 0.04706538096070291 0.4668577015399932
v -0.03457790985703469 0.04621154442429543 0.4691621959209441
v -0.03824028745293618 0.044824950397014625 0.4665517807006835
v -0.034439336508512504 0.04419569671154023 0.46966996788978566
v -0.03457790985703469 0.04621154442429543 0.4691621959209441
v -0.03726472333073617 0.04706538096070291 0.4668577015399932
v -0.03824028745293618 0.044824950397014625 0.4665517807006835
v 0.0559772588312626 -0.07756099849939348 0.4392353892326354
v 0.05742954090237619 -0.07761746644973756 0.4319998025894164
v 0.05607273802161218 -0.07701873034238817 0.43920594453811634
v 0.05742954090237619 -0.07761746644973756 0.4319998025894164
v 0.0559772588312626 -0.07756099849939348 0.4392353892326354
v 0.055932421237230315 -0.07779842615127565 0.43925464153289784
v 0.0559772588312626 -0.07756099849939348 0.4392353892326354
v 0.05607273802161218 -0.07701873034238817 0.43920594453811634
v 0.053642425686121 -0.07760687172412874 0.446315973997116
v 0.053642425686121 -0.07760687172412874 0.446315973997116
v 0.055932421237230315 -0.07779842615127565 0.43925464153289784
v 0.0559772588312626 -0.07756099849939348 0.4392353892326354
v 0.05788784101605417 -0.07756131887435914 0.42458003759384144
v 0.05742954090237619 -0.07761746644973756 0.4319998025894164
v 0.0578482896089554 -0.07779959589242937 0.42459258437156666
v 0.05742954090237619 -0.07761746644973756 0.4319998025894164
v 0.05788784101605417 -0.07756131887435914 0.42458003759384144
v 0.057971235364675536 -0.07701821625232698 0.4245373308658599
v 0.0578482896089554 -0.07779959589242937 0.42459258437156666
v 0.05799922347068788 -0.06360092014074327 -0.0005020658718422054
v 0.05788784101605417 -0.07756131887435914 0.42458003759384144
v 0.05799922347068788 -0.06360092014074327 -0.0005020658718422054
v 0.057971235364675536 -0.07701821625232698 0.4245373308658599
v 0.05788784101605417 -0.07756131887435914 0.42458003759384144
v 0.047208514064550414 0.057821825146675124 0.4474566876888274
v 0.04865866899490358 0.056107554584741606 0.4479253292083739
v 0.04950431734323503 0.057871621102094664 0.44387701153755177
v 0.04556801542639733 0.05932857096195222 0.4468926191329955
v 0.04463570192456246 0.05783099308609964 0.4507990777492522
v 0.047208514064550414 0.057821825146675124 0.4474566876888274
v 0.04865866899490358 0.056107554584741606 0.4479253292083739
v 0.047208514064550414 0.057821825146675124 0.4474566876888274
v 0.04658722877502442 0.05551229044795038 0.4516071379184722
v 0.047208514064550414 0.057821825146675124 0.4474566876888274
v 0.04463570192456246 0.05783099308609964 0.4507990777492522
v 0.04658722877502442 0.05551229044795038 0.4516071379184722
v 0.047208514064550414 0.057821825146675124 0.4474566876888274
v 0.04734484106302263 0.05985315889120103 0.44332045316696156
v 0.04556801542639733 0.05932857096195222 0.4468926191329955
v 0.04734484106302263 0.05985315889120103 0.44332045316696156
v 0.047208514064550414 0.057821825146675124 0.4474566876888274
v 0.04950431734323503 0.057871621102094664 0.44387701153755177
v 0.05257155746221544 0.052919752895832076 0.44438523054122914
v 0.05020283535122873 0.05354014411568643 0.44831514358520497
v 0.051264055073261275 0.05081436038017274 0.448456048965454
v 0.05257155746221544 0.052919752895832076 0.44438523054122914
v 0.054461374878883376 0.05236694216728212 0.4402567744255065
v 0.05343351140618326 0.05495311319828035 0.4402857422828673
v 0.05257155746221544 0.052919752895832076 0.44438523054122914
v 0.05343351140618326 0.05495311319828035 0.4402857422828673
v 0.05127350613474847 0.05551252141594888 0.4442360699176787
v 0.05127350613474847 0.05551252141594888 0.4442360699176787
v 0.05020283535122873 0.05354014411568643 0.44831514358520497
v 0.05257155746221544 0.052919752895832076 0.44438523054122914
v 0.05257155746221544 0.052919752895832076 0.44438523054122914
v 0.051264055073261275 0.05081436038017274 0.448456048965454
v 0.05358160287141801 0.049898657947778716 0.4440214931964873
v 0.05358160287141801 0.049898657947778716 0.4440214931964873
v 0.054461374878883376 0.05236694216728212 0.4402567744255065
v 0.05257155746221544 0.052919752895832076 0.44438523054122914
v 0.043717939406633384 0.05072554573416711 0.459113985300064
v 0.043066605925560004 0.053145926445722594 0.4581204652786254
v 0.042945407330989845 0.052140541374683394 0.4589247405529021
v 0.042945407330989845 0.052140541374683394 0.4589247405529021
v 0.034172113984823234 0.048850212246179595 0.4685065746307372
v 0.043717939406633384 0.05072554573416711 0.459113985300064
v 0.04173094779253007 0.05516953766345979 0.457479029893875
v 0.043066605925560004 0.053145926445722594 0.4581204652786254
v 0.04490864276885987 0.053660117089748396 0.4556297957897185
v 0.046176489442586906 0.061311747878789916 0.44113609194755543
v 0.04734484106302263 0.05985315889120103 0.44332045316696156
v 0.04883375391364099 0.060394112020730986 0.4396552741527556
v 0.04556801542639733 0.05932857096195222 0.4468926191329955
v 0.04734484106302263 0.05985315889120103 0.44332045316696156
v 0.046176489442586906 0.061311747878789916 0.44113609194755543
v 0.050968904048204436 0.0615251734852791 0.4320325255393981
v 0.05004227906465532 0.060951568186283125 0.4358927011489867
v 0.05165239796042444 0.059592086821794524 0.43604955077171315
v 0.05004227906465532 0.060951568186283125 0.4358927011489867
v 0.050468441098928465 0.05898424237966539 0.4399410784244536
v 0.05165239796042444 0.059592086821794524 0.43604955077171315
v 0.04883375391364099 0.060394112020730986 0.4396552741527556
v 0.050468441098928465 0.05898424237966539 0.4399410784244536
v 0.05004227906465532 0.060951568186283125 0.4358927011489867
v 0.05160584300756456 0.062113512307405486 0.4280806481838225
v 0.053132094442844405 0.06085714325308801 0.42799702286720265
v 0.05294841155409814 0.06193994730710985 0.4239714741706847
v 0.05160584300756456 0.062113512307405486 0.4280806481838225
v 0.050968904048204436 0.0615251734852791 0.4320325255393981
v 0.053132094442844405 0.06085714325308801 0.42799702286720265
v 0.05160584300756456 0.062113512307405486 0.4280806481838225
v 0.05294841155409814 0.06193994730710985 0.4239714741706847
v 0.05087302625179292 0.06336966902017595 0.4242015182971953
v 0.05989678204059602 0.03627397865056992 0.42903947830200184
v 0.05678401142358781 0.054894849658012404 0.4274185299873351
v 0.05663142353296281 0.05282382667064668 0.4316340088844298
v 0.056133985519409194 0.05102235451340677 0.4353691041469573
v 0.059172634035348906 0.03363213315606118 0.4349760115146636
v 0.05663142353296281 0.05282382667064668 0.4316340088844298
v 0.059172634035348906 0.03363213315606118 0.4349760115146636
v 0.05989678204059602 0.03627397865056992 0.42903947830200184
v 0.05663142353296281 0.05282382667064668 0.4316340088844298
v 0.05591681227087976 0.05525467917323114 0.43186888098716725
v 0.05663142353296281 0.05282382667064668 0.4316340088844298
v 0.05678401142358781 0.054894849658012404 0.4274185299873351
v 0.05663142353296281 0.05282382667064668 0.4316340088844298
v 0.05556404590606691 0.053186152130365386 0.4360378086566924
v 0.056133985519409194 0.05102235451340677 0.4353691041469573
v 0.05663142353296281 0.05282382667064668 0.4316340088844298
v 0.05591681227087976 0.05525467917323114 0.43186888098716725
v 0.05556404590606691 0.053186152130365386 0.4360378086566924
v 0.05181974545121194 0.024343054741621024 0.45493018627166737
v 0.048917494714260115 0.023624509572982795 0.4593181610107421
v 0.049059957265853896 0.02260742895305157 0.45918160676956166
v 0.049059957265853896 0.02260742895305157 0.45918160676956166
v 0.046423949301242835 -0.07701738178730012 0.45921239256858815
v 0.05048388242721559 -0.07701756805181505 0.4529912173748015
v 0.049059957265853896 0.02260742895305157 0.45918160676956166
v 0.05048388242721559 -0.07701756805181505 0.4529912173748015
v 0.05181974545121194 0.024343054741621024 0.45493018627166737
v 0.046423949301242835 -0.07701738178730012 0.45921239256858815
v 0.049059957265853896 0.02260742895305157 0.45918160676956166
v 0.04572000354528428 0.020691571757197384 0.4634999632835387
v 0.048917494714260115 0.023624509572982795 0.4593181610107421
v 0.04660420864820481 0.02222516015172005 0.4623523950576781
v 0.049059957265853896 0.02260742895305157 0.45918160676956166
v 0.049059957265853896 0.02260742895305157 0.45918160676956166
v 0.04660420864820481 0.02222516015172005 0.4623523950576781
v 0.04572000354528428 0.020691571757197384 0.4634999632835387
v 0.027984872460365302 0.014524932950735096 0.4776741862297057
v 0.030011529102921493 -0.07701701670885087 0.4740890860557555
v 0.03176460042595864 0.015347084030508999 0.4755142033100127
v 0.023417411372065548 -0.07701613754034044 0.4775223433971404
v 0.030011529102921493 -0.07701701670885087 0.4740890860557555
v 0.027984872460365302 0.014524932950735096 0.4776741862297057
v 0.027984872460365302 0.014524932950735096 0.4776741862297057
v 0.02357406914234162 0.013525254093110565 0.4797774553298949
v 0.023417411372065548 -0.07701613754034044 0.4775223433971404
v 0.027984872460365302 0.014524932950735096 0.4776741862297057
v 0.027187941595911987 0.01578793674707413 0.47802504897117604
v 0.02357406914234162 0.013525254093110565 0.4797774553298949
v 0.03354007005691529 0.017478981986641887 0.4742778241634368
v 0.03176460042595864 0.015347084030508999 0.4755142033100127
v 0.036175783723592765 0.016757927834987644 0.47248047590255726
v 0.023324923589825634 -0.07780171930789949 0.4774329364299773
v 0.03598864004015923 -0.07779848575592042 0.4697795212268828
v 0.0299021601676941 -0.077798530459404 0.4740096628665923
v 0.0299021601676941 -0.077798530459404 0.4740096628665923
v 0.029934389516711242 -0.07758314907550813 0.47405308485031117
v 0.023324923589825634 -0.07780171930789949 0.4774329364299773
v 0.0299021601676941 -0.077798530459404 0.4740096628665923
v 0.03598864004015923 -0.07779848575592042 0.4697795212268828
v 0.036043882369995124 -0.0775851532816887 0.4698076248168944
v 0.029934389516711242 -0.07758314907550813 0.47405308485031117
v 0.0299021601676941 -0.077798530459404 0.4740096628665923
v 0.036043882369995124 -0.0775851532816887 0.4698076248168944
v -0.043695777654647834 0.05117610469460489 0.4588753581047057
v -0.04677157849073411 0.04935812205076219 0.4561686813831328
v -0.04419815912842751 0.048615876585245146 0.4596220850944518
v -0.042774654924869544 0.04742083325982095 0.4615488052368163
v -0.04419815912842751 0.048615876585245146 0.4596220850944518
v -0.04491000249981881 0.04611907899379731 0.4594663083553313
v -0.04419815912842751 0.048615876585245146 0.4596220850944518
v -0.04677157849073411 0.04935812205076219 0.4561686813831328
v -0.04491000249981881 0.04611907899379731 0.4594663083553313
v -0.04921234771609308 0.050084717571735396 0.4523223638534545
v -0.04763190075755121 0.04690976813435556 0.45573526620864857
v -0.04677157849073411 0.04935812205076219 0.4561686813831328
v -0.04921234771609308 0.050084717571735396 0.4523223638534545
v -0.04815348237752916 0.052884172648191466 0.452078878879547
v -0.05022315680980684 0.05354660376906396 0.448273867368698
v -0.05245519429445268 0.06294111162424089 0.00397601956501603
v -0.051943119615316405 0.06270936876535417 -0.00010264393495162946
v -0.053872704505920424 0.06107149273157121 0.00015152466949075458
v -0.05100912973284723 0.06391564011573793 0.003792257979512214
v -0.051943119615316405 0.06270936876535417 -0.00010264393495162946
v -0.05245519429445268 0.06294111162424089 0.00397601956501603
v -0.05245519429445268 0.06294111162424089 0.00397601956501603
v -0.050736997276544585 0.0645054578781128 0.007614080328494309
v -0.05100912973284723 0.06391564011573793 0.003792257979512214
v -0.05245519429445268 0.06294111162424089 0.00397601956501603
v -0.05267645418643953 0.06314562261104585 0.007931385189294813
v -0.050736997276544585 0.0645054578781128 0.007614080328494309
v -0.05260540917515756 0.0632201060652733 0.4157872200012206
v -0.05197497829794885 0.06385336071252824 0.4117703139781951
v -0.05238270759582521 0.06346241384744646 0.012302856892347332
v -0.05420041084289552 0.06153440102934839 0.008601566776633261
v -0.05238270759582521 0.06346241384744646 0.012302856892347332
v -0.05267645418643953 0.06314562261104585 0.007931385189294813
v -0.05238270759582521 0.06346241384744646 0.012302856892347332
v -0.05418845266103746 0.061545960605144515 0.41531449556350697
v -0.05260540917515756 0.0632201060652733 0.4157872200012206
v -0.05238270759582521 0.06346241384744646 0.012302856892347332
v -0.05420041084289552 0.06153440102934839 0.008601566776633261
v -0.05418845266103746 0.061545960605144515 0.41531449556350697
v 0.03256754949688912 0.05340787023305894 0.4665827453136443
v 0.028800100088119514 0.052664857357740416 0.4694862961769103
v 0.03310178220272065 0.051474750041961684 0.46777427196502674
v 0.03256754949688912 0.05340787023305894 0.4665827453136443
v 0.03176465258002282 0.05480908975005151 0.4657415747642516
v 0.028800100088119514 0.052664857357740416 0.4694862961769103
v 0.03256754949688912 0.05340787023305894 0.4665827453136443
v 0.04173094779253007 0.05516953766345979 0.457479029893875
v 0.03176465258002282 0.05480908975005151 0.4657415747642516
v 0.03310178220272065 0.051474750041961684 0.46777427196502674
v 0.043066605925560004 0.053145926445722594 0.4581204652786254
v 0.03256754949688912 0.05340787023305894 0.4665827453136443
v 0.03256754949688912 0.05340787023305894 0.4665827453136443
v 0.043066605925560004 0.053145926445722594 0.4581204652786254
v 0.04173094779253007 0.05516953766345979 0.457479029893875
v 0.030799752101302154 0.046519111841917045 0.47160762548446644
v 0.03161499649286271 0.04381129890680314 0.4716735780239104
v 0.03454928472638131 0.04620820283889771 0.4691838026046752
v 0.02686168253421784 0.04612549766898156 0.4739185869693755
v 0.027428619563579566 0.04336014389991761 0.4741823971271514
v 0.030799752101302154 0.046519111841917045 0.47160762548446644
v 0.030799752101302154 0.046519111841917045 0.47160762548446644
v 0.027428619563579566 0.04336014389991761 0.4741823971271514
v 0.03161499649286271 0.04381129890680314 0.4716735780239104
v 0.030799752101302154 0.046519111841917045 0.47160762548446644
v 0.029844459146261222 0.04965239763259889 0.47088176012039173
v 0.02686168253421784 0.04612549766898156 0.4739185869693755
v 0.030799752101302154 0.046519111841917045 0.47160762548446644
v 0.034172113984823234 0.048850212246179595 0.4685065746307372
v 0.029844459146261222 0.04965239763259889 0.47088176012039173
v 0.03983774408698083 0.047190926969051375 0.46457955241203297
v 0.034172113984823234 0.048850212246179595 0.4685065746307372
v 0.0380464792251587 0.04688918218016626 0.4662775993347167
v 0.03834767267107964 0.04518693685531617 0.4663873314857482
v 0.03983774408698083 0.047190926969051375 0.46457955241203297
v 0.0380464792251587 0.04688918218016626 0.4662775993347167
v 0.03562972322106362 0.044389054179191596 0.46876877546310414
v 0.03834767267107964 0.04518693685531617 0.4663873314857482
v 0.0380464792251587 0.04688918218016626 0.4662775993347167
v 0.0380464792251587 0.04688918218016626 0.4662775993347167
v 0.03454928472638131 0.04620820283889771 0.4691838026046752
v 0.03562972322106362 0.044389054179191596 0.46876877546310414
v 0.0052354391664266595 0.01160551328212023 0.484365016222
v 0.010083757340908052 0.011975011788308624 0.48373806476593006
v 0.00721977883949876 0.01350834779441357 0.48405200242996205
v 0.01466817501932383 0.012322346679866317 0.48277074098587025
v 0.010083757340908052 0.011975011788308624 0.48373806476593006
v 0.009198863059282305 -0.07701589167118074 0.4817291498184203
v 0.010083757340908052 0.011975011788308624 0.48373806476593006
v 0.0052354391664266595 0.01160551328212023 0.484365016222
v 0.009198863059282305 -0.07701589167118074 0.4817291498184203
v 0.021039245650172237 0.014800322242081169 0.480701982975006
v 0.0192559976130724 0.012976814992725853 0.4814172387123107
v 0.02357406914234162 0.013525254093110565 0.4797774553298949
v 0.0192559976130724 0.012976814992725853 0.4814172387123107
v 0.01466817501932383 0.012322346679866317 0.48277074098587025
v 0.01644636876881123 -0.07701618969440462 0.48008054494857777
v 0.0192559976130724 0.012976814992725853 0.4814172387123107
v 0.01644636876881123 -0.07701618969440462 0.48008054494857777
v 0.023417411372065548 -0.07701613754034044 0.4775223433971404
v 0.0192559976130724 0.012976814992725853 0.4814172387123107
v 0.023417411372065548 -0.07701613754034044 0.4775223433971404
v 0.02357406914234162 0.013525254093110565 0.4797774553298949
v 0.04410506039857865 0.0488821677863598 0.45958223938941944
v 0.046765871345996864 0.04946265742182733 0.4561282396316527
v 0.043717939406633384 0.05072554573416711 0.459113985300064
v 0.04410506039857865 0.0488821677863598 0.45958223938941944
v 0.04400501027703286 0.048268388956785216 0.4599636197090148
v 0.046765871345996864 0.04946265742182733 0.4561282396316527
v 0.043717939406633384 0.05072554573416711 0.459113985300064
v 0.03983774408698083 0.047190926969051375 0.46457955241203297
v 0.04410506039857865 0.0488821677863598 0.45958223938941944
v 0.04410506039857865 0.0488821677863598 0.45958223938941944
v 0.03983774408698083 0.047190926969051375 0.46457955241203297
v 0.04400501027703286 0.048268388956785216 0.4599636197090148
v 0.047800336033105864 0.06646429747343065 0.40650269389152516
v 0.04714058339595796 0.06635725498199464 0.4115745127201079
v 0.04914684221148492 0.06540069729089738 0.41495734453201283
v 0.04914684221148492 0.06540069729089738 0.41495734453201283
v 0.04714058339595796 0.06635725498199464 0.4115745127201079
v 0.04824398830533029 0.06525054574012758 0.4188832640647887
v 0.04824398830533029 0.06525054574012758 0.4188832640647887
v 0.04938580840826036 0.06434238702058794 0.4226020276546477
v 0.04914684221148492 0.06540069729089738 0.41495734453201283
v 0.04914684221148492 0.06540069729089738 0.41495734453201283
v 0.050952874124050154 0.0639360398054123 0.42029491066932667
v 0.050736777484416976 0.06450556218624116 0.4163762629032134
v 0.04914684221148492 0.06540069729089738 0.41495734453201283
v 0.04938580840826036 0.06434238702058794 0.4226020276546477
v 0.050952874124050154 0.0639360398054123 0.42029491066932667
v 0.050736777484416976 0.06450556218624116 0.4163762629032134
v 0.05293682590126993 0.06257161498069765 0.419925034046173
v 0.052618891000747695 0.0632060468196869 0.4158808887004851
v 0.05293682590126993 0.06257161498069765 0.419925034046173
v 0.050736777484416976 0.06450556218624116 0.4163762629032134
v 0.050952874124050154 0.0639360398054123 0.42029491066932667
v 0.05293682590126993 0.06257161498069765 0.419925034046173
v 0.050952874124050154 0.0639360398054123 0.42029491066932667
v 0.05294841155409814 0.06193994730710985 0.4239714741706847
v 0.05293682590126993 0.06257161498069765 0.419925034046173
v 0.054608270525932326 0.06082442030310632 0.4195350110530852
v 0.052618891000747695 0.0632060468196869 0.4158808887004851
v 0.05293682590126993 0.06257161498069765 0.419925034046173
v 0.0547015853226185 0.06011728942394258 0.4236965477466582
v 0.054608270525932326 0.06082442030310632 0.4195350110530852
v 0.05294841155409814 0.06193994730710985 0.4239714741706847
v 0.0547015853226185 0.06011728942394258 0.4236965477466582
v 0.05293682590126993 0.06257161498069765 0.419925034046173
v 0.02086865715682507 0.05657225847244264 0.4688458442687987
v 0.016554789617657665 0.05739281326532365 0.4689008593559264
v 0.013527728617191318 0.056196227669715895 0.4714651107788085
v 0.02374238148331643 0.0577189475297928 0.4659346342086791
v 0.016554789617657665 0.05739281326532365 0.4689008593559264
v 0.02086865715682507 0.05657225847244264 0.4688458442687987
v 0.023747622966766364 0.05500149726867677 0.46970480680465687
v 0.02086865715682507 0.05657225847244264 0.4688458442687987
v 0.019999155774712566 0.054747782647609725 0.47141364216804493
v 0.027717059478163726 0.05466325953602792 0.4681895077228545
v 0.028800100088119514 0.052664857357740416 0.4694862961769103
v 0.03176465258002282 0.05480908975005151 0.4657415747642516
v 0.03176465258002282 0.05480908975005151 0.4657415747642516
v 0.031178005039691932 0.05603162199258806 0.46467530727386464
v 0.027717059478163726 0.05466325953602792 0.4681895077228545
v 0.02499071694910527 0.05232482030987741 0.47164243459701527
v 0.028800100088119514 0.052664857357740416 0.4694862961769103
v 0.027717059478163726 0.05466325953602792 0.4681895077228545
v 0.027717059478163726 0.05466325953602792 0.4681895077228545
v 0.023747622966766364 0.05500149726867677 0.46970480680465687
v 0.02499071694910527 0.05232482030987741 0.47164243459701527
v -0.041467364877462394 0.05533363297581674 0.4574735462665557
v -0.03177381306886674 0.05498873814940454 0.4655390679836272
v -0.04054184257984162 0.05674834549427034 0.4566431641578673
v -0.03235476091504098 0.053144007921218886 0.4669819176197051
v -0.03177381306886674 0.05498873814940454 0.4655390679836272
v -0.041467364877462394 0.05533363297581674 0.4574735462665557
v -0.041467364877462394 0.05533363297581674 0.4574735462665557
v -0.04243005812168122 0.05398894846439363 0.4579844772815703
v -0.03235476091504098 0.053144007921218886 0.4669819176197051
v -0.04883392155170442 0.060394044965505614 -0.015664942562580105
v -0.05046857893466951 0.05898418650031091 -0.015950795263051983
v -0.05004222318530084 0.06095156446099283 -0.01190265733748674
v -0.04883392155170442 0.060394044965505614 -0.015664942562580105
v -0.04734493792057039 0.05985313653945924 -0.01933011598885059
v -0.05046857893466951 0.05898418650031091 -0.015950795263051983
v -0.04617689177393914 0.06131175905466081 -0.01714524999260902
v -0.04734493792057039 0.05985313653945924 -0.01933011598885059
v -0.04883392155170442 0.060394044965505614 -0.015664942562580105
v -0.04883392155170442 0.060394044965505614 -0.015664942562580105
v -0.05004222318530084 0.06095156446099283 -0.01190265733748674
v -0.048652037978172316 0.06234197318553926 -0.009908503852784632
v -0.04883392155170442 0.060394044965505614 -0.015664942562580105
v -0.048652037978172316 0.06234197318553926 -0.009908503852784632
v -0.04617689177393914 0.06131175905466081 -0.01714524999260902
v -0.04463590681552888 0.05783094465732576 -0.026808649301528924
v -0.047208659350872054 0.05782176926732065 -0.02346637845039367
v -0.04556800052523614 0.05932857096195222 -0.022902423515915867
v -0.047208659350872054 0.05782176926732065 -0.02346637845039367
v -0.04734493792057039 0.05985313653945924 -0.01933011598885059
v -0.04556800052523614 0.05932857096195222 -0.022902423515915867
v -0.047208659350872054 0.05782176926732065 -0.02346637845039367
v -0.04463590681552888 0.05783094465732576 -0.026808649301528924
v -0.04658729955554009 0.055512245744466795 -0.02761686965823173
v -0.05343362689018251 0.05495303496718408 -0.016295492649078366
v -0.051273692399263396 0.05551245436072351 -0.02024571225047111
v -0.052571658045053496 0.05291955545544626 -0.020395126193761822
v -0.05343362689018251 0.05495303496718408 -0.016295492649078366
v -0.054850280284881606 0.05505823343992235 -0.012145584449172016
v -0.05387755855917932 0.05689226463437082 -0.01218212582170963
v -0.05343362689018251 0.05495303496718408 -0.016295492649078366
v -0.052571658045053496 0.05291955545544626 -0.020395126193761822
v -0.05452390387654306 0.05231324210762979 -0.016143556684255597
v -0.054850280284881606 0.05505823343992235 -0.012145584449172016
v -0.05343362689018251 0.05495303496718408 -0.016295492649078366
v -0.05452390387654306 0.05231324210762979 -0.016143556684255597
v -0.05387755855917932 0.05689226463437082 -0.01218212582170963
v -0.05215718597173692 0.05910401046276094 -0.012108467519283291
v -0.05191199108958246 0.05737365409731866 -0.016169134527444836
v -0.05191199108958246 0.05737365409731866 -0.016169134527444836
v -0.05343362689018251 0.05495303496718408 -0.016295492649078366
v -0.05387755855917932 0.05689226463437082 -0.01218212582170963
v -0.05343362689018251 0.05495303496718408 -0.016295492649078366
v -0.05191199108958246 0.05737365409731866 -0.016169134527444836
v -0.051273692399263396 0.05551245436072351 -0.02024571225047111
v -0.05191199108958246 0.05737365409731866 -0.016169134527444836
v -0.05215718597173692 0.05910401046276094 -0.012108467519283291
v -0.05046857893466951 0.05898418650031091 -0.015950795263051983
v -0.051273692399263396 0.05551245436072351 -0.02024571225047111
v -0.050202745944261565 0.05354038998484613 -0.024324858561158173
v -0.052571658045053496 0.05291955545544626 -0.020395126193761822
v -0.050202745944261565 0.05354038998484613 -0.024324858561158173
v -0.05128978192806245 0.05077775567770006 -0.024441191926598542
v -0.052571658045053496 0.05291955545544626 -0.020395126193761822
v -0.050202745944261565 0.05354038998484613 -0.024324858561158173
v -0.048120282590389266 0.052876111119985594 -0.02814482152462005
v -0.04918279871344568 0.05007905885577203 -0.028382161632180207
v -0.050202745944261565 0.05354038998484613 -0.024324858561158173
v -0.04918279871344568 0.05007905885577203 -0.028382161632180207
v -0.05128978192806245 0.05077775567770006 -0.024441191926598542
v -0.04306671768426896 0.0531459078192711 -0.03413013368844985
v -0.04294580966234208 0.05214007198810579 -0.034934509545564645
v -0.04371332377195359 0.05072566866874696 -0.035126477479934685
v -0.04371332377195359 0.05072566866874696 -0.035126477479934685
v -0.04605408757925034 0.05151870101690294 -0.03189121186733245
v -0.04306671768426896 0.0531459078192711 -0.03413013368844985
v -0.03983773291110993 0.04719081521034242 -0.04058939591050147
v -0.044162571430206306 0.048817075788974776 -0.0355846881866455
v -0.04371332377195359 0.05072566866874696 -0.035126477479934685
v -0.04371332377195359 0.05072566866874696 -0.035126477479934685
v -0.044162571430206306 0.048817075788974776 -0.0355846881866455
v -0.04676605015993119 0.04946274682879449 -0.032137762755155556
v -0.04605408757925034 0.05151870101690294 -0.03189121186733245
v -0.04371332377195359 0.05072566866874696 -0.035126477479934685
v -0.04676605015993119 0.04946274682879449 -0.032137762755155556
v -0.034454181790351875 0.04849011823534967 -0.04449708387255668
v -0.03983773291110993 0.04719081521034242 -0.04058939591050147
v -0.04371332377195359 0.05072566866874696 -0.035126477479934685
v -0.04371332377195359 0.05072566866874696 -0.035126477479934685
v -0.04294580966234208 0.05214007198810579 -0.034934509545564645
v -0.034454181790351875 0.04849011823534967 -0.04449708387255668
v 0.020099330693483356 0.05475428327918054 -0.047381736338138566
v 0.023811588063836105 0.05500707775354387 -0.0456823706626892
v 0.021136133000254635 0.052042447030544295 -0.04945101961493491
v 0.017096113413572315 0.051805090159177794 -0.05095918849110602
v 0.0162521917372942 0.05454482138156892 -0.04879000037908553
v 0.020099330693483356 0.05475428327918054 -0.047381736338138566
v 0.020099330693483356 0.05475428327918054 -0.047381736338138566
v 0.021136133000254635 0.052042447030544295 -0.04945101961493491
v 0.017096113413572315 0.051805090159177794 -0.05095918849110602
v 0.020099330693483356 0.05475428327918054 -0.047381736338138566
v 0.0162521917372942 0.05454482138156892 -0.04879000037908553
v 0.0174089539796114 0.05637397244572641 -0.04624596610665321
v 0.0174089539796114 0.05637397244572641 -0.04624596610665321
v 0.02273853681981564 0.05718079954385759 -0.043243113905191415
v 0.020099330693483356 0.05475428327918054 -0.047381736338138566
v 0.02273853681981564 0.05718079954385759 -0.043243113905191415
v 0.023811588063836105 0.05500707775354387 -0.0456823706626892
v 0.020099330693483356 0.05475428327918054 -0.047381736338138566
v 0.012918686494231228 0.05161661282181741 -0.05215222761034964
v 0.00865723565220833 0.05148059502243997 -0.053011454641818986
v 0.012279985472559932 0.05437911674380304 -0.049902733415365205
v 0.012918686494231228 0.05161661282181741 -0.05215222761034964
v 0.0162521917372942 0.05454482138156892 -0.04879000037908553
v 0.017096113413572315 0.051805090159177794 -0.05095918849110602
v 0.012279985472559932 0.05437911674380304 -0.049902733415365205
v 0.0162521917372942 0.05454482138156892 -0.04879000037908553
v 0.012918686494231228 0.05161661282181741 -0.05215222761034964
v 0.013440230861306194 0.048514977097511305 -0.05385238304734229
v 0.012918686494231228 0.05161661282181741 -0.05215222761034964
v 0.017096113413572315 0.051805090159177794 -0.05095918849110602
v 0.012918686494231228 0.05161661282181741 -0.05215222761034964
v 0.013440230861306194 0.048514977097511305 -0.05385238304734229
v 0.009006806649267675 0.04836201295256616 -0.05476022511720656
v 0.012918686494231228 0.05161661282181741 -0.05215222761034964
v 0.009006806649267675 0.04836201295256616 -0.05476022511720656
v 0.00865723565220833 0.05148059502243997 -0.053011454641818986
v 0.00823134556412697 0.054259080439806 -0.05070438235998152
v 0.00865723565220833 0.05148059502243997 -0.053011454641818986
v 0.004364528693258763 0.051398184150457396 -0.05352878570556639
v 0.004364528693258763 0.051398184150457396 -0.05352878570556639
v 0.0041566379368305215 0.054186649620533 -0.05118695646524428
v 0.00823134556412697 0.054259080439806 -0.05070438235998152
v 0.004364528693258763 0.051398184150457396 -0.05352878570556639
v 2.217583823949099e-05 0.05208946764469148 -0.0531519055366516
v 0.0041566379368305215 0.054186649620533 -0.05118695646524428
v 2.217583823949099e-05 0.05208946764469148 -0.0531519055366516
v 0.004364528693258763 0.051398184150457396 -0.05352878570556639
v 4.1074090404436e-05 0.04983562976121904 -0.0546734109520912
v 0.004364528693258763 0.051398184150457396 -0.05352878570556639
v 0.004537328612059356 0.04826904088258745 -0.05530706793069838
v 4.1074090404436e-05 0.04983562976121904 -0.0546734109520912
v 0.004364528693258763 0.051398184150457396 -0.05352878570556639
v 0.00865723565220833 0.05148059502243997 -0.053011454641818986
v 0.004537328612059356 0.04826904088258745 -0.05530706793069838
v -0.026308817788958556 0.05922235548496248 -0.0378023087978363
v -0.023602467030286796 0.057774111628532424 -0.04190456122159957
v -0.03032393008470536 0.05816545337438585 -0.037964779883623116
v -0.023602467030286796 0.057774111628532424 -0.04190456122159957
v -0.026566015556454665 0.05645566806197168 -0.042654585093259804
v -0.03032393008470536 0.05816545337438585 -0.037964779883623116
v -0.023602467030286796 0.057774111628532424 -0.04190456122159957
v -0.026308817788958556 0.05922235548496248 -0.0378023087978363
v -0.021653529256582264 0.058911614120006575 -0.04031275957822799
v -0.020771881565451625 0.05647373199462892 -0.04502299800515174
v -0.026566015556454665 0.05645566806197168 -0.042654585093259804
v -0.023602467030286796 0.057774111628532424 -0.04190456122159957
v -0.021653529256582264 0.058911614120006575 -0.04031275957822799
v -0.016603639349341396 0.05740834027528764 -0.04487808421254157
v -0.023602467030286796 0.057774111628532424 -0.04190456122159957
v -0.016603639349341396 0.05740834027528764 -0.04487808421254157
v -0.020771881565451625 0.05647373199462892 -0.04502299800515174
v -0.023602467030286796 0.057774111628532424 -0.04190456122159957
v 0.03457778319716454 0.04621154814958573 -0.04517183825373649
v 0.03441040590405465 0.044194836169481284 -0.04569977149367332
v 0.030411567538976676 0.04376670718193055 -0.04844264313578604
v 0.034271437674760825 0.04892779886722566 -0.044408835470676415
v 0.02984501980245114 0.04962130263447763 -0.0469098426401615
v 0.03333422541618348 0.050772812217474 -0.044062633067369454
v 0.034708179533481605 0.048234894871711745 -0.044411763548851006
v 0.034271437674760825 0.04892779886722566 -0.044408835470676415
v 0.03999260440468789 0.047227431088686 -0.04043470323085784
v 0.0382223166525364 0.044834468513727195 -0.0425758808851242
v 0.03999260440468789 0.047227431088686 -0.04043470323085784
v 0.04173890873789788 0.045438114553689964 -0.03914425522089004
v 0.04173890873789788 0.045438114553689964 -0.03914425522089004
v 0.0438276156783104 0.020998999476432804 -0.04155308380722999
v 0.0382223166525364 0.044834468513727195 -0.0425758808851242
v 0.0382223166525364 0.044834468513727195 -0.0425758808851242
v 0.03441040590405465 0.044194836169481284 -0.04569977149367332
v 0.03457778319716454 0.04621154814958573 -0.04517183825373649
v 0.04423800855875016 0.019907897338271145 -0.041181895881891244
v 0.0438276156783104 0.020998999476432804 -0.04155308380722999
v 0.046021096408367164 0.021911250427365307 -0.03907221555709838
v 0.0444299802184105 -0.06360092759132387 -0.037783276289701455
v 0.041620358824729926 -0.07779524475336076 0.3843252956867217
v 0.037281174212694175 -0.06360092759132387 -0.04493210092186927
v 0.0444299802184105 -0.06360092759132387 -0.037783276289701455
v 0.0464128851890564 -0.07779185473918916 0.389980912208557
v 0.041620358824729926 -0.07779524475336076 0.3843252956867217
v 0.0444299802184105 -0.06360092759132387 -0.037783276289701455
v 0.050228804349899306 -0.06360092759132387 -0.02950173430144786
v 0.0464128851890564 -0.07779185473918916 0.389980912208557
v 0.05065366625785829 0.02348874509334565 -0.032837733626365655
v 0.052049592137336745 0.025665365159511573 -0.030421677976846688
v 0.053208339959383025 0.025355923920869834 -0.02841480262577533
v 0.04868675768375398 0.023664698004722602 -0.03560204803943633
v 0.052049592137336745 0.025665365159511573 -0.030421677976846688
v 0.05065366625785829 0.02348874509334565 -0.032837733626365655
v 0.04968020692467691 0.047951783984899535 -0.028335353359580033
v 0.04921200871467592 0.050085689872503295 -0.028331926092505448
v 0.051282513886690154 0.05081386491656305 -0.02443138882517814
v 0.051282513886690154 0.05081386491656305 -0.02443138882517814
v 0.04921200871467592 0.050085689872503295 -0.028331926092505448
v 0.05022297427058221 0.053546622395515456 -0.024283660575747483
v 0.04921200871467592 0.050085689872503295 -0.028331926092505448
v 0.04815326258540155 0.052884366363286986 -0.028088536113500588
v 0.05022297427058221 0.053546622395515456 -0.024283660575747483
v 0.04921200871467592 0.050085689872503295 -0.028331926092505448
v 0.04606548324227334 0.051521565765142455 -0.03187254816293716
v 0.04815326258540155 0.052884366363286986 -0.028088536113500588
v 0.04921200871467592 0.050085689872503295 -0.028331926092505448
v 0.04968020692467691 0.047951783984899535 -0.028335353359580033
v 0.047625895589590087 0.04692110791802408 -0.03175216540694236
v 0.0554877668619156 0.02750548161566258 -0.023579165339469903
v 0.0572626329958439 0.029576458036899574 -0.01872436888515949
v 0.054501440376043334 -0.06360092014074327 -0.02033901400864124
v 0.0554877668619156 0.02750548161566258 -0.023579165339469903
v 0.054501440376043334 -0.06360092014074327 -0.02033901400864124
v 0.053208339959383025 0.025355923920869834 -0.02841480262577533
v 0.0554877668619156 0.02750548161566258 -0.023579165339469903
v 0.053208339959383025 0.025355923920869834 -0.02841480262577533
v 0.055047869682312026 0.028159635141491897 -0.0245142001658678
v 0.05908944830298425 0.033732902258634574 -0.011195046827197073
v 0.05869547650218011 0.031825236976146705 -0.013401240110397335
v 0.057673543691635146 0.031162392348051078 -0.017250981181859967
v 0.057673543691635146 0.031162392348051078 -0.017250981181859967
v 0.05869547650218011 0.031825236976146705 -0.013401240110397335
v 0.0572626329958439 0.029576458036899574 -0.01872436888515949
v 0.03427644073963166 0.06008723378181459 -0.03133117035031318
v 0.039013676345348365 0.06001500412821771 -0.028141360729932778
v 0.037895765155553825 0.05907400324940683 -0.03114895895123481
v 0.039013676345348365 0.06001500412821771 -0.028141360729932778
v 0.04212465882301331 0.059033609926700606 -0.027398914098739617
v 0.037895765155553825 0.05907400324940683 -0.03114895895123481
v 0.042858190834522254 0.06039495393633844 -0.023595876991748803
v 0.04212465882301331 0.059033609926700606 -0.027398914098739617
v 0.039013676345348365 0.06001500412821771 -0.028141360729932778
v 0.04662756621837617 0.05552274361252786 -0.027548940852284425
v 0.047217305749654784 0.057823929935693755 -0.023449506610631936
v 0.048685394227504744 0.056115958839654936 -0.023881820961832993
v 0.048685394227504744 0.056115958839654936 -0.023881820961832993
v 0.047217305749654784 0.057823929935693755 -0.023449506610631936
v 0.04951671510934831 0.05787751078605653 -0.019858473911881443
v 0.04951671510934831 0.05787751078605653 -0.019858473911881443
v 0.05127784982323648 0.055516149848699584 -0.020235383883118626
v 0.048685394227504744 0.056115958839654936 -0.023881820961832993
v 0.048685394227504744 0.056115958839654936 -0.023881820961832993
v 0.05127784982323648 0.055516149848699584 -0.020235383883118626
v 0.05022297427058221 0.053546622395515456 -0.024283660575747483
v 0.048685394227504744 0.056115958839654936 -0.023881820961832993
v 0.04815326258540155 0.052884366363286986 -0.028088536113500588
v 0.04662756621837617 0.05552274361252786 -0.027548940852284425
v 0.04815326258540155 0.052884366363286986 -0.028088536113500588
v 0.048685394227504744 0.056115958839654936 -0.023881820961832993
v 0.05022297427058221 0.053546622395515456 -0.024283660575747483
v 0.047217305749654784 0.057823929935693755 -0.023449506610631936
v 0.044690649956464774 0.05784481763839723 -0.02671843953430652
v 0.045617774128913886 0.059343196451663985 -0.022807531058788296
v 0.044690649956464774 0.05784481763839723 -0.02671843953430652
v 0.04212465882301331 0.059033609926700606 -0.027398914098739617
v 0.045617774128913886 0.059343196451663985 -0.022807531058788296
v 0.044690649956464774 0.05784481763839723 -0.02671843953430652
v 0.042455427348613746 0.05726915597915651 -0.030095169320702546
v 0.04212465882301331 0.059033609926700606 -0.027398914098739617
v 0.044690649956464774 0.05784481763839723 -0.02671843953430652
v 0.047217305749654784 0.057823929935693755 -0.023449506610631936
v 0.04662756621837617 0.05552274361252786 -0.027548940852284425
v 0.044690649956464774 0.05784481763839723 -0.02671843953430652
v 0.04662756621837617 0.05552274361252786 -0.027548940852284425
v 0.043810628354549415 0.05556682497262956 -0.030870441347360604
v 0.044690649956464774 0.05784481763839723 -0.02671843953430652
v 0.043810628354549415 0.05556682497262956 -0.030870441347360604
v 0.042455427348613746 0.05726915597915651 -0.030095169320702546
v 0.053438670933246626 0.05495780333876611 -0.01627380214631557
v 0.053087748587131514 0.05804647505283357 -0.012092778459191319
v 0.05457410588860513 0.05570089071989061 -0.012112438678741452
v 0.055581927299499526 0.05316726863384248 -0.011997862718999382
v 0.05446598306298257 0.052379153668880477 -0.0162394642829895
v 0.05457410588860513 0.05570089071989061 -0.012112438678741452
v 0.05457410588860513 0.05570089071989061 -0.012112438678741452
v 0.05446598306298257 0.052379153668880477 -0.0162394642829895
v 0.053438670933246626 0.05495780333876611 -0.01627380214631557
v 0.030420606955885894 0.05752128735184671 -0.03903767839074134
v 0.03931229934096337 0.05795766785740854 -0.03193680197000503
v 0.03120760992169381 0.05623976141214372 -0.04038146883249282
v 0.04145761951804162 0.05534886196255685 -0.03347396478056907
v 0.031809009611606605 0.0549074560403824 -0.04161065071821212
v 0.040534809231758125 0.05676557868719102 -0.03263630717992782
v 0.040534809231758125 0.05676557868719102 -0.03263630717992782
v 0.03931229934096337 0.05795766785740854 -0.03193680197000503
v 0.042455427348613746 0.05726915597915651 -0.030095169320702546
v 0.040534809231758125 0.05676557868719102 -0.03263630717992782
v 0.031809009611606605 0.0549074560403824 -0.04161065071821212
v 0.03120760992169381 0.05623976141214372 -0.04038146883249282
v 0.040534809231758125 0.05676557868719102 -0.03263630717992782
v 0.03120760992169381 0.05623976141214372 -0.04038146883249282
v 0.03931229934096337 0.05795766785740854 -0.03193680197000503
v 0.040534809231758125 0.05676557868719102 -0.03263630717992782
v 0.043810628354549415 0.05556682497262956 -0.030870441347360604
v 0.04145761951804162 0.05534886196255685 -0.03347396478056907
v 0.042455427348613746 0.05726915597915651 -0.030095169320702546
v 0.043810628354549415 0.05556682497262956 -0.030870441347360604
v 0.040534809231758125 0.05676557868719102 -0.03263630717992782
v 0.033826101571321494 0.05123768374323846 -0.04334974661469459
v 0.0425446629524231 0.05400243401527406 -0.03388510271906852
v 0.0431467890739441 0.05235702544450761 -0.034636043012142174
v 0.033826101571321494 0.05123768374323846 -0.04334974661469459
v 0.034271437674760825 0.04892779886722566 -0.044408835470676415
v 0.03333422541618348 0.050772812217474 -0.044062633067369454
v 0.034271437674760825 0.04892779886722566 -0.044408835470676415
v 0.033826101571321494 0.05123768374323846 -0.04334974661469459
v 0.0431467890739441 0.05235702544450761 -0.034636043012142174
v 0.04519333317875863 0.053571622818708434 -0.031369544565677636
v 0.043810628354549415 0.05556682497262956 -0.030870441347360604
v 0.04662756621837617 0.05552274361252786 -0.027548940852284425
v 0.04519333317875863 0.053571622818708434 -0.031369544565677636
v 0.0425446629524231 0.05400243401527406 -0.03388510271906852
v 0.043810628354549415 0.05556682497262956 -0.030870441347360604
v 0.04662756621837617 0.05552274361252786 -0.027548940852284425
v 0.04815326258540155 0.052884366363286986 -0.028088536113500588
v 0.04519333317875863 0.053571622818708434 -0.031369544565677636
v 0.04606548324227334 0.051521565765142455 -0.03187254816293716
v 0.04519333317875863 0.053571622818708434 -0.031369544565677636
v 0.04815326258540155 0.052884366363286986 -0.028088536113500588
v 0.0431467890739441 0.05235702544450761 -0.034636043012142174
v 0.0425446629524231 0.05400243401527406 -0.03388510271906852
v 0.04519333317875863 0.053571622818708434 -0.031369544565677636
v 0.031809009611606605 0.0549074560403824 -0.04161065071821212
v 0.028799785301089294 0.05267039313912393 -0.0454893372952938
v 0.027427576482295997 0.05528758838772775 -0.04369538277387618
v 0.027427576482295997 0.05528758838772775 -0.04369538277387618
v 0.03120760992169381 0.05623976141214372 -0.04038146883249282
v 0.031809009611606605 0.0549074560403824 -0.04161065071821212
v 0.023811588063836105 0.05500707775354387 -0.0456823706626892
v 0.027427576482295997 0.05528758838772775 -0.04369538277387618
v 0.02502587996423245 0.052328903228044524 -0.047633845359086976
v 0.027427576482295997 0.05528758838772775 -0.04369538277387618
v 0.028799785301089294 0.05267039313912393 -0.0454893372952938
v 0.02502587996423245 0.052328903228044524 -0.047633845359086976
v 0.027427576482295997 0.05528758838772775 -0.04369538277387618
v 0.02273853681981564 0.05718079954385759 -0.043243113905191415
v 0.02648476883769036 0.057615101337432875 -0.04095558822154998
v 0.027427576482295997 0.05528758838772775 -0.04369538277387618
v 0.023811588063836105 0.05500707775354387 -0.0456823706626892
v 0.02273853681981564 0.05718079954385759 -0.043243113905191415
v 0.02648476883769036 0.057615101337432875 -0.04095558822154998
v 0.030420606955885894 0.05752128735184671 -0.03903767839074134
v 0.027427576482295997 0.05528758838772775 -0.04369538277387618
v 0.030420606955885894 0.05752128735184671 -0.03903767839074134
v 0.03120760992169381 0.05623976141214372 -0.04038146883249282
v 0.027427576482295997 0.05528758838772775 -0.04369538277387618
v 0.033073723316192634 0.0158492848277092 -0.05067472159862517
v 0.028693072497844703 0.014682347886264328 -0.05329968780279158
v 0.029613969847559936 0.016241988167166713 -0.05272055789828299
v 0.028693072497844703 0.014682347886264328 -0.05329968780279158
v 0.027868732810020454 0.016067216172814373 -0.053670518100261674
v 0.029613969847559936 0.016241988167166713 -0.05272055789828299
v 0.028693072497844703 0.014682347886264328 -0.05329968780279158
v 0.033073723316192634 0.0158492848277092 -0.05067472159862517
v 0.028999598696827895 -0.06360093504190446 -0.05073091015219687
v 0.028999598696827895 -0.06360093504190446 -0.05073091015219687
v 0.025839630514383323 0.011682415381073953 -0.05464978143572806
v 0.028693072497844703 0.014682347886264328 -0.05329968780279158
v 0.025839630514383323 0.011682415381073953 -0.05464978143572806
v 0.02399063296616078 0.013652829453349117 -0.05560114979743956
v 0.028693072497844703 0.014682347886264328 -0.05329968780279158
v 0.028693072497844703 0.014682347886264328 -0.05329968780279158
v 0.02399063296616078 0.013652829453349117 -0.05560114979743956
v 0.024944731965661056 0.01521995943039656 -0.05511377379298209
v 0.024944731965661056 0.01521995943039656 -0.05511377379298209
v 0.027868732810020454 0.016067216172814373 -0.053670518100261674
v 0.028693072497844703 0.014682347886264328 -0.05329968780279158
v 0.048190426081419005 0.06382423639297487 -0.004204630851745605
v 0.04953931644558908 0.06293699145317079 -0.005770283751189708
v 0.04729658737778665 0.062067519873380675 -0.01315201539546251
v 0.04985721409320833 0.06394330412149431 0.0001484918320784345
v 0.04953931644558908 0.06293699145317079 -0.005770283751189708
v 0.048190426081419005 0.06382423639297487 -0.004204630851745605
v 0.048845827579498305 0.06511790305376054 0.005438948515802621
v 0.04985721409320833 0.06394330412149431 0.0001484918320784345
v 0.048190426081419005 0.06382423639297487 -0.004204630851745605
v 0.048190426081419005 0.06382423639297487 -0.004204630851745605
v 0.046778317540884025 0.06467527896165849 -0.0011921861441805957
v 0.048845827579498305 0.06511790305376054 0.005438948515802621
v 0.04560163989663125 0.06352257728576662 -0.0091821551322937
v 0.04177797585725785 0.0624886564910412 -0.0175353679805994
v 0.041288595646619804 0.06324349343776704 -0.013334244489669796
v 0.041288595646619804 0.06324349343776704 -0.013334244489669796
v 0.04561737924814225 0.06507701426744462 0.000700290489476174
v 0.04560163989663125 0.06352257728576662 -0.0091821551322937
v 0.04561737924814225 0.06507701426744462 0.000700290489476174
v 0.046778317540884025 0.06467527896165849 -0.0011921861441805957
v 0.04560163989663125 0.06352257728576662 -0.0091821551322937
v 0.04560163989663125 0.06352257728576662 -0.0091821551322937
v 0.046778317540884025 0.06467527896165849 -0.0011921861441805957
v 0.048190426081419005 0.06382423639297487 -0.004204630851745605
v 0.04411248117685319 0.062077037990093245 -0.017125425860285756
v 0.04177797585725785 0.0624886564910412 -0.0175353679805994
v 0.04560163989663125 0.06352257728576662 -0.0091821551322937
v 0.04729658737778665 0.062067519873380675 -0.01315201539546251
v 0.04411248117685319 0.062077037990093245 -0.017125425860285756
v 0.04560163989663125 0.06352257728576662 -0.0091821551322937
v 0.04560163989663125 0.06352257728576662 -0.0091821551322937
v 0.048190426081419005 0.06382423639297487 -0.004204630851745605
v 0.04729658737778665 0.062067519873380675 -0.01315201539546251
v 0.05046718940138818 0.0589844509959221 -0.01595104485750198
v 0.051921755075454726 0.05738046020269395 -0.01613369397819042
v 0.04951671510934831 0.05787751078605653 -0.019858473911881443
v 0.05046718940138818 0.0589844509959221 -0.01595104485750198
v 0.05165900662541391 0.0595962554216385 -0.012026245705783364
v 0.051921755075454726 0.05738046020269395 -0.01613369397819042
v 0.04553166776895524 0.06101544573903085 -0.01879707723855972
v 0.04737273976206781 0.05986381694674493 -0.01926784217357635
v 0.045617774128913886 0.059343196451663985 -0.022807531058788296
v 0.04737273976206781 0.05986381694674493 -0.01926784217357635
v 0.04553166776895524 0.06101544573903085 -0.01879707723855972
v 0.04886011034250261 0.06040682643651964 -0.015585591085255143
v 0.04737273976206781 0.05986381694674493 -0.01926784217357635
v 0.047217305749654784 0.057823929935693755 -0.023449506610631936
v 0.045617774128913886 0.059343196451663985 -0.022807531058788296
v 0.04737273976206781 0.05986381694674493 -0.01926784217357635
v 0.04951671510934831 0.05787751078605653 -0.019858473911881443
v 0.047217305749654784 0.057823929935693755 -0.023449506610631936
v 0.04737273976206781 0.05986381694674493 -0.01926784217357635
v 0.05046718940138818 0.0589844509959221 -0.01595104485750198
v 0.04951671510934831 0.05787751078605653 -0.019858473911881443
v 0.04737273976206781 0.05986381694674493 -0.01926784217357635
v 0.04886011034250261 0.06040682643651964 -0.015585591085255143
v 0.05046718940138818 0.0589844509959221 -0.01595104485750198
v 0.05098858848214151 0.06154199689626695 -0.007930804975330828
v 0.05165900662541391 0.0595962554216385 -0.012026245705783364
v 0.05006949231028558 0.0609685890376568 -0.011790326796472069
v 0.05006949231028558 0.0609685890376568 -0.011790326796472069
v 0.04886011034250261 0.06040682643651964 -0.015585591085255143
v 0.04729658737778665 0.062067519873380675 -0.01315201539546251
v 0.05165900662541391 0.0595962554216385 -0.012026245705783364
v 0.05046718940138818 0.0589844509959221 -0.01595104485750198
v 0.05006949231028558 0.0609685890376568 -0.011790326796472069
v 0.05006949231028558 0.0609685890376568 -0.011790326796472069
v 0.05046718940138818 0.0589844509959221 -0.01595104485750198
v 0.04886011034250261 0.06040682643651964 -0.015585591085255143
v 0.05006949231028558 0.0609685890376568 -0.011790326796472069
v 0.04729658737778665 0.062067519873380675 -0.01315201539546251
v 0.04953931644558908 0.06293699145317079 -0.005770283751189708
v 0.05006949231028558 0.0609685890376568 -0.011790326796472069
v 0.04953931644558908 0.06293699145317079 -0.005770283751189708
v 0.05098858848214151 0.06154199689626695 -0.007930804975330828
v 0.057213045656681075 0.052812267094850554 -0.0029877815395593635
v 0.056903749704360976 0.0557551570236683 0.0009275281336158512
v 0.060016863048076644 0.039246890693902976 0.0019387470092624422
v 0.05989221110939981 0.03615209087729455 -0.005140407010912894
v 0.05668093264102937 0.052511062473058714 -0.00773009331896901
v 0.057213045656681075 0.052812267094850554 -0.0029877815395593635
v 0.056105136871337905 0.058260545134544386 0.0049740239046514026
v 0.056666947901248946 0.05669222027063371 0.0053449664264917365
v 0.056903749704360976 0.0557551570236683 0.0009275281336158512
v 0.056105136871337905 0.058260545134544386 0.0049740239046514026
v 0.055289782583713545 0.059849765151739134 0.004710242152214049
v 0.05587096139788629 0.058805119246244444 0.41914719343185414
v 0.056105136871337905 0.058260545134544386 0.0049740239046514026
v 0.05587096139788629 0.058805119246244444 0.41914719343185414
v 0.05668115988373758 0.05664934590458871 0.41878384351730336
v 0.056666947901248946 0.05669222027063371 0.0053449664264917365
v 0.056105136871337905 0.058260545134544386 0.0049740239046514026
v 0.05668115988373758 0.05664934590458871 0.41878384351730336
v 0.05727162212133409 0.0538332909345627 0.0015511771198362108
v 0.057257536798715605 0.05390805378556253 0.42208415269851673
v 0.05981145426630975 0.04036002978682519 0.4186725020408629
v 0.057257536798715605 0.05390805378556253 0.42208415269851673
v 0.060008283704519286 0.03923578187823296 0.42202481627464283
v 0.05981145426630975 0.04036002978682519 0.4186725020408629
v 0.057257536798715605 0.05390805378556253 0.42208415269851673
v 0.05689842998981477 0.05576859042048456 0.4230782985687255
v 0.060008283704519286 0.03923578187823296 0.42202481627464283
v 0.057257536798715605 0.05390805378556253 0.42208415269851673
v 0.056903749704360976 0.0557551570236683 0.0009275281336158512
v 0.05689842998981477 0.05576859042048456 0.4230782985687255
v 0.057257536798715605 0.05390805378556253 0.42208415269851673
v 0.05727162212133409 0.0538332909345627 0.0015511771198362108
v 0.056903749704360976 0.0557551570236683 0.0009275281336158512
v 0.060016863048076644 0.039246890693902976 0.0019387470092624422
v 0.059866573661565795 0.04006502032279969 0.004462590906769036
v 0.05981145426630975 0.04036002978682519 0.4186725020408629
v 0.059866573661565795 0.04006502032279969 0.004462590906769036
v 0.05727162212133409 0.0538332909345627 0.0015511771198362108
v 0.05981145426630975 0.04036002978682519 0.4186725020408629
v 0.059866573661565795 0.04006502032279969 0.004462590906769036
v 0.060016863048076644 0.039246890693902976 0.0019387470092624422
v 0.05727162212133409 0.0538332909345627 0.0015511771198362108
v -0.05592482909560205 0.05526245385408403 0.4318163990974425
v -0.05472129955887796 0.05762094631791116 0.43195679783821095
v -0.055871844291687026 0.057232975959777846 0.42765647172927845
v -0.05592482909560205 0.05526245385408403 0.4318163990974425
v -0.055871844291687026 0.057232975959777846 0.42765647172927845
v -0.05679270997643472 0.05486948415637018 0.42742928862571705
v -0.056681044399738326 0.05251122266054155 0.4317203164100646
v -0.05592482909560205 0.05526245385408403 0.4318163990974425
v -0.05679270997643472 0.05486948415637018 0.42742928862571705
v -0.05558213591575624 0.05316714569926263 0.43598797917366017
v -0.05592482909560205 0.05526245385408403 0.4318163990974425
v -0.056681044399738326 0.05251122266054155 0.4317203164100646
v -0.054766070097684874 0.04981653764843942 0.4407786726951598
v -0.053353238850832 0.050248425453901305 0.44438058137893666
v -0.05446609482169153 0.05237901583313943 0.440229833126068
v -0.054766070097684874 0.04981653764843942 0.4407786726951598
v -0.05767370760440828 0.031162399798631675 0.4412410855293273
v -0.053353238850832 0.050248425453901305 0.44438058137893666
v -0.054766070097684874 0.04981653764843942 0.4407786726951598
v -0.05446609482169153 0.05237901583313943 0.440229833126068
v -0.05593362078070642 0.05075745657086374 0.4363342225551604
v -0.05593362078070642 0.05075745657086374 0.4363342225551604
v -0.05908955633640291 0.033732876181602485 0.4351854622364043
v -0.054766070097684874 0.04981653764843942 0.4407786726951598
v -0.05908955633640291 0.033732876181602485 0.4351854622364043
v -0.05767370760440828 0.031162399798631675 0.4412410855293273
v -0.054766070097684874 0.04981653764843942 0.4407786726951598
v -0.033992737531661994 0.060134232044219985 0.45539724826812733
v -0.030493948608636863 0.059248156845569624 0.459639012813568
v -0.03137634322047234 0.05999941006302835 0.4572594165802001
v -0.030493948608636863 0.059248156845569624 0.459639012813568
v -0.02582229301333428 0.05922029539942743 0.4620009660720824
v -0.03137634322047234 0.05999941006302835 0.4572594165802001
v -0.03137634322047234 0.05999941006302835 0.4572594165802001
v -0.03359058871865273 0.060970727354288115 0.4528883397579192
v -0.033992737531661994 0.060134232044219985 0.45539724826812733
v -0.03137634322047234 0.05999941006302835 0.4572594165802001
v -0.022769568488001827 0.05985701084136964 0.46121007204055775
v -0.03359058871865273 0.060970727354288115 0.4528883397579192
v -0.03137634322047234 0.05999941006302835 0.4572594165802001
v -0.02582229301333428 0.05922029539942743 0.4620009660720824
v -0.022769568488001827 0.05985701084136964 0.46121007204055775
v -0.0545741803944111 0.0557011552155018 0.43610253930091847
v -0.053438797593116774 0.05495770648121835 0.4402642250061034
v -0.05308788269758226 0.058046463876962676 0.4360830485820769
v -0.0545741803944111 0.0557011552155018 0.43610253930091847
v -0.05308788269758226 0.058046463876962676 0.4360830485820769
v -0.05472129955887796 0.05762094631791116 0.43195679783821095
v -0.05472129955887796 0.05762094631791116 0.43195679783821095
v -0.05592482909560205 0.05526245385408403 0.4318163990974425
v -0.0545741803944111 0.0557011552155018 0.43610253930091847
v -0.0545741803944111 0.0557011552155018 0.43610253930091847
v -0.05592482909560205 0.05526245385408403 0.4318163990974425
v -0.05558213591575624 0.05316714569926263 0.43598797917366017
v -0.0545741803944111 0.0557011552155018 0.43610253930091847
v -0.05446609482169153 0.05237901583313943 0.440229833126068
v -0.053438797593116774 0.05495770648121835 0.4402642250061034
v -0.0545741803944111 0.0557011552155018 0.43610253930091847
v -0.05558213591575624 0.05316714569926263 0.43598797917366017
v -0.05446609482169153 0.05237901583313943 0.440229833126068
v -0.04176370799541474 0.04553354531526566 0.4630949795246123
v -0.04195291548967362 0.020100837573409084 0.4674307107925414
v -0.03824028745293618 0.044824950397014625 0.4665517807006835
v -0.04423310980200768 0.021249139681458477 0.4650627076625823
v -0.04195291548967362 0.020100837573409084 0.4674307107925414
v -0.04176370799541474 0.04553354531526566 0.4630949795246123
v -0.04176370799541474 0.04553354531526566 0.4630949795246123
v -0.04601769894361497 0.02188976109027863 0.4630633294582366
v -0.04423310980200768 0.021249139681458477 0.4650627076625823
v -0.04176370799541474 0.04553354531526566 0.4630949795246123
v -0.042774654924869544 0.04742083325982095 0.4615488052368163
v -0.04491000249981881 0.04611907899379731 0.4594663083553313
v -0.04601769894361497 0.02188976109027863 0.4630633294582366
v -0.04176370799541474 0.04553354531526566 0.4630949795246123
v -0.04491000249981881 0.04611907899379731 0.4594663083553313
v 0.03310178220272065 0.051474750041961684 0.46777427196502674
v 0.034172113984823234 0.048850212246179595 0.4685065746307372
v 0.03386489674448968 0.05108017846941949 0.4674205183982848
v 0.034172113984823234 0.048850212246179595 0.4685065746307372
v 0.042945407330989845 0.052140541374683394 0.4589247405529021
v 0.03386489674448968 0.05108017846941949 0.4674205183982848
v 0.03386489674448968 0.05108017846941949 0.4674205183982848
v 0.043066605925560004 0.053145926445722594 0.4581204652786254
v 0.03310178220272065 0.051474750041961684 0.46777427196502674
v 0.03386489674448968 0.05108017846941949 0.4674205183982848
v 0.042945407330989845 0.052140541374683394 0.4589247405529021
v 0.043066605925560004 0.053145926445722594 0.4581204652786254
v 0.041803732514381416 0.057845532894134535 0.4538173973560332
v 0.04463570192456246 0.05783099308609964 0.4507990777492522
v 0.042007766664028175 0.059077594429254546 0.4514203965663909
v 0.04068350791931153 0.05652680248022081 0.45678621530532826
v 0.031178005039691932 0.05603162199258806 0.46467530727386464
v 0.03176465258002282 0.05480908975005151 0.4657415747642516
v 0.03176465258002282 0.05480908975005151 0.4657415747642516
v 0.04173094779253007 0.05516953766345979 0.457479029893875
v 0.04068350791931153 0.05652680248022081 0.45678621530532826
v 0.0493474416434765 0.06330885738134386 0.4284217059612273
v 0.05160584300756456 0.062113512307405486 0.4280806481838225
v 0.05087302625179292 0.06336966902017595 0.4242015182971953
v 0.05160584300756456 0.062113512307405486 0.4280806481838225
v 0.0493474416434765 0.06330885738134386 0.4284217059612273
v 0.050968904048204436 0.0615251734852791 0.4320325255393981
v 0.05087302625179292 0.06336966902017595 0.4242015182971953
v 0.04938580840826036 0.06434238702058794 0.4226020276546477
v 0.0493474416434765 0.06330885738134386 0.4284217059612273
v 0.0493474416434765 0.06330885738134386 0.4284217059612273
v 0.04938580840826036 0.06434238702058794 0.4226020276546477
v 0.04729227721691133 0.06439144164323808 0.42632097005844105
v 0.044411774724721916 0.062114264816045775 0.4406829774379729
v 0.04246946051716805 0.06310696154832841 0.4378563165664672
v 0.04021881520748139 0.06190484389662744 0.4452565908432006
v 0.0456182174384594 0.06342443823814393 0.43364638090133656
v 0.04246946051716805 0.06310696154832841 0.4378563165664672
v 0.044411774724721916 0.062114264816045775 0.4406829774379729
v 0.04556801542639733 0.05932857096195222 0.4468926191329955
v 0.046176489442586906 0.061311747878789916 0.44113609194755543
v 0.04311781376600266 0.06086777895689012 0.446050465106964
v 0.0400795303285122 0.06019636988639833 0.45080116391181935
v 0.042007766664028175 0.059077594429254546 0.4514203965663909
v 0.04311781376600266 0.06086777895689012 0.446050465106964
v 0.04311781376600266 0.06086777895689012 0.446050465106964
v 0.042007766664028175 0.059077594429254546 0.4514203965663909
v 0.04556801542639733 0.05932857096195222 0.4468926191329955
v 0.04311781376600266 0.06086777895689012 0.446050465106964
v 0.046176489442586906 0.061311747878789916 0.44113609194755543
v 0.044411774724721916 0.062114264816045775 0.4406829774379729
v 0.04311781376600266 0.06086777895689012 0.446050465106964
v 0.04021881520748139 0.06190484389662744 0.4452565908432006
v 0.0400795303285122 0.06019636988639833 0.45080116391181935
v 0.04311781376600266 0.06086777895689012 0.446050465106964
v 0.044411774724721916 0.062114264816045775 0.4406829774379729
v 0.04021881520748139 0.06190484389662744 0.4452565908432006
v 0.05591681227087976 0.05525467917323114 0.43186888098716725
v 0.054562643170356764 0.05569217354059221 0.43615922331809986
v 0.05556404590606691 0.053186152130365386 0.4360378086566924
v 0.054562643170356764 0.05569217354059221 0.43615922331809986
v 0.05343351140618326 0.05495311319828035 0.4402857422828673
v 0.054461374878883376 0.05236694216728212 0.4402567744255065
v 0.05556404590606691 0.053186152130365386 0.4360378086566924
v 0.054562643170356764 0.05569217354059221 0.43615922331809986
v 0.054461374878883376 0.05236694216728212 0.4402567744255065
v 0.056033246219158186 0.05801527574658395 0.4233920872211455
v 0.0547015853226185 0.06011728942394258 0.4236965477466582
v 0.05586798861622812 0.0572284907102585 0.4276783764362334
v 0.05586798861622812 0.0572284907102585 0.4276783764362334
v 0.0547015853226185 0.06011728942394258 0.4236965477466582
v 0.0544746331870556 0.05941215530037881 0.4278876483440398
v 0.05586798861622812 0.0572284907102585 0.4276783764362334
v 0.05678401142358781 0.054894849658012404 0.4274185299873351
v 0.056033246219158186 0.05801527574658395 0.4233920872211455
v 0.05586798861622812 0.0572284907102585 0.4276783764362334
v 0.05591681227087976 0.05525467917323114 0.43186888098716725
v 0.05678401142358781 0.054894849658012404 0.4274185299873351
v -4.946247500470237e-08 0.011537482030689718 0.48459160327911366
v 0.0018203440122306351 -0.07701741158962251 0.48243433237075795
v 0.0052354391664266595 0.01160551328212023 0.484365016222
v -4.946247500470237e-08 0.011537482030689718 0.48459160327911366
v 0.0052354391664266595 0.01160551328212023 0.484365016222
v 0.00017810091958381238 0.013078986667096618 0.48453539609909047
v -4.946247500470237e-08 0.011537482030689718 0.48459160327911366
v 0.00017810091958381238 0.013078986667096618 0.48453539609909047
v -0.0038297995924949655 0.011652078479528429 0.4844626188278197
v -4.946247500470237e-08 0.011537482030689718 0.48459160327911366
v -0.0038297995924949655 0.011652078479528429 0.4844626188278197
v -0.00563406851142645 -0.07701763510704042 0.48218894004821766
v 0.0018203440122306351 -0.07701741158962251 0.48243433237075795
v -4.946247500470237e-08 0.011537482030689718 0.48459160327911366
v -0.00563406851142645 -0.07701763510704042 0.48218894004821766
v 0.035652119666337974 0.017859194427728656 0.4728012681007384
v 0.036175783723592765 0.016757927834987644 0.47248047590255726
v 0.03913912922143937 0.019339356571435932 0.4699880480766295
v 0.035652119666337974 0.017859194427728656 0.4728012681007384
v 0.03354007005691529 0.017478981986641887 0.4742778241634368
v 0.036175783723592765 0.016757927834987644 0.47248047590255726
v 0.03913912922143937 0.019339356571435932 0.4699880480766295
v 0.03562972322106362 0.044389054179191596 0.46876877546310414
v 0.035652119666337974 0.017859194427728656 0.4728012681007384
v 0.03562972322106362 0.044389054179191596 0.46876877546310414
v 0.03161499649286271 0.04381129890680314 0.4716735780239104
v 0.035652119666337974 0.017859194427728656 0.4728012681007384
v 0.03354007005691529 0.017478981986641887 0.4742778241634368
v 0.035652119666337974 0.017859194427728656 0.4728012681007384
v 0.03161499649286271 0.04381129890680314 0.4716735780239104
v 0.03110099025070668 0.016602868214249614 0.4758448302745818
v 0.03176460042595864 0.015347084030508999 0.4755142033100127
v 0.03354007005691529 0.017478981986641887 0.4742778241634368
v 0.027187941595911987 0.01578793674707413 0.47802504897117604
v 0.027984872460365302 0.014524932950735096 0.4776741862297057
v 0.03110099025070668 0.016602868214249614 0.4758448302745818
v 0.03110099025070668 0.016602868214249614 0.4758448302745818
v 0.027984872460365302 0.014524932950735096 0.4776741862297057
v 0.03176460042595864 0.015347084030508999 0.4755142033100127
v 0.027428619563579566 0.04336014389991761 0.4741823971271514
v 0.027187941595911987 0.01578793674707413 0.47802504897117604
v 0.03110099025070668 0.016602868214249614 0.4758448302745818
v 0.03110099025070668 0.016602868214249614 0.4758448302745818
v 0.03161499649286271 0.04381129890680314 0.4716735780239104
v 0.027428619563579566 0.04336014389991761 0.4741823971271514
v 0.03110099025070668 0.016602868214249614 0.4758448302745818
v 0.03354007005691529 0.017478981986641887 0.4742778241634368
v 0.03161499649286271 0.04381129890680314 0.4716735780239104
v -0.04040364548563958 0.047014914453029646 0.4640917181968688
v -0.04419815912842751 0.048615876585245146 0.4596220850944518
v -0.042774654924869544 0.04742083325982095 0.4615488052368163
v -0.042774654924869544 0.04742083325982095 0.4615488052368163
v -0.04176370799541474 0.04553354531526566 0.4630949795246123
v -0.04040364548563958 0.047014914453029646 0.4640917181968688
v -0.04040364548563958 0.047014914453029646 0.4640917181968688
v -0.039645779877901084 0.04760944843292238 0.4645073413848876
v -0.043695777654647834 0.05117610469460489 0.4588753581047057
v -0.043695777654647834 0.05117610469460489 0.4588753581047057
v -0.04419815912842751 0.048615876585245146 0.4596220850944518
v -0.04040364548563958 0.047014914453029646 0.4640917181968688
v -0.04040364548563958 0.047014914453029646 0.4640917181968688
v -0.04176370799541474 0.04553354531526566 0.4630949795246123
v -0.03824028745293618 0.044824950397014625 0.4665517807006835
v -0.03824028745293618 0.044824950397014625 0.4665517807006835
v -0.03726472333073617 0.04706538096070291 0.4668577015399932
v -0.04040364548563958 0.047014914453029646 0.4640917181968688
v -0.039645779877901084 0.04760944843292238 0.4645073413848876
v -0.04040364548563958 0.047014914453029646 0.4640917181968688
v -0.03726472333073617 0.04706538096070291 0.4668577015399932
v -0.04606562107801438 0.05152155458927156 0.4558628797531127
v -0.04677157849073411 0.04935812205076219 0.4561686813831328
v -0.043695777654647834 0.05117610469460489 0.4588753581047057
v -0.04606562107801438 0.05152155458927156 0.4558628797531127
v -0.04921234771609308 0.050084717571735396 0.4523223638534545
v -0.04677157849073411 0.04935812205076219 0.4561686813831328
v -0.04921234771609308 0.050084717571735396 0.4523223638534545
v -0.04606562107801438 0.05152155458927156 0.4558628797531127
v -0.04815348237752916 0.052884172648191466 0.452078878879547
v -0.04968033358454706 0.04795176535844804 0.4523256421089171
v -0.05205046758055688 0.02566573210060597 0.45441094040870655
v -0.04763190075755121 0.04690976813435556 0.45573526620864857
v -0.04968033358454706 0.04795176535844804 0.4523256421089171
v -0.04763190075755121 0.04690976813435556 0.45573526620864857
v -0.04921234771609308 0.050084717571735396 0.4523223638534545
v -0.051282487809658064 0.050813946872949614 0.44842195510864247
v -0.05257169157266618 0.052921351045370116 0.44438570737838734
v -0.053353238850832 0.050248425453901305 0.44438058137893666
v -0.051282487809658064 0.050813946872949614 0.44842195510864247
v -0.04968033358454706 0.04795176535844804 0.4523256421089171
v -0.04921234771609308 0.050084717571735396 0.4523223638534545
v -0.05257169157266618 0.052921351045370116 0.44438570737838734
v -0.051282487809658064 0.050813946872949614 0.44842195510864247
v -0.05022315680980684 0.05354660376906396 0.448273867368698
v -0.051282487809658064 0.050813946872949614 0.44842195510864247
v -0.04921234771609308 0.050084717571735396 0.4523223638534545
v -0.05022315680980684 0.05354660376906396 0.448273867368698
v -0.05381727591156961 0.061742775142192854 0.00425939867272973
v -0.05245519429445268 0.06294111162424089 0.00397601956501603
v -0.053872704505920424 0.06107149273157121 0.00015152466949075458
v -0.05381727591156961 0.061742775142192854 0.00425939867272973
v -0.05267645418643953 0.06314562261104585 0.007931385189294813
v -0.05245519429445268 0.06294111162424089 0.00397601956501603
v -0.05381727591156961 0.061742775142192854 0.00425939867272973
v -0.055068504065275206 0.059597775340080275 0.0003716508508659898
v -0.05495666712522508 0.06032544374465944 0.004555967636406421
v -0.05381727591156961 0.061742775142192854 0.00425939867272973
v -0.053872704505920424 0.06107149273157121 0.00015152466949075458
v -0.055068504065275206 0.059597775340080275 0.0003716508508659898
v -0.05381727591156961 0.061742775142192854 0.00425939867272973
v -0.05495666712522508 0.06032544374465944 0.004555967636406421
v -0.05420041084289552 0.06153440102934839 0.008601566776633261
v -0.05381727591156961 0.061742775142192854 0.00425939867272973
v -0.05420041084289552 0.06153440102934839 0.008601566776633261
v -0.05267645418643953 0.06314562261104585 0.007931385189294813
v -0.04888415709137918 0.0658380687236786 0.013031655922532078
v -0.050736997276544585 0.0645054578781128 0.007614080328494309
v -0.05113304033875467 0.06450975686311723 0.011848373338580128
v -0.05113304033875467 0.06450975686311723 0.011848373338580128
v -0.04974535852670671 0.06540290266275407 0.017698097974061962
v -0.04888415709137918 0.0658380687236786 0.013031655922532078
v -0.05113304033875467 0.06450975686311723 0.011848373338580128
v -0.050736997276544585 0.0645054578781128 0.007614080328494309
v -0.05267645418643953 0.06314562261104585 0.007931385189294813
v -0.05238270759582521 0.06346241384744646 0.012302856892347332
v -0.05113304033875467 0.06450975686311723 0.011848373338580128
v -0.05267645418643953 0.06314562261104585 0.007931385189294813
v -0.05113304033875467 0.06450975686311723 0.011848373338580128
v -0.05238270759582521 0.06346241384744646 0.012302856892347332
v -0.05197497829794885 0.06385336071252824 0.4117703139781951
v -0.05113304033875467 0.06450975686311723 0.011848373338580128
v -0.05197497829794885 0.06385336071252824 0.4117703139781951
v -0.05023507401347162 0.0651189610362053 0.40812784433364857
v -0.05023507401347162 0.0651189610362053 0.40812784433364857
v -0.04974535852670671 0.06540290266275407 0.017698097974061962
v -0.05113304033875467 0.06450975686311723 0.011848373338580128
v 0.034725379198789603 0.04802803322672845 0.4684825539588927
v 0.03454928472638131 0.04620820283889771 0.4691838026046752
v 0.0380464792251587 0.04688918218016626 0.4662775993347167
v 0.034725379198789603 0.04802803322672845 0.4684825539588927
v 0.0380464792251587 0.04688918218016626 0.4662775993347167
v 0.034172113984823234 0.048850212246179595 0.4685065746307372
v 0.034725379198789603 0.04802803322672845 0.4684825539588927
v 0.030799752101302154 0.046519111841917045 0.47160762548446644
v 0.03454928472638131 0.04620820283889771 0.4691838026046752
v 0.034172113984823234 0.048850212246179595 0.4685065746307372
v 0.030799752101302154 0.046519111841917045 0.47160762548446644
v 0.034725379198789603 0.04802803322672845 0.4684825539588927
v 0.01138968672603369 0.013432401232421402 0.4834299087524413
v 0.0088305426761508 0.04203136265277863 0.48049452900886525
v 0.00721977883949876 0.01350834779441357 0.48405200242996205
v 0.010083757340908052 0.011975011788308624 0.48373806476593006
v 0.01138968672603369 0.013432401232421402 0.4834299087524413
v 0.00721977883949876 0.01350834779441357 0.48405200242996205
v 0.01138968672603369 0.013432401232421402 0.4834299087524413
v 0.010083757340908052 0.011975011788308624 0.48373806476593006
v 0.01466817501932383 0.012322346679866317 0.48277074098587025
v 0.013266123831272129 0.042179681360721595 0.4796216785907744
v 0.018262198194861416 0.04259257763624192 0.47818049788475026
v 0.013819899410009388 0.045239068567752845 0.47894755005836476
v 0.0088305426761508 0.04203136265277863 0.48049452900886525
v 0.01138968672603369 0.013432401232421402 0.4834299087524413
v 0.013266123831272129 0.042179681360721595 0.4796216785907744
v 0.013266123831272129 0.042179681360721595 0.4796216785907744
v 0.00927767623215914 0.04506849125027657 0.47988852858543385
v 0.0088305426761508 0.04203136265277863 0.48049452900886525
v 0.013819899410009388 0.045239068567752845 0.47894755005836476
v 0.00927767623215914 0.04506849125027657 0.47988852858543385
v 0.013266123831272129 0.042179681360721595 0.4796216785907744
v 0.05021809414029123 0.0650775730609894 0.4124467074871062
v 0.049396622925996794 0.06564666330814363 0.40854525566101063
v 0.047800336033105864 0.06646429747343065 0.40650269389152516
v 0.047800336033105864 0.06646429747343065 0.40650269389152516
v 0.04914684221148492 0.06540069729089738 0.41495734453201283
v 0.05021809414029123 0.0650775730609894 0.4124467074871062
v 0.05021809414029123 0.0650775730609894 0.4124467074871062
v 0.04914684221148492 0.06540069729089738 0.41495734453201283
v 0.050736777484416976 0.06450556218624116 0.4163762629032134
v 0.05117139220237733 0.06449493765830995 0.4100188612937926
v 0.049396622925996794 0.06564666330814363 0.40854525566101063
v 0.05021809414029123 0.0650775730609894 0.4124467074871062
v 0.05021809414029123 0.0650775730609894 0.4124467074871062
v 0.052618891000747695 0.0632060468196869 0.4158808887004851
v 0.05117139220237733 0.06449493765830995 0.4100188612937926
v 0.05021809414029123 0.0650775730609894 0.4124467074871062
v 0.050736777484416976 0.06450556218624116 0.4163762629032134
v 0.052618891000747695 0.0632060468196869 0.4158808887004851
v 0.019999155774712566 0.054747782647609725 0.47141364216804493
v 0.02086865715682507 0.05657225847244264 0.4688458442687987
v 0.01593519933521748 0.05514067038893701 0.4721788763999938
v 0.01593519933521748 0.05514067038893701 0.4721788763999938
v 0.02086865715682507 0.05657225847244264 0.4688458442687987
v 0.013527728617191318 0.056196227669715895 0.4714651107788085
v 0.01593519933521748 0.05514067038893701 0.4721788763999938
v 0.013527728617191318 0.056196227669715895 0.4714651107788085
v 0.012200889177620414 0.05437544733285905 0.47391262650489796
v 0.012200889177620414 0.05437544733285905 0.47391262650489796
v 0.016603879630565647 0.05322215706110002 0.4739568233489989
v 0.01593519933521748 0.05514067038893701 0.4721788763999938
v 0.01593519933521748 0.05514067038893701 0.4721788763999938
v 0.016603879630565647 0.05322215706110002 0.4739568233489989
v 0.019999155774712566 0.054747782647609725 0.47141364216804493
v 0.023747622966766364 0.05500149726867677 0.46970480680465687
v 0.027717059478163726 0.05466325953602792 0.4681895077228545
v 0.026544466614723213 0.05644480511546136 0.4666699469089507
v 0.026544466614723213 0.05644480511546136 0.4666699469089507
v 0.027717059478163726 0.05466325953602792 0.4681895077228545
v 0.031178005039691932 0.05603162199258806 0.46467530727386464
v 0.026544466614723213 0.05644480511546136 0.4666699469089507
v 0.031178005039691932 0.05603162199258806 0.46467530727386464
v 0.0306265838444233 0.05713796988129617 0.4634782373905181
v 0.026544466614723213 0.05644480511546136 0.4666699469089507
v 0.0303254034370184 0.05817604809999467 0.46193334460258473
v 0.02374238148331643 0.0577189475297928 0.4659346342086791
v 0.026544466614723213 0.05644480511546136 0.4666699469089507
v 0.0306265838444233 0.05713796988129617 0.4634782373905181
v 0.0303254034370184 0.05817604809999467 0.46193334460258473
v 0.02374238148331643 0.0577189475297928 0.4659346342086791
v 0.02086865715682507 0.05657225847244264 0.4688458442687987
v 0.026544466614723213 0.05644480511546136 0.4666699469089507
v 0.026544466614723213 0.05644480511546136 0.4666699469089507
v 0.02086865715682507 0.05657225847244264 0.4688458442687987
v 0.023747622966766364 0.05500149726867677 0.46970480680465687
v -0.04865897819399835 0.05610741674900056 -0.023934882134199136
v -0.047208659350872054 0.05782176926732065 -0.02346637845039367
v -0.04658729955554009 0.055512245744466795 -0.02761686965823173
v -0.04865897819399835 0.05610741674900056 -0.023934882134199136
v -0.050202745944261565 0.05354038998484613 -0.024324858561158173
v -0.051273692399263396 0.05551245436072351 -0.02024571225047111
v -0.04865897819399835 0.05610741674900056 -0.023934882134199136
v -0.04658729955554009 0.055512245744466795 -0.02761686965823173
v -0.048120282590389266 0.052876111119985594 -0.02814482152462005
v -0.050202745944261565 0.05354038998484613 -0.024324858561158173
v -0.04865897819399835 0.05610741674900056 -0.023934882134199136
v -0.048120282590389266 0.052876111119985594 -0.02814482152462005
v 0.030556280165910728 0.046539988368749625 -0.04775917902588843
v 0.030411567538976676 0.04376670718193055 -0.04844264313578604
v 0.026553668081760413 0.046122308820486076 -0.05008360370993613
v 0.030556280165910728 0.046539988368749625 -0.04775917902588843
v 0.03457778319716454 0.04621154814958573 -0.04517183825373649
v 0.030411567538976676 0.04376670718193055 -0.04844264313578604
v 0.026553668081760413 0.046122308820486076 -0.05008360370993613
v 0.02984501980245114 0.04962130263447763 -0.0469098426401615
v 0.030556280165910728 0.046539988368749625 -0.04775917902588843
v 0.034708179533481605 0.048234894871711745 -0.044411763548851006
v 0.03457778319716454 0.04621154814958573 -0.04517183825373649
v 0.030556280165910728 0.046539988368749625 -0.04775917902588843
v 0.02984501980245114 0.04962130263447763 -0.0469098426401615
v 0.034271437674760825 0.04892779886722566 -0.044408835470676415
v 0.030556280165910728 0.046539988368749625 -0.04775917902588843
v 0.030556280165910728 0.046539988368749625 -0.04775917902588843
v 0.034271437674760825 0.04892779886722566 -0.044408835470676415
v 0.034708179533481605 0.048234894871711745 -0.044411763548851006
v 0.034271437674760825 0.04892779886722566 -0.044408835470676415
v 0.04367546364665032 0.05122938007116319 -0.0348806120455265
v 0.03999260440468789 0.047227431088686 -0.04043470323085784
v 0.04367546364665032 0.05122938007116319 -0.0348806120455265
v 0.034271437674760825 0.04892779886722566 -0.044408835470676415
v 0.0431467890739441 0.05235702544450761 -0.034636043012142174
v 0.04417869076132775 0.04890980571508409 -0.03552034124732017
v 0.03999260440468789 0.047227431088686 -0.04043470323085784
v 0.04367546364665032 0.05122938007116319 -0.0348806120455265
v 0.04367546364665032 0.05122938007116319 -0.0348806120455265
v 0.04606548324227334 0.051521565765142455 -0.03187254816293716
v 0.04417869076132775 0.04890980571508409 -0.03552034124732017
v 0.0431467890739441 0.05235702544450761 -0.034636043012142174
v 0.04519333317875863 0.053571622818708434 -0.031369544565677636
v 0.04367546364665032 0.05122938007116319 -0.0348806120455265
v 0.04367546364665032 0.05122938007116319 -0.0348806120455265
v 0.04519333317875863 0.053571622818708434 -0.031369544565677636
v 0.04606548324227334 0.051521565765142455 -0.03187254816293716
v 0.039046593010425575 0.01932710222899914 -0.046077247709035866
v 0.0382223166525364 0.044834468513727195 -0.0425758808851242
v 0.0438276156783104 0.020998999476432804 -0.04155308380722999
v 0.0382223166525364 0.044834468513727195 -0.0425758808851242
v 0.039046593010425575 0.01932710222899914 -0.046077247709035866
v 0.03441040590405465 0.044194836169481284 -0.04569977149367332
v 0.039046593010425575 0.01932710222899914 -0.046077247709035866
v 0.03400735557079316 0.0177125558257103 -0.04994789138436316
v 0.03441040590405465 0.044194836169481284 -0.04569977149367332
v 0.03681291639804841 0.017053928226232532 -0.04797573760151862
v 0.03400735557079316 0.0177125558257103 -0.04994789138436316
v 0.039046593010425575 0.01932710222899914 -0.046077247709035866
v 0.050228804349899306 -0.06360092759132387 -0.02950173430144786
v 0.05187565088272096 0.021916635334491733 -0.030635064467787736
v 0.053208339959383025 0.025355923920869834 -0.02841480262577533
v 0.05187565088272096 0.021916635334491733 -0.030635064467787736
v 0.05065366625785829 0.02348874509334565 -0.032837733626365655
v 0.053208339959383025 0.025355923920869834 -0.02841480262577533
v 0.05187565088272096 0.021916635334491733 -0.030635064467787736
v 0.050228804349899306 -0.06360092759132387 -0.02950173430144786
v 0.05065366625785829 0.02348874509334565 -0.032837733626365655
v 0.04676268994808198 0.04935575276613237 -0.03219186514616012
v 0.04417869076132775 0.04890980571508409 -0.03552034124732017
v 0.04606548324227334 0.051521565765142455 -0.03187254816293716
v 0.04921200871467592 0.050085689872503295 -0.028331926092505448
v 0.04676268994808198 0.04935575276613237 -0.03219186514616012
v 0.04606548324227334 0.051521565765142455 -0.03187254816293716
v 0.04676268994808198 0.04935575276613237 -0.03219186514616012
v 0.04921200871467592 0.050085689872503295 -0.028331926092505448
v 0.047625895589590087 0.04692110791802408 -0.03175216540694236
v 0.04486555978655816 0.0461539775133133 -0.035529725253581994
v 0.04676268994808198 0.04935575276613237 -0.03219186514616012
v 0.047625895589590087 0.04692110791802408 -0.03175216540694236
v 0.04676268994808198 0.04935575276613237 -0.03219186514616012
v 0.043644186109304435 0.047566827386617674 -0.03662653267383575
v 0.04417869076132775 0.04890980571508409 -0.03552034124732017
v 0.043644186109304435 0.047566827386617674 -0.03662653267383575
v 0.04676268994808198 0.04935575276613237 -0.03219186514616012
v 0.04486555978655816 0.0461539775133133 -0.035529725253581994
v 0.0572626329958439 0.029576458036899574 -0.01872436888515949
v 0.0554877668619156 0.02750548161566258 -0.023579165339469903
v 0.05653431266546251 0.029567902907729156 -0.02074860408902168
v 0.05653431266546251 0.029567902907729156 -0.02074860408902168
v 0.0554877668619156 0.02750548161566258 -0.023579165339469903
v 0.055047869682312026 0.028159635141491897 -0.0245142001658678
v 0.05653431266546251 0.029567902907729156 -0.02074860408902168
v 0.057673543691635146 0.031162392348051078 -0.017250981181859967
v 0.0572626329958439 0.029576458036899574 -0.01872436888515949
v 0.05653431266546251 0.029567902907729156 -0.02074860408902168
v 0.055047869682312026 0.028159635141491897 -0.0245142001658678
v 0.053353179246187224 0.05024908483028413 -0.02038982883095741
v 0.053353179246187224 0.05024908483028413 -0.02038982883095741
v 0.057673543691635146 0.031162392348051078 -0.017250981181859967
v 0.05653431266546251 0.029567902907729156 -0.02074860408902168
v 0.054765969514846816 0.04981669038534166 -0.016788214445114132
v 0.05446598306298257 0.052379153668880477 -0.0162394642829895
v 0.05593349412083627 0.050757411867380156 -0.012343971058726307
v 0.054765969514846816 0.04981669038534166 -0.016788214445114132
v 0.05593349412083627 0.050757411867380156 -0.012343971058726307
v 0.05908944830298425 0.033732902258634574 -0.011195046827197073
v 0.05908944830298425 0.033732902258634574 -0.011195046827197073
v 0.057673543691635146 0.031162392348051078 -0.017250981181859967
v 0.054765969514846816 0.04981669038534166 -0.016788214445114132
v 0.054765969514846816 0.04981669038534166 -0.016788214445114132
v 0.053353179246187224 0.05024908483028413 -0.02038982883095741
v 0.05446598306298257 0.052379153668880477 -0.0162394642829895
v 0.054765969514846816 0.04981669038534166 -0.016788214445114132
v 0.057673543691635146 0.031162392348051078 -0.017250981181859967
v 0.053353179246187224 0.05024908483028413 -0.02038982883095741
v 0.042858190834522254 0.06039495393633844 -0.023595876991748803
v 0.039013676345348365 0.06001500412821771 -0.028141360729932778
v 0.04117856547236443 0.06128814443945886 -0.02272253297269344
v 0.04553166776895524 0.06101544573903085 -0.01879707723855972
v 0.04117856547236443 0.06128814443945886 -0.02272253297269344
v 0.04411248117685319 0.062077037990093245 -0.017125425860285756
v 0.04117856547236443 0.06128814443945886 -0.02272253297269344
v 0.04553166776895524 0.06101544573903085 -0.01879707723855972
v 0.042858190834522254 0.06039495393633844 -0.023595876991748803
v 0.04117856547236443 0.06128814443945886 -0.02272253297269344
v 0.04177797585725785 0.0624886564910412 -0.0175353679805994
v 0.04411248117685319 0.062077037990093245 -0.017125425860285756
v 0.03236605972051621 0.053265161812305464 -0.04288761690258979
v 0.028799785301089294 0.05267039313912393 -0.0454893372952938
v 0.031809009611606605 0.0549074560403824 -0.04161065071821212
v 0.03236605972051621 0.053265161812305464 -0.04288761690258979
v 0.031809009611606605 0.0549074560403824 -0.04161065071821212
v 0.04145761951804162 0.05534886196255685 -0.03347396478056907
v 0.03236605972051621 0.053265161812305464 -0.04288761690258979
v 0.03333422541618348 0.050772812217474 -0.044062633067369454
v 0.028799785301089294 0.05267039313912393 -0.0454893372952938
v 0.04145761951804162 0.05534886196255685 -0.03347396478056907
v 0.0425446629524231 0.05400243401527406 -0.03388510271906852
v 0.03236605972051621 0.053265161812305464 -0.04288761690258979
v 0.03236605972051621 0.053265161812305464 -0.04288761690258979
v 0.033826101571321494 0.05123768374323846 -0.04334974661469459
v 0.03333422541618348 0.050772812217474 -0.044062633067369454
v 0.033826101571321494 0.05123768374323846 -0.04334974661469459
v 0.03236605972051621 0.053265161812305464 -0.04288761690258979
v 0.0425446629524231 0.05400243401527406 -0.03388510271906852
v 0.054721187800169005 0.05762090906500818 -0.007966520264744757
v 0.05457410588860513 0.05570089071989061 -0.012112438678741452
v 0.053087748587131514 0.05804647505283357 -0.012092778459191319
v 0.054721187800169005 0.05762090906500818 -0.007966520264744757
v 0.053087748587131514 0.05804647505283357 -0.012092778459191319
v 0.05304887890815736 0.0597590170800686 -0.008006481453776358
v 0.056903749704360976 0.0557551570236683 0.0009275281336158512
v 0.057213045656681075 0.052812267094850554 -0.0029877815395593635
v 0.056792579591274275 0.05486952140927316 -0.003438946092501282
v 0.056792579591274275 0.05486952140927316 -0.003438946092501282
v 0.057213045656681075 0.052812267094850554 -0.0029877815395593635
v 0.05668093264102937 0.052511062473058714 -0.00773009331896901
v 0.053412441164255156 0.061504904180765166 8.567430631956084e-05
v 0.054214064031839385 0.06128289550542833 0.0043953866697847834
v 0.054702006280422225 0.06012288108468057 0.0003212778537999838
v 0.055289782583713545 0.059849765151739134 0.004710242152214049
v 0.054702006280422225 0.06012288108468057 0.0003212778537999838
v 0.054214064031839385 0.06128289550542833 0.0043953866697847834
v 0.05989221110939981 0.03615209087729455 -0.005140407010912894
v 0.057213045656681075 0.052812267094850554 -0.0029877815395593635
v 0.06006450578570367 0.03771048411726952 -0.0011593494564294813
v 0.06006450578570367 0.03771048411726952 -0.0011593494564294813
v 0.057213045656681075 0.052812267094850554 -0.0029877815395593635
v 0.060016863048076644 0.039246890693902976 0.0019387470092624422
v 0.06006450578570367 0.03771048411726952 -0.0011593494564294813
v 0.06002340465784074 0.03620351105928422 -0.0033858458045870057
v 0.05989221110939981 0.03615209087729455 -0.005140407010912894
v 0.06006450578570367 0.03771048411726952 -0.0011593494564294813
v 0.060016863048076644 0.039246890693902976 0.0019387470092624422
v 0.06009194627404214 0.03802009299397469 0.42436224222183216
v 0.057971235364675536 -0.07701821625232698 0.4245373308658599
v 0.06006450578570367 0.03771048411726952 -0.0011593494564294813
v 0.06009194627404214 0.03802009299397469 0.42436224222183216
v 0.05799922347068788 -0.06360092014074327 -0.0005020658718422054
v 0.06002340465784074 0.03620351105928422 -0.0033858458045870057
v 0.06006450578570367 0.03771048411726952 -0.0011593494564294813
v 0.06006450578570367 0.03771048411726952 -0.0011593494564294813
v 0.057971235364675536 -0.07701821625232698 0.4245373308658599
v 0.05799922347068788 -0.06360092014074327 -0.0005020658718422054
v 0.055289782583713545 0.059849765151739134 0.004710242152214049
v 0.056105136871337905 0.058260545134544386 0.0049740239046514026
v 0.056033439934253707 0.05801887065172197 0.0006131883128546177
v 0.056033439934253707 0.05801887065172197 0.0006131883128546177
v 0.054702006280422225 0.06012288108468057 0.0003212778537999838
v 0.055289782583713545 0.059849765151739134 0.004710242152214049
v 0.05587172880768777 0.05723293498158456 -0.0036662723869085303
v 0.054702006280422225 0.06012288108468057 0.0003212778537999838
v 0.056033439934253707 0.05801887065172197 0.0006131883128546177
v 0.056033439934253707 0.05801887065172197 0.0006131883128546177
v 0.056105136871337905 0.058260545134544386 0.0049740239046514026
v 0.056903749704360976 0.0557551570236683 0.0009275281336158512
v 0.056792579591274275 0.05486952140927316 -0.003438946092501282
v 0.056033439934253707 0.05801887065172197 0.0006131883128546177
v 0.056903749704360976 0.0557551570236683 0.0009275281336158512
v 0.056033439934253707 0.05801887065172197 0.0006131883128546177
v 0.056792579591274275 0.05486952140927316 -0.003438946092501282
v 0.05587172880768777 0.05723293498158456 -0.0036662723869085303
v -0.04868556931614877 0.056115940213203444 0.4478720128536223
v -0.051278002560138716 0.05551606044173242 0.4442257285118102
v -0.05022315680980684 0.05354660376906396 0.448273867368698
v -0.04868556931614877 0.056115940213203444 0.4478720128536223
v -0.05022315680980684 0.05354660376906396 0.448273867368698
v -0.04815348237752916 0.052884172648191466 0.452078878879547
v -0.04951691627502443 0.057877361774444594 0.44384890794754017
v -0.04868556931614877 0.056115940213203444 0.4478720128536223
v -0.04721743613481523 0.05782391130924226 0.4474397599697112
v -0.05192186310887338 0.057380530983209624 0.44012391567230214
v -0.051278002560138716 0.05551606044173242 0.4442257285118102
v -0.04951691627502443 0.057877361774444594 0.44384890794754017
v -0.04868556931614877 0.056115940213203444 0.4478720128536223
v -0.04951691627502443 0.057877361774444594 0.44384890794754017
v -0.051278002560138716 0.05551606044173242 0.4442257285118102
v -0.04244013875722886 0.05726527422666551 0.45410752296447743
v -0.04211197793483735 0.059014335274696364 0.4514416754245757
v -0.04469066113233567 0.0578448884189129 0.4507087767124175
v -0.04721743613481523 0.05782391130924226 0.4474397599697112
v -0.04469066113233567 0.0578448884189129 0.4507087767124175
v -0.045618236064910896 0.05934289470314981 0.44679799675941456
v -0.045618236064910896 0.05934289470314981 0.44679799675941456
v -0.04211197793483735 0.059014335274696364 0.4514416754245757
v -0.04475060477852822 0.06079248338937761 0.44441884756088246
v -0.045618236064910896 0.05934289470314981 0.44679799675941456
v -0.04469066113233567 0.0578448884189129 0.4507087767124175
v -0.04211197793483735 0.059014335274696364 0.4514416754245757
v 0.04068350791931153 0.05652680248022081 0.45678621530532826
v 0.0394805669784546 0.057833570986986174 0.4559901952743529
v 0.031178005039691932 0.05603162199258806 0.46467530727386464
v 0.03809891641139985 0.05899550765752794 0.4551553726196288
v 0.0306265838444233 0.05713796988129617 0.4634782373905181
v 0.0394805669784546 0.057833570986986174 0.4559901952743529
v 0.0306265838444233 0.05713796988129617 0.4634782373905181
v 0.031178005039691932 0.05603162199258806 0.46467530727386464
v 0.0394805669784546 0.057833570986986174 0.4559901952743529
v 0.0394805669784546 0.057833570986986174 0.4559901952743529
v 0.04068350791931153 0.05652680248022081 0.45678621530532826
v 0.041803732514381416 0.057845532894134535 0.4538173973560332
v 0.0394805669784546 0.057833570986986174 0.4559901952743529
v 0.042007766664028175 0.059077594429254546 0.4514203965663909
v 0.03809891641139985 0.05899550765752794 0.4551553726196288
v 0.0394805669784546 0.057833570986986174 0.4559901952743529
v 0.041803732514381416 0.057845532894134535 0.4538173973560332
v 0.042007766664028175 0.059077594429254546 0.4514203965663909
v 0.04463570192456246 0.05783099308609964 0.4507990777492522
v 0.041803732514381416 0.057845532894134535 0.4538173973560332
v 0.0431237705051899 0.056203808635473265 0.45487600564956654
v 0.041803732514381416 0.057845532894134535 0.4538173973560332
v 0.04068350791931153 0.05652680248022081 0.45678621530532826
v 0.0431237705051899 0.056203808635473265 0.45487600564956654
v 0.0431237705051899 0.056203808635473265 0.45487600564956654
v 0.04068350791931153 0.05652680248022081 0.45678621530532826
v 0.04173094779253007 0.05516953766345979 0.457479029893875
v 0.04658722877502442 0.05551229044795038 0.4516071379184722
v 0.04463570192456246 0.05783099308609964 0.4507990777492522
v 0.0431237705051899 0.056203808635473265 0.45487600564956654
v 0.0431237705051899 0.056203808635473265 0.45487600564956654
v 0.04490864276885987 0.053660117089748396 0.4556297957897185
v 0.04658722877502442 0.05551229044795038 0.4516071379184722
v 0.0431237705051899 0.056203808635473265 0.45487600564956654
v 0.04173094779253007 0.05516953766345979 0.457479029893875
v 0.04490864276885987 0.053660117089748396 0.4556297957897185
v 0.04825469478964807 0.06256342679262163 0.4337978661060332
v 0.046176489442586906 0.061311747878789916 0.44113609194755543
v 0.04883375391364099 0.060394112020730986 0.4396552741527556
v 0.04883375391364099 0.060394112020730986 0.4396552741527556
v 0.05004227906465532 0.060951568186283125 0.4358927011489867
v 0.04825469478964807 0.06256342679262163 0.4337978661060332
v 0.04825469478964807 0.06256342679262163 0.4337978661060332
v 0.044411774724721916 0.062114264816045775 0.4406829774379729
v 0.046176489442586906 0.061311747878789916 0.44113609194755543
v 0.04825469478964807 0.06256342679262163 0.4337978661060332
v 0.05004227906465532 0.060951568186283125 0.4358927011489867
v 0.050968904048204436 0.0615251734852791 0.4320325255393981
v 0.0493474416434765 0.06330885738134386 0.4284217059612273
v 0.04825469478964807 0.06256342679262163 0.4337978661060332
v 0.050968904048204436 0.0615251734852791 0.4320325255393981
v 0.0456182174384594 0.06342443823814393 0.43364638090133656
v 0.044411774724721916 0.062114264816045775 0.4406829774379729
v 0.04825469478964807 0.06256342679262163 0.4337978661060332
v 0.04825469478964807 0.06256342679262163 0.4337978661060332
v 0.04729227721691133 0.06439144164323808 0.42632097005844105
v 0.0456182174384594 0.06342443823814393 0.43364638090133656
v 0.04825469478964807 0.06256342679262163 0.4337978661060332
v 0.0493474416434765 0.06330885738134386 0.4284217059612273
v 0.04729227721691133 0.06439144164323808 0.42632097005844105
v 0.053072750568389906 0.058035757392644896 0.43615251779556263
v 0.05165239796042444 0.059592086821794524 0.43604955077171315
v 0.05191186070442201 0.057373773306608214 0.44015929102897633
v 0.053072750568389906 0.058035757392644896 0.43615251779556263
v 0.05303621292114259 0.059746660292148604 0.43207567930221547
v 0.05165239796042444 0.059592086821794524 0.43604955077171315
v 0.053072750568389906 0.058035757392644896 0.43615251779556263
v 0.05191186070442201 0.057373773306608214 0.44015929102897633
v 0.05343351140618326 0.05495311319828035 0.4402857422828673
v 0.054562643170356764 0.05569217354059221 0.43615922331809986
v 0.053072750568389906 0.058035757392644896 0.43615251779556263
v 0.05343351140618326 0.05495311319828035 0.4402857422828673
v 0.05471166223287584 0.05761128664016725 0.43201875686645497
v 0.054562643170356764 0.05569217354059221 0.43615922331809986
v 0.05591681227087976 0.05525467917323114 0.43186888098716725
v 0.05586798861622812 0.0572284907102585 0.4276783764362334
v 0.05471166223287584 0.05761128664016725 0.43201875686645497
v 0.05591681227087976 0.05525467917323114 0.43186888098716725
v 0.05471166223287584 0.05761128664016725 0.43201875686645497
v 0.05586798861622812 0.0572284907102585 0.4276783764362334
v 0.0544746331870556 0.05941215530037881 0.4278876483440398
v 0.05471166223287584 0.05761128664016725 0.43201875686645497
v 0.053072750568389906 0.058035757392644896 0.43615251779556263
v 0.054562643170356764 0.05569217354059221 0.43615922331809986
v 0.0544746331870556 0.05941215530037881 0.4278876483440398
v 0.05303621292114259 0.059746660292148604 0.43207567930221547
v 0.05471166223287584 0.05761128664016725 0.43201875686645497
v 0.05303621292114259 0.059746660292148604 0.43207567930221547
v 0.053072750568389906 0.058035757392644896 0.43615251779556263
v 0.05471166223287584 0.05761128664016725 0.43201875686645497
v -0.0532127544283867 0.025365967303514488 0.452395737171173
v -0.05205046758055688 0.02566573210060597 0.45441094040870655
v -0.05504459142684938 0.028171872720122344 0.44849276542663563
v -0.05205046758055688 0.02566573210060597 0.45441094040870655
v -0.04968033358454706 0.04795176535844804 0.4523256421089171
v -0.05504459142684938 0.028171872720122344 0.44849276542663563
v -0.05504459142684938 0.028171872720122344 0.44849276542663563
v -0.05548791214823724 0.027505472302436836 0.4475693702697753
v -0.0532127544283867 0.025365967303514488 0.452395737171173
v -0.05504459142684938 0.028171872720122344 0.44849276542663563
v -0.05653221905231477 0.0295646507292986 0.4447454214096068
v -0.05548791214823724 0.027505472302436836 0.4475693702697753
v -0.05504459142684938 0.028171872720122344 0.44849276542663563
v -0.053353238850832 0.050248425453901305 0.44438058137893666
v -0.05653221905231477 0.0295646507292986 0.4447454214096068
v 0.014876264147460464 0.01388886105269194 0.48265349864959706
v 0.01138968672603369 0.013432401232421402 0.4834299087524413
v 0.01466817501932383 0.012322346679866317 0.48277074098587025
v 0.014876264147460464 0.01388886105269194 0.48265349864959706
v 0.013266123831272129 0.042179681360721595 0.4796216785907744
v 0.01138968672603369 0.013432401232421402 0.4834299087524413
v 0.01466817501932383 0.012322346679866317 0.48277074098587025
v 0.0192559976130724 0.012976814992725853 0.4814172387123107
v 0.014876264147460464 0.01388886105269194 0.48265349864959706
v 0.014876264147460464 0.01388886105269194 0.48265349864959706
v 0.018262198194861416 0.04259257763624192 0.47818049788475026
v 0.013266123831272129 0.042179681360721595 0.4796216785907744
v 0.014876264147460464 0.01388886105269194 0.48265349864959706
v 0.021039245650172237 0.014800322242081169 0.480701982975006
v 0.018262198194861416 0.04259257763624192 0.47818049788475026
v 0.014876264147460464 0.01388886105269194 0.48265349864959706
v 0.0192559976130724 0.012976814992725853 0.4814172387123107
v 0.021039245650172237 0.014800322242081169 0.480701982975006
v -0.05191199108958246 0.05737365409731866 -0.016169134527444836
v -0.04950456693768503 0.05787148699164392 -0.019886661320924755
v -0.051273692399263396 0.05551245436072351 -0.02024571225047111
v -0.04950456693768503 0.05787148699164392 -0.019886661320924755
v -0.04865897819399835 0.05610741674900056 -0.023934882134199136
v -0.051273692399263396 0.05551245436072351 -0.02024571225047111
v -0.04950456693768503 0.05787148699164392 -0.019886661320924755
v -0.05191199108958246 0.05737365409731866 -0.016169134527444836
v -0.05046857893466951 0.05898418650031091 -0.015950795263051983
v -0.047208659350872054 0.05782176926732065 -0.02346637845039367
v -0.04865897819399835 0.05610741674900056 -0.023934882134199136
v -0.04950456693768503 0.05787148699164392 -0.019886661320924755
v -0.05046857893466951 0.05898418650031091 -0.015950795263051983
v -0.04734493792057039 0.05985313653945924 -0.01933011598885059
v -0.04950456693768503 0.05787148699164392 -0.019886661320924755
v -0.04734493792057039 0.05985313653945924 -0.01933011598885059
v -0.047208659350872054 0.05782176926732065 -0.02346637845039367
v -0.04950456693768503 0.05787148699164392 -0.019886661320924755
v 0.03729325160384179 0.047007020562887206 -0.04285790398716926
v 0.0382223166525364 0.044834468513727195 -0.0425758808851242
v 0.03457778319716454 0.04621154814958573 -0.04517183825373649
v 0.03729325160384179 0.047007020562887206 -0.04285790398716926
v 0.03457778319716454 0.04621154814958573 -0.04517183825373649
v 0.034708179533481605 0.048234894871711745 -0.044411763548851006
v 0.03999260440468789 0.047227431088686 -0.04043470323085784
v 0.0382223166525364 0.044834468513727195 -0.0425758808851242
v 0.03729325160384179 0.047007020562887206 -0.04285790398716926
v 0.03729325160384179 0.047007020562887206 -0.04285790398716926
v 0.034708179533481605 0.048234894871711745 -0.044411763548851006
v 0.03999260440468789 0.047227431088686 -0.04043470323085784
v 0.0438276156783104 0.020998999476432804 -0.04155308380722999
v 0.04423800855875016 0.019907897338271145 -0.041181895881891244
v 0.040712028741836555 0.01837587356567383 -0.04470980167388915
v 0.040712028741836555 0.01837587356567383 -0.04470980167388915
v 0.039046593010425575 0.01932710222899914 -0.046077247709035866
v 0.0438276156783104 0.020998999476432804 -0.04155308380722999
v 0.040712028741836555 0.01837587356567383 -0.04470980167388915
v 0.0444299802184105 -0.06360092759132387 -0.037783276289701455
v 0.037281174212694175 -0.06360092759132387 -0.04493210092186927
v 0.04423800855875016 0.019907897338271145 -0.041181895881891244
v 0.0444299802184105 -0.06360092759132387 -0.037783276289701455
v 0.040712028741836555 0.01837587356567383 -0.04470980167388915
v 0.039046593010425575 0.01932710222899914 -0.046077247709035866
v 0.040712028741836555 0.01837587356567383 -0.04470980167388915
v 0.03681291639804841 0.017053928226232532 -0.04797573760151862
v 0.040712028741836555 0.01837587356567383 -0.04470980167388915
v 0.037281174212694175 -0.06360092759132387 -0.04493210092186927
v 0.03681291639804841 0.017053928226232532 -0.04797573760151862
v 0.0444299802184105 -0.06360092759132387 -0.037783276289701455
v 0.04782709106802942 0.02175698429346085 -0.03689059242606162
v 0.050228804349899306 -0.06360092759132387 -0.02950173430144786
v 0.04782709106802942 0.02175698429346085 -0.03689059242606162
v 0.05065366625785829 0.02348874509334565 -0.032837733626365655
v 0.050228804349899306 -0.06360092759132387 -0.02950173430144786
v 0.04782709106802942 0.02175698429346085 -0.03689059242606162
v 0.0444299802184105 -0.06360092759132387 -0.037783276289701455
v 0.04423800855875016 0.019907897338271145 -0.041181895881891244
v 0.04868675768375398 0.023664698004722602 -0.03560204803943633
v 0.05065366625785829 0.02348874509334565 -0.032837733626365655
v 0.04782709106802942 0.02175698429346085 -0.03689059242606162
v 0.04782709106802942 0.02175698429346085 -0.03689059242606162
v 0.04423800855875016 0.019907897338271145 -0.041181895881891244
v 0.046021096408367164 0.021911250427365307 -0.03907221555709838
v 0.046021096408367164 0.021911250427365307 -0.03907221555709838
v 0.04868675768375398 0.023664698004722602 -0.03560204803943633
v 0.04782709106802942 0.02175698429346085 -0.03689059242606162
v 0.033589880913496024 0.06097066402435304 -0.028898568823933594
v 0.04177797585725785 0.0624886564910412 -0.0175353679805994
v 0.036368917673826225 0.060757711529731764 -0.028018990531563752
v 0.04117856547236443 0.06128814443945886 -0.02272253297269344
v 0.036368917673826225 0.060757711529731764 -0.028018990531563752
v 0.04177797585725785 0.0624886564910412 -0.0175353679805994
v 0.03135363012552262 0.059990897774696364 -0.033304553478956216
v 0.033589880913496024 0.06097066402435304 -0.028898568823933594
v 0.036368917673826225 0.060757711529731764 -0.028018990531563752
v 0.036368917673826225 0.060757711529731764 -0.028018990531563752
v 0.03427644073963166 0.06008723378181459 -0.03133117035031318
v 0.03135363012552262 0.059990897774696364 -0.033304553478956216
v 0.036368917673826225 0.060757711529731764 -0.028018990531563752
v 0.039013676345348365 0.06001500412821771 -0.028141360729932778
v 0.03427644073963166 0.06008723378181459 -0.03133117035031318
v 0.036368917673826225 0.060757711529731764 -0.028018990531563752
v 0.04117856547236443 0.06128814443945886 -0.02272253297269344
v 0.039013676345348365 0.06001500412821771 -0.028141360729932778
v 0.05587172880768777 0.05723293498158456 -0.0036662723869085303
v 0.056792579591274275 0.05486952140927316 -0.003438946092501282
v 0.055924721062183394 0.05526236072182657 -0.007826175540685652
v 0.055581927299499526 0.05316726863384248 -0.011997862718999382
v 0.05457410588860513 0.05570089071989061 -0.012112438678741452
v 0.055924721062183394 0.05526236072182657 -0.007826175540685652
v 0.055924721062183394 0.05526236072182657 -0.007826175540685652
v 0.05668093264102937 0.052511062473058714 -0.00773009331896901
v 0.055581927299499526 0.05316726863384248 -0.011997862718999382
v 0.055924721062183394 0.05526236072182657 -0.007826175540685652
v 0.056792579591274275 0.05486952140927316 -0.003438946092501282
v 0.05668093264102937 0.052511062473058714 -0.00773009331896901
v 0.05457410588860513 0.05570089071989061 -0.012112438678741452
v 0.054721187800169005 0.05762090906500818 -0.007966520264744757
v 0.055924721062183394 0.05526236072182657 -0.007826175540685652
v 0.055924721062183394 0.05526236072182657 -0.007826175540685652
v 0.054721187800169005 0.05762090906500818 -0.007966520264744757
v 0.05587172880768777 0.05723293498158456 -0.0036662723869085303
v 0.054479375481605544 0.05941891670227052 -0.0038627679459750644
v 0.05587172880768777 0.05723293498158456 -0.0036662723869085303
v 0.054721187800169005 0.05762090906500818 -0.007966520264744757
v 0.054479375481605544 0.05941891670227052 -0.0038627679459750644
v 0.054702006280422225 0.06012288108468057 0.0003212778537999838
v 0.05587172880768777 0.05723293498158456 -0.0036662723869085303
v 0.05304887890815736 0.0597590170800686 -0.008006481453776358
v 0.05313450843095781 0.060857523232698454 -0.0040049408562481395
v 0.054479375481605544 0.05941891670227052 -0.0038627679459750644
v 0.054479375481605544 0.05941891670227052 -0.0038627679459750644
v 0.054721187800169005 0.05762090906500818 -0.007966520264744757
v 0.05304887890815736 0.0597590170800686 -0.008006481453776358
v 0.054479375481605544 0.05941891670227052 -0.0038627679459750644
v 0.05313450843095781 0.060857523232698454 -0.0040049408562481395
v 0.053412441164255156 0.061504904180765166 8.567430631956084e-05
v 0.053412441164255156 0.061504904180765166 8.567430631956084e-05
v 0.054702006280422225 0.06012288108468057 0.0003212778537999838
v 0.054479375481605544 0.05941891670227052 -0.0038627679459750644
v -0.04662770405411721 0.05552252382040025 0.4515394866466521
v -0.04868556931614877 0.056115940213203444 0.4478720128536223
v -0.04815348237752916 0.052884172648191466 0.452078878879547
v -0.04868556931614877 0.056115940213203444 0.4478720128536223
v -0.04662770405411721 0.05552252382040025 0.4515394866466521
v -0.04721743613481523 0.05782391130924226 0.4474397599697112
v -0.04662770405411721 0.05552252382040025 0.4515394866466521
v -0.04469066113233567 0.0578448884189129 0.4507087767124175
v -0.04721743613481523 0.05782391130924226 0.4474397599697112
v -0.050069730728864684 0.06096835806965829 0.4357810616493224
v -0.05165915191173555 0.05959623679518701 0.4360165297985076
v -0.050467327237129225 0.05898443236947061 0.4399414062499999
v -0.050467327237129225 0.05898443236947061 0.4399414062499999
v -0.04886029660701753 0.060406930744647994 0.4395754635334014
v -0.050069730728864684 0.06096835806965829 0.4357810616493224
v -0.050467327237129225 0.05898443236947061 0.4399414062499999
v -0.05165915191173555 0.05959623679518701 0.4360165297985076
v -0.05192186310887338 0.057380530983209624 0.44012391567230214
v -0.05192186310887338 0.057380530983209624 0.44012391567230214
v -0.04951691627502443 0.057877361774444594 0.44384890794754017
v -0.050467327237129225 0.05898443236947061 0.4399414062499999
v -0.047372944653034224 0.05986348167061807 0.4432587921619414
v -0.04951691627502443 0.057877361774444594 0.44384890794754017
v -0.04721743613481523 0.05782391130924226 0.4474397599697112
v -0.04721743613481523 0.05782391130924226 0.4474397599697112
v -0.045618236064910896 0.05934289470314981 0.44679799675941456
v -0.047372944653034224 0.05986348167061807 0.4432587921619414
v -0.04886029660701753 0.060406930744647994 0.4395754635334014
v -0.050467327237129225 0.05898443236947061 0.4399414062499999
v -0.047372944653034224 0.05986348167061807 0.4432587921619414
v -0.047372944653034224 0.05986348167061807 0.4432587921619414
v -0.050467327237129225 0.05898443236947061 0.4399414062499999
v -0.04951691627502443 0.057877361774444594 0.44384890794754017
v -0.047372944653034224 0.05986348167061807 0.4432587921619414
v -0.045618236064910896 0.05934289470314981 0.44679799675941456
v -0.04475060477852822 0.06079248338937761 0.44441884756088246
v -0.047372944653034224 0.05986348167061807 0.4432587921619414
v -0.04475060477852822 0.06079248338937761 0.44441884756088246
v -0.04772736504673959 0.061785470694303526 0.43738892674446095
v -0.04772736504673959 0.061785470694303526 0.43738892674446095
v -0.04886029660701753 0.060406930744647994 0.4395754635334014
v -0.047372944653034224 0.05986348167061807 0.4432587921619414
v -0.04968033358454706 0.04795176535844804 0.4523256421089171
v -0.051282487809658064 0.050813946872949614 0.44842195510864247
v -0.0517345890402794 0.04867494851350786 0.4484151601791381
v -0.0517345890402794 0.04867494851350786 0.4484151601791381
v -0.05504459142684938 0.028171872720122344 0.44849276542663563
v -0.04968033358454706 0.04795176535844804 0.4523256421089171
v -0.0517345890402794 0.04867494851350786 0.4484151601791381
v -0.051282487809658064 0.050813946872949614 0.44842195510864247
v -0.053353238850832 0.050248425453901305 0.44438058137893666
v -0.05504459142684938 0.028171872720122344 0.44849276542663563
v -0.0517345890402794 0.04867494851350786 0.4484151601791381
v -0.053353238850832 0.050248425453901305 0.44438058137893666
v -0.04521711915731431 0.05358012765645982 0.4553236365318297
v -0.04815348237752916 0.052884172648191466 0.452078878879547
v -0.04606562107801438 0.05152155458927156 0.4558628797531127
v -0.04521711915731431 0.05358012765645982 0.4553236365318297
v -0.04662770405411721 0.05552252382040025 0.4515394866466521
v -0.04815348237752916 0.052884172648191466 0.452078878879547
v -0.04243005812168122 0.05398894846439363 0.4579844772815703
v -0.04521711915731431 0.05358012765645982 0.4553236365318297
v -0.043112263083457954 0.05228693038225175 0.4586956501007079
v -0.043112263083457954 0.05228693038225175 0.4586956501007079
v -0.04521711915731431 0.05358012765645982 0.4553236365318297
v -0.043695777654647834 0.05117610469460489 0.4588753581047057
v -0.04521711915731431 0.05358012765645982 0.4553236365318297
v -0.04606562107801438 0.05152155458927156 0.4558628797531127
v -0.043695777654647834 0.05117610469460489 0.4588753581047057
v -0.04381076246500016 0.055566813796758666 0.45486068725585926
v -0.04243005812168122 0.05398894846439363 0.4579844772815703
v -0.041467364877462394 0.05533363297581674 0.4574735462665557
v -0.04381076246500016 0.055566813796758666 0.45486068725585926
v -0.04521711915731431 0.05358012765645982 0.4553236365318297
v -0.04243005812168122 0.05398894846439363 0.4579844772815703
v -0.04662770405411721 0.05552252382040025 0.4515394866466521
v -0.04521711915731431 0.05358012765645982 0.4553236365318297
v -0.04381076246500016 0.055566813796758666 0.45486068725585926
v -0.04054184257984162 0.05674834549427034 0.4566431641578673
v -0.04244013875722886 0.05726527422666551 0.45410752296447743
v -0.04381076246500016 0.055566813796758666 0.45486068725585926
v -0.04381076246500016 0.055566813796758666 0.45486068725585926
v -0.041467364877462394 0.05533363297581674 0.4574735462665557
v -0.04054184257984162 0.05674834549427034 0.4566431641578673
v -0.04244013875722886 0.05726527422666551 0.45410752296447743
v -0.04469066113233567 0.0578448884189129 0.4507087767124175
v -0.04381076246500016 0.055566813796758666 0.45486068725585926
v -0.04469066113233567 0.0578448884189129 0.4507087767124175
v -0.04662770405411721 0.05552252382040025 0.4515394866466521
v -0.04381076246500016 0.055566813796758666 0.45486068725585926
usemtl DefaultMaterial
f 1 2 3
f 4 5 6
f 7 8 9
f 10 11 12
f 13 14 15
f 16 17 18
f 19 20 21
f 22 23 24
f 25 26 27
f 28 29 30
f 31 32 33
f 34 35 36
f 37 38 39
f 40 41 42
f 43 44 45
f 46 47 48
f 49 50 51
f 52 53 54
f 55 56 57
f 58 59 60
f 61 62 63
f 64 65 66
f 67 68 69
f 70 71 72
f 73 74 75
f 76 77 78
f 79 80 81
f 82 83 84
f 85 86 87
f 88 89 90
f 91 92 93
f 94 95 96
f 97 98 99
f 100 101 102
f 103 104 105
f 106 107 108
f 109 110 111
f 112 113 114
f 115 116 117
f 118 119 120
f 121 122 123
f 124 125 126
f 127 128 129
f 130 131 132
f 133 134 135
f 136 137 138
f 139 140 141
f 142 143 144
f 145 146 147
f 148 149 150
f 151 152 153
f 154 155 156
f 157 158 159
f 160 161 162
f 163 164 165
f 166 167 168
f 169 170 171
f 172 173 174
f 175 176 177
f 178 179 180
f 181 182 183
f 184 185 186
f 187 188 189
f 190 191 192
f 193 194 195
f 196 197 198
f 199 200 201
f 202 203 204
f 205 206 207
f 208 209 210
f 211 212 213
f 214 215 216
f 217 218 219
f 220 221 222
f 223 224 225
f 226 227 228
f 229 230 231
f 232 233 234
f 235 236 237
f 238 239 240
f 241 242 243
f 244 245 246
f 247 248 249
f 250 251 252
f 253 254 255
f 256 257 258
f 259 260 261
f 262 263 264
f 265 266 267
f 268 269 270
f 271 272 273
f 274 275 276
f 277 278 279
f 280 281 282
f 283 284 285
f 286 287 288
f 289 290 291
f 292 293 294
f 295 296 297
f 298 299 300
f 301 302 303
f 304 305 306
f 307 308 309
f 310 311 312
f 313 314 315
f 316 317 318
f 319 320 321
f 322 323 324
f 325 326 327
f 328 329 330
f 331 332 333
f 334 335 336
f 337 338 339
f 340 341 342
f 343 344 345
f 346 347 348
f 349 350 351
f 352 353 354
f 355 356 357
f 358 359 360
f 361 362 363
f 364 365 366
f 367 368 369
f 370 371 372
f 373 374 375
f 376 377 378
f 379 380 381
f 382 383 384
f 385 386 387
f 388 389 390
f 391 392 393
f 394 395 396
f 397 398 399
f 400 401 402
f 403 404 405
f 406 407 408
f 409 410 411
f 412 413 414
f 415 416 417
f 418 419 420
f 421 422 423
f 424 425 426
f 427 428 429
f 430 431 432
f 433 434 435
f 436 437 438
f 439 440 441
f 442 443 444
f 445 446 447
f 448 449 450
f 451 452 453
f 454 455 456
f 457 458 459
f 460 461 462
f 463 464 465
f 466 467 468
f 469 470 471
f 472 473 474
f 475 476 477
f 478 479 480
f 481 482 483
f 484 485 486
f 487 488 489
f 490 491 492
f 493 494 495
f 496 497 498
f 499 500 501
f 502 503 504
f 505 506 507
f 508 509 510
f 511 512 513
f 514 515 516
f 517 518 519
f 520 521 522
f 523 524 525
f 526 527 528
f 529 530 531
f 532 533 534
f 535 536 537
f 538 539 540
f 541 542 543
f 544 545 546
f 547 548 549
f 550 551 552
f 553 554 555
f 556 557 558
f 559 560 561
f 562 563 564
f 565 566 567
f 568 569 570
f 571 572 573
f 574 575 576
f 577 578 579
f 580 581 582
f 583 584 585
f 586 587 588
f 589 590 591
f 592 593 594
f 595 596 597
f 598 599 600
f 601 602 603
f 604 605 606
f 607 608 609
f 610 611 612
f 613 614 615
f 616 617 618
f 619 620 621
f 622 623 624
f 625 626 627
f 628 629 630
f 631 632 633
f 634 635 636
f 637 638 639
f 640 641 642
f 643 644 645
f 646 647 648
f 649 650 651
f 652 653 654
f 655 656 657
f 658 659 660
f 661 662 663
f 664 665 666
f 667 668 669
f 670 671 672
f 673 674 675
f 676 677 678
f 679 680 681
f 682 683 684
f 685 686 687
f 688 689 690
f 691 692 693
f 694 695 696
f 697 698 699
f 700 701 702
f 703 704 705
f 706 707 708
f 709 710 711
f 712 713 714
f 715 716 717
f 718 719 720
f 721 722 723
f 724 725 726
f 727 728 729
f 730 731 732
f 733 734 735
f 736 737 738
f 739 740 741
f 742 743 744
f 745 746 747
f 748 749 750
f 751 752 753
f 754 755 756
f 757 758 759
f 760 761 762
f 763 764 765
f 766 767 768
f 769 770 771
f 772 773 774
f 775 776 777
f 778 779 780
f 781 782 783
f 784 785 786
f 787 788 789
f 790 791 792
f 793 794 795
f 796 797 798
f 799 800 801
f 802 803 804
f 805 806 807
f 808 809 810
f 811 812 813
f 814 815 816
f 817 818 819
f 820 821 822
f 823 824 825
f 826 827 828
f 829 830 831
f 832 833 834
f 835 836 837
f 838 839 840
f 841 842 843
f 844 845 846
f 847 848 849
f 850 851 852
f 853 854 855
f 856 857 858
f 859 860 861
f 862 863 864
f 865 866 867
f 868 869 870
f 871 872 873
f 874 875 876
f 877 878 879
f 880 881 882
f 883 884 885
f 886 887 888
f 889 890 891
f 892 893 894
f 895 896 897
f 898 899 900
f 901 902 903
f 904 905 906
f 907 908 909
f 910 911 912
f 913 914 915
f 916 917 918
f 919 920 921
f 922 923 924
f 925 926 927
f 928 929 930
f 931 932 933
f 934 935 936
f 937 938 939
f 940 941 942
f 943 944 945
f 946 947 948
f 949 950 951
f 952 953 954
f 955 956 957
f 958 959 960
f 961 962 963
f 964 965 966
f 967 968 969
f 970 971 972
f 973 974 975
f 976 977 978
f 979 980 981
f 982 983 984
f 985 986 987
f 988 989 990
f 991 992 993
f 994 995 996
f 997 998 999
f 1000 1001 1002
f 1003 1004 1005
f 1006 1007 1008
f 1009 1010 1011
f 1012 1013 1014
f 1015 1016 1017
f 1018 1019 1020
f 1021 1022 1023
f 1024 1025 1026
f 1027 1028 1029
f 1030 1031 1032
f 1033 1034 1035
f 1036 1037 1038
f 1039 1040 1041
f 1042 1043 1044
f 1045 1046 1047
f 1048 1049 1050
f 1051 1052 1053
f 1054 1055 1056
f 1057 1058 1059
f 1060 1061 1062
f 1063 1064 1065
f 1066 1067 1068
f 1069 1070 1071
f 1072 1073 1074
f 1075 1076 1077
f 1078 1079 1080
f 1081 1082 1083
f 1084 1085 1086
f 1087 1088 1089
f 1090 1091 1092
f 1093 1094 1095
f 1096 1097 1098
f 1099 1100 1101
f 1102 1103 1104
f 1105 1106 1107
f 1108 1109 1110
f 1111 1112 1113
f 1114 1115 1116
f 1117 1118 1119
f 1120 1121 1122
f 1123 1124 1125
f 1126 1127 1128
f 1129 1130 1131
f 1132 1133 1134
f 1135 1136 1137
f 1138 1139 1140
f 1141 1142 1143
f 1144 1145 1146
f 1147 1148 1149
f 1150 1151 1152
f 1153 1154 1155
f 1156 1157 1158
f 1159 1160 1161
f 1162 1163 1164
f 1165 1166 1167
f 1168 1169 1170
f 1171 1172 1173
f 1174 1175 1176
f 1177 1178 1179
f 1180 1181 1182
f 1183 1184 1185
f 1186 1187 1188
f 1189 1190 1191
f 1192 1193 1194
f 1195 1196 1197
f 1198 1199 1200
f 1201 1202 1203
f 1204 1205 1206
f 1207 1208 1209
f 1210 1211 1212
f 1213 1214 1215
f 1216 1217 1218
f 1219 1220 1221
f 1222 1223 1224
f 1225 1226 1227
f 1228 1229 1230
f 1231 1232 1233
f 1234 1235 1236
f 1237 1238 1239
f 1240 1241 1242
f 1243 1244 1245
f 1246 1247 1248
f 1249 1250 1251
f 1252 1253 1254
f 1255 1256 1257
f 1258 1259 1260
f 1261 1262 1263
f 1264 1265 1266
f 1267 1268 1269
f 1270 1271 1272
f 1273 1274 1275
f 1276 1277 1278
f 1279 1280 1281
f 1282 1283 1284
f 1285 1286 1287
f 1288 1289 1290
f 1291 1292 1293
f 1294 1295 1296
f 1297 1298 1299
f 1300 1301 1302
f 1303 1304 1305
f 1306 1307 1308
f 1309 1310 1311
f 1312 1313 1314
f 1315 1316 1317
f 1318 1319 1320
f 1321 1322 1323
f 1324 1325 1326
f 1327 1328 1329
f 1330 1331 1332
f 1333 1334 1335
f 1336 1337 1338
f 1339 1340 1341
f 1342 1343 1344
f 1345 1346 1347
f 1348 1349 1350
f 1351 1352 1353
f 1354 1355 1356
f 1357 1358 1359
f 1360 1361 1362
f 1363 1364 1365
f 1366 1367 1368
f 1369 1370 1371
f 1372 1373 1374
f 1375 1376 1377
f 1378 1379 1380
f 1381 1382 1383
f 1384 1385 1386
f 1387 1388 1389
f 1390 1391 1392
f 1393 1394 1395
f 1396 1397 1398
f 1399 1400 1401
f 1402 1403 1404
f 1405 1406 1407
f 1408 1409 1410
f 1411 1412 1413
f 1414 1415 1416
f 1417 1418 1419
f 1420 1421 1422
f 1423 1424 1425
f 1426 1427 1428
f 1429 1430 1431
f 1432 1433 1434
f 1435 1436 1437
f 1438 1439 1440
f 1441 1442 1443
f 1444 1445 1446
f 1447 1448 1449
f 1450 1451 1452
f 1453 1454 1455
f 1456 1457 1458
f 1459 1460 1461
f 1462 1463 1464
f 1465 1466 1467
f 1468 1469 1470
f 1471 1472 1473
f 1474 1475 1476
f 1477 1478 1479
f 1480 1481 1482
f 1483 1484 1485
f 1486 1487 1488
f 1489 1490 1491
f 1492 1493 1494
f 1495 1496 1497
f 1498 1499 1500
f 1501 1502 1503
f 1504 1505 1506
f 1507 1508 1509
f 1510 1511 1512
f 1513 1514 1515
f 1516 1517 1518
f 1519 1520 1521
f 1522 1523 1524
f 1525 1526 1527
f 1528 1529 1530
f 1531 1532 1533
f 1534 1535 1536
f 1537 1538 1539
f 1540 1541 1542
f 1543 1544 1545
f 1546 1547 1548
f 1549 1550 1551
f 1552 1553 1554
f 1555 1556 1557
f 1558 1559 1560
f 1561 1562 1563
f 1564 1565 1566
f 1567 1568 1569
f 1570 1571 1572
f 1573 1574 1575
f 1576 1577 1578
f 1579 1580 1581
f 1582 1583 1584
f 1585 1586 1587
f 1588 1589 1590
f 1591 1592 1593
f 1594 1595 1596
f 1597 1598 1599
f 1600 1601 1602
f 1603 1604 1605
f 1606 1607 1608
f 1609 1610 1611
f 1612 1613 1614
f 1615 1616 1617
f 1618 1619 1620
f 1621 1622 1623
f 1624 1625 1626
f 1627 1628 1629
f 1630 1631 1632
f 1633 1634 1635
f 1636 1637 1638
f 1639 1640 1641
f 1642 1643 1644
f 1645 1646 1647
f 1648 1649 1650
f 1651 1652 1653
f 1654 1655 1656
f 1657 1658 1659
f 1660 1661 1662
f 1663 1664 1665
f 1666 1667 1668
f 1669 1670 1671
f 1672 1673 1674
f 1675 1676 1677
f 1678 1679 1680
f 1681 1682 1683
f 1684 1685 1686
f 1687 1688 1689
f 1690 1691 1692
f 1693 1694 1695
f 1696 1697 1698
f 1699 1700 1701
f 1702 1703 1704
f 1705 1706 1707
f 1708 1709 1710
f 1711 1712 1713
f 1714 1715 1716
f 1717 1718 1719
f 1720 1721 1722
f 1723 1724 1725
f 1726 1727 1728
f 1729 1730 1731
f 1732 1733 1734
f 1735 1736 1737
f 1738 1739 1740
f 1741 1742 1743
f 1744 1745 1746
f 1747 1748 1749
f 1750 1751 1752
f 1753 1754 1755
f 1756 1757 1758
f 1759 1760 1761
f 1762 1763 1764
f 1765 1766 1767
f 1768 1769 1770
f 1771 1772 1773
f 1774 1775 1776
f 1777 1778 1779
f 1780 1781 1782
f 1783 1784 1785
f 1786 1787 1788
f 1789 1790 1791
f 1792 1793 1794
f 1795 1796 1797
f 1798 1799 1800
f 1801 1802 1803
f 1804 1805 1806
f 1807 1808 1809
f 1810 1811 1812
f 1813 1814 1815
f 1816 1817 1818
f 1819 1820 1821
f 1822 1823 1824
f 1825 1826 1827
f 1828 1829 1830
f 1831 1832 1833
f 1834 1835 1836
f 1837 1838 1839
f 1840 1841 1842
f 1843 1844 1845
f 1846 1847 1848
f 1849 1850 1851
f 1852 1853 1854
f 1855 1856 1857
f 1858 1859 1860
f 1861 1862 1863
f 1864 1865 1866
f 1867 1868 1869
f 1870 1871 1872
f 1873 1874 1875
f 1876 1877 1878
f 1879 1880 1881
f 1882 1883 1884
f 1885 1886 1887
f 1888 1889 1890
f 1891 1892 1893
f 1894 1895 1896
f 1897 1898 1899
f 1900 1901 1902
f 1903 1904 1905
f 1906 1907 1908
f 1909 1910 1911
f 1912 1913 1914
f 1915 1916 1917
f 1918 1919 1920
f 1921 1922 1923
f 1924 1925 1926
f 1927 1928 1929
f 1930 1931 1932
f 1933 1934 1935
f 1936 1937 1938
f 1939 1940 1941
f 1942 1943 1944
f 1945 1946 1947
f 1948 1949 1950
f 1951 1952 1953
f 1954 1955 1956
f 1957 1958 1959
f 1960 1961 1962
f 1963 1964 1965
f 1966 1967 1968
f 1969 1970 1971
f 1972 1973 1974
f 1975 1976 1977
f 1978 1979 1980
f 1981 1982 1983
f 1984 1985 1986
f 1987 1988 1989
f 1990 1991 1992
f 1993 1994 1995
f 1996 1997 1998
f 1999 2000 2001
f 2002 2003 2004
f 2005 2006 2007
f 2008 2009 2010
f 2011 2012 2013
f 2014 2015 2016
f 2017 2018 2019
f 2020 2021 2022
f 2023 2024 2025
f 2026 2027 2028
f 2029 2030 2031
f 2032 2033 2034
f 2035 2036 2037
f 2038 2039 2040
f 2041 2042 2043
f 2044 2045 2046
f 2047 2048 2049
f 2050 2051 2052
f 2053 2054 2055
f 2056 2057 2058
f 2059 2060 2061
f 2062 2063 2064
f 2065 2066 2067
f 2068 2069 2070
f 2071 2072 2073
f 2074 2075 2076
f 2077 2078 2079
f 2080 2081 2082
f 2083 2084 2085
f 2086 2087 2088
f 2089 2090 2091
f 2092 2093 2094
f 2095 2096 2097
f 2098 2099 2100
f 2101 2102 2103
f 2104 2105 2106
f 2107 2108 2109
f 2110 2111 2112
f 2113 2114 2115
f 2116 2117 2118
f 2119 2120 2121
f 2122 2123 2124
f 2125 2126 2127
f 2128 2129 2130
f 2131 2132 2133
f 2134 2135 2136
f 2137 2138 2139
f 2140 2141 2142
f 2143 2144 2145
f 2146 2147 2148
f 2149 2150 2151
f 2152 2153 2154
f 2155 2156 2157
f 2158 2159 2160
f 2161 2162 2163
f 2164 2165 2166
f 2167 2168 2169
f 2170 2171 2172
f 2173 2174 2175
f 2176 2177 2178
f 2179 2180 2181
f 2182 2183 2184
f 2185 2186 2187
f 2188 2189 2190
f 2191 2192 2193
f 2194 2195 2196
f 2197 2198 2199
f 2200 2201 2202
f 2203 2204 2205
f 2206 2207 2208
f 2209 2210 2211
f 2212 2213 2214
f 2215 2216 2217
f 2218 2219 2220
f 2221 2222 2223
f 2224 2225 2226
f 2227 2228 2229
f 2230 2231 2232
f 2233 2234 2235
f 2236 2237 2238
f 2239 2240 2241
f 2242 2243 2244
f 2245 2246 2247
f 2248 2249 2250
f 2251 2252 2253
f 2254 2255 2256
f 2257 2258 2259
f 2260 2261 2262
f 2263 2264 2265
f 2266 2267 2268
f 2269 2270 2271
f 2272 2273 2274
f 2275 2276 2277
f 2278 2279 2280
f 2281 2282 2283
f 2284 2285 2286
f 2287 2288 2289
f 2290 2291 2292
f 2293 2294 2295
f 2296 2297 2298
f 2299 2300 2301
f 2302 2303 2304
f 2305 2306 2307
f 2308 2309 2310
f 2311 2312 2313
f 2314 2315 2316
f 2317 2318 2319
f 2320 2321 2322
f 2323 2324 2325
f 2326 2327 2328
f 2329 2330 2331
f 2332 2333 2334
f 2335 2336 2337
f 2338 2339 2340
f 2341 2342 2343
f 2344 2345 2346
f 2347 2348 2349
f 2350 2351 2352
f 2353 2354 2355
f 2356 2357 2358
f 2359 2360 2361
f 2362 2363 2364
f 2365 2366 2367
f 2368 2369 2370
f 2371 2372 2373
f 2374 2375 2376
f 2377 2378 2379
f 2380 2381 2382
f 2383 2384 2385
f 2386 2387 2388
f 2389 2390 2391
f 2392 2393 2394
f 2395 2396 2397
f 2398 2399 2400
f 2401 2402 2403
f 2404 2405 2406
f 2407 2408 2409
f 2410 2411 2412
f 2413 2414 2415
f 2416 2417 2418
f 2419 2420 2421
f 2422 2423 2424
f 2425 2426 2427
f 2428 2429 2430
f 2431 2432 2433
f 2434 2435 2436
f 2437 2438 2439
f 2440 2441 2442
f 2443 2444 2445
f 2446 2447 2448
f 2449 2450 2451
f 2452 2453 2454
f 2455 2456 2457
f 2458 2459 2460
f 2461 2462 2463
f 2464 2465 2466
f 2467 2468 2469
f 2470 2471 2472
f 2473 2474 2475
f 2476 2477 2478
f 2479 2480 2481
f 2482 2483 2484
f 2485 2486 2487
f 2488 2489 2490
f 2491 2492 2493
f 2494 2495 2496
f 2497 2498 2499
f 2500 2501 2502
f 2503 2504 2505
f 2506 2507 2508
f 2509 2510 2511
f 2512 2513 2514
f 2515 2516 2517
f 2518 2519 2520
f 2521 2522 2523
f 2524 2525 2526
f 2527 2528 2529
f 2530 2531 2532
f 2533 2534 2535
f 2536 2537 2538
f 2539 2540 2541
f 2542 2543 2544
f 2545 2546 2547
f 2548 2549 2550
f 2551 2552 2553
f 2554 2555 2556
f 2557 2558 2559
f 2560 2561 2562
f 2563 2564 2565
f 2566 2567 2568
f 2569 2570 2571
f 2572 2573 2574
f 2575 2576 2577
f 2578 2579 2580
f 2581 2582 2583
f 2584 2585 2586
f 2587 2588 2589
f 2590 2591 2592
f 2593 2594 2595
f 2596 2597 2598
f 2599 2600 2601
f 2602 2603 2604
f 2605 2606 2607
f 2608 2609 2610
f 2611 2612 2613
f 2614 2615 2616
f 2617 2618 2619
f 2620 2621 2622
f 2623 2624 2625
f 2626 2627 2628
f 2629 2630 2631
f 2632 2633 2634
f 2635 2636 2637
f 2638 2639 2640
f 2641 2642 2643
f 2644 2645 2646
f 2647 2648 2649
f 2650 2651 2652
f 2653 2654 2655
f 2656 2657 2658
f 2659 2660 2661
f 2662 2663 2664
f 2665 2666 2667
f 2668 2669 2670
f 2671 2672 2673
f 2674 2675 2676
f 2677 2678 2679
f 2680 2681 2682
f 2683 2684 2685
f 2686 2687 2688
f 2689 2690 2691
f 2692 2693 2694
f 2695 2696 2697
f 2698 2699 2700
f 2701 2702 2703
f 2704 2705 2706
f 2707 2708 2709
f 2710 2711 2712
f 2713 2714 2715
f 2716 2717 2718
f 2719 2720 2721
f 2722 2723 2724
f 2725 2726 2727
f 2728 2729 2730
f 2731 2732 2733
f 2734 2735 2736
f 2737 2738 2739
f 2740 2741 2742
f 2743 2744 2745
f 2746 2747 2748
f 2749 2750 2751
f 2752 2753 2754
f 2755 2756 2757
f 2758 2759 2760
f 2761 2762 2763
f 2764 2765 2766
f 2767 2768 2769
f 2770 2771 2772
f 2773 2774 2775
f 2776 2777 2778
f 2779 2780 2781
f 2782 2783 2784
f 2785 2786 2787
f 2788 2789 2790
f 2791 2792 2793
f 2794 2795 2796
f 2797 2798 2799
f 2800 2801 2802
f 2803 2804 2805
f 2806 2807 2808
f 2809 2810 2811
f 2812 2813 2814
f 2815 2816 2817
f 2818 2819 2820
f 2821 2822 2823
f 2824 2825 2826
f 2827 2828 2829
f 2830 2831 2832
f 2833 2834 2835
f 2836 2837 2838
f 2839 2840 2841
f 2842 2843 2844
f 2845 2846 2847
f 2848 2849 2850
f 2851 2852 2853
f 2854 2855 2856
f 2857 2858 2859
f 2860 2861 2862
f 2863 2864 2865
f 2866 2867 2868
f 2869 2870 2871
f 2872 2873 2874
f 2875 2876 2877
f 2878 2879 2880
f 2881 2882 2883
f 2884 2885 2886
f 2887 2888 2889
f 2890 2891 2892
f 2893 2894 2895
f 2896 2897 2898
f 2899 2900 2901
f 2902 2903 2904
f 2905 2906 2907
f 2908 2909 2910
f 2911 2912 2913
f 2914 2915 2916
f 2917 2918 2919
f 2920 2921 2922
f 2923 2924 2925
f 2926 2927 2928
f 2929 2930 2931
f 2932 2933 2934
f 2935 2936 2937
f 2938 2939 2940
f 2941 2942 2943
f 2944 2945 2946
f 2947 2948 2949
f 2950 2951 2952
f 2953 2954 2955
f 2956 2957 2958
f 2959 2960 2961
f 2962 2963 2964
f 2965 2966 2967
f 2968 2969 2970
f 2971 2972 2973
f 2974 2975 2976
f 2977 2978 2979
f 2980 2981 2982
f 2983 2984 2985
f 2986 2987 2988
f 2989 2990 2991
f 2992 2993 2994
f 2995 2996 2997
f 2998 2999 3000
f 3001 3002 3003
f 3004 3005 3006
f 3007 3008 3009
f 3010 3011 3012
f 3013 3014 3015
f 3016 3017 3018
f 3019 3020 3021
f 3022 3023 3024
f 3025 3026 3027
f 3028 3029 3030
f 3031 3032 3033
f 3034 3035 3036
f 3037 3038 3039
f 3040 3041 3042
f 3043 3044 3045
f 3046 3047 3048
f 3049 3050 3051
f 3052 3053 3054
f 3055 3056 3057
f 3058 3059 3060
f 3061 3062 3063
f 3064 3065 3066
f 3067 3068 3069
f 3070 3071 3072
f 3073 3074 3075
f 3076 3077 3078
f 3079 3080 3081
f 3082 3083 3084
f 3085 3086 3087
f 3088 3089 3090
f 3091 3092 3093
f 3094 3095 3096
f 3097 3098 3099
f 3100 3101 3102
f 3103 3104 3105
f 3106 3107 3108
f 3109 3110 3111
f 3112 3113 3114
f 3115 3116 3117
f 3118 3119 3120
f 3121 3122 3123
f 3124 3125 3126
f 3127 3128 3129
f 3130 3131 3132
f 3133 3134 3135
f 3136 3137 3138
f 3139 3140 3141
f 3142 3143 3144
f 3145 3146 3147
f 3148 3149 3150
f 3151 3152 3153
f 3154 3155 3156
f 3157 3158 3159
f 3160 3161 3162
f 3163 3164 3165
f 3166 3167 3168
f 3169 3170 3171
f 3172 3173 3174
f 3175 3176 3177
f 3178 3179 3180
f 3181 3182 3183
f 3184 3185 3186
f 3187 3188 3189
f 3190 3191 3192
f 3193 3194 3195
f 3196 3197 3198
f 3199 3200 3201
f 3202 3203 3204
f 3205 3206 3207
f 3208 3209 3210
f 3211 3212 3213
f 3214 3215 3216
f 3217 3218 3219
f 3220 3221 3222
f 3223 3224 3225
f 3226 3227 3228
f 3229 3230 3231
f 3232 3233 3234
f 3235 3236 3237
f 3238 3239 3240
f 3241 3242 3243
f 3244 3245 3246
f 3247 3248 3249
f 3250 3251 3252
f 3253 3254 3255
f 3256 3257 3258
f 3259 3260 3261
f 3262 3263 3264
f 3265 3266 3267
f 3268 3269 3270
f 3271 3272 3273
f 3274 3275 3276
f 3277 3278 3279
f 3280 3281 3282
f 3283 3284 3285
f 3286 3287 3288
f 3289 3290 3291
f 3292 3293 3294
f 3295 3296 3297
f 3298 3299 3300
f 3301 3302 3303
f 3304 3305 3306
f 3307 3308 3309
f 3310 3311 3312
f 3313 3314 3315
f 3316 3317 3318
f 3319 3320 3321
f 3322 3323 3324
f 3325 3326 3327
f 3328 3329 3330
f 3331 3332 3333
f 3334 3335 3336
f 3337 3338 3339
f 3340 3341 3342
f 3343 3344 3345
f 3346 3347 3348
f 3349 3350 3351
f 3352 3353 3354
f 3355 3356 3357
f 3358 3359 3360
f 3361 3362 3363
f 3364 3365 3366
f 3367 3368 3369
f 3370 3371 3372
f 3373 3374 3375
f 3376 3377 3378
f 3379 3380 3381
f 3382 3383 3384
f 3385 3386 3387
f 3388 3389 3390
f 3391 3392 3393
f 3394 3395 3396
f 3397 3398 3399
f 3400 3401 3402
f 3403 3404 3405
f 3406 3407 3408
f 3409 3410 3411
f 3412 3413 3414
f 3415 3416 3417
f 3418 3419 3420
f 3421 3422 3423
f 3424 3425 3426
f 3427 3428 3429
f 3430 3431 3432
f 3433 3434 3435
f 3436 3437 3438
f 3439 3440 3441
f 3442 3443 3444
f 3445 3446 3447
f 3448 3449 3450
f 3451 3452 3453
f 3454 3455 3456
f 3457 3458 3459
f 3460 3461 3462
f 3463 3464 3465
f 3466 3467 3468
f 3469 3470 3471
f 3472 3473 3474
f 3475 3476 3477
f 3478 3479 3480
f 3481 3482 3483
f 3484 3485 3486
f 3487 3488 3489
f 3490 3491 3492
f 3493 3494 3495
f 3496 3497 3498
f 3499 3500 3501
f 3502 3503 3504
f 3505 3506 3507
f 3508 3509 3510
f 3511 3512 3513
f 3514 3515 3516
f 3517 3518 3519
f 3520 3521 3522
f 3523 3524 3525
f 3526 3527 3528
f 3529 3530 3531
f 3532 3533 3534
f 3535 3536 3537
f 3538 3539 3540
f 3541 3542 3543
f 3544 3545 3546
f 3547 3548 3549
f 3550 3551 3552
f 3553 3554 3555
f 3556 3557 3558
f 3559 3560 3561
f 3562 3563 3564
f 3565 3566 3567
f 3568 3569 3570
f 3571 3572 3573
f 3574 3575 3576
f 3577 3578 3579
f 3580 3581 3582
f 3583 3584 3585
f 3586 3587 3588
f 3589 3590 3591
f 3592 3593 3594
f 3595 3596 3597
f 3598 3599 3600
f 3601 3602 3603
f 3604 3605 3606
f 3607 3608 3609
f 3610 3611 3612
f 3613 3614 3615
f 3616 3617 3618
f 3619 3620 3621
f 3622 3623 3624
f 3625 3626 3627
f 3628 3629 3630
f 3631 3632 3633
f 3634 3635 3636
f 3637 3638 3639
f 3640 3641 3642
f 3643 3644 3645
f 3646 3647 3648
f 3649 3650 3651
f 3652 3653 3654
f 3655 3656 3657
f 3658 3659 3660
f 3661 3662 3663
f 3664 3665 3666
f 3667 3668 3669
f 3670 3671 3672
f 3673 3674 3675
f 3676 3677 3678
f 3679 3680 3681
f 3682 3683 3684
f 3685 3686 3687
f 3688 3689 3690
f 3691 3692 3693
f 3694 3695 3696
f 3697 3698 3699
f 3700 3701 3702
f 3703 3704 3705
f 3706 3707 3708
f 3709 3710 3711
f 3712 3713 3714
f 3715 3716 3717
f 3718 3719 3720
f 3721 3722 3723
f 3724 3725 3726
f 3727 3728 3729
f 3730 3731 3732
f 3733 3734 3735
f 3736 3737 3738
f 3739 3740 3741
f 3742 3743 3744
f 3745 3746 3747
f 3748 3749 3750
f 3751 3752 3753
f 3754 3755 3756
f 3757 3758 3759
f 3760 3761 3762
f 3763 3764 3765
f 3766 3767 3768
f 3769 3770 3771
f 3772 3773 3774
f 3775 3776 3777
f 3778 3779 3780
f 3781 3782 3783
f 3784 3785 3786
f 3787 3788 3789
f 3790 3791 3792
f 3793 3794 3795
f 3796 3797 3798
f 3799 3800 3801
f 3802 3803 3804
f 3805 3806 3807
f 3808 3809 3810
f 3811 3812 3813
f 3814 3815 3816
f 3817 3818 3819
f 3820 3821 3822
f 3823 3824 3825
f 3826 3827 3828
f 3829 3830 3831
f 3832 3833 3834
f 3835 3836 3837
f 3838 3839 3840
f 3841 3842 3843
f 3844 3845 3846
f 3847 3848 3849
f 3850 3851 3852
f 3853 3854 3855
f 3856 3857 3858
f 3859 3860 3861
f 3862 3863 3864
f 3865 3866 3867
f 3868 3869 3870
f 3871 3872 3873
f 3874 3875 3876
f 3877 3878 3879
f 3880 3881 3882
f 3883 3884 3885
f 3886 3887 3888
f 3889 3890 3891
f 3892 3893 3894
f 3895 3896 3897
f 3898 3899 3900
f 3901 3902 3903
f 3904 3905 3906
f 3907 3908 3909
f 3910 3911 3912
f 3913 3914 3915
f 3916 3917 3918
f 3919 3920 3921
f 3922 3923 3924
f 3925 3926 3927
f 3928 3929 3930
f 3931 3932 3933
f 3934 3935 3936
f 3937 3938 3939
f 3940 3941 3942
f 3943 3944 3945
f 3946 3947 3948
f 3949 3950 3951
f 3952 3953 3954
f 3955 3956 3957
f 3958 3959 3960
f 3961 3962 3963
f 3964 3965 3966
f 3967 3968 3969
f 3970 3971 3972
f 3973 3974 3975
f 3976 3977 3978
f 3979 3980 3981
f 3982 3983 3984
f 3985 3986 3987
f 3988 3989 3990
f 3991 3992 3993
f 3994 3995 3996
f 3997 3998 3999
f 4000 4001 4002
f 4003 4004 4005
f 4006 4007 4008
f 4009 4010 4011
f 4012 4013 4014
f 4015 4016 4017
f 4018 4019 4020
f 4021 4022 4023
f 4024 4025 4026
f 4027 4028 4029
f 4030 4031 4032
f 4033 4034 4035
f 4036 4037 4038
f 4039 4040 4041
f 4042 4043 4044
f 4045 4046 4047
f 4048 4049 4050
f 4051 4052 4053
f 4054 4055 4056
f 4057 4058 4059
f 4060 4061 4062
f 4063 4064 4065
f 4066 4067 4068
f 4069 4070 4071
f 4072 4073 4074
f 4075 4076 4077
f 4078 4079 4080
f 4081 4082 4083
f 4084 4085 4086
f 4087 4088 4089
f 4090 4091 4092
f 4093 4094 4095
f 4096 4097 4098
f 4099 4100 4101
f 4102 4103 4104
f 4105 4106 4107
f 4108 4109 4110
f 4111 4112 4113
f 4114 4115 4116
f 4117 4118 4119
f 4120 4121 4122
f 4123 4124 4125
f 4126 4127 4128
f 4129 4130 4131
f 4132 4133 4134
f 4135 4136 4137
f 4138 4139 4140
f 4141 4142 4143
f 4144 4145 4146
f 4147 4148 4149
f 4150 4151 4152
f 4153 4154 4155
f 4156 4157 4158
f 4159 4160 4161
f 4162 4163 4164
f 4165 4166 4167
f 4168 4169 4170
f 4171 4172 4173
f 4174 4175 4176
f 4177 4178 4179
f 4180 4181 4182
f 4183 4184 4185
f 4186 4187 4188
f 4189 4190 4191
f 4192 4193 4194
f 4195 4196 4197
f 4198 4199 4200
f 4201 4202 4203
f 4204 4205 4206
f 4207 4208 4209
f 4210 4211 4212
f 4213 4214 4215
f 4216 4217 4218
f 4219 4220 4221
f 4222 4223 4224
f 4225 4226 4227
f 4228 4229 4230
f 4231 4232 4233
f 4234 4235 4236
f 4237 4238 4239
f 4240 4241 4242
f 4243 4244 4245
f 4246 4247 4248
f 4249 4250 4251
f 4252 4253 4254
f 4255 4256 4257
f 4258 4259 4260
f 4261 4262 4263
f 4264 4265 4266
f 4267 4268 4269
f 4270 4271 4272
f 4273 4274 4275
f 4276 4277 4278
f 4279 4280 4281
f 4282 4283 4284
f 4285 4286 4287
f 4288 4289 4290
f 4291 4292 4293
f 4294 4295 4296
f 4297 4298 4299
f 4300 4301 4302
f 4303 4304 4305
f 4306 4307 4308
f 4309 4310 4311
f 4312 4313 4314
f 4315 4316 4317
f 4318 4319 4320
f 4321 4322 4323
f 4324 4325 4326
f 4327 4328 4329
f 4330 4331 4332
f 4333 4334 4335
f 4336 4337 4338
f 4339 4340 4341
f 4342 4343 4344
f 4345 4346 4347
f 4348 4349 4350
f 4351 4352 4353
f 4354 4355 4356
f 4357 4358 4359
f 4360 4361 4362
f 4363 4364 4365
f 4366 4367 4368
f 4369 4370 4371
f 4372 4373 4374
f 4375 4376 4377
f 4378 4379 4380
f 4381 4382 4383
f 4384 4385 4386
f 4387 4388 4389
f 4390 4391 4392
f 4393 4394 4395
f 4396 4397 4398
f 4399 4400 4401
f 4402 4403 4404
f 4405 4406 4407
f 4408 4409 4410
f 4411 4412 4413
f 4414 4415 4416
f 4417 4418 4419
f 4420 4421 4422
f 4423 4424 4425
f 4426 4427 4428
f 4429 4430 4431
f 4432 4433 4434
f 4435 4436 4437
f 4438 4439 4440
f 4441 4442 4443
f 4444 4445 4446
f 4447 4448 4449
f 4450 4451 4452
f 4453 4454 4455
f 4456 4457 4458
f 4459 4460 4461
f 4462 4463 4464
f 4465 4466 4467
f 4468 4469 4470
f 4471 4472 4473
f 4474 4475 4476
f 4477 4478 4479
f 4480 4481 4482
f 4483 4484 4485
f 4486 4487 4488
f 4489 4490 4491
f 4492 4493 4494
f 4495 4496 4497
f 4498 4499 4500
f 4501 4502 4503
f 4504 4505 4506
f 4507 4508 4509
f 4510 4511 4512
f 4513 4514 4515
f 4516 4517 4518
f 4519 4520 4521
f 4522 4523 4524
f 4525 4526 4527
f 4528 4529 4530
f 4531 4532 4533
f 4534 4535 4536
f 4537 4538 4539
f 4540 4541 4542
f 4543 4544 4545
f 4546 4547 4548
f 4549 4550 4551
f 4552 4553 4554
f 4555 4556 4557
f 4558 4559 4560
f 4561 4562 4563
f 4564 4565 4566
f 4567 4568 4569
f 4570 4571 4572
f 4573 4574 4575
f 4576 4577 4578
f 4579 4580 4581
f 4582 4583 4584
f 4585 4586 4587
f 4588 4589 4590
f 4591 4592 4593
f 4594 4595 4596
f 4597 4598 4599
f 4600 4601 4602
f 4603 4604 4605
f 4606 4607 4608
f 4609 4610 4611
f 4612 4613 4614
f 4615 4616 4617
f 4618 4619 4620
f 4621 4622 4623
f 4624 4625 4626
f 4627 4628 4629
f 4630 4631 4632
f 4633 4634 4635
f 4636 4637 4638
f 4639 4640 4641
f 4642 4643 4644
f 4645 4646 4647
f 4648 4649 4650
f 4651 4652 4653
f 4654 4655 4656
f 4657 4658 4659
f 4660 4661 4662
f 4663 4664 4665
f 4666 4667 4668
f 4669 4670 4671
f 4672 4673 4674
f 4675 4676 4677
f 4678 4679 4680
f 4681 4682 4683
f 4684 4685 4686
f 4687 4688 4689
f 4690 4691 4692
f 4693 4694 4695
f 4696 4697 4698
f 4699 4700 4701
f 4702 4703 4704
f 4705 4706 4707
f 4708 4709 4710
f 4711 4712 4713
f 4714 4715 4716
f 4717 4718 4719
f 4720 4721 4722
f 4723 4724 4725
f 4726 4727 4728
f 4729 4730 4731
f 4732 4733 4734
f 4735 4736 4737
f 4738 4739 4740
f 4741 4742 4743
f 4744 4745 4746
f 4747 4748 4749
f 4750 4751 4752
f 4753 4754 4755
f 4756 4757 4758
f 4759 4760 4761
f 4762 4763 4764
f 4765 4766 4767
f 4768 4769 4770
f 4771 4772 4773
f 4774 4775 4776
f 4777 4778 4779
f 4780 4781 4782
f 4783 4784 4785
f 4786 4787 4788
f 4789 4790 4791
f 4792 4793 4794
f 4795 4796 4797
f 4798 4799 4800
f 4801 4802 4803
f 4804 4805 4806
f 4807 4808 4809
f 4810 4811 4812
f 4813 4814 4815
f 4816 4817 4818
f 4819 4820 4821
f 4822 4823 4824
f 4825 4826 4827
f 4828 4829 4830
f 4831 4832 4833
f 4834 4835 4836
f 4837 4838 4839
f 4840 4841 4842
f 4843 4844 4845
f 4846 4847 4848
f 4849 4850 4851
f 4852 4853 4854
f 4855 4856 4857
f 4858 4859 4860
f 4861 4862 4863
f 4864 4865 4866
f 4867 4868 4869
f 4870 4871 4872
f 4873 4874 4875
f 4876 4877 4878
f 4879 4880 4881
f 4882 4883 4884
f 4885 4886 4887
f 4888 4889 4890
f 4891 4892 4893
f 4894 4895 4896
f 4897 4898 4899
f 4900 4901 4902
f 4903 4904 4905
f 4906 4907 4908
f 4909 4910 4911
f 4912 4913 4914
f 4915 4916 4917
f 4918 4919 4920
f 4921 4922 4923
f 4924 4925 4926
f 4927 4928 4929
f 4930 4931 4932
f 4933 4934 4935
f 4936 4937 4938
f 4939 4940 4941
f 4942 4943 4944
f 4945 4946 4947
f 4948 4949 4950
f 4951 4952 4953
f 4954 4955 4956
f 4957 4958 4959
f 4960 4961 4962
f 4963 4964 4965
f 4966 4967 4968
f 4969 4970 4971
f 4972 4973 4974
f 4975 4976 4977
f 4978 4979 4980
f 4981 4982 4983
f 4984 4985 4986
f 4987 4988 4989
f 4990 4991 4992
f 4993 4994 4995
f 4996 4997 4998
f 4999 5000 5001
f 5002 5003 5004
f 5005 5006 5007
f 5008 5009 5010
f 5011 5012 5013
f 5014 5015 5016
f 5017 5018 5019
f 5020 5021 5022
f 5023 5024 5025
f 5026 5027 5028
f 5029 5030 5031
f 5032 5033 5034
f 5035 5036 5037
f 5038 5039 5040
f 5041 5042 5043
f 5044 5045 5046
f 5047 5048 5049
f 5050 5051 5052
f 5053 5054 5055
f 5056 5057 5058
f 5059 5060 5061
f 5062 5063 5064
f 5065 5066 5067
f 5068 5069 5070
f 5071 5072 5073
f 5074 5075 5076
f 5077 5078 5079
f 5080 5081 5082
f 5083 5084 5085
f 5086 5087 5088
f 5089 5090 5091
f 5092 5093 5094
f 5095 5096 5097
f 5098 5099 5100
f 5101 5102 5103
f 5104 5105 5106
f 5107 5108 5109
f 5110 5111 5112
f 5113 5114 5115
f 5116 5117 5118
f 5119 5120 5121
f 5122 5123 5124
f 5125 5126 5127
f 5128 5129 5130
f 5131 5132 5133
f 5134 5135 5136
f 5137 5138 5139
f 5140 5141 5142
f 5143 5144 5145
f 5146 5147 5148
f 5149 5150 5151
f 5152 5153 5154
f 5155 5156 5157
f 5158 5159 5160
f 5161 5162 5163
f 5164 5165 5166
f 5167 5168 5169
f 5170 5171 5172
f 5173 5174 5175
f 5176 5177 5178
f 5179 5180 5181
f 5182 5183 5184
f 5185 5186 5187
f 5188 5189 5190
f 5191 5192 5193
f 5194 5195 5196
f 5197 5198 5199
f 5200 5201 5202
f 5203 5204 5205
f 5206 5207 5208
f 5209 5210 5211
f 5212 5213 5214
f 5215 5216 5217
f 5218 5219 5220
f 5221 5222 5223
f 5224 5225 5226
f 5227 5228 5229
f 5230 5231 5232
f 5233 5234 5235
f 5236 5237 5238
f 5239 5240 5241
f 5242 5243 5244
f 5245 5246 5247
f 5248 5249 5250
f 5251 5252 5253
f 5254 5255 5256
f 5257 5258 5259
f 5260 5261 5262
f 5263 5264 5265
f 5266 5267 5268
f 5269 5270 5271
f 5272 5273 5274
f 5275 5276 5277
f 5278 5279 5280
f 5281 5282 5283
f 5284 5285 5286
f 5287 5288 5289
f 5290 5291 5292
f 5293 5294 5295
f 5296 5297 5298
f 5299 5300 5301
f 5302 5303 5304
f 5305 5306 5307
f 5308 5309 5310
f 5311 5312 5313
f 5314 5315 5316
f 5317 5318 5319
f 5320 5321 5322
f 5323 5324 5325
f 5326 5327 5328
f 5329 5330 5331
f 5332 5333 5334
f 5335 5336 5337
f 5338 5339 5340
f 5341 5342 5343
f 5344 5345 5346
f 5347 5348 5349
f 5350 5351 5352
f 5353 5354 5355
f 5356 5357 5358
f 5359 5360 5361
f 5362 5363 5364
f 5365 5366 5367
f 5368 5369 5370
f 5371 5372 5373
f 5374 5375 5376
f 5377 5378 5379
f 5380 5381 5382
f 5383 5384 5385
f 5386 5387 5388
f 5389 5390 5391
f 5392 5393 5394
f 5395 5396 5397
f 5398 5399 5400
f 5401 5402 5403
f 5404 5405 5406
f 5407 5408 5409
f 5410 5411 5412
f 5413 5414 5415
f 5416 5417 5418
f 5419 5420 5421
f 5422 5423 5424
f 5425 5426 5427
f 5428 5429 5430
f 5431 5432 5433
f 5434 5435 5436
f 5437 5438 5439
f 5440 5441 5442
f 5443 5444 5445
f 5446 5447 5448
f 5449 5450 5451
f 5452 5453 5454
f 5455 5456 5457
f 5458 5459 5460
f 5461 5462 5463
f 5464 5465 5466
f 5467 5468 5469
f 5470 5471 5472
f 5473 5474 5475
f 5476 5477 5478
f 5479 5480 5481
f 5482 5483 5484
f 5485 5486 5487
f 5488 5489 5490
f 5491 5492 5493
f 5494 5495 5496
f 5497 5498 5499
f 5500 5501 5502
f 5503 5504 5505
f 5506 5507 5508
f 5509 5510 5511
f 5512 5513 5514
f 5515 5516 5517
f 5518 5519 5520
f 5521 5522 5523
f 5524 5525 5526
f 5527 5528 5529
f 5530 5531 5532
f 5533 5534 5535
f 5536 5537 5538
f 5539 5540 5541
f 5542 5543 5544
f 5545 5546 5547
f 5548 5549 5550
f 5551 5552 5553
f 5554 5555 5556
f 5557 5558 5559
f 5560 5561 5562
f 5563 5564 5565
f 5566 5567 5568
f 5569 5570 5571
f 5572 5573 5574
f 5575 5576 5577
f 5578 5579 5580
f 5581 5582 5583
f 5584 5585 5586
f 5587 5588 5589
f 5590 5591 5592
f 5593 5594 5595
f 5596 5597 5598
f 5599 5600 5601
f 5602 5603 5604
f 5605 5606 5607
f 5608 5609 5610
f 5611 5612 5613
f 5614 5615 5616
f 5617 5618 5619
f 5620 5621 5622
f 5623 5624 5625
f 5626 5627 5628
f 5629 5630 5631
f 5632 5633 5634
f 5635 5636 5637
f 5638 5639 5640
f 5641 5642 5643
f 5644 5645 5646
f 5647 5648 5649
f 5650 5651 5652
f 5653 5654 5655
f 5656 5657 5658
f 5659 5660 5661
f 5662 5663 5664
f 5665 5666 5667
f 5668 5669 5670
f 5671 5672 5673
f 5674 5675 5676
f 5677 5678 5679
f 5680 5681 5682
f 5683 5684 5685
f 5686 5687 5688
f 5689 5690 5691
f 5692 5693 5694
f 5695 5696 5697
f 5698 5699 5700
f 5701 5702 5703
f 5704 5705 5706
f 5707 5708 5709
f 5710 5711 5712
f 5713 5714 5715
f 5716 5717 5718
f 5719 5720 5721
f 5722 5723 5724
f 5725 5726 5727
f 5728 5729 5730
f 5731 5732 5733
f 5734 5735 5736
f 5737 5738 5739
f 5740 5741 5742
f 5743 5744 5745
f 5746 5747 5748
f 5749 5750 5751
f 5752 5753 5754
f 5755 5756 5757
f 5758 5759 5760
f 5761 5762 5763
f 5764 5765 5766
f 5767 5768 5769
f 5770 5771 5772
f 5773 5774 5775
f 5776 5777 5778
f 5779 5780 5781
f 5782 5783 5784
f 5785 5786 5787
f 5788 5789 5790
f 5791 5792 5793
f 5794 5795 5796
f 5797 5798 5799
f 5800 5801 5802
f 5803 5804 5805
f 5806 5807 5808
f 5809 5810 5811
f 5812 5813 5814
f 5815 5816 5817
f 5818 5819 5820
f 5821 5822 5823
f 5824 5825 5826
f 5827 5828 5829
f 5830 5831 5832
f 5833 5834 5835
f 5836 5837 5838
f 5839 5840 5841
f 5842 5843 5844
f 5845 5846 5847
f 5848 5849 5850
f 5851 5852 5853
f 5854 5855 5856
f 5857 5858 5859
f 5860 5861 5862
f 5863 5864 5865
f 5866 5867 5868
f 5869 5870 5871
f 5872 5873 5874
f 5875 5876 5877
f 5878 5879 5880
f 5881 5882 5883
f 5884 5885 5886
f 5887 5888 5889
f 5890 5891 5892
f 5893 5894 5895
f 5896 5897 5898
f 5899 5900 5901
f 5902 5903 5904
f 5905 5906 5907
f 5908 5909 5910
f 5911 5912 5913
f 5914 5915 5916
f 5917 5918 5919
f 5920 5921 5922
f 5923 5924 5925
f 5926 5927 5928
f 5929 5930 5931
f 5932 5933 5934
f 5935 5936 5937
f 5938 5939 5940
f 5941 5942 5943
f 5944 5945 5946
f 5947 5948 5949
f 5950 5951 5952
f 5953 5954 5955
f 5956 5957 5958
f 5959 5960 5961
f 5962 5963 5964
f 5965 5966 5967
f 5968 5969 5970
f 5971 5972 5973
f 5974 5975 5976
