mtllib wrist_3_link_visuals_wrist3_Scene_mesh.mtl
v -0.001911161001771689 0.0669184774160385 0.043516743928194046
v -0.002078747376799584 0.06551463156938551 0.043411221355199814
v 0.0019306463655084376 0.06590115278959273 0.04344882443547249
v 0.0019306463655084376 0.06590115278959273 0.04344882443547249
v 0.0021837623789906506 0.06834097206592558 0.04344324395060539
v -0.001911161001771689 0.0669184774160385 0.043516743928194046
v -0.001911161001771689 0.0669184774160385 0.043516743928194046
v 0.0021837623789906506 0.06834097206592558 0.04344324395060539
v -1.0270356142427774e-05 0.0699387565255165 0.04343146085739136
v 0.0029163949657231574 0.07131716609001158 0.04086725786328316
v 0.0009331661276519301 0.07215471565723418 0.040851566940546036
v 0.001182573148980737 0.07179355621337889 0.041913773864507675
v 0.0015088483924046163 0.07061573863029479 0.043036434799432755
v -1.0270356142427774e-05 0.0699387565255165 0.04343146085739136
v 0.0021837623789906506 0.06834097206592558 0.04344324395060539
v 0.0044994680210948 0.06925579160451888 0.041241589933633804
v 0.003249637782573701 0.07044609636068343 0.04214318096637726
v 0.0034424508921802053 0.06852852553129195 0.043001938611269
v 0.0048545808531343946 0.06728775054216383 0.0412900485098362
v 0.0044994680210948 0.06925579160451888 0.041241589933633804
v 0.0034424508921802053 0.06852852553129195 0.043001938611269
v 0.0048545808531343946 0.06728775054216383 0.0412900485098362
v 0.0034424508921802053 0.06852852553129195 0.043001938611269
v 0.0036943801678717145 0.06673752516508101 0.04294147714972496
v 0.004529849160462619 0.0656180903315544 0.041309889405965805
v 0.0048545808531343946 0.06728775054216383 0.0412900485098362
v 0.0036943801678717145 0.06673752516508101 0.04294147714972496
v 0.003384461160749198 0.06383482366800307 0.041314899921417236
v 0.004529849160462619 0.0656180903315544 0.041309889405965805
v 0.002900493331253529 0.06447132676839827 0.042633384466171265
v 0.002900493331253529 0.06447132676839827 0.042633384466171265
v 0.0036943801678717145 0.06673752516508101 0.04294147714972496
v 0.001900145318359137 0.06461810320615767 0.04316551610827446
v 0.001900145318359137 0.06461810320615767 0.04316551610827446
v 0.0036943801678717145 0.06673752516508101 0.04294147714972496
v 0.0019306463655084376 0.06590115278959273 0.04344882443547249
v 0.00022467989765573298 0.06318270415067671 0.04256284609436989
v 0.002900493331253529 0.06447132676839827 0.042633384466171265
v 0.001900145318359137 0.06461810320615767 0.04316551610827446
v -0.0022691662888973956 0.06353148818016051 0.04218796640634537
v -0.0013771626399829986 0.0626469776034355 0.04115178436040878
v 0.00022467989765573298 0.06318270415067671 0.04256284609436989
v -0.0022691662888973956 0.06353148818016051 0.04218796640634537
v 0.00022467989765573298 0.06318270415067671 0.04256284609436989
v -0.0007822020561434331 0.06443762779235838 0.04334218427538872
v -0.0034034037962555894 0.06388697028160094 0.041347429156303406
v -0.0022691662888973956 0.06353148818016051 0.04218796640634537
v -0.003325053025037051 0.06515530496835707 0.042695872485637665
v -0.003325053025037051 0.06515530496835707 0.042695872485637665
v -0.0022691662888973956 0.06353148818016051 0.04218796640634537
v -0.0007822020561434331 0.06443762779235838 0.04334218427538872
v -0.003325053025037051 0.06515530496835707 0.042695872485637665
v -0.0007822020561434331 0.06443762779235838 0.04334218427538872
v -0.002078747376799584 0.06551463156938551 0.043411221355199814
v -0.004381688311696053 0.0652596428990364 0.0413474477827549
v -0.0034034037962555894 0.06388697028160094 0.041347429156303406
v -0.003325053025037051 0.06515530496835707 0.042695872485637665
v -0.004866245668381453 0.06703262031078337 0.04127229005098343
v -0.004381688311696053 0.0652596428990364 0.0413474477827549
v -0.0036972768139094123 0.06717960536479949 0.042970210313797
v -0.0045075961388647565 0.06907629221677779 0.041552964597940445
v -0.004866245668381453 0.06703262031078337 0.04127229005098343
v -0.0036972768139094123 0.06717960536479949 0.042970210313797
v -0.0045075961388647565 0.06907629221677779 0.041552964597940445
v -0.0036972768139094123 0.06717960536479949 0.042970210313797
v -0.0033328132703900346 0.06896051019430159 0.04290633648633957
v -0.0036972768139094123 0.06717960536479949 0.042970210313797
v -0.001911161001771689 0.0669184774160385 0.043516743928194046
v -0.002030886244028807 0.06945986300706862 0.04333995282649994
v -0.0036966199986636647 0.07055933028459548 0.04085150733590126
v -0.0045075961388647565 0.06907629221677779 0.041552964597940445
v -0.003709174459800125 0.07007580995559691 0.04190701246261597
v -0.003709174459800125 0.07007580995559691 0.04190701246261597
v -0.0045075961388647565 0.06907629221677779 0.041552964597940445
v -0.0033328132703900346 0.06896051019430159 0.04290633648633957
v -0.0023585907183587555 0.07158400118350981 0.041309863328933716
v -0.0036966199986636647 0.07055933028459548 0.04085150733590126
v -0.003709174459800125 0.07007580995559691 0.04190701246261597
v -0.0023585907183587555 0.07158400118350981 0.041309863328933716
v -0.003709174459800125 0.07007580995559691 0.04190701246261597
v -0.0014386854600161316 0.07103823870420455 0.04276620224118233
v -0.0007674469379708173 0.07213514298200606 0.04130987077951431
v -0.0023585907183587555 0.07158400118350981 0.041309863328933716
v -0.0014386854600161316 0.07103823870420455 0.04276620224118233
v -0.0014386854600161316 0.07103823870420455 0.04276620224118233
v -0.002030886244028807 0.06945986300706862 0.04333995282649994
v -1.0270356142427774e-05 0.0699387565255165 0.04343146085739136
v 0.0009331661276519301 0.07215471565723418 0.040851566940546036
v -0.0007674469379708173 0.07213514298200606 0.04130987077951431
v 0.001182573148980737 0.07179355621337889 0.041913773864507675
v 0.001182573148980737 0.07179355621337889 0.041913773864507675
v -0.0007674469379708173 0.07213514298200606 0.04130987077951431
v -0.0014386854600161316 0.07103823870420455 0.04276620224118233
v 0.001182573148980737 0.07179355621337889 0.041913773864507675
v -0.0014386854600161316 0.07103823870420455 0.04276620224118233
v 0.0015088483924046163 0.07061573863029479 0.043036434799432755
v 0.0015088483924046163 0.07061573863029479 0.043036434799432755
v -0.0014386854600161316 0.07103823870420455 0.04276620224118233
v -1.0270356142427774e-05 0.0699387565255165 0.04343146085739136
v 0.0015088483924046163 0.07061573863029479 0.043036434799432755
v 0.003249637782573701 0.07044609636068343 0.04214318096637726
v 0.001182573148980737 0.07179355621337889 0.041913773864507675
v 0.001182573148980737 0.07179355621337889 0.041913773864507675
v 0.003249637782573701 0.07044609636068343 0.04214318096637726
v 0.0029163949657231574 0.07131716609001158 0.04086725786328316
v 0.0021837623789906506 0.06834097206592558 0.04344324395060539
v 0.0034424508921802053 0.06852852553129195 0.043001938611269
v 0.0015088483924046163 0.07061573863029479 0.043036434799432755
v 0.0015088483924046163 0.07061573863029479 0.043036434799432755
v 0.0034424508921802053 0.06852852553129195 0.043001938611269
v 0.003249637782573701 0.07044609636068343 0.04214318096637726
v 0.003249637782573701 0.07044609636068343 0.04214318096637726
v 0.0044994680210948 0.06925579160451888 0.041241589933633804
v 0.0029163949657231574 0.07131716609001158 0.04086725786328316
v 0.0021837623789906506 0.06834097206592558 0.04344324395060539
v 0.0019306463655084376 0.06590115278959273 0.04344882443547249
v 0.0036943801678717145 0.06673752516508101 0.04294147714972496
v 0.0021837623789906506 0.06834097206592558 0.04344324395060539
v 0.0036943801678717145 0.06673752516508101 0.04294147714972496
v 0.0034424508921802053 0.06852852553129195 0.043001938611269
v 0.0036943801678717145 0.06673752516508101 0.04294147714972496
v 0.002900493331253529 0.06447132676839827 0.042633384466171265
v 0.004529849160462619 0.0656180903315544 0.041309889405965805
v 0.0019306463655084376 0.06590115278959273 0.04344882443547249
v -0.0007822020561434331 0.06443762779235838 0.04334218427538872
v 0.001900145318359137 0.06461810320615767 0.04316551610827446
v 0.002900493331253529 0.06447132676839827 0.042633384466171265
v 0.00022467989765573298 0.06318270415067671 0.04256284609436989
v 0.0015869099879637365 0.06276569515466689 0.04130985215306282
v 0.002900493331253529 0.06447132676839827 0.042633384466171265
v 0.0015869099879637365 0.06276569515466689 0.04130985215306282
v 0.003384461160749198 0.06383482366800307 0.041314899921417236
v 0.001900145318359137 0.06461810320615767 0.04316551610827446
v -0.0007822020561434331 0.06443762779235838 0.04334218427538872
v 0.00022467989765573298 0.06318270415067671 0.04256284609436989
v 0.00022467989765573298 0.06318270415067671 0.04256284609436989
v 0.0001223046274390072 0.0625300109386444 0.04138530045747757
v 0.0015869099879637365 0.06276569515466689 0.04130985215306282
v -0.0007822020561434331 0.06443762779235838 0.04334218427538872
v 0.0019306463655084376 0.06590115278959273 0.04344882443547249
v -0.002078747376799584 0.06551463156938551 0.043411221355199814
v 0.00022467989765573298 0.06318270415067671 0.04256284609436989
v -0.0013771626399829986 0.0626469776034355 0.04115178436040878
v 0.0001223046274390072 0.0625300109386444 0.04138530045747757
v -0.0022691662888973956 0.06353148818016051 0.04218796640634537
v -0.0034034037962555894 0.06388697028160094 0.041347429156303406
v -0.0013771626399829986 0.0626469776034355 0.04115178436040878
v -0.001911161001771689 0.0669184774160385 0.043516743928194046
v -0.0036972768139094123 0.06717960536479949 0.042970210313797
v -0.002078747376799584 0.06551463156938551 0.043411221355199814
v -0.002078747376799584 0.06551463156938551 0.043411221355199814
v -0.0036972768139094123 0.06717960536479949 0.042970210313797
v -0.003325053025037051 0.06515530496835707 0.042695872485637665
v -0.003325053025037051 0.06515530496835707 0.042695872485637665
v -0.0036972768139094123 0.06717960536479949 0.042970210313797
v -0.004381688311696053 0.0652596428990364 0.0413474477827549
v -0.0036972768139094123 0.06717960536479949 0.042970210313797
v -0.002030886244028807 0.06945986300706862 0.04333995282649994
v -0.0033328132703900346 0.06896051019430159 0.04290633648633957
v -0.0033328132703900346 0.06896051019430159 0.04290633648633957
v -0.002030886244028807 0.06945986300706862 0.04333995282649994
v -0.0014386854600161316 0.07103823870420455 0.04276620224118233
v -0.0033328132703900346 0.06896051019430159 0.04290633648633957
v -0.0014386854600161316 0.07103823870420455 0.04276620224118233
v -0.003709174459800125 0.07007580995559691 0.04190701246261597
v -0.001911161001771689 0.0669184774160385 0.043516743928194046
v -1.0270356142427774e-05 0.0699387565255165 0.04343146085739136
v -0.002030886244028807 0.06945986300706862 0.04333995282649994
v 0.004065546207129956 0.07025172561407088 0.03943552449345589
v 0.0044994680210948 0.06925579160451888 0.041241589933633804
v 0.004981393460184337 0.06695980578660964 0.039435647428035736
v 0.004981393460184337 0.06695980578660964 0.039435647428035736
v 0.0044994680210948 0.06925579160451888 0.041241589933633804
v 0.0048545808531343946 0.06728775054216383 0.0412900485098362
v 0.004065546207129956 0.07025172561407088 0.03943552449345589
v 0.0029163949657231574 0.07131716609001158 0.04086725786328316
v 0.0044994680210948 0.06925579160451888 0.041241589933633804
v 0.0016530660213902597 0.07201679050922392 0.03943551704287529
v 0.0029163949657231574 0.07131716609001158 0.04086725786328316
v 0.004065546207129956 0.07025172561407088 0.03943552449345589
v 0.0016530660213902597 0.07201679050922392 0.03943551704287529
v 0.0009331661276519301 0.07215471565723418 0.040851566940546036
v 0.0029163949657231574 0.07131716609001158 0.04086725786328316
v -0.0009031431982293727 0.07221776247024535 0.03943551704287529
v 0.0009331661276519301 0.07215471565723418 0.040851566940546036
v 0.0016530660213902597 0.07201679050922392 0.03943551704287529
v -0.0009031431982293727 0.07221776247024535 0.03943551704287529
v -0.0007674469379708173 0.07213514298200606 0.04130987077951431
v 0.0009331661276519301 0.07215471565723418 0.040851566940546036
v -0.003217301331460477 0.07111373543739317 0.03943551704287529
v -0.0023585907183587555 0.07158400118350981 0.041309863328933716
v -0.0009031431982293727 0.07221776247024535 0.03943551704287529
v -0.0009031431982293727 0.07221776247024535 0.03943551704287529
v -0.0023585907183587555 0.07158400118350981 0.041309863328933716
v -0.0007674469379708173 0.07213514298200606 0.04130987077951431
v -0.003217301331460477 0.07111373543739317 0.03943551704287529
v -0.0036966199986636647 0.07055933028459548 0.04085150733590126
v -0.0023585907183587555 0.07158400118350981 0.041309863328933716
v -0.004838190507143737 0.06859508156776427 0.03943552449345589
v -0.0036966199986636647 0.07055933028459548 0.04085150733590126
v -0.003217301331460477 0.07111373543739317 0.03943551704287529
v -0.004838190507143737 0.06859508156776427 0.03943552449345589
v -0.0045075961388647565 0.06907629221677779 0.041552964597940445
v -0.0036966199986636647 0.07055933028459548 0.04085150733590126
v -0.004838190507143737 0.06859508156776427 0.03943552449345589
v -0.004866245668381453 0.06703262031078337 0.04127229005098343
v -0.0045075961388647565 0.06907629221677779 0.041552964597940445
v -0.004745388869196177 0.06603865325450896 0.03943551704287529
v -0.004866245668381453 0.06703262031078337 0.04127229005098343
v -0.004838190507143737 0.06859508156776427 0.03943552449345589
v -0.0037663918919861325 0.06413026899099349 0.03943552449345589
v -0.004381688311696053 0.0652596428990364 0.0413474477827549
v -0.004745388869196177 0.06603865325450896 0.03943551704287529
v -0.004745388869196177 0.06603865325450896 0.03943551704287529
v -0.004381688311696053 0.0652596428990364 0.0413474477827549
v -0.004866245668381453 0.06703262031078337 0.04127229005098343
v -0.0037663918919861325 0.06413026899099349 0.03943552449345589
v -0.0034034037962555894 0.06388697028160094 0.041347429156303406
v -0.004381688311696053 0.0652596428990364 0.0413474477827549
v -0.0012477291747927668 0.06250932812690733 0.03943552449345589
v -0.0034034037962555894 0.06388697028160094 0.041347429156303406
v -0.0037663918919861325 0.06413026899099349 0.03943552449345589
v -0.0012477291747927668 0.06250932812690733 0.03943552449345589
v -0.0013771626399829986 0.0626469776034355 0.04115178436040878
v -0.0034034037962555894 0.06388697028160094 0.041347429156303406
v 0.0017349941190332179 0.06270793825387953 0.03943551704287529
v 0.0001223046274390072 0.0625300109386444 0.04138530045747757
v -0.0012477291747927668 0.06250932812690733 0.03943552449345589
v -0.0012477291747927668 0.06250932812690733 0.03943552449345589
v 0.0001223046274390072 0.0625300109386444 0.04138530045747757
v -0.0013771626399829986 0.0626469776034355 0.04115178436040878
v 0.0017349941190332179 0.06270793825387953 0.03943551704287529
v 0.0015869099879637365 0.06276569515466689 0.04130985215306282
v 0.0001223046274390072 0.0625300109386444 0.04138530045747757
v 0.003822320373728872 0.0641970932483673 0.03943551704287529
v 0.003384461160749198 0.06383482366800307 0.041314899921417236
v 0.0017349941190332179 0.06270793825387953 0.03943551704287529
v 0.0017349941190332179 0.06270793825387953 0.03943551704287529
v 0.003384461160749198 0.06383482366800307 0.041314899921417236
v 0.0015869099879637365 0.06276569515466689 0.04130985215306282
v 0.004981393460184337 0.06695980578660964 0.039435647428035736
v 0.004529849160462619 0.0656180903315544 0.041309889405965805
v 0.003822320373728872 0.0641970932483673 0.03943551704287529
v 0.003822320373728872 0.0641970932483673 0.03943551704287529
v 0.004529849160462619 0.0656180903315544 0.041309889405965805
v 0.003384461160749198 0.06383482366800307 0.041314899921417236
v 0.004981393460184337 0.06695980578660964 0.039435647428035736
v 0.0048545808531343946 0.06728775054216383 0.0412900485098362
v 0.004529849160462619 0.0656180903315544 0.041309889405965805
v -7.327992790351347e-08 0.09089455753564833 0.02443571947515011
v 0.003028236562386156 0.09269356727600096 0.02504035085439682
v 0.0025388677604496483 0.092694915831089 0.022736970335245132
v 0.0025388677604496483 0.092694915831089 0.022736970335245132
v 0.0008527524187229576 0.092694915831089 0.021502437070012093
v -7.327992790351347e-08 0.09089455753564833 0.02443571947515011
v 0.0008527524187229576 0.092694915831089 0.021502437070012093
v -0.0009828214533627035 0.09269572049379347 0.021570874378085136
v -7.327992790351347e-08 0.09089455753564833 0.02443571947515011
v -0.0009828214533627035 0.09269572049379347 0.021570874378085136
v -0.0024647552054375414 0.092694915831089 0.022630922496318817
v -7.327992790351347e-08 0.09089455753564833 0.02443571947515011
v -7.327992790351347e-08 0.09089455753564833 0.02443571947515011
v -0.0024647552054375414 0.092694915831089 0.022630922496318817
v -0.0030525256879627713 0.09269356727600096 0.024903442710638046
v -0.0030525256879627713 0.09269356727600096 0.024903442710638046
v -0.0018047548364847903 0.092694915831089 0.02690049633383751
v -7.327992790351347e-08 0.09089455753564833 0.02443571947515011
v -7.327992790351347e-08 0.09089455753564833 0.02443571947515011
v -0.0018047548364847903 0.092694915831089 0.02690049633383751
v 0.0002015197824221105 0.092694915831089 0.027483908459544182
v 0.0002015197824221105 0.092694915831089 0.027483908459544182
v 0.0019028880633413796 0.09269572049379347 0.026792088523507118
v -7.327992790351347e-08 0.09089455753564833 0.02443571947515011
v 0.0019028880633413796 0.09269572049379347 0.026792088523507118
v 0.003028236562386156 0.09269356727600096 0.02504035085439682
v -7.327992790351347e-08 0.09089455753564833 0.02443571947515011
v -0.018219321966171268 0.08979716151952742 0.02192024141550064
v -0.015121002681553367 0.08979716151952742 0.012944517657160759
v -0.018406230956315998 0.08979716151952742 0.012373524717986584
v -0.018219321966171268 0.08979716151952742 0.02192024141550064
v -0.012975340709090236 0.08979716151952742 0.015978708863258362
v -0.015121002681553367 0.08979716151952742 0.012944517657160759
v -0.018219321966171268 0.08979716151952742 0.02192024141550064
v -0.013093439862132076 0.08979716151952742 0.018418656662106514
v -0.012975340709090236 0.08979716151952742 0.015978708863258362
v -0.018219321966171268 0.08979716151952742 0.02192024141550064
v -0.01463430002331734 0.08979716151952742 0.02094169519841671
v -0.013093439862132076 0.08979716151952742 0.018418656662106514
v -0.022315667942166332 0.08979716151952742 0.01866382360458374
v -0.020472392439842228 0.08979716151952742 0.020974332466721535
v -0.018219321966171268 0.08979716151952742 0.02192024141550064
v -0.018219321966171268 0.08979716151952742 0.02192024141550064
v -0.022146770730614666 0.08979716151952742 0.015374516136944294
v -0.022315667942166332 0.08979716151952742 0.01866382360458374
v -0.018219321966171268 0.08979716151952742 0.02192024141550064
v -0.020678682252764705 0.08979716151952742 0.013372942805290222
v -0.022146770730614666 0.08979716151952742 0.015374516136944294
v -0.018219321966171268 0.08979716151952742 0.02192024141550064
v -0.018406230956315998 0.08979716151952742 0.012373524717986584
v -0.020678682252764705 0.08979716151952742 0.013372942805290222
v 0.01713555864989758 0.08979716897010802 0.02192024141550064
v 0.0202338881790638 0.08979717642068862 0.012944517657160759
v 0.016948651522398 0.08979716897010802 0.012373524717986584
v 0.01713555864989758 0.08979716897010802 0.02192024141550064
v 0.02237953990697861 0.08979717642068862 0.015978708863258362
v 0.0202338881790638 0.08979717642068862 0.012944517657160759
v 0.01713555864989758 0.08979716897010802 0.02192024141550064
v 0.02226144261658192 0.08979717642068862 0.018418656662106514
v 0.02237953990697861 0.08979717642068862 0.015978708863258362
v 0.01713555864989758 0.08979716897010802 0.02192024141550064
v 0.020720582455396656 0.08979717642068862 0.02094169519841671
v 0.02226144261658192 0.08979717642068862 0.018418656662106514
v 0.01713555864989758 0.08979716897010802 0.02192024141550064
v 0.013054931536316875 0.08979716897010802 0.018275488168001175
v 0.014172706753015522 0.08979716897010802 0.020447591319680214
v 0.01713555864989758 0.08979716897010802 0.02192024141550064
v 0.013037701137363914 0.08979716897010802 0.015745431184768677
v 0.013054931536316875 0.08979716897010802 0.018275488168001175
v 0.01713555864989758 0.08979716897010802 0.02192024141550064
v 0.014676209539175037 0.08979716897010802 0.013372942805290222
v 0.013037701137363914 0.08979716897010802 0.015745431184768677
v 0.01713555864989758 0.08979716897010802 0.02192024141550064
v 0.016948651522398 0.08979716897010802 0.012373524717986584
v 0.014676209539175037 0.08979716897010802 0.013372942805290222
v -0.014804646372795108 0.08979716151952742 -0.022133057937026024
v -0.018398638814687732 0.08979716151952742 -0.02307826466858387
v -0.018219321966171268 0.08979716151952742 -0.01343464944511652
v -0.018219321966171268 0.08979716151952742 -0.01343464944511652
v -0.012975340709090236 0.08979716151952742 -0.019376182928681374
v -0.014804646372795108 0.08979716151952742 -0.022133057937026024
v -0.018219321966171268 0.08979716151952742 -0.01343464944511652
v -0.013093439862132076 0.08979716151952742 -0.016936223953962326
v -0.012975340709090236 0.08979716151952742 -0.019376182928681374
v -0.018219321966171268 0.08979716151952742 -0.01343464944511652
v -0.01463430002331734 0.08979716151952742 -0.014413196593523026
v -0.013093439862132076 0.08979716151952742 -0.016936223953962326
v -0.018219321966171268 0.08979716151952742 -0.01343464944511652
v -0.022299960255622867 0.08979715406894682 -0.01707940176129341
v -0.02118218503892422 0.08979716151952742 -0.014907300472259521
v -0.018219321966171268 0.08979716151952742 -0.01343464944511652
v -0.022317178547382358 0.08979715406894682 -0.01960946060717106
v -0.022299960255622867 0.08979715406894682 -0.01707940176129341
v -0.018219321966171268 0.08979716151952742 -0.01343464944511652
v -0.020995017141103748 0.08979716151952742 -0.021663613617420197
v -0.022317178547382358 0.08979715406894682 -0.01960946060717106
v -0.018219321966171268 0.08979716151952742 -0.01343464944511652
v -0.018398638814687732 0.08979716151952742 -0.02307826466858387
v -0.020995017141103748 0.08979716151952742 -0.021663613617420197
v 0.02055023238062859 0.08979716897010802 -0.022133057937026024
v 0.016956239938735965 0.08979716897010802 -0.02307826466858387
v 0.01713555864989758 0.08979716897010802 -0.01343464944511652
v 0.01713555864989758 0.08979716897010802 -0.01343464944511652
v 0.02237953990697861 0.08979716897010802 -0.019376182928681374
v 0.02055023238062859 0.08979716897010802 -0.022133057937026024
v 0.01713555864989758 0.08979716897010802 -0.01343464944511652
v 0.02226144261658192 0.08979716897010802 -0.016936223953962326
v 0.02237953990697861 0.08979716897010802 -0.019376182928681374
v 0.01713555864989758 0.08979716897010802 -0.01343464944511652
v 0.020720582455396656 0.08979716897010802 -0.014413196593523026
v 0.02226144261658192 0.08979716897010802 -0.016936223953962326
v 0.01713555864989758 0.08979716897010802 -0.01343464944511652
v 0.013054931536316875 0.08979716897010802 -0.01707940176129341
v 0.014172706753015522 0.08979716897010802 -0.014907300472259521
v 0.01713555864989758 0.08979716897010802 -0.01343464944511652
v 0.013037701137363914 0.08979716897010802 -0.01960946060717106
v 0.013054931536316875 0.08979716897010802 -0.01707940176129341
v 0.01713555864989758 0.08979716897010802 -0.01343464944511652
v 0.014359864406287674 0.08979716897010802 -0.021663613617420197
v 0.013037701137363914 0.08979716897010802 -0.01960946060717106
v 0.01713555864989758 0.08979716897010802 -0.01343464944511652
v 0.016956239938735965 0.08979716897010802 -0.02307826466858387
v 0.014359864406287674 0.08979716897010802 -0.021663613617420197
v 0.0012944409390911462 0.0926971063017845 0.015184968709945679
v 0.013828790746629242 0.0926971212029457 0.007079610135406256
v -0.0038473641034215697 0.0926970988512039 0.01476257387548685
v 0.013828790746629242 0.0926971212029457 0.007079610135406256
v -0.00857914797961712 0.09269708395004271 0.012705961242318153
v -0.0038473641034215697 0.0926970988512039 0.01476257387548685
v -0.014891097322106365 0.09269706904888152 0.004718615673482418
v -0.012395708821713928 0.09269706904888152 0.009235133416950703
v 0.013828790746629242 0.0926971212029457 0.007079610135406256
v 0.013828790746629242 0.0926971212029457 0.007079610135406256
v -0.012395708821713928 0.09269706904888152 0.009235133416950703
v -0.00857914797961712 0.09269708395004271 0.012705961242318153
v 0.013828790746629242 0.0926971212029457 0.007079610135406256
v -0.01579796522855759 0.09269706159830092 -0.0003628837293945253
v -0.014891097322106365 0.09269706904888152 0.004718615673482418
v -0.012632546015083793 0.09269706904888152 -0.010047923773527145
v -0.015017885714769367 0.09269704669713973 -0.005466843955218792
v 0.013828790746629242 0.0926971212029457 0.007079610135406256
v 0.013828790746629242 0.0926971212029457 0.007079610135406256
v -0.015017885714769367 0.09269704669713973 -0.005466843955218792
v -0.01579796522855759 0.09269706159830092 -0.0003628837293945253
v 0.013828790746629242 0.0926971212029457 0.007079610135406256
v -0.008895373903214933 0.0926970988512039 -0.013615577481687069
v -0.012632546015083793 0.09269706904888152 -0.010047923773527145
v 0.0013939907075837257 0.09269716590642928 -0.016329331323504448
v -0.004203677643090487 0.09269713610410689 -0.015786809846758842
v 0.013828790746629242 0.0926971212029457 0.007079610135406256
v 0.013828790746629242 0.0926971212029457 0.007079610135406256
v -0.004203677643090487 0.09269713610410689 -0.015786809846758842
v -0.008895373903214933 0.0926970988512039 -0.013615577481687069
v 0.013828790746629242 0.0926971212029457 0.007079610135406256
v 0.006639719475060703 0.0926971063017845 -0.014894350431859493
v 0.0013939907075837257 0.09269716590642928 -0.016329331323504448
v 0.014013707637786869 0.09269706904888152 -0.007855339907109737
v 0.010910578072071077 0.09269707649946211 -0.01198572851717472
v 0.013828790746629242 0.0926971212029457 0.007079610135406256
v 0.013828790746629242 0.0926971212029457 0.007079610135406256
v 0.010910578072071077 0.09269707649946211 -0.01198572851717472
v 0.006639719475060703 0.0926971063017845 -0.014894350431859493
v 0.013828790746629242 0.0926971212029457 0.007079610135406256
v 0.01561776734888554 0.09269706159830092 -0.002946634776890278
v 0.014013707637786869 0.09269706904888152 -0.007855339907109737
v 0.013828790746629242 0.0926971212029457 0.007079610135406256
v 0.015553288161754612 0.09269707649946211 0.002215264132246375
v 0.01561776734888554 0.09269706159830092 -0.002946634776890278
v 0.0012944409390911462 0.0926971063017845 0.015184968709945679
v 0.00629636086523533 0.0926970988512039 0.01392926461994648
v 0.013828790746629242 0.0926971212029457 0.007079610135406256
v 0.013828790746629242 0.0926971212029457 0.007079610135406256
v 0.00629636086523533 0.0926970988512039 0.01392926461994648
v 0.010629111900925638 0.09269708395004271 0.011128190904855728
v 0.004827456548810006 0.0686376392841339 0.036435555666685104
v 0.004981393460184337 0.06695980578660964 0.039435647428035736
v 0.004753088578581811 0.0660639703273773 0.036435555666685104
v 0.004753088578581811 0.0660639703273773 0.036435555666685104
v 0.004981393460184337 0.06695980578660964 0.039435647428035736
v 0.003822320373728872 0.0641970932483673 0.03943551704287529
v 0.004753088578581811 0.0660639703273773 0.036435555666685104
v 0.003822320373728872 0.0641970932483673 0.03943551704287529
v 0.0037916558794677266 0.0641590654850006 0.036435555666685104
v 0.0037916558794677266 0.0641590654850006 0.036435555666685104
v 0.003822320373728872 0.0641970932483673 0.03943551704287529
v 0.0017349941190332179 0.06270793825387953 0.03943551704287529
v 0.0037916558794677266 0.0641590654850006 0.036435555666685104
v 0.0017349941190332179 0.06270793825387953 0.03943551704287529
v 0.0012901729205623271 0.06251993775367735 0.036435555666685104
v 0.0012901729205623271 0.06251993775367735 0.036435555666685104
v 0.0017349941190332179 0.06270793825387953 0.03943551704287529
v -0.0012477291747927668 0.06250932812690733 0.03943552449345589
v 0.0012901729205623271 0.06251993775367735 0.036435555666685104
v -0.0012477291747927668 0.06250932812690733 0.03943552449345589
v -0.0016994023462757473 0.06269392371177672 0.036435555666685104
v -0.0016994023462757473 0.06269392371177672 0.036435555666685104
v -0.0012477291747927668 0.06250932812690733 0.03943552449345589
v -0.0037663918919861325 0.06413026899099349 0.03943552449345589
v -0.0016994023462757473 0.06269392371177672 0.036435555666685104
v -0.0037663918919861325 0.06413026899099349 0.03943552449345589
v -0.0037985076196491727 0.06416706740856169 0.036435555666685104
v -0.0037985076196491727 0.06416706740856169 0.036435555666685104
v -0.0037663918919861325 0.06413026899099349 0.03943552449345589
v -0.004745388869196177 0.06603865325450896 0.03943551704287529
v -0.0037985076196491727 0.06416706740856169 0.036435555666685104
v -0.004745388869196177 0.06603865325450896 0.03943551704287529
v -0.004758167546242476 0.06608244031667708 0.036435555666685104
v -0.004758167546242476 0.06608244031667708 0.036435555666685104
v -0.004745388869196177 0.06603865325450896 0.03943551704287529
v -0.004838190507143737 0.06859508156776427 0.03943552449345589
v -0.004758167546242476 0.06608244031667708 0.036435555666685104
v -0.004838190507143737 0.06859508156776427 0.03943552449345589
v -0.004877981264144183 0.06821287423372267 0.036435555666685104
v -0.004877981264144183 0.06821287423372267 0.036435555666685104
v -0.004838190507143737 0.06859508156776427 0.03943552449345589
v -0.0040275617502629766 0.070179246366024 0.036435555666685104
v -0.0040275617502629766 0.070179246366024 0.036435555666685104
v -0.004838190507143737 0.06859508156776427 0.03943552449345589
v -0.003217301331460477 0.07111373543739317 0.03943551704287529
v -0.0040275617502629766 0.070179246366024 0.036435555666685104
v -0.003217301331460477 0.07111373543739317 0.03943551704287529
v -0.0021089799702167515 0.071877583861351 0.036435555666685104
v -0.0021089799702167515 0.071877583861351 0.036435555666685104
v -0.003217301331460477 0.07111373543739317 0.03943551704287529
v -0.0009031431982293727 0.07221776247024535 0.03943551704287529
v -0.0021089799702167515 0.071877583861351 0.036435555666685104
v -0.0009031431982293727 0.07221776247024535 0.03943551704287529
v 0.001296342699788511 0.0721733123064041 0.036435555666685104
v 0.001296342699788511 0.0721733123064041 0.036435555666685104
v -0.0009031431982293727 0.07221776247024535 0.03943551704287529
v 0.0016530660213902597 0.07201679050922392 0.03943551704287529
v 0.001296342699788511 0.0721733123064041 0.036435555666685104
v 0.0016530660213902597 0.07201679050922392 0.03943551704287529
v 0.004065546207129956 0.07025172561407088 0.03943552449345589
v 0.001296342699788511 0.0721733123064041 0.036435555666685104
v 0.004065546207129956 0.07025172561407088 0.03943552449345589
v 0.0034880577586591252 0.0708220526576042 0.036435555666685104
v 0.0034880577586591252 0.0708220526576042 0.036435555666685104
v 0.004065546207129956 0.07025172561407088 0.03943552449345589
v 0.004827456548810006 0.0686376392841339 0.036435555666685104
v 0.004827456548810006 0.0686376392841339 0.036435555666685104
v 0.004065546207129956 0.07025172561407088 0.03943552449345589
v 0.004981393460184337 0.06695980578660964 0.039435647428035736
v 0.0008527524187229576 0.092694915831089 0.021502437070012093
v 0.0007961344672366979 0.09879590570926665 0.021406637504696846
v -0.0009828214533627035 0.09269572049379347 0.021570874378085136
v -0.0009828214533627035 0.09269572049379347 0.021570874378085136
v 0.0007961344672366979 0.09879590570926665 0.021406637504696846
v -0.0010573033941909673 0.09878974407911299 0.021519236266613007
v -0.0009828214533627035 0.09269572049379347 0.021570874378085136
v -0.0010573033941909673 0.09878974407911299 0.021519236266613007
v -0.0024647552054375414 0.092694915831089 0.022630922496318817
v -0.0024647552054375414 0.092694915831089 0.022630922496318817
v -0.0010573033941909673 0.09878974407911299 0.021519236266613007
v -0.0026791193522512917 0.0987938418984413 0.022781729698181152
v -0.0024647552054375414 0.092694915831089 0.022630922496318817
v -0.0026791193522512917 0.0987938418984413 0.022781729698181152
v -0.0030525256879627713 0.09269356727600096 0.024903442710638046
v -0.0030525256879627713 0.09269356727600096 0.024903442710638046
v -0.0026791193522512917 0.0987938418984413 0.022781729698181152
v -0.0030976580455899247 0.09880023449659346 0.025057189166545868
v -0.0030525256879627713 0.09269356727600096 0.024903442710638046
v -0.0030976580455899247 0.09880023449659346 0.025057189166545868
v -0.0018047548364847903 0.092694915831089 0.02690049633383751
v -0.0018047548364847903 0.092694915831089 0.02690049633383751
v -0.0030976580455899247 0.09880023449659346 0.025057189166545868
v -0.0020061801187694077 0.09880696982145308 0.026813605800271034
v -0.0018047548364847903 0.092694915831089 0.02690049633383751
v -0.0020061801187694077 0.09880696982145308 0.026813605800271034
v -0.00025846791686490184 0.09879589825868605 0.027557099238038063
v -0.0018047548364847903 0.092694915831089 0.02690049633383751
v -0.00025846791686490184 0.09879589825868605 0.027557099238038063
v 0.0002015197824221105 0.092694915831089 0.027483908459544182
v 0.0002015197824221105 0.092694915831089 0.027483908459544182
v -0.00025846791686490184 0.09879589825868605 0.027557099238038063
v 0.0015340049285441641 0.09881085157394408 0.027145592495799065
v 0.0002015197824221105 0.092694915831089 0.027483908459544182
v 0.0015340049285441641 0.09881085157394408 0.027145592495799065
v 0.0019028880633413796 0.09269572049379347 0.026792088523507118
v 0.0019028880633413796 0.09269572049379347 0.026792088523507118
v 0.0015340049285441641 0.09881085157394408 0.027145592495799065
v 0.0027263076044619088 0.09880855679512023 0.02602078765630722
v 0.0019028880633413796 0.09269572049379347 0.026792088523507118
v 0.0027263076044619088 0.09880855679512023 0.02602078765630722
v 0.003028236562386156 0.09269356727600096 0.02504035085439682
v 0.003028236562386156 0.09269356727600096 0.02504035085439682
v 0.0027263076044619088 0.09880855679512023 0.02602078765630722
v 0.003108295379206539 0.0987822115421295 0.024137312546372414
v 0.003028236562386156 0.09269356727600096 0.02504035085439682
v 0.003108295379206539 0.0987822115421295 0.024137312546372414
v 0.0025388677604496483 0.092694915831089 0.022736970335245132
v 0.0025388677604496483 0.092694915831089 0.022736970335245132
v 0.003108295379206539 0.0987822115421295 0.024137312546372414
v 0.0023791287094354634 0.09878975898027419 0.02244485355913639
v 0.0025388677604496483 0.092694915831089 0.022736970335245132
v 0.0023791287094354634 0.09878975898027419 0.02244485355913639
v 0.0008527524187229576 0.092694915831089 0.021502437070012093
v 0.0008527524187229576 0.092694915831089 0.021502437070012093
v 0.0023791287094354634 0.09878975898027419 0.02244485355913639
v 0.0007961344672366979 0.09879590570926665 0.021406637504696846
v -0.018406230956315998 0.08979716151952742 0.012373524717986584
v -0.018573690205812458 0.09838391840457915 0.012402464635670185
v -0.020678682252764705 0.08979716151952742 0.013372942805290222
v -0.020678682252764705 0.08979716151952742 0.013372942805290222
v -0.018573690205812458 0.09838391840457915 0.012402464635670185
v -0.020788030698895458 0.09839349985122679 0.013462770730257034
v -0.020678682252764705 0.08979716151952742 0.013372942805290222
v -0.020788030698895458 0.09839349985122679 0.013462770730257034
v -0.022146770730614666 0.08979716151952742 0.015374516136944294
v -0.022146770730614666 0.08979716151952742 0.015374516136944294
v -0.020788030698895458 0.09839349985122679 0.013462770730257034
v -0.022196574136614803 0.09839349985122679 0.015506983734667301
v -0.022146770730614666 0.08979716151952742 0.015374516136944294
v -0.022196574136614803 0.09839349985122679 0.015506983734667301
v -0.022315667942166332 0.08979716151952742 0.01866382360458374
v -0.022315667942166332 0.08979716151952742 0.01866382360458374
v -0.022196574136614803 0.09839349985122679 0.015506983734667301
v -0.022395920008420948 0.09839907288551329 0.017974331974983215
v -0.022315667942166332 0.08979716151952742 0.01866382360458374
v -0.022395920008420948 0.09839907288551329 0.017974331974983215
v -0.020786251872777942 0.09838713705539702 0.02088603563606739
v -0.022315667942166332 0.08979716151952742 0.01866382360458374
v -0.020786251872777942 0.09838713705539702 0.02088603563606739
v -0.020472392439842228 0.08979716151952742 0.020974332466721535
v -0.020472392439842228 0.08979716151952742 0.020974332466721535
v -0.020786251872777942 0.09838713705539702 0.02088603563606739
v -0.018219321966171268 0.08979716151952742 0.02192024141550064
v -0.018219321966171268 0.08979716151952742 0.02192024141550064
v -0.020786251872777942 0.09838713705539702 0.02088603563606739
v -0.01721489802002907 0.09839090704917906 0.021928079426288605
v -0.018219321966171268 0.08979716151952742 0.02192024141550064
v -0.01721489802002907 0.09839090704917906 0.021928079426288605
v -0.01463430002331734 0.08979716151952742 0.02094169519841671
v -0.01463430002331734 0.08979716151952742 0.02094169519841671
v -0.01721489802002907 0.09839090704917906 0.021928079426288605
v -0.0142284668982029 0.09839091449975966 0.020504478365182877
v -0.01463430002331734 0.08979716151952742 0.02094169519841671
v -0.0142284668982029 0.09839091449975966 0.020504478365182877
v -0.013093439862132076 0.08979716151952742 0.018418656662106514
v -0.013093439862132076 0.08979716151952742 0.018418656662106514
v -0.0142284668982029 0.09839091449975966 0.020504478365182877
v -0.012947694398462776 0.09839789569377898 0.017907792702317238
v -0.013093439862132076 0.08979716151952742 0.018418656662106514
v -0.012947694398462776 0.09839789569377898 0.017907792702317238
v -0.012975340709090236 0.08979716151952742 0.015978708863258362
v -0.012975340709090236 0.08979716151952742 0.015978708863258362
v -0.012947694398462776 0.09839789569377898 0.017907792702317238
v -0.013182951137423519 0.09839349985122679 0.0154397152364254
v -0.012975340709090236 0.08979716151952742 0.015978708863258362
v -0.013182951137423519 0.09839349985122679 0.0154397152364254
v -0.015121002681553367 0.08979716151952742 0.012944517657160759
v -0.015121002681553367 0.08979716151952742 0.012944517657160759
v -0.013182951137423519 0.09839349985122679 0.0154397152364254
v -0.01527197286486626 0.09838633984327315 0.012857997789978981
v -0.015121002681553367 0.08979716151952742 0.012944517657160759
v -0.01527197286486626 0.09838633984327315 0.012857997789978981
v -0.018406230956315998 0.08979716151952742 0.012373524717986584
v -0.018406230956315998 0.08979716151952742 0.012373524717986584
v -0.01527197286486626 0.09838633984327315 0.012857997789978981
v -0.018573690205812458 0.09838391840457915 0.012402464635670185
v 0.016948651522398 0.08979716897010802 0.012373524717986584
v 0.016808910295367244 0.0983934849500656 0.01239666435867548
v 0.014676209539175037 0.08979716897010802 0.013372942805290222
v 0.014676209539175037 0.08979716897010802 0.013372942805290222
v 0.016808910295367244 0.0983934849500656 0.01239666435867548
v 0.014566877856850628 0.0983934924006462 0.013462740927934647
v 0.014676209539175037 0.08979716897010802 0.013372942805290222
v 0.014566877856850628 0.0983934924006462 0.013462740927934647
v 0.013037701137363914 0.08979716897010802 0.015745431184768677
v 0.013037701137363914 0.08979716897010802 0.015745431184768677
v 0.014566877856850628 0.0983934924006462 0.013462740927934647
v 0.012994908727705482 0.09839090704917906 0.01590161956846714
v 0.013037701137363914 0.08979716897010802 0.015745431184768677
v 0.012994908727705482 0.09839090704917906 0.01590161956846714
v 0.013054931536316875 0.08979716897010802 0.018275488168001175
v 0.013054931536316875 0.08979716897010802 0.018275488168001175
v 0.012994908727705482 0.09839090704917906 0.01590161956846714
v 0.013466063886880878 0.09838569909334181 0.019595690071582794
v 0.013054931536316875 0.08979716897010802 0.018275488168001175
v 0.013466063886880878 0.09838569909334181 0.019595690071582794
v 0.014172706753015522 0.08979716897010802 0.020447591319680214
v 0.014172706753015522 0.08979716897010802 0.020447591319680214
v 0.013466063886880878 0.09838569909334181 0.019595690071582794
v 0.016465723514556888 0.09839090704917906 0.02179601415991783
v 0.014172706753015522 0.08979716897010802 0.020447591319680214
v 0.016465723514556888 0.09839090704917906 0.02179601415991783
v 0.01713555864989758 0.08979716897010802 0.02192024141550064
v 0.01713555864989758 0.08979716897010802 0.02192024141550064
v 0.016465723514556888 0.09839090704917906 0.02179601415991783
v 0.018953571096062664 0.09839016944169997 0.021706024184823036
v 0.01713555864989758 0.08979716897010802 0.02192024141550064
v 0.018953571096062664 0.09839016944169997 0.021706024184823036
v 0.020720582455396656 0.08979717642068862 0.02094169519841671
v 0.020720582455396656 0.08979717642068862 0.02094169519841671
v 0.018953571096062664 0.09839016944169997 0.021706024184823036
v 0.021126443520188335 0.09839092940092085 0.020504450425505638
v 0.020720582455396656 0.08979717642068862 0.02094169519841671
v 0.021126443520188335 0.09839092940092085 0.020504450425505638
v 0.02226144261658192 0.08979717642068862 0.018418656662106514
v 0.02226144261658192 0.08979717642068862 0.018418656662106514
v 0.021126443520188335 0.09839092940092085 0.020504450425505638
v 0.022407187148928646 0.09839791059494017 0.017907792702317238
v 0.02226144261658192 0.08979717642068862 0.018418656662106514
v 0.022407187148928646 0.09839791059494017 0.017907792702317238
v 0.02237953990697861 0.08979717642068862 0.015978708863258362
v 0.02237953990697861 0.08979717642068862 0.015978708863258362
v 0.022407187148928646 0.09839791059494017 0.017907792702317238
v 0.0218882542103529 0.09838633984327315 0.014630695804953575
v 0.02237953990697861 0.08979717642068862 0.015978708863258362
v 0.0218882542103529 0.09838633984327315 0.014630695804953575
v 0.0202338881790638 0.08979717642068862 0.012944517657160759
v 0.0202338881790638 0.08979717642068862 0.012944517657160759
v 0.0218882542103529 0.09838633984327315 0.014630695804953575
v 0.019280767068266872 0.09839792549610137 0.012593412771821022
v 0.0202338881790638 0.08979717642068862 0.012944517657160759
v 0.019280767068266872 0.09839792549610137 0.012593412771821022
v 0.016948651522398 0.08979716897010802 0.012373524717986584
v 0.016948651522398 0.08979716897010802 0.012373524717986584
v 0.019280767068266872 0.09839792549610137 0.012593412771821022
v 0.016808910295367244 0.0983934849500656 0.01239666435867548
v -0.018398638814687732 0.08979716151952742 -0.02307826466858387
v -0.01771340146660805 0.098393477499485 -0.023037364706397057
v -0.020881041884422306 0.09836753457784651 -0.021932298317551613
v -0.018398638814687732 0.08979716151952742 -0.02307826466858387
v -0.020881041884422306 0.09836753457784651 -0.021932298317551613
v -0.020995017141103748 0.08979716151952742 -0.021663613617420197
v -0.020995017141103748 0.08979716151952742 -0.021663613617420197
v -0.020881041884422306 0.09836753457784651 -0.021932298317551613
v -0.022317178547382358 0.08979715406894682 -0.01960946060717106
v -0.022317178547382358 0.08979715406894682 -0.01960946060717106
v -0.020881041884422306 0.09836753457784651 -0.021932298317551613
v -0.022499270737171177 0.09839088469743727 -0.018621932715177536
v -0.022317178547382358 0.08979715406894682 -0.01960946060717106
v -0.022499270737171177 0.09839088469743727 -0.018621932715177536
v -0.022299960255622867 0.08979715406894682 -0.01707940176129341
v -0.022299960255622867 0.08979715406894682 -0.01707940176129341
v -0.022499270737171177 0.09839088469743727 -0.018621932715177536
v -0.021368304267525676 0.09836775809526442 -0.015037699602544308
v -0.022299960255622867 0.08979715406894682 -0.01707940176129341
v -0.021368304267525676 0.09836775809526442 -0.015037699602544308
v -0.02118218503892422 0.08979716151952742 -0.014907300472259521
v -0.02118218503892422 0.08979716151952742 -0.014907300472259521
v -0.021368304267525676 0.09836775809526442 -0.015037699602544308
v -0.018219321966171268 0.08979716151952742 -0.01343464944511652
v -0.018219321966171268 0.08979716151952742 -0.01343464944511652
v -0.021368304267525676 0.09836775809526442 -0.015037699602544308
v -0.018058067187666896 0.09839090704917906 -0.013419640250504017
v -0.018219321966171268 0.08979716151952742 -0.01343464944511652
v -0.018058067187666896 0.09839090704917906 -0.013419640250504017
v -0.01463430002331734 0.08979716151952742 -0.014413196593523026
v -0.01463430002331734 0.08979716151952742 -0.014413196593523026
v -0.018058067187666896 0.09839090704917906 -0.013419640250504017
v -0.014501323923468593 0.09838633984327315 -0.01452550571411848
v -0.01463430002331734 0.08979716151952742 -0.014413196593523026
v -0.014501323923468593 0.09838633984327315 -0.01452550571411848
v -0.013093439862132076 0.08979716151952742 -0.016936223953962326
v -0.013093439862132076 0.08979716151952742 -0.016936223953962326
v -0.014501323923468593 0.09838633984327315 -0.01452550571411848
v -0.01285575516521931 0.09839089959859847 -0.017860790714621544
v -0.013093439862132076 0.08979716151952742 -0.016936223953962326
v -0.01285575516521931 0.09839089959859847 -0.017860790714621544
v -0.012975340709090236 0.08979716151952742 -0.019376182928681374
v -0.012975340709090236 0.08979716151952742 -0.019376182928681374
v -0.01285575516521931 0.09839089959859847 -0.017860790714621544
v -0.013543846085667614 0.09839789569377898 -0.02067340537905693
v -0.012975340709090236 0.08979716151952742 -0.019376182928681374
v -0.013543846085667614 0.09839789569377898 -0.02067340537905693
v -0.014804646372795108 0.08979716151952742 -0.022133057937026024
v -0.014804646372795108 0.08979716151952742 -0.022133057937026024
v -0.013543846085667614 0.09839789569377898 -0.02067340537905693
v -0.015310223214328293 0.09839349985122679 -0.02241254411637783
v -0.014804646372795108 0.08979716151952742 -0.022133057937026024
v -0.015310223214328293 0.09839349985122679 -0.02241254411637783
v -0.018398638814687732 0.08979716151952742 -0.02307826466858387
v -0.018398638814687732 0.08979716151952742 -0.02307826466858387
v -0.015310223214328293 0.09839349985122679 -0.02241254411637783
v -0.01771340146660805 0.098393477499485 -0.023037364706397057
v 0.016956239938735965 0.08979716897010802 -0.02307826466858387
v 0.018057592213153843 0.09839090704917906 -0.023063145577907562
v 0.014869194477796558 0.09839089959859847 -0.022179465740919113
v 0.016956239938735965 0.08979716897010802 -0.02307826466858387
v 0.014869194477796558 0.09839089959859847 -0.022179465740919113
v 0.014359864406287674 0.08979716897010802 -0.021663613617420197
v 0.014359864406287674 0.08979716897010802 -0.021663613617420197
v 0.014869194477796558 0.09839089959859847 -0.022179465740919113
v 0.013037701137363914 0.08979716897010802 -0.01960946060717106
v 0.013037701137363914 0.08979716897010802 -0.01960946060717106
v 0.014869194477796558 0.09839089959859847 -0.022179465740919113
v 0.013157277368009094 0.09839790314435957 -0.019844695925712585
v 0.013037701137363914 0.08979716897010802 -0.01960946060717106
v 0.013157277368009094 0.09839790314435957 -0.019844695925712585
v 0.013099228031933311 0.09838635474443434 -0.016527799889445305
v 0.013037701137363914 0.08979716897010802 -0.01960946060717106
v 0.013099228031933311 0.09838635474443434 -0.016527799889445305
v 0.013054931536316875 0.08979716897010802 -0.01707940176129341
v 0.013054931536316875 0.08979716897010802 -0.01707940176129341
v 0.013099228031933311 0.09838635474443434 -0.016527799889445305
v 0.014172706753015522 0.08979716897010802 -0.014907300472259521
v 0.014172706753015522 0.08979716897010802 -0.014907300472259521
v 0.013099228031933311 0.09838635474443434 -0.016527799889445305
v 0.015310268849134449 0.0983934849500656 -0.014070090837776661
v 0.014172706753015522 0.08979716897010802 -0.014907300472259521
v 0.015310268849134449 0.0983934849500656 -0.014070090837776661
v 0.01713555864989758 0.08979716897010802 -0.01343464944511652
v 0.01713555864989758 0.08979716897010802 -0.01343464944511652
v 0.015310268849134449 0.0983934849500656 -0.014070090837776661
v 0.018173521384596828 0.09837687015533446 -0.013430949300527573
v 0.01713555864989758 0.08979716897010802 -0.01343464944511652
v 0.018173521384596828 0.09837687015533446 -0.013430949300527573
v 0.020720582455396656 0.08979716897010802 -0.014413196593523026
v 0.020720582455396656 0.08979716897010802 -0.014413196593523026
v 0.018173521384596828 0.09837687015533446 -0.013430949300527573
v 0.02112645469605923 0.09839092195034026 -0.014850451610982418
v 0.020720582455396656 0.08979716897010802 -0.014413196593523026
v 0.02112645469605923 0.09839092195034026 -0.014850451610982418
v 0.02226144261658192 0.08979716897010802 -0.016936223953962326
v 0.02226144261658192 0.08979716897010802 -0.016936223953962326
v 0.02112645469605923 0.09839092195034026 -0.014850451610982418
v 0.022499125450849537 0.09839090704917906 -0.01786080375313759
v 0.02226144261658192 0.08979716897010802 -0.016936223953962326
v 0.022499125450849537 0.09839090704917906 -0.01786080375313759
v 0.02237953990697861 0.08979716897010802 -0.019376182928681374
v 0.02237953990697861 0.08979716897010802 -0.019376182928681374
v 0.022499125450849537 0.09839090704917906 -0.01786080375313759
v 0.021811025217175487 0.09839790314435957 -0.02067340537905693
v 0.02237953990697861 0.08979716897010802 -0.019376182928681374
v 0.021811025217175487 0.09839790314435957 -0.02067340537905693
v 0.02055023238062859 0.08979716897010802 -0.022133057937026024
v 0.02055023238062859 0.08979716897010802 -0.022133057937026024
v 0.021811025217175487 0.09839790314435957 -0.02067340537905693
v 0.020375613123178486 0.09839016944169997 -0.022170746698975563
v 0.02055023238062859 0.08979716897010802 -0.022133057937026024
v 0.020375613123178486 0.09839016944169997 -0.022170746698975563
v 0.018057592213153843 0.09839090704917906 -0.023063145577907562
v 0.02055023238062859 0.08979716897010802 -0.022133057937026024
v 0.018057592213153843 0.09839090704917906 -0.023063145577907562
v 0.016956239938735965 0.08979716897010802 -0.02307826466858387
v 0.0011694659478962424 0.0978977084159851 0.015236817300319672
v 0.0012944409390911462 0.0926971063017845 0.015184968709945679
v -0.0038473641034215697 0.0926970988512039 0.01476257387548685
v -0.0038473641034215697 0.0926970988512039 0.01476257387548685
v -0.004783241543918849 0.09789339452981947 0.014489837922155857
v 0.0011694659478962424 0.0978977084159851 0.015236817300319672
v -0.00857914797961712 0.09269708395004271 0.012705961242318153
v -0.004783241543918849 0.09789339452981947 0.014489837922155857
v -0.0038473641034215697 0.0926970988512039 0.01476257387548685
v -0.00857914797961712 0.09269708395004271 0.012705961242318153
v -0.008417537435889246 0.09789705276489256 0.012747819535434246
v -0.004783241543918849 0.09789339452981947 0.014489837922155857
v -0.012395708821713928 0.09269706904888152 0.009235133416950703
v -0.01124450657516718 0.09789415448904036 0.010530458763241768
v -0.00857914797961712 0.09269708395004271 0.012705961242318153
v -0.00857914797961712 0.09269708395004271 0.012705961242318153
v -0.01124450657516718 0.09789415448904036 0.010530458763241768
v -0.008417537435889246 0.09789705276489256 0.012747819535434246
v -0.014891097322106365 0.09269706904888152 0.004718615673482418
v -0.014146627858281139 0.09791069477796553 0.006463176570832729
v -0.012395708821713928 0.09269706904888152 0.009235133416950703
v -0.012395708821713928 0.09269706904888152 0.009235133416950703
v -0.014146627858281139 0.09791069477796553 0.006463176570832729
v -0.01124450657516718 0.09789415448904036 0.010530458763241768
v -0.01579796522855759 0.09269706159830092 -0.0003628837293945253
v -0.015654698014259342 0.09788833558559416 0.0015513026155531406
v -0.014891097322106365 0.09269706904888152 0.004718615673482418
v -0.014891097322106365 0.09269706904888152 0.004718615673482418
v -0.015654698014259342 0.09788833558559416 0.0015513026155531406
v -0.014146627858281139 0.09791069477796553 0.006463176570832729
v -0.015017885714769367 0.09269704669713973 -0.005466843955218792
v -0.015531479381024841 0.0979037582874298 -0.0034469834063202143
v -0.01579796522855759 0.09269706159830092 -0.0003628837293945253
v -0.01579796522855759 0.09269706159830092 -0.0003628837293945253
v -0.015531479381024841 0.0979037582874298 -0.0034469834063202143
v -0.015654698014259342 0.09788833558559416 0.0015513026155531406
v -0.012632546015083793 0.09269706904888152 -0.010047923773527145
v -0.013812612742185596 0.09790385514497756 -0.008229900151491165
v -0.015017885714769367 0.09269704669713973 -0.005466843955218792
v -0.015017885714769367 0.09269704669713973 -0.005466843955218792
v -0.013812612742185596 0.09790385514497756 -0.008229900151491165
v -0.015531479381024841 0.0979037582874298 -0.0034469834063202143
v -0.008895373903214933 0.0926970988512039 -0.013615577481687069
v -0.010607504285871984 0.09788903594017027 -0.012271364219486713
v -0.012632546015083793 0.09269706904888152 -0.010047923773527145
v -0.012632546015083793 0.09269706904888152 -0.010047923773527145
v -0.010607504285871984 0.09788903594017027 -0.012271364219486713
v -0.013812612742185596 0.09790385514497756 -0.008229900151491165
v -0.004203677643090487 0.09269713610410689 -0.015786809846758842
v -0.006412823684513571 0.09790387749671935 -0.015002219006419182
v -0.008895373903214933 0.0926970988512039 -0.013615577481687069
v -0.008895373903214933 0.0926970988512039 -0.013615577481687069
v -0.006412823684513571 0.09790387749671935 -0.015002219006419182
v -0.010607504285871984 0.09788903594017027 -0.012271364219486713
v 0.0013939907075837257 0.09269716590642928 -0.016329331323504448
v -0.0025263810530304913 0.09789706766605376 -0.01610979624092579
v -0.004203677643090487 0.09269713610410689 -0.015786809846758842
v -0.004203677643090487 0.09269713610410689 -0.015786809846758842
v -0.0025263810530304913 0.09789706766605376 -0.01610979624092579
v -0.006412823684513571 0.09790387749671935 -0.015002219006419182
v 0.0013939907075837257 0.09269716590642928 -0.016329331323504448
v 0.0016101821092888717 0.09789048880338667 -0.016285091638565063
v -0.0025263810530304913 0.09789706766605376 -0.01610979624092579
v 0.006639719475060703 0.0926971063017845 -0.014894350431859493
v 0.004987522959709168 0.09789706021547316 -0.01550306286662817
v 0.0013939907075837257 0.09269716590642928 -0.016329331323504448
v 0.0013939907075837257 0.09269716590642928 -0.016329331323504448
v 0.004987522959709168 0.09789706021547316 -0.01550306286662817
v 0.0016101821092888717 0.09789048880338667 -0.016285091638565063
v 0.006639719475060703 0.0926971063017845 -0.014894350431859493
v 0.00865889433771372 0.09791252017021178 -0.013777335174381733
v 0.004987522959709168 0.09789706021547316 -0.01550306286662817
v 0.010910578072071077 0.09269707649946211 -0.01198572851717472
v 0.00865889433771372 0.09791252017021178 -0.013777335174381733
v 0.006639719475060703 0.0926971063017845 -0.014894350431859493
v 0.010910578072071077 0.09269707649946211 -0.01198572851717472
v 0.01239945646375418 0.09790388494729994 -0.010352239944040775
v 0.00865889433771372 0.09791252017021178 -0.013777335174381733
v 0.014013707637786869 0.09269706904888152 -0.007855339907109737
v 0.01239945646375418 0.09790388494729994 -0.010352239944040775
v 0.010910578072071077 0.09269707649946211 -0.01198572851717472
v 0.014013707637786869 0.09269706904888152 -0.007855339907109737
v 0.014865465462207798 0.09790382534265517 -0.005908122751861811
v 0.01239945646375418 0.09790388494729994 -0.010352239944040775
v 0.01561776734888554 0.09269706159830092 -0.002946634776890278
v 0.014865465462207798 0.09790382534265517 -0.005908122751861811
v 0.014013707637786869 0.09269706904888152 -0.007855339907109737
v 0.01561776734888554 0.09269706159830092 -0.002946634776890278
v 0.01575611345469952 0.09792103618383406 -0.0013195701176300645
v 0.014865465462207798 0.09790382534265517 -0.005908122751861811
v 0.015553288161754612 0.09269707649946211 0.002215264132246375
v 0.01575611345469952 0.09792103618383406 -0.0013195701176300645
v 0.01561776734888554 0.09269706159830092 -0.002946634776890278
v 0.015553288161754612 0.09269707649946211 0.002215264132246375
v 0.015431406907737259 0.09789706766605376 0.0025865251664072275
v 0.01575611345469952 0.09792103618383406 -0.0013195701176300645
v 0.013828790746629242 0.0926971212029457 0.007079610135406256
v 0.014134334400296215 0.09790346771478652 0.0064871483482420444
v 0.015553288161754612 0.09269707649946211 0.002215264132246375
v 0.015553288161754612 0.09269707649946211 0.002215264132246375
v 0.014134334400296215 0.09790346771478652 0.0064871483482420444
v 0.015431406907737259 0.09789706766605376 0.0025865251664072275
v 0.010629111900925638 0.09269708395004271 0.011128190904855728
v 0.011162943206727506 0.0979032665491104 0.010610587894916534
v 0.013828790746629242 0.0926971212029457 0.007079610135406256
v 0.013828790746629242 0.0926971212029457 0.007079610135406256
v 0.011162943206727506 0.0979032665491104 0.010610587894916534
v 0.014134334400296215 0.09790346771478652 0.0064871483482420444
v 0.00629636086523533 0.0926970988512039 0.01392926461994648
v 0.0070262877270579355 0.09791093319654463 0.013581239618360996
v 0.010629111900925638 0.09269708395004271 0.011128190904855728
v 0.010629111900925638 0.09269708395004271 0.011128190904855728
v 0.0070262877270579355 0.09791093319654463 0.013581239618360996
v 0.011162943206727506 0.0979032665491104 0.010610587894916534
v 0.0012944409390911462 0.0926971063017845 0.015184968709945679
v 0.0011694659478962424 0.0978977084159851 0.015236817300319672
v 0.00629636086523533 0.0926970988512039 0.01392926461994648
v 0.00629636086523533 0.0926970988512039 0.01392926461994648
v 0.0011694659478962424 0.0978977084159851 0.015236817300319672
v 0.0070262877270579355 0.09791093319654463 0.013581239618360996
v -0.020786251872777942 0.09838713705539702 0.02088603563606739
v -0.021211216226220134 0.09892185032367705 0.02129416912794113
v -0.01721489802002907 0.09839090704917906 0.021928079426288605
v -0.01721489802002907 0.09839090704917906 0.021928079426288605
v -0.021211216226220134 0.09892185032367705 0.02129416912794113
v -0.01707898080348969 0.09889543801546095 0.022424623370170593
v -0.01721489802002907 0.09839090704917906 0.021928079426288605
v -0.01707898080348969 0.09889543801546095 0.022424623370170593
v -0.0142284668982029 0.09839091449975966 0.020504478365182877
v -0.0142284668982029 0.09839091449975966 0.020504478365182877
v -0.01707898080348969 0.09889543801546095 0.022424623370170593
v -0.013805362395942215 0.09889526665210722 0.02079734578728676
v -0.0142284668982029 0.09839091449975966 0.020504478365182877
v -0.013805362395942215 0.09889526665210722 0.02079734578728676
v -0.012947694398462776 0.09839789569377898 0.017907792702317238
v -0.022395920008420948 0.09839907288551329 0.017974331974983215
v -0.022869475185871128 0.09889651834964751 0.01812429167330265
v -0.020786251872777942 0.09838713705539702 0.02088603563606739
v -0.020786251872777942 0.09838713705539702 0.02088603563606739
v -0.022869475185871128 0.09889651834964751 0.01812429167330265
v -0.021211216226220134 0.09892185032367705 0.02129416912794113
v -0.018573690205812458 0.09838391840457915 0.012402464635670185
v -0.01880697719752789 0.09889658540487288 0.01192399114370346
v -0.020788030698895458 0.09839349985122679 0.013462770730257034
v -0.020788030698895458 0.09839349985122679 0.013462770730257034
v -0.01880697719752789 0.09889658540487288 0.01192399114370346
v -0.022242974489927295 0.09889140725135802 0.014099262654781342
v -0.020788030698895458 0.09839349985122679 0.013462770730257034
v -0.022242974489927295 0.09889140725135802 0.014099262654781342
v -0.022196574136614803 0.09839349985122679 0.015506983734667301
v -0.022196574136614803 0.09839349985122679 0.015506983734667301
v -0.022242974489927295 0.09889140725135802 0.014099262654781342
v -0.022395920008420948 0.09839907288551329 0.017974331974983215
v -0.022395920008420948 0.09839907288551329 0.017974331974983215
v -0.022242974489927295 0.09889140725135802 0.014099262654781342
v -0.022869475185871128 0.09889651834964751 0.01812429167330265
v -0.013805362395942215 0.09889526665210722 0.02079734578728676
v -0.012221893295645717 0.09889429062604903 0.016534890979528427
v -0.012947694398462776 0.09839789569377898 0.017907792702317238
v -0.012947694398462776 0.09839789569377898 0.017907792702317238
v -0.012221893295645717 0.09889429062604903 0.016534890979528427
v -0.013182951137423519 0.09839349985122679 0.0154397152364254
v -0.013182951137423519 0.09839349985122679 0.0154397152364254
v -0.012221893295645717 0.09889429062604903 0.016534890979528427
v -0.01527197286486626 0.09838633984327315 0.012857997789978981
v -0.01527197286486626 0.09838633984327315 0.012857997789978981
v -0.012221893295645717 0.09889429062604903 0.016534890979528427
v -0.01510131545364857 0.09889392554759978 0.01236545480787754
v -0.01527197286486626 0.09838633984327315 0.012857997789978981
v -0.01510131545364857 0.09889392554759978 0.01236545480787754
v -0.018573690205812458 0.09838391840457915 0.012402464635670185
v -0.018573690205812458 0.09838391840457915 0.012402464635670185
v -0.01510131545364857 0.09889392554759978 0.01236545480787754
v -0.01880697719752789 0.09889658540487288 0.01192399114370346
v 0.022407187148928646 0.09839791059494017 0.017907792702317238
v 0.022775601595640186 0.0988936349749565 0.018835751339793205
v 0.0218882542103529 0.09838633984327315 0.014630695804953575
v 0.0218882542103529 0.09838633984327315 0.014630695804953575
v 0.022775601595640186 0.0988936349749565 0.018835751339793205
v 0.022616544738411907 0.09889646619558333 0.01519169844686985
v 0.0218882542103529 0.09838633984327315 0.014630695804953575
v 0.022616544738411907 0.09889646619558333 0.01519169844686985
v 0.020259063690900806 0.09889422357082366 0.01239132508635521
v 0.0218882542103529 0.09838633984327315 0.014630695804953575
v 0.020259063690900806 0.09889422357082366 0.01239132508635521
v 0.019280767068266872 0.09839792549610137 0.012593412771821022
v 0.018953571096062664 0.09839016944169997 0.021706024184823036
v 0.020448692142963413 0.09889660030603407 0.021623466163873672
v 0.021126443520188335 0.09839092940092085 0.020504450425505638
v 0.021126443520188335 0.09839092940092085 0.020504450425505638
v 0.020448692142963413 0.09889660030603407 0.021623466163873672
v 0.022775601595640186 0.0988936349749565 0.018835751339793205
v 0.021126443520188335 0.09839092940092085 0.020504450425505638
v 0.022775601595640186 0.0988936349749565 0.018835751339793205
v 0.022407187148928646 0.09839791059494017 0.017907792702317238
v 0.013466063886880878 0.09838569909334181 0.019595690071582794
v 0.013398413546383384 0.09889490902423857 0.020495668053627014
v 0.016465723514556888 0.09839090704917906 0.02179601415991783
v 0.016465723514556888 0.09839090704917906 0.02179601415991783
v 0.013398413546383384 0.09889490902423857 0.020495668053627014
v 0.017344692721962932 0.09889545291662215 0.022447854280471802
v 0.016465723514556888 0.09839090704917906 0.02179601415991783
v 0.017344692721962932 0.09889545291662215 0.022447854280471802
v 0.018953571096062664 0.09839016944169997 0.021706024184823036
v 0.018953571096062664 0.09839016944169997 0.021706024184823036
v 0.017344692721962932 0.09889545291662215 0.022447854280471802
v 0.020448692142963413 0.09889660030603407 0.021623466163873672
v 0.019280767068266872 0.09839792549610137 0.012593412771821022
v 0.020259063690900806 0.09889422357082366 0.01239132508635521
v 0.016808910295367244 0.0983934849500656 0.01239666435867548
v 0.016808910295367244 0.0983934849500656 0.01239666435867548
v 0.020259063690900806 0.09889422357082366 0.01239132508635521
v 0.016165526583790783 0.09889589995145796 0.011986609548330307
v 0.016808910295367244 0.0983934849500656 0.01239666435867548
v 0.016165526583790783 0.09889589995145796 0.011986609548330307
v 0.014566877856850628 0.0983934924006462 0.013462740927934647
v 0.014566877856850628 0.0983934924006462 0.013462740927934647
v 0.016165526583790783 0.09889589995145796 0.011986609548330307
v 0.013224106281995777 0.09889544546604155 0.014158031903207302
v 0.014566877856850628 0.0983934924006462 0.013462740927934647
v 0.013224106281995777 0.09889544546604155 0.014158031903207302
v 0.012994908727705482 0.09839090704917906 0.01590161956846714
v 0.012994908727705482 0.09839090704917906 0.01590161956846714
v 0.013224106281995777 0.09889544546604155 0.014158031903207302
v 0.012388646602630619 0.09889657795429228 0.017113404348492622
v 0.012994908727705482 0.09839090704917906 0.01590161956846714
v 0.012388646602630619 0.09889657795429228 0.017113404348492622
v 0.013466063886880878 0.09838569909334181 0.019595690071582794
v 0.013466063886880878 0.09838569909334181 0.019595690071582794
v 0.012388646602630619 0.09889657795429228 0.017113404348492622
v 0.013398413546383384 0.09889490902423857 0.020495668053627014
v -0.021368304267525676 0.09836775809526442 -0.015037699602544308
v -0.018917085602879528 0.09889181703329085 -0.012926655821502209
v -0.018058067187666896 0.09839090704917906 -0.013419640250504017
v -0.018058067187666896 0.09839090704917906 -0.013419640250504017
v -0.018917085602879528 0.09889181703329085 -0.012926655821502209
v -0.014501323923468593 0.09838633984327315 -0.01452550571411848
v -0.014501323923468593 0.09838633984327315 -0.01452550571411848
v -0.018917085602879528 0.09889181703329085 -0.012926655821502209
v -0.014096739701926712 0.09889394044876097 -0.014196690171957016
v -0.014501323923468593 0.09838633984327315 -0.01452550571411848
v -0.014096739701926712 0.09889394044876097 -0.014196690171957016
v -0.01285575516521931 0.09839089959859847 -0.017860790714621544
v -0.01285575516521931 0.09839089959859847 -0.017860790714621544
v -0.014096739701926712 0.09889394044876097 -0.014196690171957016
v -0.012343151494860653 0.09889543801546095 -0.01790871098637581
v -0.01285575516521931 0.09839089959859847 -0.017860790714621544
v -0.012343151494860653 0.09889543801546095 -0.01790871098637581
v -0.013543846085667614 0.09839789569377898 -0.02067340537905693
v -0.020881041884422306 0.09836753457784651 -0.021932298317551613
v -0.022304372861981395 0.09889645874500273 -0.020804444327950478
v -0.022499270737171177 0.09839088469743727 -0.018621932715177536
v -0.022499270737171177 0.09839088469743727 -0.018621932715177536
v -0.022304372861981395 0.09889645874500273 -0.020804444327950478
v -0.022880064323544506 0.09891642630100249 -0.020621035248041153
v -0.022499270737171177 0.09839088469743727 -0.018621932715177536
v -0.022880064323544506 0.09891642630100249 -0.020621035248041153
v -0.02246371097862721 0.09889558702707289 -0.015862299129366875
v -0.022499270737171177 0.09839088469743727 -0.018621932715177536
v -0.02246371097862721 0.09889558702707289 -0.015862299129366875
v -0.021368304267525676 0.09836775809526442 -0.015037699602544308
v -0.021368304267525676 0.09836775809526442 -0.015037699602544308
v -0.02246371097862721 0.09889558702707289 -0.015862299129366875
v -0.018917085602879528 0.09889181703329085 -0.012926655821502209
v -0.020881041884422306 0.09836753457784651 -0.021932298317551613
v -0.020877752453088764 0.09893520921468733 -0.022634491324424744
v -0.022304372861981395 0.09889645874500273 -0.020804444327950478
v -0.012343151494860653 0.09889543801546095 -0.01790871098637581
v -0.013614525087177757 0.0988941118121147 -0.021809371188282967
v -0.013543846085667614 0.09839789569377898 -0.02067340537905693
v -0.013543846085667614 0.09839789569377898 -0.02067340537905693
v -0.013614525087177757 0.0988941118121147 -0.021809371188282967
v -0.015310223214328293 0.09839349985122679 -0.02241254411637783
v -0.015310223214328293 0.09839349985122679 -0.02241254411637783
v -0.013614525087177757 0.0988941118121147 -0.021809371188282967
v -0.017344906926155094 0.09889543801546095 -0.0235756766051054
v -0.015310223214328293 0.09839349985122679 -0.02241254411637783
v -0.017344906926155094 0.09889543801546095 -0.0235756766051054
v -0.01771340146660805 0.098393477499485 -0.023037364706397057
v -0.01771340146660805 0.098393477499485 -0.023037364706397057
v -0.017344906926155094 0.09889543801546095 -0.0235756766051054
v -0.020881041884422306 0.09836753457784651 -0.021932298317551613
v -0.020881041884422306 0.09836753457784651 -0.021932298317551613
v -0.017344906926155094 0.09889543801546095 -0.0235756766051054
v -0.020877752453088764 0.09893520921468733 -0.022634491324424744
v 0.021811025217175487 0.09839790314435957 -0.02067340537905693
v 0.022016201168298725 0.09892903268337248 -0.02149626426398754
v 0.020375613123178486 0.09839016944169997 -0.022170746698975563
v 0.020375613123178486 0.09839016944169997 -0.022170746698975563
v 0.022016201168298725 0.09892903268337248 -0.02149626426398754
v 0.01935725659132004 0.09889371693134306 -0.023357311263680458
v 0.018173521384596828 0.09837687015533446 -0.013430949300527573
v 0.018403818830847744 0.09889566898345946 -0.012927396222949028
v 0.02112645469605923 0.09839092195034026 -0.014850451610982418
v 0.02112645469605923 0.09839092195034026 -0.014850451610982418
v 0.018403818830847744 0.09889566898345946 -0.012927396222949028
v 0.02155004814267159 0.09889570623636244 -0.01455740537494421
v 0.02112645469605923 0.09839092195034026 -0.014850451610982418
v 0.02155004814267159 0.09889570623636244 -0.01455740537494421
v 0.022499125450849537 0.09839090704917906 -0.01786080375313759
v 0.022499125450849537 0.09839090704917906 -0.01786080375313759
v 0.02155004814267159 0.09889570623636244 -0.01455740537494421
v 0.023011879995465282 0.09889560192823409 -0.017908701673150063
v 0.022499125450849537 0.09839090704917906 -0.01786080375313759
v 0.023011879995465282 0.09889560192823409 -0.017908701673150063
v 0.021811025217175487 0.09839790314435957 -0.02067340537905693
v 0.021811025217175487 0.09839790314435957 -0.02067340537905693
v 0.023011879995465282 0.09889560192823409 -0.017908701673150063
v 0.022016201168298725 0.09892903268337248 -0.02149626426398754
v 0.013157277368009094 0.09839790314435957 -0.019844695925712585
v 0.013050507754087452 0.09889646619558333 -0.020804444327950478
v 0.012384686619043354 0.09889342635869978 -0.017162950709462166
v 0.013157277368009094 0.09839790314435957 -0.019844695925712585
v 0.012384686619043354 0.09889342635869978 -0.017162950709462166
v 0.013099228031933311 0.09838635474443434 -0.016527799889445305
v 0.013099228031933311 0.09838635474443434 -0.016527799889445305
v 0.012384686619043354 0.09889342635869978 -0.017162950709462166
v 0.014721826650202278 0.09889560192823409 -0.013787985779345036
v 0.013099228031933311 0.09838635474443434 -0.016527799889445305
v 0.014721826650202278 0.09889560192823409 -0.013787985779345036
v 0.015310268849134449 0.0983934849500656 -0.014070090837776661
v 0.015310268849134449 0.0983934849500656 -0.014070090837776661
v 0.014721826650202278 0.09889560192823409 -0.013787985779345036
v 0.018173521384596828 0.09837687015533446 -0.013430949300527573
v 0.018173521384596828 0.09837687015533446 -0.013430949300527573
v 0.014721826650202278 0.09889560192823409 -0.013787985779345036
v 0.018403818830847744 0.09889566898345946 -0.012927396222949028
v 0.020375613123178486 0.09839016944169997 -0.022170746698975563
v 0.01935725659132004 0.09889371693134306 -0.023357311263680458
v 0.018057592213153843 0.09839090704917906 -0.023063145577907562
v 0.018057592213153843 0.09839090704917906 -0.023063145577907562
v 0.01935725659132004 0.09889371693134306 -0.023357311263680458
v 0.01529800891876221 0.09889572113752364 -0.023027503862977028
v 0.018057592213153843 0.09839090704917906 -0.023063145577907562
v 0.01529800891876221 0.09889572113752364 -0.023027503862977028
v 0.014869194477796558 0.09839089959859847 -0.022179465740919113
v 0.014869194477796558 0.09839089959859847 -0.022179465740919113
v 0.01529800891876221 0.09889572113752364 -0.023027503862977028
v 0.013050507754087452 0.09889646619558333 -0.020804444327950478
v 0.014869194477796558 0.09839089959859847 -0.022179465740919113
v 0.013050507754087452 0.09889646619558333 -0.020804444327950478
v 0.013157277368009094 0.09839790314435957 -0.019844695925712585
v 0.0016101821092888717 0.09789048880338667 -0.016285091638565063
v 0.004987522959709168 0.09789706021547316 -0.01550306286662817
v 0.004018301609903575 0.09889633208513258 -0.01687898486852646
v 0.004018301609903575 0.09889633208513258 -0.01687898486852646
v 0.004987522959709168 0.09789706021547316 -0.01550306286662817
v 0.00896715931594372 0.09889668971300124 -0.014748272486031055
v 0.00896715931594372 0.09889668971300124 -0.014748272486031055
v 0.004987522959709168 0.09789706021547316 -0.01550306286662817
v 0.00865889433771372 0.09791252017021178 -0.013777335174381733
v 0.00896715931594372 0.09889668971300124 -0.014748272486031055
v 0.00865889433771372 0.09791252017021178 -0.013777335174381733
v 0.013901496306061748 0.09889551997184752 -0.010159242898225784
v 0.00865889433771372 0.09791252017021178 -0.013777335174381733
v 0.01239945646375418 0.09790388494729994 -0.010352239944040775
v 0.013901496306061748 0.09889551997184752 -0.010159242898225784
v 0.01239945646375418 0.09790388494729994 -0.010352239944040775
v 0.014865465462207798 0.09790382534265517 -0.005908122751861811
v 0.013901496306061748 0.09889551997184752 -0.010159242898225784
v 0.013901496306061748 0.09889551997184752 -0.010159242898225784
v 0.014865465462207798 0.09790382534265517 -0.005908122751861811
v 0.016740659251809124 0.0988957956433296 -0.0026643038727343082
v 0.014865465462207798 0.09790382534265517 -0.005908122751861811
v 0.01575611345469952 0.09792103618383406 -0.0013195701176300645
v 0.016740659251809124 0.0988957956433296 -0.0026643038727343082
v 0.016740659251809124 0.0988957956433296 -0.0026643038727343082
v 0.01575611345469952 0.09792103618383406 -0.0013195701176300645
v 0.015431406907737259 0.09789706766605376 0.0025865251664072275
v 0.016740659251809124 0.0988957956433296 -0.0026643038727343082
v 0.015431406907737259 0.09789706766605376 0.0025865251664072275
v 0.016139438375830654 0.09889647364616393 0.004111272282898426
v 0.015431406907737259 0.09789706766605376 0.0025865251664072275
v 0.014134334400296215 0.09790346771478652 0.0064871483482420444
v 0.016139438375830654 0.09889647364616393 0.004111272282898426
v 0.016139438375830654 0.09889647364616393 0.004111272282898426
v 0.014134334400296215 0.09790346771478652 0.0064871483482420444
v 0.013828688301146034 0.09889663010835646 0.008981280028820038
v 0.014134334400296215 0.09790346771478652 0.0064871483482420444
v 0.011162943206727506 0.0979032665491104 0.010610587894916534
v 0.013828688301146034 0.09889663010835646 0.008981280028820038
v 0.013828688301146034 0.09889663010835646 0.008981280028820038
v 0.011162943206727506 0.0979032665491104 0.010610587894916534
v 0.009947733953595163 0.09889673441648482 0.012999096885323524
v 0.009947733953595163 0.09889673441648482 0.012999096885323524
v 0.011162943206727506 0.0979032665491104 0.010610587894916534
v 0.0070262877270579355 0.09791093319654463 0.013581239618360996
v 0.009947733953595163 0.09889673441648482 0.012999096885323524
v 0.0070262877270579355 0.09791093319654463 0.013581239618360996
v 0.005320817697793246 0.09889633208513258 0.01537417620420456
v 0.0070262877270579355 0.09791093319654463 0.013581239618360996
v 0.0011694659478962424 0.0978977084159851 0.015236817300319672
v 0.005320817697793246 0.09889633208513258 0.01537417620420456
v 0.005320817697793246 0.09889633208513258 0.01537417620420456
v 0.0011694659478962424 0.0978977084159851 0.015236817300319672
v 0.00027227634564042097 0.09889658540487288 0.01621728576719761
v 0.00027227634564042097 0.09889658540487288 0.01621728576719761
v 0.0011694659478962424 0.0978977084159851 0.015236817300319672
v -0.00494674313813448 0.09889643639326094 0.015482764691114426
v 0.0011694659478962424 0.0978977084159851 0.015236817300319672
v -0.004783241543918849 0.09789339452981947 0.014489837922155857
v -0.00494674313813448 0.09889643639326094 0.015482764691114426
v -0.00494674313813448 0.09889643639326094 0.015482764691114426
v -0.004783241543918849 0.09789339452981947 0.014489837922155857
v -0.009692118503153326 0.0988967940211296 0.013159324415028095
v -0.009692118503153326 0.0988967940211296 0.013159324415028095
v -0.004783241543918849 0.09789339452981947 0.014489837922155857
v -0.008417537435889246 0.09789705276489256 0.012747819535434246
v -0.008417537435889246 0.09789705276489256 0.012747819535434246
v -0.01124450657516718 0.09789415448904036 0.010530458763241768
v -0.009692118503153326 0.0988967940211296 0.013159324415028095
v -0.009692118503153326 0.0988967940211296 0.013159324415028095
v -0.01124450657516718 0.09789415448904036 0.010530458763241768
v -0.013594775460660461 0.09889668226242064 0.00929300021380186
v -0.01124450657516718 0.09789415448904036 0.010530458763241768
v -0.014146627858281139 0.09791069477796553 0.006463176570832729
v -0.013594775460660461 0.09889668226242064 0.00929300021380186
v -0.013594775460660461 0.09889668226242064 0.00929300021380186
v -0.014146627858281139 0.09791069477796553 0.006463176570832729
v -0.016114562749862674 0.09889640659093855 0.004233282990753651
v -0.016114562749862674 0.09889640659093855 0.004233282990753651
v -0.014146627858281139 0.09791069477796553 0.006463176570832729
v -0.015654698014259342 0.09788833558559416 0.0015513026155531406
v -0.016114562749862674 0.09889640659093855 0.004233282990753651
v -0.015654698014259342 0.09788833558559416 0.0015513026155531406
v -0.016741355881094936 0.09889633208513258 -0.002664372557774186
v -0.016741355881094936 0.09889633208513258 -0.002664372557774186
v -0.015654698014259342 0.09788833558559416 0.0015513026155531406
v -0.015531479381024841 0.0979037582874298 -0.0034469834063202143
v -0.016741355881094936 0.09889633208513258 -0.002664372557774186
v -0.015531479381024841 0.0979037582874298 -0.0034469834063202143
v -0.013812612742185596 0.09790385514497756 -0.008229900151491165
v -0.016741355881094936 0.09889633208513258 -0.002664372557774186
v -0.013812612742185596 0.09790385514497756 -0.008229900151491165
v -0.014552003704011444 0.09889656305313109 -0.008965415880084038
v -0.014552003704011444 0.09889656305313109 -0.008965415880084038
v -0.013812612742185596 0.09790385514497756 -0.008229900151491165
v -0.010607504285871984 0.09788903594017027 -0.012271364219486713
v -0.014552003704011444 0.09889656305313109 -0.008965415880084038
v -0.010607504285871984 0.09788903594017027 -0.012271364219486713
v -0.011331685818731787 0.09889671206474303 -0.012944676913321018
v -0.011331685818731787 0.09889671206474303 -0.012944676913321018
v -0.010607504285871984 0.09788903594017027 -0.012271364219486713
v -0.006818546913564207 0.09889665246009825 -0.01594482734799385
v -0.006818546913564207 0.09889665246009825 -0.01594482734799385
v -0.010607504285871984 0.09788903594017027 -0.012271364219486713
v -0.006412823684513571 0.09790387749671935 -0.015002219006419182
v -0.006818546913564207 0.09889665246009825 -0.01594482734799385
v -0.006412823684513571 0.09790387749671935 -0.015002219006419182
v -0.0025263810530304913 0.09789706766605376 -0.01610979624092579
v -0.006818546913564207 0.09889665246009825 -0.01594482734799385
v -0.0025263810530304913 0.09789706766605376 -0.01610979624092579
v -0.0015950343804433946 0.09889662265777587 -0.017286570742726326
v -0.0015950343804433946 0.09889662265777587 -0.017286570742726326
v -0.0025263810530304913 0.09789706766605376 -0.01610979624092579
v 0.0016101821092888717 0.09789048880338667 -0.016285091638565063
v -0.0015950343804433946 0.09889662265777587 -0.017286570742726326
v 0.0016101821092888717 0.09789048880338667 -0.016285091638565063
v 0.004018301609903575 0.09889633208513258 -0.01687898486852646
v 0.004885857459157706 0.06817532330751418 0.033432383090257645
v 0.004753088578581811 0.0660639703273773 0.036435555666685104
v 0.004751816857606173 0.06605350971221922 0.033432383090257645
v 0.004751816857606173 0.06605350971221922 0.033432383090257645
v 0.004753088578581811 0.0660639703273773 0.036435555666685104
v 0.0037916558794677266 0.0641590654850006 0.036435555666685104
v 0.004751816857606173 0.06605350971221922 0.033432383090257645
v 0.0037916558794677266 0.0641590654850006 0.036435555666685104
v 0.003774768905714155 0.06413681060075758 0.033432383090257645
v 0.003774768905714155 0.06413681060075758 0.033432383090257645
v 0.0037916558794677266 0.0641590654850006 0.036435555666685104
v 0.0012901729205623271 0.06251993775367735 0.036435555666685104
v 0.003774768905714155 0.06413681060075758 0.033432383090257645
v 0.0012901729205623271 0.06251993775367735 0.036435555666685104
v 0.0016636779764667158 0.06267951428890227 0.033432383090257645
v 0.0016636779764667158 0.06267951428890227 0.033432383090257645
v 0.0012901729205623271 0.06251993775367735 0.036435555666685104
v -0.0004492489970289172 0.0624430701136589 0.033432383090257645
v -0.0004492489970289172 0.0624430701136589 0.033432383090257645
v 0.0012901729205623271 0.06251993775367735 0.036435555666685104
v -0.0016994023462757473 0.06269392371177672 0.036435555666685104
v -0.0004492489970289172 0.0624430701136589 0.033432383090257645
v -0.0016994023462757473 0.06269392371177672 0.036435555666685104
v -0.002094837371259928 0.06281997263431548 0.03339410200715065
v -0.002094837371259928 0.06281997263431548 0.03339410200715065
v -0.0016994023462757473 0.06269392371177672 0.036435555666685104
v -0.0037985076196491727 0.06416706740856169 0.036435555666685104
v -0.002094837371259928 0.06281997263431548 0.03339410200715065
v -0.0037985076196491727 0.06416706740856169 0.036435555666685104
v -0.003817496122792364 0.06418757140636443 0.033432383090257645
v -0.003817496122792364 0.06418757140636443 0.033432383090257645
v -0.0037985076196491727 0.06416706740856169 0.036435555666685104
v -0.004758167546242476 0.06608244031667708 0.036435555666685104
v -0.003817496122792364 0.06418757140636443 0.033432383090257645
v -0.004758167546242476 0.06608244031667708 0.036435555666685104
v -0.004762297961860896 0.06609214097261427 0.033432383090257645
v -0.004762297961860896 0.06609214097261427 0.033432383090257645
v -0.004758167546242476 0.06608244031667708 0.036435555666685104
v -0.004877981264144183 0.06821287423372267 0.036435555666685104
v -0.004762297961860896 0.06609214097261427 0.033432383090257645
v -0.004877981264144183 0.06821287423372267 0.036435555666685104
v -0.005024662707000972 0.06710014492273329 0.03340233489871025
v -0.005024662707000972 0.06710014492273329 0.03340233489871025
v -0.004877981264144183 0.06821287423372267 0.036435555666685104
v -0.004071729257702828 0.07024676352739333 0.033432383090257645
v -0.004071729257702828 0.07024676352739333 0.033432383090257645
v -0.004877981264144183 0.06821287423372267 0.036435555666685104
v -0.0040275617502629766 0.070179246366024 0.036435555666685104
v -0.004071729257702828 0.07024676352739333 0.033432383090257645
v -0.0040275617502629766 0.070179246366024 0.036435555666685104
v -0.0021089799702167515 0.071877583861351 0.036435555666685104
v -0.004071729257702828 0.07024676352739333 0.033432383090257645
v -0.0021089799702167515 0.071877583861351 0.036435555666685104
v -0.0020632306113839154 0.07181937992572783 0.033432383090257645
v -0.0020632306113839154 0.07181937992572783 0.033432383090257645
v -0.0021089799702167515 0.071877583861351 0.036435555666685104
v -0.0004093020106665791 0.07225532829761504 0.033432383090257645
v -0.0004093020106665791 0.07225532829761504 0.033432383090257645
v -0.0021089799702167515 0.071877583861351 0.036435555666685104
v 0.001296342699788511 0.0721733123064041 0.036435555666685104
v -0.0004093020106665791 0.07225532829761504 0.033432383090257645
v 0.001296342699788511 0.0721733123064041 0.036435555666685104
v 0.0021481406874954705 0.07186073064804076 0.033432383090257645
v 0.0021481406874954705 0.07186073064804076 0.033432383090257645
v 0.001296342699788511 0.0721733123064041 0.036435555666685104
v 0.0034880577586591252 0.0708220526576042 0.036435555666685104
v 0.0021481406874954705 0.07186073064804076 0.033432383090257645
v 0.0034880577586591252 0.0708220526576042 0.036435555666685104
v 0.004045594483613969 0.07015588134527205 0.033432383090257645
v 0.004045594483613969 0.07015588134527205 0.033432383090257645
v 0.0034880577586591252 0.0708220526576042 0.036435555666685104
v 0.004827456548810006 0.0686376392841339 0.036435555666685104
v 0.004045594483613969 0.07015588134527205 0.033432383090257645
v 0.004827456548810006 0.0686376392841339 0.036435555666685104
v 0.004885857459157706 0.06817532330751418 0.033432383090257645
v 0.004885857459157706 0.06817532330751418 0.033432383090257645
v 0.004827456548810006 0.0686376392841339 0.036435555666685104
v 0.004753088578581811 0.0660639703273773 0.036435555666685104
v 0.013398413546383384 0.09889490902423857 0.020495668053627014
v 0.0007961344672366979 0.09879590570926665 0.021406637504696846
v 0.0023791287094354634 0.09878975898027419 0.02244485355913639
v -0.012221893295645717 0.09889429062604903 0.016534890979528427
v -0.0010573033941909673 0.09878974407911299 0.021519236266613007
v 0.0007961344672366979 0.09879590570926665 0.021406637504696846
v -0.012221893295645717 0.09889429062604903 0.016534890979528427
v 0.0007961344672366979 0.09879590570926665 0.021406637504696846
v 0.013398413546383384 0.09889490902423857 0.020495668053627014
v -0.012221893295645717 0.09889429062604903 0.016534890979528427
v -0.0026791193522512917 0.0987938418984413 0.022781729698181152
v -0.0010573033941909673 0.09878974407911299 0.021519236266613007
v 0.003108295379206539 0.0987822115421295 0.024137312546372414
v 0.010755487717688085 0.09889721125364302 0.028068462386727333
v 0.013398413546383384 0.09889490902423857 0.020495668053627014
v 0.003108295379206539 0.0987822115421295 0.024137312546372414
v 0.013398413546383384 0.09889490902423857 0.020495668053627014
v 0.0023791287094354634 0.09878975898027419 0.02244485355913639
v 0.010755487717688085 0.09889721125364302 0.028068462386727333
v 0.003108295379206539 0.0987822115421295 0.024137312546372414
v 0.0027263076044619088 0.09880855679512023 0.02602078765630722
v -0.015587819740176204 0.0988975167274475 0.02585292048752308
v -0.0030976580455899247 0.09880023449659346 0.025057189166545868
v -0.0026791193522512917 0.0987938418984413 0.022781729698181152
v -0.015587819740176204 0.0988975167274475 0.02585292048752308
v -0.0026791193522512917 0.0987938418984413 0.022781729698181152
v -0.012221893295645717 0.09889429062604903 0.016534890979528427
v 0.0015340049285441641 0.09881085157394408 0.027145592495799065
v 0.0021307501010596757 0.09889713674783705 0.029909806326031685
v 0.0027263076044619088 0.09880855679512023 0.02602078765630722
v 0.0027263076044619088 0.09880855679512023 0.02602078765630722
v 0.0021307501010596757 0.09889713674783705 0.029909806326031685
v 0.010755487717688085 0.09889721125364302 0.028068462386727333
v -0.00025846791686490184 0.09879589825868605 0.027557099238038063
v 0.0021307501010596757 0.09889713674783705 0.029909806326031685
v 0.0015340049285441641 0.09881085157394408 0.027145592495799065
v -0.0056247441098093995 0.09889714419841765 0.02949817292392254
v -0.0030976580455899247 0.09880023449659346 0.025057189166545868
v -0.015587819740176204 0.0988975167274475 0.02585292048752308
v -0.00025846791686490184 0.09879589825868605 0.027557099238038063
v -0.0056247441098093995 0.09889714419841765 0.02949817292392254
v 0.0021307501010596757 0.09889713674783705 0.029909806326031685
v -0.00025846791686490184 0.09879589825868605 0.027557099238038063
v -0.0020061801187694077 0.09880696982145308 0.026813605800271034
v -0.0056247441098093995 0.09889714419841765 0.02949817292392254
v -0.0056247441098093995 0.09889714419841765 0.02949817292392254
v -0.0020061801187694077 0.09880696982145308 0.026813605800271034
v -0.0030976580455899247 0.09880023449659346 0.025057189166545868
v -0.01510131545364857 0.09889392554759978 0.01236545480787754
v -0.013594775460660461 0.09889668226242064 0.00929300021380186
v -0.016114562749862674 0.09889640659093855 0.004233282990753651
v -0.01510131545364857 0.09889392554759978 0.01236545480787754
v -0.016114562749862674 0.09889640659093855 0.004233282990753651
v -0.01880697719752789 0.09889658540487288 0.01192399114370346
v -0.01880697719752789 0.09889658540487288 0.01192399114370346
v -0.016114562749862674 0.09889640659093855 0.004233282990753651
v -0.016741355881094936 0.09889633208513258 -0.002664372557774186
v -0.013594775460660461 0.09889668226242064 0.00929300021380186
v -0.01510131545364857 0.09889392554759978 0.01236545480787754
v -0.009692118503153326 0.0988967940211296 0.013159324415028095
v -0.009692118503153326 0.0988967940211296 0.013159324415028095
v -0.01510131545364857 0.09889392554759978 0.01236545480787754
v -0.012221893295645717 0.09889429062604903 0.016534890979528427
v -0.022869475185871128 0.09889651834964751 0.01812429167330265
v -0.0268022045493126 0.09889747947454451 0.014212370850145817
v -0.021211216226220134 0.09892185032367705 0.02129416912794113
v -0.01880697719752789 0.09889658540487288 0.01192399114370346
v -0.016741355881094936 0.09889633208513258 -0.002664372557774186
v -0.022242974489927295 0.09889140725135802 0.014099262654781342
v -0.022242974489927295 0.09889140725135802 0.014099262654781342
v -0.016741355881094936 0.09889633208513258 -0.002664372557774186
v -0.030422246083617217 0.09889764338731764 0.0035870519932359457
v -0.022869475185871128 0.09889651834964751 0.01812429167330265
v -0.022242974489927295 0.09889140725135802 0.014099262654781342
v -0.0268022045493126 0.09889747947454451 0.014212370850145817
v -0.0268022045493126 0.09889747947454451 0.014212370850145817
v -0.022242974489927295 0.09889140725135802 0.014099262654781342
v -0.030422246083617217 0.09889764338731764 0.0035870519932359457
v -0.013805362395942215 0.09889526665210722 0.02079734578728676
v -0.015587819740176204 0.0988975167274475 0.02585292048752308
v -0.012221893295645717 0.09889429062604903 0.016534890979528427
v -0.015587819740176204 0.0988975167274475 0.02585292048752308
v -0.01707898080348969 0.09889543801546095 0.022424623370170593
v -0.021211216226220134 0.09892185032367705 0.02129416912794113
v -0.013805362395942215 0.09889526665210722 0.02079734578728676
v -0.01707898080348969 0.09889543801546095 0.022424623370170593
v -0.015587819740176204 0.0988975167274475 0.02585292048752308
v 0.016165526583790783 0.09889589995145796 0.011986609548330307
v 0.020259063690900806 0.09889422357082366 0.01239132508635521
v 0.030494982376694686 0.09889709949493407 -0.0018628770485520363
v 0.012388646602630619 0.09889657795429228 0.017113404348492622
v 0.013224106281995777 0.09889544546604155 0.014158031903207302
v 0.009947733953595163 0.09889673441648482 0.012999096885323524
v 0.009947733953595163 0.09889673441648482 0.012999096885323524
v 0.013224106281995777 0.09889544546604155 0.014158031903207302
v 0.013828688301146034 0.09889663010835646 0.008981280028820038
v 0.030494982376694686 0.09889709949493407 -0.0018628770485520363
v 0.016740659251809124 0.0988957956433296 -0.0026643038727343082
v 0.016165526583790783 0.09889589995145796 0.011986609548330307
v 0.013828688301146034 0.09889663010835646 0.008981280028820038
v 0.013224106281995777 0.09889544546604155 0.014158031903207302
v 0.016165526583790783 0.09889589995145796 0.011986609548330307
v 0.013828688301146034 0.09889663010835646 0.008981280028820038
v 0.016165526583790783 0.09889589995145796 0.011986609548330307
v 0.016139438375830654 0.09889647364616393 0.004111272282898426
v 0.016139438375830654 0.09889647364616393 0.004111272282898426
v 0.016165526583790783 0.09889589995145796 0.011986609548330307
v 0.016740659251809124 0.0988957956433296 -0.0026643038727343082
v 0.020448692142963413 0.09889660030603407 0.021623466163873672
v 0.017344692721962932 0.09889545291662215 0.022447854280471802
v 0.018308799713850025 0.09889715909957884 0.023901525884866714
v 0.018308799713850025 0.09889715909957884 0.023901525884866714
v 0.017344692721962932 0.09889545291662215 0.022447854280471802
v 0.010755487717688085 0.09889721125364302 0.028068462386727333
v 0.010755487717688085 0.09889721125364302 0.028068462386727333
v 0.017344692721962932 0.09889545291662215 0.022447854280471802
v 0.013398413546383384 0.09889490902423857 0.020495668053627014
v 0.02394839748740197 0.09889714419841765 0.018359776586294174
v 0.022775601595640186 0.0988936349749565 0.018835751339793205
v 0.020448692142963413 0.09889660030603407 0.021623466163873672
v 0.02394839748740197 0.09889714419841765 0.018359776586294174
v 0.020448692142963413 0.09889660030603407 0.021623466163873672
v 0.018308799713850025 0.09889715909957884 0.023901525884866714
v 0.030494982376694686 0.09889709949493407 -0.0018628770485520363
v 0.020259063690900806 0.09889422357082366 0.01239132508635521
v 0.029300177469849593 0.09889866411685942 0.008794285356998444
v 0.029300177469849593 0.09889866411685942 0.008794285356998444
v 0.020259063690900806 0.09889422357082366 0.01239132508635521
v 0.022616544738411907 0.09889646619558333 0.01519169844686985
v 0.029300177469849593 0.09889866411685942 0.008794285356998444
v 0.022616544738411907 0.09889646619558333 0.01519169844686985
v 0.02394839748740197 0.09889714419841765 0.018359776586294174
v 0.02394839748740197 0.09889714419841765 0.018359776586294174
v 0.022616544738411907 0.09889646619558333 0.01519169844686985
v 0.022775601595640186 0.0988936349749565 0.018835751339793205
v -0.020877752453088764 0.09893520921468733 -0.022634491324424744
v -0.017344906926155094 0.09889543801546095 -0.0235756766051054
v -0.014233767054975036 0.09889717400074004 -0.027593256905674934
v -0.014233767054975036 0.09889717400074004 -0.027593256905674934
v -0.017344906926155094 0.09889543801546095 -0.0235756766051054
v -0.013614525087177757 0.0988941118121147 -0.021809371188282967
v -0.014233767054975036 0.09889717400074004 -0.027593256905674934
v -0.013614525087177757 0.0988941118121147 -0.021809371188282967
v -0.005773701239377261 0.09889718145132063 -0.03062225691974163
v -0.022880064323544506 0.09891642630100249 -0.020621035248041153
v -0.022304372861981395 0.09889645874500273 -0.020804444327950478
v -0.020877752453088764 0.09893520921468733 -0.022634491324424744
v -0.016741355881094936 0.09889633208513258 -0.002664372557774186
v -0.018917085602879528 0.09889181703329085 -0.012926655821502209
v -0.030422246083617217 0.09889764338731764 0.0035870519932359457
v -0.030422246083617217 0.09889764338731764 0.0035870519932359457
v -0.018917085602879528 0.09889181703329085 -0.012926655821502209
v -0.029949164018034942 0.09889752417802809 -0.00686795637011528
v -0.029949164018034942 0.09889752417802809 -0.00686795637011528
v -0.018917085602879528 0.09889181703329085 -0.012926655821502209
v -0.02246371097862721 0.09889558702707289 -0.015862299129366875
v -0.029949164018034942 0.09889752417802809 -0.00686795637011528
v -0.02246371097862721 0.09889558702707289 -0.015862299129366875
v -0.02690574154257775 0.09889717400074004 -0.015030059032142162
v -0.02690574154257775 0.09889717400074004 -0.015030059032142162
v -0.02246371097862721 0.09889558702707289 -0.015862299129366875
v -0.022880064323544506 0.09891642630100249 -0.020621035248041153
v -0.005773701239377261 0.09889718145132063 -0.03062225691974163
v -0.013614525087177757 0.0988941118121147 -0.021809371188282967
v -0.012343151494860653 0.09889543801546095 -0.01790871098637581
v -0.006818546913564207 0.09889665246009825 -0.01594482734799385
v -0.012343151494860653 0.09889543801546095 -0.01790871098637581
v -0.011331685818731787 0.09889671206474303 -0.012944676913321018
v -0.011331685818731787 0.09889671206474303 -0.012944676913321018
v -0.012343151494860653 0.09889543801546095 -0.01790871098637581
v -0.014096739701926712 0.09889394044876097 -0.014196690171957016
v -0.011331685818731787 0.09889671206474303 -0.012944676913321018
v -0.014096739701926712 0.09889394044876097 -0.014196690171957016
v -0.014552003704011444 0.09889656305313109 -0.008965415880084038
v -0.014552003704011444 0.09889656305313109 -0.008965415880084038
v -0.014096739701926712 0.09889394044876097 -0.014196690171957016
v -0.016741355881094936 0.09889633208513258 -0.002664372557774186
v -0.016741355881094936 0.09889633208513258 -0.002664372557774186
v -0.014096739701926712 0.09889394044876097 -0.014196690171957016
v -0.018917085602879528 0.09889181703329085 -0.012926655821502209
v 0.004856125917285682 0.09889752417802809 -0.030793825164437294
v 0.013050507754087452 0.09889646619558333 -0.020804444327950478
v 0.01529800891876221 0.09889572113752364 -0.023027503862977028
v 0.004856125917285682 0.09889752417802809 -0.030793825164437294
v 0.01529800891876221 0.09889572113752364 -0.023027503862977028
v 0.015945499762892727 0.09889757633209227 -0.026802847161889076
v 0.015945499762892727 0.09889757633209227 -0.026802847161889076
v 0.01529800891876221 0.09889572113752364 -0.023027503862977028
v 0.01935725659132004 0.09889371693134306 -0.023357311263680458
v 0.030494982376694686 0.09889709949493407 -0.0018628770485520363
v 0.018403818830847744 0.09889566898345946 -0.012927396222949028
v 0.016740659251809124 0.0988957956433296 -0.0026643038727343082
v 0.016740659251809124 0.0988957956433296 -0.0026643038727343082
v 0.018403818830847744 0.09889566898345946 -0.012927396222949028
v 0.013901496306061748 0.09889551997184752 -0.010159242898225784
v 0.013901496306061748 0.09889551997184752 -0.010159242898225784
v 0.018403818830847744 0.09889566898345946 -0.012927396222949028
v 0.014721826650202278 0.09889560192823409 -0.013787985779345036
v -0.005773701239377261 0.09889718145132063 -0.03062225691974163
v 0.012384686619043354 0.09889342635869978 -0.017162950709462166
v 0.013050507754087452 0.09889646619558333 -0.020804444327950478
v 0.013901496306061748 0.09889551997184752 -0.010159242898225784
v 0.014721826650202278 0.09889560192823409 -0.013787985779345036
v 0.00896715931594372 0.09889668971300124 -0.014748272486031055
v 0.00896715931594372 0.09889668971300124 -0.014748272486031055
v 0.014721826650202278 0.09889560192823409 -0.013787985779345036
v 0.012384686619043354 0.09889342635869978 -0.017162950709462166
v 0.022016201168298725 0.09892903268337248 -0.02149626426398754
v 0.023011879995465282 0.09889560192823409 -0.017908701673150063
v 0.028304640203714378 0.09889853745698927 -0.012602660804986954
v 0.028304640203714378 0.09889853745698927 -0.012602660804986954
v 0.023011879995465282 0.09889560192823409 -0.017908701673150063
v 0.02155004814267159 0.09889570623636244 -0.01455740537494421
v 0.028304640203714378 0.09889853745698927 -0.012602660804986954
v 0.02155004814267159 0.09889570623636244 -0.01455740537494421
v 0.030494982376694686 0.09889709949493407 -0.0018628770485520363
v 0.030494982376694686 0.09889709949493407 -0.0018628770485520363
v 0.02155004814267159 0.09889570623636244 -0.01455740537494421
v 0.018403818830847744 0.09889566898345946 -0.012927396222949028
v 0.015945499762892727 0.09889757633209227 -0.026802847161889076
v 0.01935725659132004 0.09889371693134306 -0.023357311263680458
v 0.022016201168298725 0.09892903268337248 -0.02149626426398754
v 0.004856125917285682 0.09889752417802809 -0.030793825164437294
v -0.005773701239377261 0.09889718145132063 -0.03062225691974163
v 0.013050507754087452 0.09889646619558333 -0.020804444327950478
v 0.00896715931594372 0.09889668971300124 -0.014748272486031055
v 0.012384686619043354 0.09889342635869978 -0.017162950709462166
v -0.005773701239377261 0.09889718145132063 -0.03062225691974163
v 0.00896715931594372 0.09889668971300124 -0.014748272486031055
v -0.005773701239377261 0.09889718145132063 -0.03062225691974163
v 0.004018301609903575 0.09889633208513258 -0.01687898486852646
v -0.012343151494860653 0.09889543801546095 -0.01790871098637581
v -0.006818546913564207 0.09889665246009825 -0.01594482734799385
v -0.005773701239377261 0.09889718145132063 -0.03062225691974163
v -0.006818546913564207 0.09889665246009825 -0.01594482734799385
v -0.0015950343804433946 0.09889662265777587 -0.017286570742726326
v -0.005773701239377261 0.09889718145132063 -0.03062225691974163
v -0.005773701239377261 0.09889718145132063 -0.03062225691974163
v -0.0015950343804433946 0.09889662265777587 -0.017286570742726326
v 0.004018301609903575 0.09889633208513258 -0.01687898486852646
v 0.005320817697793246 0.09889633208513258 0.01537417620420456
v 0.013398413546383384 0.09889490902423857 0.020495668053627014
v 0.009947733953595163 0.09889673441648482 0.012999096885323524
v 0.009947733953595163 0.09889673441648482 0.012999096885323524
v 0.013398413546383384 0.09889490902423857 0.020495668053627014
v 0.012388646602630619 0.09889657795429228 0.017113404348492622
v -0.009692118503153326 0.0988967940211296 0.013159324415028095
v -0.012221893295645717 0.09889429062604903 0.016534890979528427
v -0.00494674313813448 0.09889643639326094 0.015482764691114426
v 0.013398413546383384 0.09889490902423857 0.020495668053627014
v 0.005320817697793246 0.09889633208513258 0.01537417620420456
v 0.00027227634564042097 0.09889658540487288 0.01621728576719761
v 0.013398413546383384 0.09889490902423857 0.020495668053627014
v 0.00027227634564042097 0.09889658540487288 0.01621728576719761
v -0.012221893295645717 0.09889429062604903 0.016534890979528427
v -0.012221893295645717 0.09889429062604903 0.016534890979528427
v 0.00027227634564042097 0.09889658540487288 0.01621728576719761
v -0.00494674313813448 0.09889643639326094 0.015482764691114426
v 0.012896820902824405 0.09791733324527739 0.028231028467416763
v 0.010755487717688085 0.09889721125364302 0.028068462386727333
v 0.0073987389914691466 0.09789706021547316 0.03005441464483738
v 0.019222298637032512 0.0978853479027748 0.024457508698105812
v 0.018308799713850025 0.09889715909957884 0.023901525884866714
v 0.012896820902824405 0.09791733324527739 0.028231028467416763
v 0.012896820902824405 0.09791733324527739 0.028231028467416763
v 0.018308799713850025 0.09889715909957884 0.023901525884866714
v 0.010755487717688085 0.09889721125364302 0.028068462386727333
v 0.02324137650430203 0.09789706766605376 0.02069772593677044
v 0.018308799713850025 0.09889715909957884 0.023901525884866714
v 0.019222298637032512 0.0978853479027748 0.024457508698105812
v 0.02324137650430203 0.09789706766605376 0.02069772593677044
v 0.02394839748740197 0.09889714419841765 0.018359776586294174
v 0.018308799713850025 0.09889715909957884 0.023901525884866714
v 0.0314856804907322 0.09789706766605376 0.0003694977203849703
v 0.029300177469849593 0.09889866411685942 0.008794285356998444
v 0.03089845553040505 0.0979020521044731 0.0058263507671654224
v 0.03089845553040505 0.0979020521044731 0.0058263507671654224
v 0.029300177469849593 0.09889866411685942 0.008794285356998444
v 0.027872996404767043 0.09786866605281828 0.014410688541829586
v 0.027872996404767043 0.09786866605281828 0.014410688541829586
v 0.029300177469849593 0.09889866411685942 0.008794285356998444
v 0.02394839748740197 0.09889714419841765 0.018359776586294174
v 0.027872996404767043 0.09786866605281828 0.014410688541829586
v 0.02394839748740197 0.09889714419841765 0.018359776586294174
v 0.02324137650430203 0.09789706766605376 0.02069772593677044
v 0.0314856804907322 0.09789706766605376 0.0003694977203849703
v 0.030494982376694686 0.09889709949493407 -0.0018628770485520363
v 0.029300177469849593 0.09889866411685942 0.008794285356998444
v 0.0314856804907322 0.09789706766605376 0.0003694977203849703
v 0.03088981658220292 0.09786866605281828 -0.007416737265884876
v 0.030494982376694686 0.09889709949493407 -0.0018628770485520363
v 0.030494982376694686 0.09889709949493407 -0.0018628770485520363
v 0.03088981658220292 0.09786866605281828 -0.007416737265884876
v 0.028304640203714378 0.09889853745698927 -0.012602660804986954
v 0.028304640203714378 0.09889853745698927 -0.012602660804986954
v 0.03088981658220292 0.09786866605281828 -0.007416737265884876
v 0.027577798813581474 0.0979020372033119 -0.015894107520580292
v 0.028304640203714378 0.09889853745698927 -0.012602660804986954
v 0.027577798813581474 0.0979020372033119 -0.015894107520580292
v 0.021939693018794063 0.09787730872631072 -0.02336588129401207
v 0.028304640203714378 0.09889853745698927 -0.012602660804986954
v 0.021939693018794063 0.09787730872631072 -0.02336588129401207
v 0.022016201168298725 0.09892903268337248 -0.02149626426398754
v 0.0054267444647848615 0.09789191186428069 -0.03173765167593956
v 0.015945499762892727 0.09889757633209227 -0.026802847161889076
v 0.01430874224752188 0.09790202230215071 -0.02868529036641121
v 0.01430874224752188 0.09790202230215071 -0.02868529036641121
v 0.015945499762892727 0.09889757633209227 -0.026802847161889076
v 0.021939693018794063 0.09787730872631072 -0.02336588129401207
v 0.021939693018794063 0.09787730872631072 -0.02336588129401207
v 0.015945499762892727 0.09889757633209227 -0.026802847161889076
v 0.022016201168298725 0.09892903268337248 -0.02149626426398754
v 0.0054267444647848615 0.09789191186428069 -0.03173765167593956
v 0.004856125917285682 0.09889752417802809 -0.030793825164437294
v 0.015945499762892727 0.09889757633209227 -0.026802847161889076
v 0.004856125917285682 0.09889752417802809 -0.030793825164437294
v 0.0054267444647848615 0.09789191186428069 -0.03173765167593956
v -0.003924946766346694 0.09791734069585799 -0.03186994791030884
v 0.004856125917285682 0.09889752417802809 -0.030793825164437294
v -0.003924946766346694 0.09791734069585799 -0.03186994791030884
v -0.005773701239377261 0.09889718145132063 -0.03062225691974163
v -0.005773701239377261 0.09889718145132063 -0.03062225691974163
v -0.003924946766346694 0.09791734069585799 -0.03186994791030884
v -0.012900534085929397 0.09790535271167754 -0.029457662254571915
v -0.005773701239377261 0.09889718145132063 -0.03062225691974163
v -0.012900534085929397 0.09790535271167754 -0.029457662254571915
v -0.014233767054975036 0.09889717400074004 -0.027593256905674934
v -0.014233767054975036 0.09889717400074004 -0.027593256905674934
v -0.012900534085929397 0.09790535271167754 -0.029457662254571915
v -0.022141825407743457 0.09787729382514952 -0.02316979318857193
v -0.014233767054975036 0.09889717400074004 -0.027593256905674934
v -0.022141825407743457 0.09787729382514952 -0.02316979318857193
v -0.020877752453088764 0.09893520921468733 -0.022634491324424744
v -0.03154155239462853 0.09788529574871062 -0.0014039940433576703
v -0.029949164018034942 0.09889752417802809 -0.00686795637011528
v -0.030465707182884223 0.09790201485157012 -0.00877375341951847
v -0.030465707182884223 0.09790201485157012 -0.00877375341951847
v -0.029949164018034942 0.09889752417802809 -0.00686795637011528
v -0.02690574154257775 0.09889717400074004 -0.015030059032142162
v -0.030465707182884223 0.09790201485157012 -0.00877375341951847
v -0.02690574154257775 0.09889717400074004 -0.015030059032142162
v -0.027685170993208892 0.09790201485157012 -0.015699610114097595
v -0.027685170993208892 0.09790201485157012 -0.015699610114097595
v -0.02690574154257775 0.09889717400074004 -0.015030059032142162
v -0.022880064323544506 0.09891642630100249 -0.020621035248041153
v -0.027685170993208892 0.09790201485157012 -0.015699610114097595
v -0.022880064323544506 0.09891642630100249 -0.020621035248041153
v -0.022141825407743457 0.09787729382514952 -0.02316979318857193
v -0.022141825407743457 0.09787729382514952 -0.02316979318857193
v -0.022880064323544506 0.09891642630100249 -0.020621035248041153
v -0.020877752453088764 0.09893520921468733 -0.022634491324424744
v -0.025593079626560218 0.09789705276489256 0.01779969595372677
v -0.0268022045493126 0.09889747947454451 0.014212370850145817
v -0.02843763120472432 0.09790201485157012 0.013105816207826138
v -0.02843763120472432 0.09790201485157012 0.013105816207826138
v -0.0268022045493126 0.09889747947454451 0.014212370850145817
v -0.030422246083617217 0.09889764338731764 0.0035870519932359457
v -0.02843763120472432 0.09790201485157012 0.013105816207826138
v -0.030422246083617217 0.09889764338731764 0.0035870519932359457
v -0.03085287287831307 0.09790201485157012 0.006043665111064911
v -0.03085287287831307 0.09790201485157012 0.006043665111064911
v -0.030422246083617217 0.09889764338731764 0.0035870519932359457
v -0.03154155239462853 0.09788529574871062 -0.0014039940433576703
v -0.03154155239462853 0.09788529574871062 -0.0014039940433576703
v -0.030422246083617217 0.09889764338731764 0.0035870519932359457
v -0.029949164018034942 0.09889752417802809 -0.00686795637011528
v -0.021836968138813976 0.09791728854179381 0.022209446877241135
v -0.021211216226220134 0.09892185032367705 0.02129416912794113
v -0.025593079626560218 0.09789705276489256 0.01779969595372677
v -0.025593079626560218 0.09789705276489256 0.01779969595372677
v -0.021211216226220134 0.09892185032367705 0.02129416912794113
v -0.0268022045493126 0.09889747947454451 0.014212370850145817
v -0.01759722270071507 0.09789705276489256 0.025562044233083725
v -0.015587819740176204 0.0988975167274475 0.02585292048752308
v -0.021836968138813976 0.09791728854179381 0.022209446877241135
v -0.021836968138813976 0.09791728854179381 0.022209446877241135
v -0.015587819740176204 0.0988975167274475 0.02585292048752308
v -0.021211216226220134 0.09892185032367705 0.02129416912794113
v -0.012540779076516632 0.09791734069585799 0.02838793583214283
v -0.015587819740176204 0.0988975167274475 0.02585292048752308
v -0.01759722270071507 0.09789705276489256 0.025562044233083725
v 0.0073987389914691466 0.09789706021547316 0.03005441464483738
v 0.010755487717688085 0.09889721125364302 0.028068462386727333
v 0.0021307501010596757 0.09889713674783705 0.029909806326031685
v 0.0073987389914691466 0.09789706021547316 0.03005441464483738
v 0.0021307501010596757 0.09889713674783705 0.029909806326031685
v 0.001980166416615248 0.09790202230215071 0.03092627413570881
v 0.001980166416615248 0.09790202230215071 0.03092627413570881
v 0.0021307501010596757 0.09889713674783705 0.029909806326031685
v -0.0056247441098093995 0.09889714419841765 0.02949817292392254
v 0.001980166416615248 0.09790202230215071 0.03092627413570881
v -0.0056247441098093995 0.09889714419841765 0.02949817292392254
v -0.0054719867184758195 0.09790201485157012 0.030510399490594864
v -0.0054719867184758195 0.09790201485157012 0.030510399490594864
v -0.0056247441098093995 0.09889714419841765 0.02949817292392254
v -0.012540779076516632 0.09791734069585799 0.02838793583214283
v -0.012540779076516632 0.09791734069585799 0.02838793583214283
v -0.0056247441098093995 0.09889714419841765 0.02949817292392254
v -0.015587819740176204 0.0988975167274475 0.02585292048752308
v -0.0022000644821673636 0.09239713847637175 0.03090907447040081
v -0.0054719867184758195 0.09790201485157012 0.030510399490594864
v -0.009531060233712198 0.09239713847637175 0.02951188199222088
v -0.009531060233712198 0.09239713847637175 0.02951188199222088
v -0.0054719867184758195 0.09790201485157012 0.030510399490594864
v -0.012540779076516632 0.09791734069585799 0.02838793583214283
v -0.009531060233712198 0.09239713847637175 0.02951188199222088
v -0.012540779076516632 0.09791734069585799 0.02838793583214283
v -0.016328476369380954 0.09239713102579115 0.026431942358613014
v -0.016328476369380954 0.09239713102579115 0.026431942358613014
v -0.012540779076516632 0.09791734069585799 0.02838793583214283
v -0.01759722270071507 0.09789705276489256 0.025562044233083725
v -0.016328476369380954 0.09239713102579115 0.026431942358613014
v -0.01759722270071507 0.09789705276489256 0.025562044233083725
v -0.021836968138813976 0.09791728854179381 0.022209446877241135
v -0.016328476369380954 0.09239713102579115 0.026431942358613014
v -0.021836968138813976 0.09791728854179381 0.022209446877241135
v -0.023660881444811828 0.09239713102579115 0.020442990586161613
v -0.023660881444811828 0.09239713102579115 0.020442990586161613
v -0.021836968138813976 0.09791728854179381 0.022209446877241135
v -0.025593079626560218 0.09789705276489256 0.01779969595372677
v -0.023660881444811828 0.09239713102579115 0.020442990586161613
v -0.025593079626560218 0.09789705276489256 0.01779969595372677
v -0.02843763120472432 0.09790201485157012 0.013105816207826138
v -0.023660881444811828 0.09239713102579115 0.020442990586161613
v -0.02843763120472432 0.09790201485157012 0.013105816207826138
v -0.028624208644032485 0.09239713102579115 0.012704511173069477
v -0.028624208644032485 0.09239713102579115 0.012704511173069477
v -0.02843763120472432 0.09790201485157012 0.013105816207826138
v -0.03085287287831307 0.09790201485157012 0.006043665111064911
v -0.028624208644032485 0.09239713102579115 0.012704511173069477
v -0.03085287287831307 0.09790201485157012 0.006043665111064911
v -0.031359963119030006 0.09239713102579115 0.00364108057692647
v -0.031359963119030006 0.09239713102579115 0.00364108057692647
v -0.03085287287831307 0.09790201485157012 0.006043665111064911
v -0.03154155239462853 0.09788529574871062 -0.0014039940433576703
v -0.031359963119030006 0.09239713102579115 0.00364108057692647
v -0.03154155239462853 0.09788529574871062 -0.0014039940433576703
v -0.03115347586572171 0.09239713102579115 -0.005549656227231026
v -0.03115347586572171 0.09239713102579115 -0.005549656227231026
v -0.03154155239462853 0.09788529574871062 -0.0014039940433576703
v -0.030465707182884223 0.09790201485157012 -0.00877375341951847
v -0.03115347586572171 0.09239713102579115 -0.005549656227231026
v -0.030465707182884223 0.09790201485157012 -0.00877375341951847
v -0.029110811650753028 0.09239713102579115 -0.012727688997983932
v -0.029110811650753028 0.09239713102579115 -0.012727688997983932
v -0.030465707182884223 0.09790201485157012 -0.00877375341951847
v -0.027685170993208892 0.09790201485157012 -0.015699610114097595
v -0.029110811650753028 0.09239713102579115 -0.012727688997983932
v -0.027685170993208892 0.09790201485157012 -0.015699610114097595
v -0.024269854649901397 0.09239713102579115 -0.020864183083176613
v -0.024269854649901397 0.09239713102579115 -0.020864183083176613
v -0.027685170993208892 0.09790201485157012 -0.015699610114097595
v -0.022141825407743457 0.09787729382514952 -0.02316979318857193
v -0.024269854649901397 0.09239713102579115 -0.020864183083176613
v -0.022141825407743457 0.09787729382514952 -0.02316979318857193
v -0.017349315807223323 0.09239713102579115 -0.026915274560451508
v -0.017349315807223323 0.09239713102579115 -0.026915274560451508
v -0.022141825407743457 0.09787729382514952 -0.02316979318857193
v -0.012900534085929397 0.09790535271167754 -0.029457662254571915
v -0.017349315807223323 0.09239713102579115 -0.026915274560451508
v -0.012900534085929397 0.09790535271167754 -0.029457662254571915
v -0.01067424099892378 0.09239713102579115 -0.030253199860453606
v -0.01067424099892378 0.09239713102579115 -0.030253199860453606
v -0.012900534085929397 0.09790535271167754 -0.029457662254571915
v -0.003924946766346694 0.09791734069585799 -0.03186994791030884
v -0.01067424099892378 0.09239713102579115 -0.030253199860453606
v -0.003924946766346694 0.09791734069585799 -0.03186994791030884
v -0.0034021257888525733 0.09239713847637175 -0.031929727643728256
v -0.0034021257888525733 0.09239713847637175 -0.031929727643728256
v -0.003924946766346694 0.09791734069585799 -0.03186994791030884
v 0.0054267444647848615 0.09789191186428069 -0.03173765167593956
v -0.0034021257888525733 0.09239713847637175 -0.031929727643728256
v 0.0054267444647848615 0.09789191186428069 -0.03173765167593956
v 0.004060295410454274 0.09239713847637175 -0.03185132145881653
v 0.004060295410454274 0.09239713847637175 -0.03185132145881653
v 0.0054267444647848615 0.09789191186428069 -0.03173765167593956
v 0.011295583099126818 0.09239713847637175 -0.030022352933883667
v 0.011295583099126818 0.09239713847637175 -0.030022352933883667
v 0.0054267444647848615 0.09789191186428069 -0.03173765167593956
v 0.01430874224752188 0.09790202230215071 -0.02868529036641121
v 0.011295583099126818 0.09239713847637175 -0.030022352933883667
v 0.01430874224752188 0.09790202230215071 -0.02868529036641121
v 0.017899036407470707 0.09239714592695235 -0.026544909924268723
v 0.017899036407470707 0.09239714592695235 -0.026544909924268723
v 0.01430874224752188 0.09790202230215071 -0.02868529036641121
v 0.021939693018794063 0.09787730872631072 -0.02336588129401207
v 0.017899036407470707 0.09239714592695235 -0.026544909924268723
v 0.021939693018794063 0.09787730872631072 -0.02336588129401207
v 0.024863505735993392 0.09239714592695235 -0.020132383331656456
v 0.024863505735993392 0.09239714592695235 -0.020132383331656456
v 0.021939693018794063 0.09787730872631072 -0.02336588129401207
v 0.027577798813581474 0.0979020372033119 -0.015894107520580292
v 0.024863505735993392 0.09239714592695235 -0.020132383331656456
v 0.027577798813581474 0.0979020372033119 -0.015894107520580292
v 0.02935981750488282 0.09239714592695235 -0.012113336473703384
v 0.02935981750488282 0.09239714592695235 -0.012113336473703384
v 0.027577798813581474 0.0979020372033119 -0.015894107520580292
v 0.03088981658220292 0.09786866605281828 -0.007416737265884876
v 0.02935981750488282 0.09239714592695235 -0.012113336473703384
v 0.03088981658220292 0.09786866605281828 -0.007416737265884876
v 0.03125120326876641 0.09239714592695235 -0.004893972538411617
v 0.03125120326876641 0.09239714592695235 -0.004893972538411617
v 0.03088981658220292 0.09786866605281828 -0.007416737265884876
v 0.0314856804907322 0.09789706766605376 0.0003694977203849703
v 0.03125120326876641 0.09239714592695235 -0.004893972538411617
v 0.0314856804907322 0.09789706766605376 0.0003694977203849703
v 0.03122068569064141 0.09239714592695235 0.004573046695441008
v 0.03122068569064141 0.09239714592695235 0.004573046695441008
v 0.0314856804907322 0.09789706766605376 0.0003694977203849703
v 0.03089845553040505 0.0979020521044731 0.0058263507671654224
v 0.03122068569064141 0.09239714592695235 0.004573046695441008
v 0.03089845553040505 0.0979020521044731 0.0058263507671654224
v 0.027872996404767043 0.09786866605281828 0.014410688541829586
v 0.03122068569064141 0.09239714592695235 0.004573046695441008
v 0.027872996404767043 0.09786866605281828 0.014410688541829586
v 0.028338942676782615 0.09239714592695235 0.013303033076226711
v 0.028338942676782615 0.09239714592695235 0.013303033076226711
v 0.027872996404767043 0.09786866605281828 0.014410688541829586
v 0.02302454970777035 0.09239714592695235 0.021138401702046394
v 0.02302454970777035 0.09239714592695235 0.021138401702046394
v 0.027872996404767043 0.09786866605281828 0.014410688541829586
v 0.02324137650430203 0.09789706766605376 0.02069772593677044
v 0.02302454970777035 0.09239714592695235 0.021138401702046394
v 0.02324137650430203 0.09789706766605376 0.02069772593677044
v 0.019222298637032512 0.0978853479027748 0.024457508698105812
v 0.02302454970777035 0.09239714592695235 0.021138401702046394
v 0.019222298637032512 0.0978853479027748 0.024457508698105812
v 0.014026957564055923 0.09239714592695235 0.027797505259513855
v 0.014026957564055923 0.09239714592695235 0.027797505259513855
v 0.019222298637032512 0.0978853479027748 0.024457508698105812
v 0.012896820902824405 0.09791733324527739 0.028231028467416763
v 0.014026957564055923 0.09239714592695235 0.027797505259513855
v 0.012896820902824405 0.09791733324527739 0.028231028467416763
v 0.0073987389914691466 0.09789706021547316 0.03005441464483738
v 0.014026957564055923 0.09239714592695235 0.027797505259513855
v 0.0073987389914691466 0.09789706021547316 0.03005441464483738
v 0.005254187621176244 0.09239713847637175 0.03054530918598175
v 0.005254187621176244 0.09239713847637175 0.03054530918598175
v 0.0073987389914691466 0.09789706021547316 0.03005441464483738
v 0.001980166416615248 0.09790202230215071 0.03092627413570881
v 0.005254187621176244 0.09239713847637175 0.03054530918598175
v 0.001980166416615248 0.09790202230215071 0.03092627413570881
v -0.0022000644821673636 0.09239713847637175 0.03090907447040081
v -0.0022000644821673636 0.09239713847637175 0.03090907447040081
v 0.001980166416615248 0.09790202230215071 0.03092627413570881
v -0.0054719867184758195 0.09790201485157012 0.030510399490594864
v -0.004762297961860896 0.06609214097261427 0.033432383090257645
v -0.005024662707000972 0.06710014492273329 0.03340233489871025
v -0.004333355929702521 0.06431313604116438 0.033428411930799484
v -0.004762297961860896 0.06609214097261427 0.033432383090257645
v -0.004333355929702521 0.06431313604116438 0.033428411930799484
v -0.003817496122792364 0.06418757140636443 0.033432383090257645
v -0.003817496122792364 0.06418757140636443 0.033432383090257645
v -0.004333355929702521 0.06431313604116438 0.033428411930799484
v -0.002094837371259928 0.06281997263431548 0.03339410200715065
v -0.0004492489970289172 0.0624430701136589 0.033432383090257645
v -0.002094837371259928 0.06281997263431548 0.03339410200715065
v 0.0004611695767380298 0.062077544629573815 0.033428411930799484
v -0.0004492489970289172 0.0624430701136589 0.033432383090257645
v 0.0004611695767380298 0.062077544629573815 0.033428411930799484
v 0.0016636779764667158 0.06267951428890227 0.033432383090257645
v 0.0016636779764667158 0.06267951428890227 0.033432383090257645
v 0.0004611695767380298 0.062077544629573815 0.033428411930799484
v 0.0029904455877840528 0.06307648867368697 0.03343009203672409
v 0.0016636779764667158 0.06267951428890227 0.033432383090257645
v 0.0029904455877840528 0.06307648867368697 0.03343009203672409
v 0.003774768905714155 0.06413681060075758 0.033432383090257645
v 0.003774768905714155 0.06413681060075758 0.033432383090257645
v 0.0029904455877840528 0.06307648867368697 0.03343009203672409
v 0.004794357810169459 0.06511176377534865 0.03342842310667038
v 0.003774768905714155 0.06413681060075758 0.033432383090257645
v 0.004794357810169459 0.06511176377534865 0.03342842310667038
v 0.004751816857606173 0.06605350971221922 0.033432383090257645
v 0.004751816857606173 0.06605350971221922 0.033432383090257645
v 0.004794357810169459 0.06511176377534865 0.03342842310667038
v 0.004885857459157706 0.06817532330751418 0.033432383090257645
v 0.004885857459157706 0.06817532330751418 0.033432383090257645
v 0.004794357810169459 0.06511176377534865 0.03342842310667038
v 0.005110884085297585 0.068716824054718 0.033429574221372604
v 0.004885857459157706 0.06817532330751418 0.033432383090257645
v 0.005110884085297585 0.068716824054718 0.033429574221372604
v 0.004045594483613969 0.07015588134527205 0.033432383090257645
v 0.004045594483613969 0.07015588134527205 0.033432383090257645
v 0.005110884085297585 0.068716824054718 0.033429574221372604
v 0.00337184313684702 0.07136590033769606 0.03342946991324425
v 0.004045594483613969 0.07015588134527205 0.033432383090257645
v 0.00337184313684702 0.07136590033769606 0.03342946991324425
v 0.0021481406874954705 0.07186073064804076 0.033432383090257645
v 0.0021481406874954705 0.07186073064804076 0.033432383090257645
v 0.00337184313684702 0.07136590033769606 0.03342946991324425
v 0.00046090525574982177 0.07261768728494643 0.03342874348163605
v 0.0021481406874954705 0.07186073064804076 0.033432383090257645
v 0.00046090525574982177 0.07261768728494643 0.03342874348163605
v -0.0004093020106665791 0.07225532829761504 0.033432383090257645
v -0.0004093020106665791 0.07225532829761504 0.033432383090257645
v 0.00046090525574982177 0.07261768728494643 0.03342874348163605
v -0.0020632306113839154 0.07181937992572783 0.033432383090257645
v -0.0020632306113839154 0.07181937992572783 0.033432383090257645
v 0.00046090525574982177 0.07261768728494643 0.03342874348163605
v -0.003034214023500682 0.07168089598417281 0.03342842310667038
v -0.0020632306113839154 0.07181937992572783 0.033432383090257645
v -0.003034214023500682 0.07168089598417281 0.03342842310667038
v -0.004071729257702828 0.07024676352739333 0.033432383090257645
v -0.004071729257702828 0.07024676352739333 0.033432383090257645
v -0.003034214023500682 0.07168089598417281 0.03342842310667038
v -0.0049294568598270425 0.06914151459932326 0.03342946991324425
v -0.004071729257702828 0.07024676352739333 0.033432383090257645
v -0.0049294568598270425 0.06914151459932326 0.03342946991324425
v -0.005024662707000972 0.06710014492273329 0.03340233489871025
v 0.03125120326876641 0.09239714592695235 -0.004893972538411617
v 0.03458653017878533 0.09239771962165831 -0.006718288641422987
v 0.02935981750488282 0.09239714592695235 -0.012113336473703384
v 0.02935981750488282 0.09239714592695235 -0.012113336473703384
v 0.03458653017878533 0.09239771962165831 -0.006718288641422987
v 0.030810959637165077 0.09239765256643294 -0.017439676448702812
v 0.02935981750488282 0.09239714592695235 -0.012113336473703384
v 0.030810959637165077 0.09239765256643294 -0.017439676448702812
v 0.024863505735993392 0.09239714592695235 -0.020132383331656456
v 0.024863505735993392 0.09239714592695235 -0.020132383331656456
v 0.030810959637165077 0.09239765256643294 -0.017439676448702812
v 0.02521114237606526 0.09239729493856429 -0.024907810613512993
v 0.024863505735993392 0.09239714592695235 -0.020132383331656456
v 0.02521114237606526 0.09239729493856429 -0.024907810613512993
v 0.017899036407470707 0.09239714592695235 -0.026544909924268723
v 0.017899036407470707 0.09239714592695235 -0.026544909924268723
v 0.02521114237606526 0.09239729493856429 -0.024907810613512993
v 0.01602895185351372 0.09239842742681502 -0.03195649012923241
v 0.017899036407470707 0.09239714592695235 -0.026544909924268723
v 0.01602895185351372 0.09239842742681502 -0.03195649012923241
v 0.011295583099126818 0.09239713847637175 -0.030022352933883667
v 0.011295583099126818 0.09239713847637175 -0.030022352933883667
v 0.01602895185351372 0.09239842742681502 -0.03195649012923241
v 0.004060295410454274 0.09239713847637175 -0.03185132145881653
v 0.004060295410454274 0.09239713847637175 -0.03185132145881653
v 0.01602895185351372 0.09239842742681502 -0.03195649012923241
v 0.0033235196024179467 0.09239771217107771 -0.035536233335733414
v -0.023660881444811828 0.09239713102579115 0.020442990586161613
v -0.022402929142117504 0.09239854663610457 0.02664880082011223
v -0.016328476369380954 0.09239713102579115 0.026431942358613014
v -0.016328476369380954 0.09239713102579115 0.026431942358613014
v -0.022402929142117504 0.09239854663610457 0.02664880082011223
v -0.012659004889428619 0.09239728748798369 0.03211596980690956
v -0.016328476369380954 0.09239713102579115 0.026431942358613014
v -0.012659004889428619 0.09239728748798369 0.03211596980690956
v -0.009531060233712198 0.09239713847637175 0.02951188199222088
v -0.009531060233712198 0.09239713847637175 0.02951188199222088
v -0.012659004889428619 0.09239728748798369 0.03211596980690956
v -0.0033236739691346892 0.09239764511585234 0.03440849855542183
v -0.009531060233712198 0.09239713847637175 0.02951188199222088
v -0.0033236739691346892 0.09239764511585234 0.03440849855542183
v -0.0022000644821673636 0.09239713847637175 0.03090907447040081
v -0.0022000644821673636 0.09239713847637175 0.03090907447040081
v -0.0033236739691346892 0.09239764511585234 0.03440849855542183
v 0.005254187621176244 0.09239713847637175 0.03054530918598175
v 0.005254187621176244 0.09239713847637175 0.03054530918598175
v -0.0033236739691346892 0.09239764511585234 0.03440849855542183
v 0.00801724009215832 0.09239764511585234 0.03363896906375885
v 0.005254187621176244 0.09239713847637175 0.03054530918598175
v 0.00801724009215832 0.09239764511585234 0.03363896906375885
v 0.014026957564055923 0.09239714592695235 0.027797505259513855
v 0.014026957564055923 0.09239714592695235 0.027797505259513855
v 0.00801724009215832 0.09239764511585234 0.03363896906375885
v 0.01671204343438149 0.09239731729030608 0.030240744352340698
v 0.004060295410454274 0.09239713847637175 -0.03185132145881653
v 0.0033235196024179467 0.09239771217107771 -0.035536233335733414
v -0.0034021257888525733 0.09239713847637175 -0.031929727643728256
v -0.0034021257888525733 0.09239713847637175 -0.031929727643728256
v 0.0033235196024179467 0.09239771217107771 -0.035536233335733414
v -0.00995136145502329 0.09239843487739562 -0.034378066658973694
v -0.0034021257888525733 0.09239713847637175 -0.031929727643728256
v -0.00995136145502329 0.09239843487739562 -0.034378066658973694
v -0.01067424099892378 0.09239713102579115 -0.030253199860453606
v -0.01067424099892378 0.09239713102579115 -0.030253199860453606
v -0.00995136145502329 0.09239843487739562 -0.034378066658973694
v -0.017349315807223323 0.09239713102579115 -0.026915274560451508
v -0.017349315807223323 0.09239713102579115 -0.026915274560451508
v -0.00995136145502329 0.09239843487739562 -0.034378066658973694
v -0.019944872707128528 0.09239728003740309 -0.0293810423463583
v -0.017349315807223323 0.09239713102579115 -0.026915274560451508
v -0.019944872707128528 0.09239728003740309 -0.0293810423463583
v -0.024269854649901397 0.09239713102579115 -0.020864183083176613
v -0.024269854649901397 0.09239713102579115 -0.020864183083176613
v -0.019944872707128528 0.09239728003740309 -0.0293810423463583
v -0.02838577143847943 0.09239843487739562 -0.021460814401507378
v -0.024269854649901397 0.09239713102579115 -0.020864183083176613
v -0.02838577143847943 0.09239843487739562 -0.021460814401507378
v -0.029110811650753028 0.09239713102579115 -0.012727688997983932
v 0.014026957564055923 0.09239714592695235 0.027797505259513855
v 0.01671204343438149 0.09239731729030608 0.030240744352340698
v 0.025960031896829612 0.09239844977855681 0.023279352113604546
v 0.014026957564055923 0.09239714592695235 0.027797505259513855
v 0.025960031896829612 0.09239844977855681 0.023279352113604546
v 0.02302454970777035 0.09239714592695235 0.021138401702046394
v 0.02302454970777035 0.09239714592695235 0.021138401702046394
v 0.025960031896829612 0.09239844977855681 0.023279352113604546
v 0.028338942676782615 0.09239714592695235 0.013303033076226711
v 0.028338942676782615 0.09239714592695235 0.013303033076226711
v 0.025960031896829612 0.09239844977855681 0.023279352113604546
v 0.032808724790811546 0.09239765256643294 0.011993780732154846
v 0.028338942676782615 0.09239714592695235 0.013303033076226711
v 0.032808724790811546 0.09239765256643294 0.011993780732154846
v 0.03122068569064141 0.09239714592695235 0.004573046695441008
v 0.03122068569064141 0.09239714592695235 0.004573046695441008
v 0.032808724790811546 0.09239765256643294 0.011993780732154846
v 0.0348753072321415 0.09239730238914488 0.002890604315325618
v 0.03122068569064141 0.09239714592695235 0.004573046695441008
v 0.0348753072321415 0.09239730238914488 0.002890604315325618
v 0.03125120326876641 0.09239714592695235 -0.004893972538411617
v 0.03125120326876641 0.09239714592695235 -0.004893972538411617
v 0.0348753072321415 0.09239730238914488 0.002890604315325618
v 0.03458653017878533 0.09239771962165831 -0.006718288641422987
v -0.02838577143847943 0.09239843487739562 -0.021460814401507378
v -0.034536529332399375 0.09239853918552397 -0.007610362023115158
v -0.029110811650753028 0.09239713102579115 -0.012727688997983932
v -0.029110811650753028 0.09239713102579115 -0.012727688997983932
v -0.034536529332399375 0.09239853918552397 -0.007610362023115158
v -0.03115347586572171 0.09239713102579115 -0.005549656227231026
v -0.03115347586572171 0.09239713102579115 -0.005549656227231026
v -0.034536529332399375 0.09239853918552397 -0.007610362023115158
v -0.031359963119030006 0.09239713102579115 0.00364108057692647
v -0.031359963119030006 0.09239713102579115 0.00364108057692647
v -0.034536529332399375 0.09239853918552397 -0.007610362023115158
v -0.03458673134446145 0.09239763021469115 0.005590502172708511
v -0.031359963119030006 0.09239713102579115 0.00364108057692647
v -0.03458673134446145 0.09239763021469115 0.005590502172708511
v -0.028624208644032485 0.09239713102579115 0.012704511173069477
v -0.028624208644032485 0.09239713102579115 0.012704511173069477
v -0.03458673134446145 0.09239763021469115 0.005590502172708511
v -0.030811009928584106 0.09239763021469115 0.01631205342710018
v -0.028624208644032485 0.09239713102579115 0.012704511173069477
v -0.030811009928584106 0.09239763021469115 0.01631205342710018
v -0.023660881444811828 0.09239713102579115 0.020442990586161613
v -0.023660881444811828 0.09239713102579115 0.020442990586161613
v -0.030811009928584106 0.09239763021469115 0.01631205342710018
v -0.022402929142117504 0.09239854663610457 0.02664880082011223
v 0.012928402051329616 0.06011038646101951 0.034645527601242065
v 0.01578224450349808 0.06133607029914855 0.03343557193875313
v 0.00815251935273409 0.058694381266832345 0.03607260063290596
v 0.00815251935273409 0.058694381266832345 0.03607260063290596
v 0.01578224450349808 0.06133607029914855 0.03343557193875313
v 0.002100986894220114 0.05785262212157249 0.03690531849861145
v -0.015795914456248287 0.061318237334489815 0.033435650169849396
v -0.012177241034805778 0.05982596054673194 0.03493402153253555
v 0.01578224450349808 0.06133607029914855 0.03343557193875313
v 0.01578224450349808 0.06133607029914855 0.03343557193875313
v -0.012177241034805778 0.05982596054673194 0.03493402153253555
v -0.007087519858032467 0.058497760444879525 0.036264415830373764
v -0.007087519858032467 0.058497760444879525 0.036264415830373764
v -0.003270307322964073 0.05794603005051612 0.03680706024169922
v 0.01578224450349808 0.06133607029914855 0.03343557193875313
v -0.003270307322964073 0.05794603005051612 0.03680706024169922
v 0.002100986894220114 0.05785262212157249 0.03690531849861145
v 0.01578224450349808 0.06133607029914855 0.03343557193875313
v 0.012925878167152408 0.07459346204996108 0.034650739282369614
v -0.01578410901129246 0.07335794717073439 0.03343551233410835
v 0.015797421336174015 0.07337783277034758 0.0334356315433979
v -0.01578410901129246 0.07335794717073439 0.03343551233410835
v 0.012925878167152408 0.07459346204996108 0.034650739282369614
v 0.00920964125543833 0.07573520392179488 0.03579503297805786
v -0.01578410901129246 0.07335794717073439 0.03343551233410835
v 0.00920964125543833 0.07573520392179488 0.03579503297805786
v 0.004103919956833125 0.07666683942079543 0.036738570779561996
v 0.004103919956833125 0.07666683942079543 0.036738570779561996
v -0.002124261343851686 0.07683978229761122 0.03690652549266815
v -0.01578410901129246 0.07335794717073439 0.03343551233410835
v -0.01578410901129246 0.07335794717073439 0.03343551233410835
v -0.002124261343851686 0.07683978229761122 0.03690652549266815
v -0.008396561257541181 0.07594896107912062 0.03601304069161415
v -0.01578410901129246 0.07335794717073439 0.03343551233410835
v -0.008396561257541181 0.07594896107912062 0.03601304069161415
v -0.012990155257284645 0.07456114143133162 0.03462178632616997
v -0.0021870329510420565 0.08992774039506911 0.036893486976623535
v -0.0033236739691346892 0.09239764511585234 0.03440849855542183
v -0.009507336653769018 0.08992393314838408 0.035754699259996414
v -0.009507336653769018 0.08992393314838408 0.035754699259996414
v -0.0033236739691346892 0.09239764511585234 0.03440849855542183
v -0.012659004889428619 0.09239728748798369 0.03211596980690956
v -0.009507336653769018 0.08992393314838408 0.035754699259996414
v -0.012659004889428619 0.09239728748798369 0.03211596980690956
v -0.015745704993605617 0.08989715576171874 0.03346965089440346
v -0.015745704993605617 0.08989715576171874 0.03346965089440346
v -0.012659004889428619 0.09239728748798369 0.03211596980690956
v -0.022402929142117504 0.09239854663610457 0.02664880082011223
v -0.015745704993605617 0.08989715576171874 0.03346965089440346
v -0.022402929142117504 0.09239854663610457 0.02664880082011223
v -0.0209784172475338 0.08990215510129927 0.030581729486584663
v -0.0209784172475338 0.08990215510129927 0.030581729486584663
v -0.022402929142117504 0.09239854663610457 0.02664880082011223
v -0.028578188270330436 0.08990507572889327 0.023935575038194656
v -0.028578188270330436 0.08990507572889327 0.023935575038194656
v -0.022402929142117504 0.09239854663610457 0.02664880082011223
v -0.030811009928584106 0.09239763021469115 0.01631205342710018
v -0.028578188270330436 0.08990507572889327 0.023935575038194656
v -0.030811009928584106 0.09239763021469115 0.01631205342710018
v -0.034030787646770484 0.08990198373794554 0.015312847681343555
v -0.034030787646770484 0.08990198373794554 0.015312847681343555
v -0.030811009928584106 0.09239763021469115 0.01631205342710018
v -0.03458673134446145 0.09239763021469115 0.005590502172708511
v -0.034030787646770484 0.08990198373794554 0.015312847681343555
v -0.03458673134446145 0.09239763021469115 0.005590502172708511
v -0.03664814308285714 0.08990199118852614 0.007626342587172985
v -0.03664814308285714 0.08990199118852614 0.007626342587172985
v -0.03458673134446145 0.09239763021469115 0.005590502172708511
v -0.03755198791623116 0.08990200608968733 -0.0004433287540450692
v -0.03755198791623116 0.08990200608968733 -0.0004433287540450692
v -0.03458673134446145 0.09239763021469115 0.005590502172708511
v -0.034536529332399375 0.09239853918552397 -0.007610362023115158
v -0.03755198791623116 0.08990200608968733 -0.0004433287540450692
v -0.034536529332399375 0.09239853918552397 -0.007610362023115158
v -0.036699984222650535 0.08990201354026793 -0.008518662303686142
v -0.036699984222650535 0.08990201354026793 -0.008518662303686142
v -0.034536529332399375 0.09239853918552397 -0.007610362023115158
v -0.034131858497858054 0.08990199118852614 -0.016222262755036354
v -0.034131858497858054 0.08990199118852614 -0.016222262755036354
v -0.034536529332399375 0.09239853918552397 -0.007610362023115158
v -0.02838577143847943 0.09239843487739562 -0.021460814401507378
v -0.034131858497858054 0.08990199118852614 -0.016222262755036354
v -0.02838577143847943 0.09239843487739562 -0.021460814401507378
v -0.0299680382013321 0.08990202099084853 -0.02319307252764702
v -0.0299680382013321 0.08990202099084853 -0.02319307252764702
v -0.02838577143847943 0.09239843487739562 -0.021460814401507378
v -0.022917199879884723 0.08990508317947386 -0.030425917357206345
v -0.022917199879884723 0.08990508317947386 -0.030425917357206345
v -0.02838577143847943 0.09239843487739562 -0.021460814401507378
v -0.019944872707128528 0.09239728003740309 -0.0293810423463583
v -0.022917199879884723 0.08990508317947386 -0.030425917357206345
v -0.019944872707128528 0.09239728003740309 -0.0293810423463583
v -0.00995136145502329 0.09239843487739562 -0.034378066658973694
v -0.022917199879884723 0.08990508317947386 -0.030425917357206345
v -0.00995136145502329 0.09239843487739562 -0.034378066658973694
v -0.01218242105096579 0.08990507572889327 -0.03618030622601509
v -0.01218242105096579 0.08990507572889327 -0.03618030622601509
v -0.00995136145502329 0.09239843487739562 -0.034378066658973694
v -0.0021536631975322966 0.08990199118852614 -0.03805427998304367
v -0.0021536631975322966 0.08990199118852614 -0.03805427998304367
v -0.00995136145502329 0.09239843487739562 -0.034378066658973694
v 0.0033235196024179467 0.09239771217107771 -0.035536233335733414
v -0.0021536631975322966 0.08990199118852614 -0.03805427998304367
v 0.0033235196024179467 0.09239771217107771 -0.035536233335733414
v 0.005955472122877838 0.08990202844142912 -0.03764074668288231
v 0.005955472122877838 0.08990202844142912 -0.03764074668288231
v 0.0033235196024179467 0.09239771217107771 -0.035536233335733414
v 0.01602895185351372 0.09239842742681502 -0.03195649012923241
v 0.005955472122877838 0.08990202844142912 -0.03764074668288231
v 0.01602895185351372 0.09239842742681502 -0.03195649012923241
v 0.013787041418254379 0.08990202099084853 -0.03549356013536453
v 0.013787041418254379 0.08990202099084853 -0.03549356013536453
v 0.01602895185351372 0.09239842742681502 -0.03195649012923241
v 0.022643577307462696 0.08990506827831267 -0.030633825808763504
v 0.022643577307462696 0.08990506827831267 -0.030633825808763504
v 0.01602895185351372 0.09239842742681502 -0.03195649012923241
v 0.02521114237606526 0.09239729493856429 -0.024907810613512993
v 0.022643577307462696 0.08990506827831267 -0.030633825808763504
v 0.02521114237606526 0.09239729493856429 -0.024907810613512993
v 0.031059676781296737 0.08990506082773207 -0.02182948961853981
v 0.031059676781296737 0.08990506082773207 -0.02182948961853981
v 0.02521114237606526 0.09239729493856429 -0.024907810613512993
v 0.030810959637165077 0.09239765256643294 -0.017439676448702812
v 0.031059676781296737 0.08990506082773207 -0.02182948961853981
v 0.030810959637165077 0.09239765256643294 -0.017439676448702812
v 0.035547628998756416 0.08990203589200972 -0.012668549083173275
v 0.035547628998756416 0.08990203589200972 -0.012668549083173275
v 0.030810959637165077 0.09239765256643294 -0.017439676448702812
v 0.03458653017878533 0.09239771962165831 -0.006718288641422987
v 0.035547628998756416 0.08990203589200972 -0.012668549083173275
v 0.03458653017878533 0.09239771962165831 -0.006718288641422987
v 0.03731868416070939 0.08990202844142912 -0.004743891302496195
v 0.03731868416070939 0.08990202844142912 -0.004743891302496195
v 0.03458653017878533 0.09239771962165831 -0.006718288641422987
v 0.0348753072321415 0.09239730238914488 0.002890604315325618
v 0.03731868416070939 0.08990202844142912 -0.004743891302496195
v 0.0348753072321415 0.09239730238914488 0.002890604315325618
v 0.03717362880706788 0.08990509808063506 0.005356496665626764
v 0.03717362880706788 0.08990509808063506 0.005356496665626764
v 0.0348753072321415 0.09239730238914488 0.002890604315325618
v 0.032808724790811546 0.09239765256643294 0.011993780732154846
v 0.03717362880706788 0.08990509808063506 0.005356496665626764
v 0.032808724790811546 0.09239765256643294 0.011993780732154846
v 0.034131929278373725 0.08990203589200972 0.015093919821083546
v 0.034131929278373725 0.08990203589200972 0.015093919821083546
v 0.032808724790811546 0.09239765256643294 0.011993780732154846
v 0.025960031896829612 0.09239844977855681 0.023279352113604546
v 0.034131929278373725 0.08990203589200972 0.015093919821083546
v 0.025960031896829612 0.09239844977855681 0.023279352113604546
v 0.029967952519655235 0.08990203589200972 0.02206522785127163
v 0.029967952519655235 0.08990203589200972 0.02206522785127163
v 0.025960031896829612 0.09239844977855681 0.023279352113604546
v 0.024402532726526267 0.08990202099084853 0.027978571131825447
v 0.024402532726526267 0.08990202099084853 0.027978571131825447
v 0.025960031896829612 0.09239844977855681 0.023279352113604546
v 0.01671204343438149 0.09239731729030608 0.030240744352340698
v 0.024402532726526267 0.08990202099084853 0.027978571131825447
v 0.01671204343438149 0.09239731729030608 0.030240744352340698
v 0.019332949072122577 0.08989717066287993 0.03156782686710358
v 0.019332949072122577 0.08989717066287993 0.03156782686710358
v 0.01671204343438149 0.09239731729030608 0.030240744352340698
v 0.01304792053997517 0.0899093598127365 0.03463248535990715
v 0.01304792053997517 0.0899093598127365 0.03463248535990715
v 0.01671204343438149 0.09239731729030608 0.030240744352340698
v 0.00801724009215832 0.09239764511585234 0.03363896906375885
v 0.01304792053997517 0.0899093598127365 0.03463248535990715
v 0.00801724009215832 0.09239764511585234 0.03363896906375885
v 0.005497626028954984 0.08991963416337966 0.0365564338862896
v 0.005497626028954984 0.08991963416337966 0.0365564338862896
v 0.00801724009215832 0.09239764511585234 0.03363896906375885
v -0.0033236739691346892 0.09239764511585234 0.03440849855542183
v 0.005497626028954984 0.08991963416337966 0.0365564338862896
v -0.0033236739691346892 0.09239764511585234 0.03440849855542183
v -0.0021870329510420565 0.08992774039506911 0.036893486976623535
v 0.03674732893705369 0.05314763262867927 -0.0082836439833045
v 0.037547715008258827 0.05314763262867927 -0.0002036529767792672
v 0.03663053736090661 0.05314763262867927 -0.0005639598821289837
v 0.03663053736090661 0.05314763262867927 -0.0005639598821289837
v 0.037547715008258827 0.05314763262867927 -0.0002036529767792672
v 0.0364082083106041 0.05314763262867927 0.0034657728392630816
v 0.0364082083106041 0.05314763262867927 0.0034657728392630816
v 0.037547715008258827 0.05314763262867927 -0.0002036529767792672
v 0.03612745553255082 0.05314763262867927 0.009998139925301075
v 0.0364082083106041 0.05314763262867927 0.0034657728392630816
v 0.03612745553255082 0.05314763262867927 0.009998139925301075
v 0.035743936896324165 0.05314763262867927 0.007446555886417627
v 0.035743936896324165 0.05314763262867927 0.007446555886417627
v 0.03612745553255082 0.05314763262867927 0.009998139925301075
v 0.034645784646272666 0.05314763262867927 0.01133005041629076
v 0.034645784646272666 0.05314763262867927 0.01133005041629076
v 0.03612745553255082 0.05314763262867927 0.009998139925301075
v 0.033127080649137504 0.05314763262867927 0.015069141983985901
v 0.033127080649137504 0.05314763262867927 0.015069141983985901
v 0.03612745553255082 0.05314763262867927 0.009998139925301075
v 0.031987078487873084 0.05314763262867927 0.01910298876464367
v 0.033127080649137504 0.05314763262867927 0.015069141983985901
v 0.031987078487873084 0.05314763262867927 0.01910298876464367
v 0.031206257641315467 0.05314763262867927 0.01861853525042534
v 0.031206257641315467 0.05314763262867927 0.01861853525042534
v 0.031987078487873084 0.05314763262867927 0.01910298876464367
v 0.02890662848949433 0.05314763262867927 0.02193501405417919
v 0.02890662848949433 0.05314763262867927 0.02193501405417919
v 0.031987078487873084 0.05314763262867927 0.01910298876464367
v 0.027011552825570113 0.05314763262867927 0.025519337505102158
v 0.02890662848949433 0.05314763262867927 0.02193501405417919
v 0.027011552825570113 0.05314763262867927 0.025519337505102158
v 0.026256110519170768 0.05314763262867927 0.024978553876280785
v 0.026256110519170768 0.05314763262867927 0.024978553876280785
v 0.027011552825570113 0.05314763262867927 0.025519337505102158
v 0.02328688092529774 0.05314762890338897 0.02771179750561714
v 0.02328688092529774 0.05314762890338897 0.02771179750561714
v 0.027011552825570113 0.05314763262867927 0.025519337505102158
v 0.02065985277295113 0.05314762890338897 0.030800526961684227
v 0.02328688092529774 0.05314762890338897 0.02771179750561714
v 0.02065985277295113 0.05314762890338897 0.030800526961684227
v 0.020034972578287128 0.05314762890338897 0.03010202758014202
v 0.020034972578287128 0.05314762890338897 0.03010202758014202
v 0.02065985277295113 0.05314762890338897 0.030800526961684227
v 0.016539877280592922 0.05314762890338897 0.03211994096636772
v 0.016539877280592922 0.05314762890338897 0.03211994096636772
v 0.02065985277295113 0.05314762890338897 0.030800526961684227
v 0.013250020332634452 0.05314832553267478 0.03454507887363434
v 0.016539877280592922 0.05314762890338897 0.03211994096636772
v 0.013250020332634452 0.05314832553267478 0.03454507887363434
v 0.012843996286392215 0.05314762517809867 0.03374113887548447
v 0.012843996286392215 0.05314762517809867 0.03374113887548447
v 0.013250020332634452 0.05314832553267478 0.03454507887363434
v 0.008992219343781473 0.05314762517809867 0.034945834428071976
v 0.008992219343781473 0.05314762517809867 0.034945834428071976
v 0.013250020332634452 0.05314832553267478 0.03454507887363434
v 0.005917487666010858 0.05314814299345016 0.03651616349816322
v 0.008992219343781473 0.05314762517809867 0.034945834428071976
v 0.005917487666010858 0.05314814299345016 0.03651616349816322
v 0.005031281150877477 0.05314762517809867 0.035719502717256546
v 0.005031281150877477 0.05314762517809867 0.035719502717256546
v 0.005917487666010858 0.05314814299345016 0.03651616349816322
v 0.0010092705488204958 0.05314762145280837 0.03605274856090546
v 0.0010092705488204958 0.05314762145280837 0.03605274856090546
v 0.005917487666010858 0.05314814299345016 0.03651616349816322
v -0.0035845967940986165 0.05314800888299941 0.03687508776783943
v 0.0010092705488204958 0.05314762145280837 0.03605274856090546
v -0.0035845967940986165 0.05314800888299941 0.03687508776783943
v -0.0030249918345361957 0.05314762145280837 0.03594155237078667
v -0.0030249918345361957 0.05314762145280837 0.03594155237078667
v -0.0035845967940986165 0.05314800888299941 0.03687508776783943
v -0.007022536359727384 0.05314762145280837 0.035387229174375534
v -0.007022536359727384 0.05314762145280837 0.035387229174375534
v -0.0035845967940986165 0.05314800888299941 0.03687508776783943
v -0.010934835299849512 0.053147617727518075 0.034396518021821976
v -0.010934835299849512 0.053147617727518075 0.034396518021821976
v -0.0035845967940986165 0.05314800888299941 0.03687508776783943
v -0.013307564891874794 0.05314811691641807 0.03452477976679802
v -0.010934835299849512 0.053147617727518075 0.034396518021821976
v -0.013307564891874794 0.05314811691641807 0.03452477976679802
v -0.014714405871927742 0.053147617727518075 0.03298138082027435
v -0.014714405871927742 0.053147617727518075 0.03298138082027435
v -0.013307564891874794 0.05314811691641807 0.03452477976679802
v -0.018315359950065616 0.053147617727518075 0.031159013509750366
v -0.018315359950065616 0.053147617727518075 0.031159013509750366
v -0.013307564891874794 0.05314811691641807 0.03452477976679802
v -0.02070802822709084 0.053147036582231515 0.030811026692390442
v -0.018315359950065616 0.053147617727518075 0.031159013509750366
v -0.02070802822709084 0.053147036582231515 0.030811026692390442
v -0.021693995222449306 0.053147614002227776 0.028951652348041534
v -0.021693995222449306 0.053147614002227776 0.028951652348041534
v -0.02070802822709084 0.053147036582231515 0.030811026692390442
v -0.024809295311570174 0.053147614002227776 0.026386134326457977
v -0.024809295311570174 0.053147614002227776 0.026386134326457977
v -0.02070802822709084 0.053147036582231515 0.030811026692390442
v -0.029016461223363883 0.053147614002227776 0.02341107465326786
v -0.024809295311570174 0.053147614002227776 0.026386134326457977
v -0.029016461223363883 0.053147614002227776 0.02341107465326786
v -0.02762343734502793 0.053147614002227776 0.023493342101573944
v -0.02762343734502793 0.053147614002227776 0.023493342101573944
v -0.029016461223363883 0.053147614002227776 0.02341107465326786
v -0.030102275311946876 0.053147614002227776 0.02030857279896736
v -0.030102275311946876 0.053147614002227776 0.02030857279896736
v -0.029016461223363883 0.053147614002227776 0.02341107465326786
v -0.03221571072936059 0.05314761027693748 0.01687038689851761
v -0.03221571072936059 0.05314761027693748 0.01687038689851761
v -0.029016461223363883 0.053147614002227776 0.02341107465326786
v -0.03422890231013299 0.05314761027693748 0.014874684624373913
v -0.03221571072936059 0.05314761027693748 0.01687038689851761
v -0.03422890231013299 0.05314761027693748 0.014874684624373913
v -0.03393808752298356 0.05314761027693748 0.013220526278018951
v -0.03393808752298356 0.05314761027693748 0.013220526278018951
v -0.03422890231013299 0.05314761027693748 0.014874684624373913
v -0.035248510539531715 0.05314761027693748 0.009403441101312637
v -0.035248510539531715 0.05314761027693748 0.009403441101312637
v -0.03422890231013299 0.05314761027693748 0.014874684624373913
v -0.03674744069576264 0.05314761027693748 0.007155852857977152
v -0.035248510539531715 0.05314761027693748 0.009403441101312637
v -0.03674744069576264 0.05314761027693748 0.007155852857977152
v -0.03613105788826943 0.05314761027693748 0.005465258844196796
v -0.03613105788826943 0.05314761027693748 0.005465258844196796
v -0.03674744069576264 0.05314761027693748 0.007155852857977152
v -0.036575030535459525 0.05314761027693748 0.0014539577532559633
v -0.036575030535459525 0.05314761027693748 0.0014539577532559633
v -0.03674744069576264 0.05314761027693748 0.007155852857977152
v -0.03755345195531846 0.05314761027693748 -0.003112544771283865
v -0.036575030535459525 0.05314761027693748 0.0014539577532559633
v -0.03755345195531846 0.05314761027693748 -0.003112544771283865
v -0.036575030535459525 0.05314761027693748 -0.0025818776339292526
v -0.036575030535459525 0.05314761027693748 -0.0025818776339292526
v -0.03755345195531846 0.05314761027693748 -0.003112544771283865
v -0.03613105788826943 0.05314761027693748 -0.006593056954443455
v -0.03613105788826943 0.05314761027693748 -0.006593056954443455
v -0.03755345195531846 0.05314761027693748 -0.003112544771283865
v -0.035248510539531715 0.05314761027693748 -0.010531235486268997
v -0.035248510539531715 0.05314761027693748 -0.010531235486268997
v -0.03755345195531846 0.05314761027693748 -0.003112544771283865
v -0.035467289388179786 0.05314761027693748 -0.012894385494291782
v -0.035248510539531715 0.05314761027693748 -0.010531235486268997
v -0.035467289388179786 0.05314761027693748 -0.012894385494291782
v -0.03393808752298356 0.05314761027693748 -0.014348325319588184
v -0.03393808752298356 0.05314761027693748 -0.014348325319588184
v -0.035467289388179786 0.05314761027693748 -0.012894385494291782
v -0.03221571072936059 0.05314761027693748 -0.01799817755818367
v -0.03221571072936059 0.05314761027693748 -0.01799817755818367
v -0.035467289388179786 0.05314761027693748 -0.012894385494291782
v -0.030864387750625617 0.05314761027693748 -0.02210790477693081
v -0.03221571072936059 0.05314761027693748 -0.01799817755818367
v -0.030864387750625617 0.05314761027693748 -0.02210790477693081
v -0.030102275311946876 0.05314761027693748 -0.02143637277185917
v -0.030102275311946876 0.05314761027693748 -0.02143637277185917
v -0.030864387750625617 0.05314761027693748 -0.02210790477693081
v -0.02762343734502793 0.05314761027693748 -0.02462114207446575
v -0.02762343734502793 0.05314761027693748 -0.02462114207446575
v -0.030864387750625617 0.05314761027693748 -0.02210790477693081
v -0.024809295311570174 0.05314761027693748 -0.02751392498612404
v -0.024809295311570174 0.05314761027693748 -0.02751392498612404
v -0.030864387750625617 0.05314761027693748 -0.02210790477693081
v -0.022369626909494403 0.053147614002227776 -0.03083525039255619
v -0.024809295311570174 0.05314761027693748 -0.02751392498612404
v -0.022369626909494403 0.053147614002227776 -0.03083525039255619
v -0.021693995222449306 0.053147614002227776 -0.030079571530222893
v -0.021693995222449306 0.053147614002227776 -0.030079571530222893
v -0.022369626909494403 0.053147614002227776 -0.03083525039255619
v -0.018315359950065616 0.053147614002227776 -0.032286930829286575
v -0.018315359950065616 0.053147614002227776 -0.032286930829286575
v -0.022369626909494403 0.053147614002227776 -0.03083525039255619
v -0.014714405871927742 0.053147614002227776 -0.03410917893052101
v -0.014714405871927742 0.053147614002227776 -0.03410917893052101
v -0.022369626909494403 0.053147614002227776 -0.03083525039255619
v -0.013563021086156372 0.053147614002227776 -0.0355784073472023
v -0.014714405871927742 0.053147614002227776 -0.03410917893052101
v -0.013563021086156372 0.053147614002227776 -0.0355784073472023
v -0.010934835299849512 0.053147617727518075 -0.03552431985735893
v -0.010934835299849512 0.053147617727518075 -0.03552431985735893
v -0.013563021086156372 0.053147614002227776 -0.0355784073472023
v -0.007022536359727384 0.053147617727518075 -0.03651502728462219
v -0.007022536359727384 0.053147617727518075 -0.03651502728462219
v -0.013563021086156372 0.053147614002227776 -0.0355784073472023
v -0.005718338303267957 0.053147617727518075 -0.03767543286085129
v -0.007022536359727384 0.053147617727518075 -0.03651502728462219
v -0.005718338303267957 0.053147617727518075 -0.03767543286085129
v -0.0030249918345361957 0.053147617727518075 -0.03706933930516243
v -0.0030249918345361957 0.053147617727518075 -0.03706933930516243
v -0.005718338303267957 0.053147617727518075 -0.03767543286085129
v 0.0010092705488204958 0.05314762145280837 -0.03718055039644241
v 0.0010092705488204958 0.05314762145280837 -0.03718055039644241
v -0.005718338303267957 0.053147617727518075 -0.03767543286085129
v 0.002392487600445748 0.05314762145280837 -0.03803715854883194
v 0.0010092705488204958 0.05314762145280837 -0.03718055039644241
v 0.002392487600445748 0.05314762145280837 -0.03803715854883194
v 0.005031281150877477 0.05314762145280837 -0.036847300827503204
v 0.005031281150877477 0.05314762145280837 -0.036847300827503204
v 0.002392487600445748 0.05314762145280837 -0.03803715854883194
v 0.008992219343781473 0.05314762145280837 -0.036073632538318634
v 0.008992219343781473 0.05314762145280837 -0.036073632538318634
v 0.002392487600445748 0.05314762145280837 -0.03803715854883194
v 0.012502790428698066 0.05314762517809867 -0.036066506057977676
v 0.008992219343781473 0.05314762145280837 -0.036073632538318634
v 0.012502790428698066 0.05314762517809867 -0.036066506057977676
v 0.012843996286392215 0.05314762517809867 -0.03486892953515053
v 0.012843996286392215 0.05314762517809867 -0.03486892953515053
v 0.012502790428698066 0.05314762517809867 -0.036066506057977676
v 0.016539877280592922 0.05314762517809867 -0.03324773907661438
v 0.016539877280592922 0.05314762517809867 -0.03324773907661438
v 0.012502790428698066 0.05314762517809867 -0.036066506057977676
v 0.020034972578287128 0.05314762517809867 -0.03122982755303383
v 0.020034972578287128 0.05314762517809867 -0.03122982755303383
v 0.012502790428698066 0.05314762517809867 -0.036066506057977676
v 0.023184560239315036 0.05314762890338897 -0.030215658247470856
v 0.020034972578287128 0.05314762517809867 -0.03122982755303383
v 0.023184560239315036 0.05314762890338897 -0.030215658247470856
v 0.02328688092529774 0.05314762890338897 -0.0288397166877985
v 0.02328688092529774 0.05314762890338897 -0.0288397166877985
v 0.023184560239315036 0.05314762890338897 -0.030215658247470856
v 0.026256110519170768 0.05314762890338897 -0.026106351986527443
v 0.026256110519170768 0.05314762890338897 -0.026106351986527443
v 0.023184560239315036 0.05314762890338897 -0.030215658247470856
v 0.02890662848949433 0.05314762890338897 -0.02306293323636055
v 0.02890662848949433 0.05314762890338897 -0.02306293323636055
v 0.023184560239315036 0.05314762890338897 -0.030215658247470856
v 0.0301097221672535 0.05314762890338897 -0.022999653592705727
v 0.02890662848949433 0.05314762890338897 -0.02306293323636055
v 0.0301097221672535 0.05314762890338897 -0.022999653592705727
v 0.031206257641315467 0.05314762890338897 -0.0197463259100914
v 0.031206257641315467 0.05314762890338897 -0.0197463259100914
v 0.0301097221672535 0.05314762890338897 -0.022999653592705727
v 0.033127080649137504 0.05314763262867927 -0.01619706116616726
v 0.033127080649137504 0.05314763262867927 -0.01619706116616726
v 0.0301097221672535 0.05314762890338897 -0.022999653592705727
v 0.03422857448458672 0.05314763262867927 -0.016003044322133064
v 0.033127080649137504 0.05314763262867927 -0.01619706116616726
v 0.03422857448458672 0.05314763262867927 -0.016003044322133064
v 0.034645784646272666 0.05314763262867927 -0.012457850389182568
v 0.034645784646272666 0.05314763262867927 -0.012457850389182568
v 0.03422857448458672 0.05314763262867927 -0.016003044322133064
v 0.035743936896324165 0.05314763262867927 -0.008574353531002998
v 0.035743936896324165 0.05314763262867927 -0.008574353531002998
v 0.03422857448458672 0.05314763262867927 -0.016003044322133064
v 0.03674732893705369 0.05314763262867927 -0.0082836439833045
v 0.035743936896324165 0.05314763262867927 -0.008574353531002998
v 0.03674732893705369 0.05314763262867927 -0.0082836439833045
v 0.0364082083106041 0.05314763262867927 -0.004593570716679096
v 0.0364082083106041 0.05314763262867927 -0.004593570716679096
v 0.03674732893705369 0.05314763262867927 -0.0082836439833045
v 0.03663053736090661 0.05314763262867927 -0.0005639598821289837
v 0.00337184313684702 0.07136590033769606 0.03342946991324425
v 0.015797421336174015 0.07337783277034758 0.0334356315433979
v 0.00046090525574982177 0.07261768728494643 0.03342874348163605
v 0.015797421336174015 0.07337783277034758 0.0334356315433979
v 0.00337184313684702 0.07136590033769606 0.03342946991324425
v 0.005110884085297585 0.068716824054718 0.033429574221372604
v 0.00046090525574982177 0.07261768728494643 0.03342874348163605
v 0.015797421336174015 0.07337783277034758 0.0334356315433979
v -0.01578410901129246 0.07335794717073439 0.03343551233410835
v -0.003034214023500682 0.07168089598417281 0.03342842310667038
v -0.015795914456248287 0.061318237334489815 0.033435650169849396
v -0.0049294568598270425 0.06914151459932326 0.03342946991324425
v 0.004794357810169459 0.06511176377534865 0.03342842310667038
v 0.015797421336174015 0.07337783277034758 0.0334356315433979
v 0.005110884085297585 0.068716824054718 0.033429574221372604
v -0.015795914456248287 0.061318237334489815 0.033435650169849396
v 0.01578224450349808 0.06133607029914855 0.03343557193875313
v 0.0004611695767380298 0.062077544629573815 0.033428411930799484
v -0.015795914456248287 0.061318237334489815 0.033435650169849396
v -0.005024662707000972 0.06710014492273329 0.03340233489871025
v -0.0049294568598270425 0.06914151459932326 0.03342946991324425
v -0.005024662707000972 0.06710014492273329 0.03340233489871025
v -0.015795914456248287 0.061318237334489815 0.033435650169849396
v -0.004333355929702521 0.06431313604116438 0.033428411930799484
v -0.01578410901129246 0.07335794717073439 0.03343551233410835
v -0.003034214023500682 0.07168089598417281 0.03342842310667038
v 0.00046090525574982177 0.07261768728494643 0.03342874348163605
v 0.01578224450349808 0.06133607029914855 0.03343557193875313
v 0.0029904455877840528 0.06307648867368697 0.03343009203672409
v 0.0004611695767380298 0.062077544629573815 0.033428411930799484
v -0.015795914456248287 0.061318237334489815 0.033435650169849396
v 0.0004611695767380298 0.062077544629573815 0.033428411930799484
v -0.002094837371259928 0.06281997263431548 0.03339410200715065
v -0.015795914456248287 0.061318237334489815 0.033435650169849396
v -0.002094837371259928 0.06281997263431548 0.03339410200715065
v -0.004333355929702521 0.06431313604116438 0.033428411930799484
v -0.015795914456248287 0.061318237334489815 0.033435650169849396
v -0.003034214023500682 0.07168089598417281 0.03342842310667038
v -0.01578410901129246 0.07335794717073439 0.03343551233410835
v 0.004794357810169459 0.06511176377534865 0.03342842310667038
v 0.0029904455877840528 0.06307648867368697 0.03343009203672409
v 0.015797421336174015 0.07337783277034758 0.0334356315433979
v 0.015797421336174015 0.07337783277034758 0.0334356315433979
v 0.0029904455877840528 0.06307648867368697 0.03343009203672409
v 0.01578224450349808 0.06133607029914855 0.03343557193875313
v 0.013250020332634452 0.05314832553267478 0.03454507887363434
v 0.02065985277295113 0.05314762890338897 0.030800526961684227
v 0.01578224450349808 0.06133607029914855 0.03343557193875313
v 0.015797421336174015 0.07337783277034758 0.0334356315433979
v 0.019332949072122577 0.08989717066287993 0.03156782686710358
v 0.01304792053997517 0.0899093598127365 0.03463248535990715
v 0.015797421336174015 0.07337783277034758 0.0334356315433979
v 0.01304792053997517 0.0899093598127365 0.03463248535990715
v 0.012925878167152408 0.07459346204996108 0.034650739282369614
v 0.01304792053997517 0.0899093598127365 0.03463248535990715
v 0.005497626028954984 0.08991963416337966 0.0365564338862896
v 0.00920964125543833 0.07573520392179488 0.03579503297805786
v 0.01304792053997517 0.0899093598127365 0.03463248535990715
v 0.00920964125543833 0.07573520392179488 0.03579503297805786
v 0.012925878167152408 0.07459346204996108 0.034650739282369614
v 0.005497626028954984 0.08991963416337966 0.0365564338862896
v 0.004103919956833125 0.07666683942079543 0.036738570779561996
v 0.00920964125543833 0.07573520392179488 0.03579503297805786
v -0.0021870329510420565 0.08992774039506911 0.036893486976623535
v -0.002124261343851686 0.07683978229761122 0.03690652549266815
v 0.005497626028954984 0.08991963416337966 0.0365564338862896
v 0.005497626028954984 0.08991963416337966 0.0365564338862896
v -0.002124261343851686 0.07683978229761122 0.03690652549266815
v 0.004103919956833125 0.07666683942079543 0.036738570779561996
v -0.008396561257541181 0.07594896107912062 0.03601304069161415
v -0.002124261343851686 0.07683978229761122 0.03690652549266815
v -0.009507336653769018 0.08992393314838408 0.035754699259996414
v -0.009507336653769018 0.08992393314838408 0.035754699259996414
v -0.002124261343851686 0.07683978229761122 0.03690652549266815
v -0.0021870329510420565 0.08992774039506911 0.036893486976623535
v -0.01578410901129246 0.07335794717073439 0.03343551233410835
v -0.012990155257284645 0.07456114143133162 0.03462178632616997
v -0.015745704993605617 0.08989715576171874 0.03346965089440346
v -0.015745704993605617 0.08989715576171874 0.03346965089440346
v -0.012990155257284645 0.07456114143133162 0.03462178632616997
v -0.009507336653769018 0.08992393314838408 0.035754699259996414
v -0.009507336653769018 0.08992393314838408 0.035754699259996414
v -0.012990155257284645 0.07456114143133162 0.03462178632616997
v -0.008396561257541181 0.07594896107912062 0.03601304069161415
v -0.013307564891874794 0.05314811691641807 0.03452477976679802
v -0.015795914456248287 0.061318237334489815 0.033435650169849396
v -0.02070802822709084 0.053147036582231515 0.030811026692390442
v -0.02070802822709084 0.053147036582231515 0.030811026692390442
v -0.015795914456248287 0.061318237334489815 0.033435650169849396
v -0.01578410901129246 0.07335794717073439 0.03343551233410835
v -0.013307564891874794 0.05314811691641807 0.03452477976679802
v -0.012177241034805778 0.05982596054673194 0.03493402153253555
v -0.015795914456248287 0.061318237334489815 0.033435650169849396
v -0.0035845967940986165 0.05314800888299941 0.03687508776783943
v -0.007087519858032467 0.058497760444879525 0.036264415830373764
v -0.013307564891874794 0.05314811691641807 0.03452477976679802
v -0.013307564891874794 0.05314811691641807 0.03452477976679802
v -0.007087519858032467 0.058497760444879525 0.036264415830373764
v -0.012177241034805778 0.05982596054673194 0.03493402153253555
v -0.0035845967940986165 0.05314800888299941 0.03687508776783943
v -0.003270307322964073 0.05794603005051612 0.03680706024169922
v -0.007087519858032467 0.058497760444879525 0.036264415830373764
v 0.002100986894220114 0.05785262212157249 0.03690531849861145
v -0.003270307322964073 0.05794603005051612 0.03680706024169922
v -0.0035845967940986165 0.05314800888299941 0.03687508776783943
v 0.005917487666010858 0.05314814299345016 0.03651616349816322
v 0.002100986894220114 0.05785262212157249 0.03690531849861145
v -0.0035845967940986165 0.05314800888299941 0.03687508776783943
v 0.005917487666010858 0.05314814299345016 0.03651616349816322
v 0.00815251935273409 0.058694381266832345 0.03607260063290596
v 0.002100986894220114 0.05785262212157249 0.03690531849861145
v 0.013250020332634452 0.05314832553267478 0.03454507887363434
v 0.00815251935273409 0.058694381266832345 0.03607260063290596
v 0.005917487666010858 0.05314814299345016 0.03651616349816322
v 0.013250020332634452 0.05314832553267478 0.03454507887363434
v 0.01578224450349808 0.06133607029914855 0.03343557193875313
v 0.012928402051329616 0.06011038646101951 0.034645527601242065
v 0.013250020332634452 0.05314832553267478 0.03454507887363434
v 0.012928402051329616 0.06011038646101951 0.034645527601242065
v 0.00815251935273409 0.058694381266832345 0.03607260063290596
v -0.01578410901129246 0.07335794717073439 0.03343551233410835
v -0.015745704993605617 0.08989715576171874 0.03346965089440346
v -0.0209784172475338 0.08990215510129927 0.030581729486584663
v -0.01578410901129246 0.07335794717073439 0.03343551233410835
v -0.0209784172475338 0.08990215510129927 0.030581729486584663
v -0.02070802822709084 0.053147036582231515 0.030811026692390442
v -0.02070802822709084 0.053147036582231515 0.030811026692390442
v -0.0209784172475338 0.08990215510129927 0.030581729486584663
v -0.028578188270330436 0.08990507572889327 0.023935575038194656
v -0.02070802822709084 0.053147036582231515 0.030811026692390442
v -0.028578188270330436 0.08990507572889327 0.023935575038194656
v -0.029016461223363883 0.053147614002227776 0.02341107465326786
v -0.029016461223363883 0.053147614002227776 0.02341107465326786
v -0.028578188270330436 0.08990507572889327 0.023935575038194656
v -0.034030787646770484 0.08990198373794554 0.015312847681343555
v -0.029016461223363883 0.053147614002227776 0.02341107465326786
v -0.034030787646770484 0.08990198373794554 0.015312847681343555
v -0.03422890231013299 0.05314761027693748 0.014874684624373913
v -0.03422890231013299 0.05314761027693748 0.014874684624373913
v -0.034030787646770484 0.08990198373794554 0.015312847681343555
v -0.03664814308285714 0.08990199118852614 0.007626342587172985
v -0.03422890231013299 0.05314761027693748 0.014874684624373913
v -0.03664814308285714 0.08990199118852614 0.007626342587172985
v -0.03674744069576264 0.05314761027693748 0.007155852857977152
v -0.03674744069576264 0.05314761027693748 0.007155852857977152
v -0.03664814308285714 0.08990199118852614 0.007626342587172985
v -0.03755198791623116 0.08990200608968733 -0.0004433287540450692
v -0.03674744069576264 0.05314761027693748 0.007155852857977152
v -0.03755198791623116 0.08990200608968733 -0.0004433287540450692
v -0.03755345195531846 0.05314761027693748 -0.003112544771283865
v -0.03755345195531846 0.05314761027693748 -0.003112544771283865
v -0.03755198791623116 0.08990200608968733 -0.0004433287540450692
v -0.036699984222650535 0.08990201354026793 -0.008518662303686142
v -0.03755345195531846 0.05314761027693748 -0.003112544771283865
v -0.036699984222650535 0.08990201354026793 -0.008518662303686142
v -0.035467289388179786 0.05314761027693748 -0.012894385494291782
v -0.035467289388179786 0.05314761027693748 -0.012894385494291782
v -0.036699984222650535 0.08990201354026793 -0.008518662303686142
v -0.034131858497858054 0.08990199118852614 -0.016222262755036354
v -0.035467289388179786 0.05314761027693748 -0.012894385494291782
v -0.034131858497858054 0.08990199118852614 -0.016222262755036354
v -0.030864387750625617 0.05314761027693748 -0.02210790477693081
v -0.030864387750625617 0.05314761027693748 -0.02210790477693081
v -0.034131858497858054 0.08990199118852614 -0.016222262755036354
v -0.0299680382013321 0.08990202099084853 -0.02319307252764702
v -0.030864387750625617 0.05314761027693748 -0.02210790477693081
v -0.0299680382013321 0.08990202099084853 -0.02319307252764702
v -0.022917199879884723 0.08990508317947386 -0.030425917357206345
v -0.030864387750625617 0.05314761027693748 -0.02210790477693081
v -0.022917199879884723 0.08990508317947386 -0.030425917357206345
v -0.022369626909494403 0.053147614002227776 -0.03083525039255619
v -0.022369626909494403 0.053147614002227776 -0.03083525039255619
v -0.022917199879884723 0.08990508317947386 -0.030425917357206345
v -0.01218242105096579 0.08990507572889327 -0.03618030622601509
v -0.022369626909494403 0.053147614002227776 -0.03083525039255619
v -0.01218242105096579 0.08990507572889327 -0.03618030622601509
v -0.013563021086156372 0.053147614002227776 -0.0355784073472023
v -0.013563021086156372 0.053147614002227776 -0.0355784073472023
v -0.01218242105096579 0.08990507572889327 -0.03618030622601509
v -0.005718338303267957 0.053147617727518075 -0.03767543286085129
v -0.005718338303267957 0.053147617727518075 -0.03767543286085129
v -0.01218242105096579 0.08990507572889327 -0.03618030622601509
v -0.0021536631975322966 0.08990199118852614 -0.03805427998304367
v -0.005718338303267957 0.053147617727518075 -0.03767543286085129
v -0.0021536631975322966 0.08990199118852614 -0.03805427998304367
v 0.002392487600445748 0.05314762145280837 -0.03803715854883194
v 0.002392487600445748 0.05314762145280837 -0.03803715854883194
v -0.0021536631975322966 0.08990199118852614 -0.03805427998304367
v 0.005955472122877838 0.08990202844142912 -0.03764074668288231
v 0.002392487600445748 0.05314762145280837 -0.03803715854883194
v 0.005955472122877838 0.08990202844142912 -0.03764074668288231
v 0.012502790428698066 0.05314762517809867 -0.036066506057977676
v 0.012502790428698066 0.05314762517809867 -0.036066506057977676
v 0.005955472122877838 0.08990202844142912 -0.03764074668288231
v 0.013787041418254379 0.08990202099084853 -0.03549356013536453
v 0.012502790428698066 0.05314762517809867 -0.036066506057977676
v 0.013787041418254379 0.08990202099084853 -0.03549356013536453
v 0.022643577307462696 0.08990506827831267 -0.030633825808763504
v 0.012502790428698066 0.05314762517809867 -0.036066506057977676
v 0.022643577307462696 0.08990506827831267 -0.030633825808763504
v 0.023184560239315036 0.05314762890338897 -0.030215658247470856
v 0.023184560239315036 0.05314762890338897 -0.030215658247470856
v 0.022643577307462696 0.08990506827831267 -0.030633825808763504
v 0.031059676781296737 0.08990506082773207 -0.02182948961853981
v 0.023184560239315036 0.05314762890338897 -0.030215658247470856
v 0.031059676781296737 0.08990506082773207 -0.02182948961853981
v 0.0301097221672535 0.05314762890338897 -0.022999653592705727
v 0.0301097221672535 0.05314762890338897 -0.022999653592705727
v 0.031059676781296737 0.08990506082773207 -0.02182948961853981
v 0.03422857448458672 0.05314763262867927 -0.016003044322133064
v 0.03422857448458672 0.05314763262867927 -0.016003044322133064
v 0.031059676781296737 0.08990506082773207 -0.02182948961853981
v 0.035547628998756416 0.08990203589200972 -0.012668549083173275
v 0.03422857448458672 0.05314763262867927 -0.016003044322133064
v 0.035547628998756416 0.08990203589200972 -0.012668549083173275
v 0.03674732893705369 0.05314763262867927 -0.0082836439833045
v 0.03674732893705369 0.05314763262867927 -0.0082836439833045
v 0.035547628998756416 0.08990203589200972 -0.012668549083173275
v 0.03731868416070939 0.08990202844142912 -0.004743891302496195
v 0.03674732893705369 0.05314763262867927 -0.0082836439833045
v 0.03731868416070939 0.08990202844142912 -0.004743891302496195
v 0.037547715008258827 0.05314763262867927 -0.0002036529767792672
v 0.037547715008258827 0.05314763262867927 -0.0002036529767792672
v 0.03731868416070939 0.08990202844142912 -0.004743891302496195
v 0.03717362880706788 0.08990509808063506 0.005356496665626764
v 0.037547715008258827 0.05314763262867927 -0.0002036529767792672
v 0.03717362880706788 0.08990509808063506 0.005356496665626764
v 0.03612745553255082 0.05314763262867927 0.009998139925301075
v 0.03612745553255082 0.05314763262867927 0.009998139925301075
v 0.03717362880706788 0.08990509808063506 0.005356496665626764
v 0.034131929278373725 0.08990203589200972 0.015093919821083546
v 0.03612745553255082 0.05314763262867927 0.009998139925301075
v 0.034131929278373725 0.08990203589200972 0.015093919821083546
v 0.031987078487873084 0.05314763262867927 0.01910298876464367
v 0.031987078487873084 0.05314763262867927 0.01910298876464367
v 0.034131929278373725 0.08990203589200972 0.015093919821083546
v 0.029967952519655235 0.08990203589200972 0.02206522785127163
v 0.031987078487873084 0.05314763262867927 0.01910298876464367
v 0.029967952519655235 0.08990203589200972 0.02206522785127163
v 0.027011552825570113 0.05314763262867927 0.025519337505102158
v 0.027011552825570113 0.05314763262867927 0.025519337505102158
v 0.029967952519655235 0.08990203589200972 0.02206522785127163
v 0.024402532726526267 0.08990202099084853 0.027978571131825447
v 0.027011552825570113 0.05314763262867927 0.025519337505102158
v 0.024402532726526267 0.08990202099084853 0.027978571131825447
v 0.02065985277295113 0.05314762890338897 0.030800526961684227
v 0.02065985277295113 0.05314762890338897 0.030800526961684227
v 0.024402532726526267 0.08990202099084853 0.027978571131825447
v 0.019332949072122577 0.08989717066287993 0.03156782686710358
v 0.02065985277295113 0.05314762890338897 0.030800526961684227
v 0.019332949072122577 0.08989717066287993 0.03156782686710358
v 0.015797421336174015 0.07337783277034758 0.0334356315433979
v 0.02065985277295113 0.05314762890338897 0.030800526961684227
v 0.015797421336174015 0.07337783277034758 0.0334356315433979
v 0.01578224450349808 0.06133607029914855 0.03343557193875313
usemtl LinkGrey
f 1 2 3
f 4 5 6
f 7 8 9
f 10 11 12
f 13 14 15
f 16 17 18
f 19 20 21
f 22 23 24
f 25 26 27
f 28 29 30
f 31 32 33
f 34 35 36
f 37 38 39
f 40 41 42
f 43 44 45
f 46 47 48
f 49 50 51
f 52 53 54
f 55 56 57
f 58 59 60
f 61 62 63
f 64 65 66
f 67 68 69
f 70 71 72
f 73 74 75
f 76 77 78
f 79 80 81
f 82 83 84
f 85 86 87
f 88 89 90
f 91 92 93
f 94 95 96
f 97 98 99
f 100 101 102
f 103 104 105
f 106 107 108
f 109 110 111
f 112 113 114
f 115 116 117
f 118 119 120
f 121 122 123
f 124 125 126
f 127 128 129
f 130 131 132
f 133 134 135
f 136 137 138
f 139 140 141
f 142 143 144
f 145 146 147
f 148 149 150
f 151 152 153
f 154 155 156
f 157 158 159
f 160 161 162
f 163 164 165
f 166 167 168
f 169 170 171
f 172 173 174
f 175 176 177
f 178 179 180
f 181 182 183
f 184 185 186
f 187 188 189
f 190 191 192
f 193 194 195
f 196 197 198
f 199 200 201
f 202 203 204
f 205 206 207
f 208 209 210
f 211 212 213
f 214 215 216
f 217 218 219
f 220 221 222
f 223 224 225
f 226 227 228
f 229 230 231
f 232 233 234
f 235 236 237
f 238 239 240
f 241 242 243
f 244 245 246
f 247 248 249
f 250 251 252
f 253 254 255
f 256 257 258
f 259 260 261
f 262 263 264
f 265 266 267
f 268 269 270
f 271 272 273
f 274 275 276
f 277 278 279
f 280 281 282
f 283 284 285
f 286 287 288
f 289 290 291
f 292 293 294
f 295 296 297
f 298 299 300
f 301 302 303
f 304 305 306
f 307 308 309
f 310 311 312
f 313 314 315
f 316 317 318
f 319 320 321
f 322 323 324
f 325 326 327
f 328 329 330
f 331 332 333
f 334 335 336
f 337 338 339
f 340 341 342
f 343 344 345
f 346 347 348
f 349 350 351
f 352 353 354
f 355 356 357
f 358 359 360
f 361 362 363
f 364 365 366
f 367 368 369
f 370 371 372
f 373 374 375
f 376 377 378
f 379 380 381
f 382 383 384
f 385 386 387
f 388 389 390
f 391 392 393
f 394 395 396
f 397 398 399
f 400 401 402
f 403 404 405
f 406 407 408
f 409 410 411
f 412 413 414
f 415 416 417
f 418 419 420
f 421 422 423
f 424 425 426
f 427 428 429
f 430 431 432
f 433 434 435
f 436 437 438
f 439 440 441
f 442 443 444
f 445 446 447
f 448 449 450
f 451 452 453
f 454 455 456
f 457 458 459
f 460 461 462
f 463 464 465
f 466 467 468
f 469 470 471
f 472 473 474
f 475 476 477
f 478 479 480
f 481 482 483
f 484 485 486
f 487 488 489
f 490 491 492
f 493 494 495
f 496 497 498
f 499 500 501
f 502 503 504
f 505 506 507
f 508 509 510
f 511 512 513
f 514 515 516
f 517 518 519
f 520 521 522
f 523 524 525
f 526 527 528
f 529 530 531
f 532 533 534
f 535 536 537
f 538 539 540
f 541 542 543
f 544 545 546
f 547 548 549
f 550 551 552
f 553 554 555
f 556 557 558
f 559 560 561
f 562 563 564
f 565 566 567
f 568 569 570
f 571 572 573
f 574 575 576
f 577 578 579
f 580 581 582
f 583 584 585
f 586 587 588
f 589 590 591
f 592 593 594
f 595 596 597
f 598 599 600
f 601 602 603
f 604 605 606
f 607 608 609
f 610 611 612
f 613 614 615
f 616 617 618
f 619 620 621
f 622 623 624
f 625 626 627
f 628 629 630
f 631 632 633
f 634 635 636
f 637 638 639
f 640 641 642
f 643 644 645
f 646 647 648
f 649 650 651
f 652 653 654
f 655 656 657
f 658 659 660
f 661 662 663
f 664 665 666
f 667 668 669
f 670 671 672
f 673 674 675
f 676 677 678
f 679 680 681
f 682 683 684
f 685 686 687
f 688 689 690
f 691 692 693
f 694 695 696
f 697 698 699
f 700 701 702
f 703 704 705
f 706 707 708
f 709 710 711
f 712 713 714
f 715 716 717
f 718 719 720
f 721 722 723
f 724 725 726
f 727 728 729
f 730 731 732
f 733 734 735
f 736 737 738
f 739 740 741
f 742 743 744
f 745 746 747
f 748 749 750
f 751 752 753
f 754 755 756
f 757 758 759
f 760 761 762
f 763 764 765
f 766 767 768
f 769 770 771
f 772 773 774
f 775 776 777
f 778 779 780
f 781 782 783
f 784 785 786
f 787 788 789
f 790 791 792
f 793 794 795
f 796 797 798
f 799 800 801
f 802 803 804
f 805 806 807
f 808 809 810
f 811 812 813
f 814 815 816
f 817 818 819
f 820 821 822
f 823 824 825
f 826 827 828
f 829 830 831
f 832 833 834
f 835 836 837
f 838 839 840
f 841 842 843
f 844 845 846
f 847 848 849
f 850 851 852
f 853 854 855
f 856 857 858
f 859 860 861
f 862 863 864
f 865 866 867
f 868 869 870
f 871 872 873
f 874 875 876
f 877 878 879
f 880 881 882
f 883 884 885
f 886 887 888
f 889 890 891
f 892 893 894
f 895 896 897
f 898 899 900
f 901 902 903
f 904 905 906
f 907 908 909
f 910 911 912
f 913 914 915
f 916 917 918
f 919 920 921
f 922 923 924
f 925 926 927
f 928 929 930
f 931 932 933
f 934 935 936
f 937 938 939
f 940 941 942
f 943 944 945
f 946 947 948
f 949 950 951
f 952 953 954
f 955 956 957
f 958 959 960
f 961 962 963
f 964 965 966
f 967 968 969
f 970 971 972
f 973 974 975
f 976 977 978
f 979 980 981
f 982 983 984
f 985 986 987
f 988 989 990
f 991 992 993
f 994 995 996
f 997 998 999
f 1000 1001 1002
f 1003 1004 1005
f 1006 1007 1008
f 1009 1010 1011
f 1012 1013 1014
f 1015 1016 1017
f 1018 1019 1020
f 1021 1022 1023
f 1024 1025 1026
f 1027 1028 1029
f 1030 1031 1032
f 1033 1034 1035
f 1036 1037 1038
f 1039 1040 1041
f 1042 1043 1044
f 1045 1046 1047
f 1048 1049 1050
f 1051 1052 1053
f 1054 1055 1056
f 1057 1058 1059
f 1060 1061 1062
f 1063 1064 1065
f 1066 1067 1068
f 1069 1070 1071
f 1072 1073 1074
f 1075 1076 1077
f 1078 1079 1080
f 1081 1082 1083
f 1084 1085 1086
f 1087 1088 1089
f 1090 1091 1092
f 1093 1094 1095
f 1096 1097 1098
f 1099 1100 1101
f 1102 1103 1104
f 1105 1106 1107
f 1108 1109 1110
f 1111 1112 1113
f 1114 1115 1116
f 1117 1118 1119
f 1120 1121 1122
f 1123 1124 1125
f 1126 1127 1128
f 1129 1130 1131
f 1132 1133 1134
f 1135 1136 1137
f 1138 1139 1140
f 1141 1142 1143
f 1144 1145 1146
f 1147 1148 1149
f 1150 1151 1152
f 1153 1154 1155
f 1156 1157 1158
f 1159 1160 1161
f 1162 1163 1164
f 1165 1166 1167
f 1168 1169 1170
f 1171 1172 1173
f 1174 1175 1176
f 1177 1178 1179
f 1180 1181 1182
f 1183 1184 1185
f 1186 1187 1188
f 1189 1190 1191
f 1192 1193 1194
f 1195 1196 1197
f 1198 1199 1200
f 1201 1202 1203
f 1204 1205 1206
f 1207 1208 1209
f 1210 1211 1212
f 1213 1214 1215
f 1216 1217 1218
f 1219 1220 1221
f 1222 1223 1224
f 1225 1226 1227
f 1228 1229 1230
f 1231 1232 1233
f 1234 1235 1236
f 1237 1238 1239
f 1240 1241 1242
f 1243 1244 1245
f 1246 1247 1248
f 1249 1250 1251
f 1252 1253 1254
f 1255 1256 1257
f 1258 1259 1260
f 1261 1262 1263
f 1264 1265 1266
f 1267 1268 1269
f 1270 1271 1272
f 1273 1274 1275
f 1276 1277 1278
f 1279 1280 1281
f 1282 1283 1284
f 1285 1286 1287
f 1288 1289 1290
f 1291 1292 1293
f 1294 1295 1296
f 1297 1298 1299
f 1300 1301 1302
f 1303 1304 1305
f 1306 1307 1308
f 1309 1310 1311
f 1312 1313 1314
f 1315 1316 1317
f 1318 1319 1320
f 1321 1322 1323
f 1324 1325 1326
f 1327 1328 1329
f 1330 1331 1332
f 1333 1334 1335
f 1336 1337 1338
f 1339 1340 1341
f 1342 1343 1344
f 1345 1346 1347
f 1348 1349 1350
f 1351 1352 1353
f 1354 1355 1356
f 1357 1358 1359
f 1360 1361 1362
f 1363 1364 1365
f 1366 1367 1368
f 1369 1370 1371
f 1372 1373 1374
f 1375 1376 1377
f 1378 1379 1380
f 1381 1382 1383
f 1384 1385 1386
f 1387 1388 1389
f 1390 1391 1392
f 1393 1394 1395
f 1396 1397 1398
f 1399 1400 1401
f 1402 1403 1404
f 1405 1406 1407
f 1408 1409 1410
f 1411 1412 1413
f 1414 1415 1416
f 1417 1418 1419
f 1420 1421 1422
f 1423 1424 1425
f 1426 1427 1428
f 1429 1430 1431
f 1432 1433 1434
f 1435 1436 1437
f 1438 1439 1440
f 1441 1442 1443
f 1444 1445 1446
f 1447 1448 1449
f 1450 1451 1452
f 1453 1454 1455
f 1456 1457 1458
f 1459 1460 1461
f 1462 1463 1464
f 1465 1466 1467
f 1468 1469 1470
f 1471 1472 1473
f 1474 1475 1476
f 1477 1478 1479
f 1480 1481 1482
f 1483 1484 1485
f 1486 1487 1488
f 1489 1490 1491
f 1492 1493 1494
f 1495 1496 1497
f 1498 1499 1500
f 1501 1502 1503
f 1504 1505 1506
f 1507 1508 1509
f 1510 1511 1512
f 1513 1514 1515
f 1516 1517 1518
f 1519 1520 1521
f 1522 1523 1524
f 1525 1526 1527
f 1528 1529 1530
f 1531 1532 1533
f 1534 1535 1536
f 1537 1538 1539
f 1540 1541 1542
f 1543 1544 1545
f 1546 1547 1548
f 1549 1550 1551
f 1552 1553 1554
f 1555 1556 1557
f 1558 1559 1560
f 1561 1562 1563
f 1564 1565 1566
f 1567 1568 1569
f 1570 1571 1572
f 1573 1574 1575
f 1576 1577 1578
f 1579 1580 1581
f 1582 1583 1584
f 1585 1586 1587
f 1588 1589 1590
f 1591 1592 1593
f 1594 1595 1596
f 1597 1598 1599
f 1600 1601 1602
f 1603 1604 1605
f 1606 1607 1608
f 1609 1610 1611
f 1612 1613 1614
f 1615 1616 1617
f 1618 1619 1620
f 1621 1622 1623
f 1624 1625 1626
f 1627 1628 1629
f 1630 1631 1632
f 1633 1634 1635
f 1636 1637 1638
f 1639 1640 1641
f 1642 1643 1644
f 1645 1646 1647
f 1648 1649 1650
f 1651 1652 1653
f 1654 1655 1656
f 1657 1658 1659
f 1660 1661 1662
f 1663 1664 1665
f 1666 1667 1668
f 1669 1670 1671
f 1672 1673 1674
f 1675 1676 1677
f 1678 1679 1680
f 1681 1682 1683
f 1684 1685 1686
f 1687 1688 1689
f 1690 1691 1692
f 1693 1694 1695
f 1696 1697 1698
f 1699 1700 1701
f 1702 1703 1704
f 1705 1706 1707
f 1708 1709 1710
f 1711 1712 1713
f 1714 1715 1716
f 1717 1718 1719
f 1720 1721 1722
f 1723 1724 1725
f 1726 1727 1728
f 1729 1730 1731
f 1732 1733 1734
f 1735 1736 1737
f 1738 1739 1740
f 1741 1742 1743
f 1744 1745 1746
f 1747 1748 1749
f 1750 1751 1752
f 1753 1754 1755
f 1756 1757 1758
f 1759 1760 1761
f 1762 1763 1764
f 1765 1766 1767
f 1768 1769 1770
f 1771 1772 1773
f 1774 1775 1776
f 1777 1778 1779
f 1780 1781 1782
f 1783 1784 1785
f 1786 1787 1788
f 1789 1790 1791
f 1792 1793 1794
f 1795 1796 1797
f 1798 1799 1800
f 1801 1802 1803
f 1804 1805 1806
f 1807 1808 1809
f 1810 1811 1812
f 1813 1814 1815
f 1816 1817 1818
f 1819 1820 1821
f 1822 1823 1824
f 1825 1826 1827
f 1828 1829 1830
f 1831 1832 1833
f 1834 1835 1836
f 1837 1838 1839
f 1840 1841 1842
f 1843 1844 1845
f 1846 1847 1848
f 1849 1850 1851
f 1852 1853 1854
f 1855 1856 1857
f 1858 1859 1860
f 1861 1862 1863
f 1864 1865 1866
f 1867 1868 1869
f 1870 1871 1872
f 1873 1874 1875
f 1876 1877 1878
f 1879 1880 1881
f 1882 1883 1884
f 1885 1886 1887
f 1888 1889 1890
f 1891 1892 1893
f 1894 1895 1896
f 1897 1898 1899
f 1900 1901 1902
f 1903 1904 1905
f 1906 1907 1908
f 1909 1910 1911
f 1912 1913 1914
f 1915 1916 1917
f 1918 1919 1920
f 1921 1922 1923
f 1924 1925 1926
f 1927 1928 1929
f 1930 1931 1932
f 1933 1934 1935
f 1936 1937 1938
f 1939 1940 1941
f 1942 1943 1944
f 1945 1946 1947
f 1948 1949 1950
f 1951 1952 1953
f 1954 1955 1956
f 1957 1958 1959
f 1960 1961 1962
f 1963 1964 1965
f 1966 1967 1968
f 1969 1970 1971
f 1972 1973 1974
f 1975 1976 1977
f 1978 1979 1980
f 1981 1982 1983
f 1984 1985 1986
f 1987 1988 1989
f 1990 1991 1992
f 1993 1994 1995
f 1996 1997 1998
f 1999 2000 2001
f 2002 2003 2004
f 2005 2006 2007
f 2008 2009 2010
f 2011 2012 2013
f 2014 2015 2016
f 2017 2018 2019
f 2020 2021 2022
f 2023 2024 2025
f 2026 2027 2028
f 2029 2030 2031
f 2032 2033 2034
f 2035 2036 2037
f 2038 2039 2040
f 2041 2042 2043
f 2044 2045 2046
f 2047 2048 2049
f 2050 2051 2052
f 2053 2054 2055
f 2056 2057 2058
f 2059 2060 2061
f 2062 2063 2064
f 2065 2066 2067
f 2068 2069 2070
f 2071 2072 2073
f 2074 2075 2076
f 2077 2078 2079
f 2080 2081 2082
f 2083 2084 2085
f 2086 2087 2088
f 2089 2090 2091
f 2092 2093 2094
f 2095 2096 2097
f 2098 2099 2100
f 2101 2102 2103
f 2104 2105 2106
f 2107 2108 2109
f 2110 2111 2112
f 2113 2114 2115
f 2116 2117 2118
f 2119 2120 2121
f 2122 2123 2124
f 2125 2126 2127
f 2128 2129 2130
f 2131 2132 2133
f 2134 2135 2136
f 2137 2138 2139
f 2140 2141 2142
f 2143 2144 2145
f 2146 2147 2148
f 2149 2150 2151
f 2152 2153 2154
f 2155 2156 2157
f 2158 2159 2160
f 2161 2162 2163
f 2164 2165 2166
f 2167 2168 2169
f 2170 2171 2172
f 2173 2174 2175
f 2176 2177 2178
f 2179 2180 2181
f 2182 2183 2184
f 2185 2186 2187
f 2188 2189 2190
f 2191 2192 2193
f 2194 2195 2196
f 2197 2198 2199
f 2200 2201 2202
f 2203 2204 2205
f 2206 2207 2208
f 2209 2210 2211
f 2212 2213 2214
f 2215 2216 2217
f 2218 2219 2220
f 2221 2222 2223
f 2224 2225 2226
f 2227 2228 2229
f 2230 2231 2232
f 2233 2234 2235
f 2236 2237 2238
f 2239 2240 2241
f 2242 2243 2244
f 2245 2246 2247
f 2248 2249 2250
f 2251 2252 2253
f 2254 2255 2256
f 2257 2258 2259
f 2260 2261 2262
f 2263 2264 2265
f 2266 2267 2268
f 2269 2270 2271
f 2272 2273 2274
f 2275 2276 2277
f 2278 2279 2280
f 2281 2282 2283
f 2284 2285 2286
f 2287 2288 2289
f 2290 2291 2292
f 2293 2294 2295
f 2296 2297 2298
f 2299 2300 2301
f 2302 2303 2304
f 2305 2306 2307
f 2308 2309 2310
f 2311 2312 2313
f 2314 2315 2316
f 2317 2318 2319
f 2320 2321 2322
f 2323 2324 2325
f 2326 2327 2328
f 2329 2330 2331
f 2332 2333 2334
f 2335 2336 2337
f 2338 2339 2340
f 2341 2342 2343
f 2344 2345 2346
f 2347 2348 2349
f 2350 2351 2352
f 2353 2354 2355
f 2356 2357 2358
f 2359 2360 2361
f 2362 2363 2364
f 2365 2366 2367
f 2368 2369 2370
f 2371 2372 2373
f 2374 2375 2376
f 2377 2378 2379
f 2380 2381 2382
f 2383 2384 2385
f 2386 2387 2388
f 2389 2390 2391
f 2392 2393 2394
f 2395 2396 2397
f 2398 2399 2400
f 2401 2402 2403
f 2404 2405 2406
f 2407 2408 2409
f 2410 2411 2412
f 2413 2414 2415
f 2416 2417 2418
f 2419 2420 2421
f 2422 2423 2424
f 2425 2426 2427
f 2428 2429 2430
f 2431 2432 2433
f 2434 2435 2436
f 2437 2438 2439
f 2440 2441 2442
f 2443 2444 2445
f 2446 2447 2448
f 2449 2450 2451
f 2452 2453 2454
f 2455 2456 2457
f 2458 2459 2460
f 2461 2462 2463
f 2464 2465 2466
f 2467 2468 2469
f 2470 2471 2472
f 2473 2474 2475
f 2476 2477 2478
f 2479 2480 2481
f 2482 2483 2484
f 2485 2486 2487
f 2488 2489 2490
f 2491 2492 2493
f 2494 2495 2496
f 2497 2498 2499
f 2500 2501 2502
f 2503 2504 2505
f 2506 2507 2508
f 2509 2510 2511
f 2512 2513 2514
f 2515 2516 2517
f 2518 2519 2520
f 2521 2522 2523
f 2524 2525 2526
f 2527 2528 2529
f 2530 2531 2532
f 2533 2534 2535
f 2536 2537 2538
f 2539 2540 2541
f 2542 2543 2544
f 2545 2546 2547
f 2548 2549 2550
f 2551 2552 2553
f 2554 2555 2556
f 2557 2558 2559
f 2560 2561 2562
f 2563 2564 2565
f 2566 2567 2568
f 2569 2570 2571
f 2572 2573 2574
f 2575 2576 2577
f 2578 2579 2580
f 2581 2582 2583
f 2584 2585 2586
f 2587 2588 2589
f 2590 2591 2592
f 2593 2594 2595
f 2596 2597 2598
f 2599 2600 2601
f 2602 2603 2604
f 2605 2606 2607
f 2608 2609 2610
f 2611 2612 2613
f 2614 2615 2616
f 2617 2618 2619
f 2620 2621 2622
f 2623 2624 2625
f 2626 2627 2628
f 2629 2630 2631
f 2632 2633 2634
f 2635 2636 2637
f 2638 2639 2640
f 2641 2642 2643
f 2644 2645 2646
f 2647 2648 2649
f 2650 2651 2652
f 2653 2654 2655
f 2656 2657 2658
f 2659 2660 2661
f 2662 2663 2664
f 2665 2666 2667
f 2668 2669 2670
f 2671 2672 2673
f 2674 2675 2676
f 2677 2678 2679
f 2680 2681 2682
f 2683 2684 2685
f 2686 2687 2688
f 2689 2690 2691
f 2692 2693 2694
f 2695 2696 2697
f 2698 2699 2700
f 2701 2702 2703
f 2704 2705 2706
f 2707 2708 2709
f 2710 2711 2712
f 2713 2714 2715
f 2716 2717 2718
f 2719 2720 2721
f 2722 2723 2724
f 2725 2726 2727
f 2728 2729 2730
f 2731 2732 2733
